modul,profil,codeableconcept,ms_cc,ms_text,ms_coding,ms_slice,ms_system,ms_code,ms_display,ms_version,pattern_display,pattern_version
base,MII_PR_Diagnose_Condition,Condition.abatement[x]:abatementAge.extension:Lebensphase-Ende.value[x],True,False,True,False,True,True,False,False,False,False
base,MII_PR_Diagnose_Condition,Condition.onset[x]:onsetAge.extension:Lebensphase-Beginn.value[x],True,False,True,False,True,True,False,False,False,False
base,MII_PR_Diagnose_Condition,Condition.clinicalStatus,True,False,True,False,True,True,False,False,False,False
base,MII_PR_Diagnose_Condition,Condition.bodySite,True,False,True,True,True,True,False,True,False,False
base,MII_PR_Diagnose_Condition,Condition.verificationStatus,True,False,True,False,True,True,False,False,False,False
base,MII_PR_Diagnose_Condition,Condition.code,True,False,True,True,True,True,False,True,False,False
base,MII_PR_Person_Vitalstatus,Observation.category:survey,True,False,True,False,True,True,False,False,False,False
base,MII_PR_Person_Vitalstatus,Observation.code,True,False,True,True,True,True,False,False,False,False
base,MII_PR_Person_Vitalstatus,Observation.value[x],True,False,True,True,True,True,False,False,False,False
base,MII_PR_Person_AllergieUnvertraeglichkeit,AllergyIntolerance.code,True,False,True,False,True,True,False,False,False,False
base,MII_PR_Person_AllergieUnvertraeglichkeit,AllergyIntolerance.reaction.exposureRoute,True,False,True,False,True,True,False,False,False,False
base,MII_PR_Person_AllergieUnvertraeglichkeit,AllergyIntolerance.clinicalStatus,True,False,True,False,True,True,False,False,False,False
base,MII_PR_Person_AllergieUnvertraeglichkeit,AllergyIntolerance.verificationStatus,True,False,True,False,True,True,False,False,False,False
base,MII_PR_Person_AllergieUnvertraeglichkeit,AllergyIntolerance.reaction.manifestation,True,False,True,False,True,True,False,False,False,False
base,MII_PR_Person_PatientPseudonymisiert,Patient.identifier:PseudonymisierterIdentifier.type,True,False,False,True,False,False,False,False,False,False
base,MII_PR_Prozedur_Procedure,Procedure.category,True,False,True,True,True,True,False,False,False,False
base,MII_PR_Prozedur_Procedure,Procedure.bodySite,True,False,True,True,True,True,False,True,False,False
base,MII_PR_Prozedur_Procedure,Procedure.code,True,False,True,True,True,True,False,True,False,False
base,MII_PR_Fall_KontaktGesundheitseinrichtung,Encounter.location:Zimmer.physicalType,True,False,True,False,True,True,False,False,False,False
base,MII_PR_Fall_KontaktGesundheitseinrichtung,Encounter.type:KontaktArt,True,False,False,False,True,True,False,False,False,False
base,MII_PR_Fall_KontaktGesundheitseinrichtung,Encounter.hospitalization.admitSource,True,False,True,False,True,True,False,False,False,False
base,MII_PR_Fall_KontaktGesundheitseinrichtung,Encounter.location:Station.physicalType,True,False,True,False,True,True,False,False,False,False
base,MII_PR_Fall_KontaktGesundheitseinrichtung,Encounter.diagnosis.use,True,False,True,True,True,True,False,False,False,False
base,MII_PR_Fall_KontaktGesundheitseinrichtung,Encounter.type:Kontaktebene,True,False,False,False,True,True,False,False,False,False
base,MII_PR_Fall_KontaktGesundheitseinrichtung,Encounter.identifier:Aufnahmenummer.type,True,False,True,True,True,True,False,False,False,False
base,MII_PR_Fall_KontaktGesundheitseinrichtung,Encounter.hospitalization.dischargeDisposition,True,False,False,False,False,False,False,False,False,False
base,MII_PR_Fall_KontaktGesundheitseinrichtung,Encounter.serviceType,True,False,True,True,True,True,False,False,False,False
base,MII_PR_Fall_KontaktGesundheitseinrichtung,Encounter.location:Bett.physicalType,True,False,True,False,True,True,False,False,False,False
base,MII_PR_Person_Patient,Patient.extension:recordedSexOrGender.extension:type.value[x],True,False,True,False,True,True,False,False,False,False
base,MII_PR_Person_Patient,Patient.identifier:versichertenId.assigner.identifier.type,True,False,True,False,True,True,False,False,False,False
base,MII_PR_Person_Patient,Patient.extension:patient-nationality.extension:code.value[x],True,False,True,False,True,True,False,False,False,False
base,MII_PR_Person_Patient,Patient.identifier:pid.assigner.identifier.type,True,False,True,False,True,True,False,False,False,False
base,MII_PR_Person_Patient,Patient.extension:recordedSexOrGender.extension:value.value[x],True,False,True,False,True,True,False,False,False,False
base,MII_PR_Person_Patient,Patient.identifier:pid.type,True,False,True,False,True,True,False,False,False,False
base,MII_PR_Person_Patient,Patient.extension:patient-citizenship.extension:code.value[x],True,False,True,False,True,True,False,False,False,False
base,MII_PR_Person_Patient,Patient.identifier:versichertenId.type,True,False,True,False,True,True,False,False,False,False
base,MII_PR_Person_Todesursache,Condition.verificationStatus,True,False,True,False,True,True,False,False,False,False
base,MII_PR_Person_Todesursache,Condition.clinicalStatus,True,False,True,False,True,True,False,False,False,False
base,MII_PR_Person_Todesursache,Condition.code,True,True,True,True,True,True,False,True,False,False
base,MII_PR_Person_Todesursache,Condition.category:todesDiagnose,True,False,True,True,True,True,False,False,False,False
medikation,MII_PR_Medikation_MedicationStatement,MedicationStatement.category,True,False,False,False,False,False,False,False,False,False
medikation,MII_PR_Medikation_MedicationStatement,MedicationStatement.dosage.site,True,False,True,True,True,True,False,False,False,False
medikation,MII_PR_Medikation_MedicationStatement,MedicationStatement.medication[x]:medicationCodeableConcept,True,True,True,True,True,True,False,False,False,False
medikation,MII_PR_Medikation_MedicationStatement,MedicationStatement.dosage.route,True,False,True,True,True,True,False,False,False,False
medikation,MII_PR_Medikation_Medikationsliste,List.code,True,False,True,True,True,True,False,False,False,False
medikation,MII_PR_Medikation_MedicationRequest,MedicationRequest.dosageInstruction.route,True,False,True,True,True,True,False,False,False,False
medikation,MII_PR_Medikation_MedicationRequest,MedicationRequest.dosageInstruction.site,True,False,True,True,True,True,False,False,False,False
medikation,MII_PR_Medikation_MedicationRequest,MedicationRequest.medication[x]:medicationCodeableConcept,True,True,True,True,True,True,False,False,False,False
medikation,MII_PR_Medikation_Medication,Medication.ingredient.item[x]:itemCodeableConcept,True,True,True,True,True,True,False,False,False,False
medikation,MII_PR_Medikation_Medication,Medication.form,True,False,True,True,True,True,False,False,False,False
medikation,MII_PR_Medikation_Medication,Medication.code,True,True,True,True,True,True,False,True,False,False
medikation,MII_PR_Medikation_MedicationAdministration,MedicationAdministration.dosage.site,True,False,True,True,True,True,False,False,False,False
medikation,MII_PR_Medikation_MedicationAdministration,MedicationAdministration.dosage.route,True,False,True,True,True,True,False,False,False,False
medikation,MII_PR_Medikation_MedicationAdministration,MedicationAdministration.medication[x]:medicationCodeableConcept,True,True,True,True,True,True,False,False,False,False
laborbefund,MII_PR_Labor_Laborbefund,DiagnosticReport.code,True,False,True,True,True,True,True,False,False,False
laborbefund,MII_PR_Labor_Laborbefund,DiagnosticReport.identifier:befund.type,True,False,True,True,True,True,False,False,False,False
laborbefund,MII_PR_Labor_Laboranforderung,ServiceRequest.code,True,False,True,False,True,True,True,True,False,False
laborbefund,MII_PR_Labor_Laboranforderung,ServiceRequest.identifier:anforderung.type,True,False,True,True,True,True,False,False,False,False
laborbefund,MII_PR_Labor_Laboranforderung,ServiceRequest.category,True,False,True,True,True,True,True,False,False,False
laborbefund,MII_PR_Labor_Laboruntersuchung,Observation.method,True,False,True,False,True,True,True,False,False,False
laborbefund,MII_PR_Labor_Laboruntersuchung,Observation.code,True,False,True,True,True,True,True,True,False,False
laborbefund,MII_PR_Labor_Laboruntersuchung,Observation.value[x]:valueCodeableConcept,True,False,True,False,True,True,False,True,False,False
laborbefund,MII_PR_Labor_Laboruntersuchung,Observation.identifier:analyseBefundCode.type,True,False,True,True,True,True,False,False,False,False
laborbefund,MII_PR_Labor_Laboruntersuchung,Observation.category,True,False,True,False,True,True,True,False,False,False
biobank,MII_PR_Biobank_Specimen_Bioprobe,Specimen.collection.fastingStatus[x]:fastingStatusCodeableConcept,False,False,False,False,True,True,False,False,False,False
biobank,MII_PR_Biobank_Specimen_Bioprobe,Specimen.processing.procedure,True,False,False,True,True,True,False,False,False,False
biobank,MII_PR_Biobank_Specimen_Bioprobe,Specimen.container.type,True,False,True,False,True,True,False,False,False,False
biobank,MII_PR_Biobank_Specimen_Bioprobe,Specimen.collection.bodySite,True,False,False,True,True,True,False,False,False,False
biobank,MII_PR_Biobank_Specimen_Bioprobe,Specimen.type,True,False,False,True,False,False,False,False,False,False
biobank,MII_PR_Biobank_Specimen_Bioprobe,Specimen.collection.method,True,False,True,False,True,True,False,False,False,False
biobank,MII_PR_Biobank_Specimen_Bioprobe_Core,Specimen.collection.fastingStatus[x]:fastingStatusCodeableConcept,False,False,False,False,True,True,False,False,False,False
biobank,MII_PR_Biobank_Specimen_Bioprobe_Core,Specimen.processing.procedure,True,False,False,True,True,True,False,False,False,False
biobank,MII_PR_Biobank_Specimen_Bioprobe_Core,Specimen.container.type,True,False,False,False,True,True,False,False,False,False
biobank,MII_PR_Biobank_Specimen_Bioprobe_Core,Specimen.collection.bodySite,True,False,False,True,True,True,False,False,False,False
biobank,MII_PR_Biobank_Specimen_Bioprobe_Core,Specimen.type,True,False,False,True,True,True,False,False,False,False
biobank,MII_PR_Biobank_Observation_DNA_Konzentration,Observation.code,True,False,True,False,True,True,False,False,False,False
biobank,MII_PR_Biobank_Specimen_Zellinie_Organoid,Specimen.collection.fastingStatus[x]:fastingStatusCodeableConcept,False,False,False,False,True,True,False,False,False,False
biobank,MII_PR_Biobank_Specimen_Zellinie_Organoid,Specimen.processing.procedure,True,False,False,True,True,True,False,False,False,False
biobank,MII_PR_Biobank_Specimen_Zellinie_Organoid,Specimen.container.type,True,False,True,False,True,True,False,False,False,False
biobank,MII_PR_Biobank_Specimen_Zellinie_Organoid,Specimen.collection.bodySite,True,False,False,True,True,True,False,False,False,False
biobank,MII_PR_Biobank_Specimen_Zellinie_Organoid,Specimen.type,True,False,False,True,False,False,False,False,False,False
biobank,MII_PR_Biobank_Specimen_Zellinie_Organoid,Specimen.collection.method,True,False,True,False,True,True,False,False,False,False
biobank,MII_PR_Biobank_Observation_Qualitaetspruefung,Observation.component:result.value[x]:valueCodeableConcept,False,False,True,False,True,True,False,False,False,False
biobank,MII_PR_Biobank_Observation_Qualitaetspruefung,Observation.code,True,False,True,False,True,True,False,False,False,False
biobank,MII_PR_Biobank_Observation_Qualitaetspruefung,Observation.component:type.value[x]:valueCodeableConcept,False,False,True,False,True,True,False,False,False,False
biobank,MII_PR_Biobank_Observation_Morphologie,Observation.code,True,False,False,False,True,True,False,False,False,False
biobank,MII_PR_Biobank_Observation_Morphologie,Observation.value[x],True,False,True,False,True,True,False,False,False,False
biobank,MII_PR_Biobank_Observation_Karyotyp,Observation.code,True,False,True,False,True,True,False,False,False,False
biobank,MII_PR_Biobank_Observation_Karyotyp,Observation.value[x],True,False,True,False,True,True,False,False,False,False
biobank,MII_PR_Biobank_Observation_Wachstumstyp,Observation.code,True,False,False,False,True,True,False,False,False,False
biobank,MII_PR_Biobank_Observation_Wachstumstyp,Observation.value[x],True,False,True,False,True,True,False,False,False,False
biobank,MII_PR_Biobank_Observation_Proliferation,Observation.code,True,False,True,False,True,True,False,False,False,False
biobank,MII_PR_Biobank_Observation_Proliferation,Observation.value[x],True,False,True,False,True,True,False,False,False,False
icu,MII_PR_ICU_VENT_Inspiratorischer_Gasfluss,Observation.code,True,False,True,True,True,True,True,False,True,False
icu,MII_PR_ICU_VENT_Inspiratorischer_Gasfluss,Observation.category:kuenstlicheBeatmung,True,False,True,False,True,True,False,False,False,False
icu,MII_PR_ICU_Untersuchung_Pupillenlichtreaktion_Direkt,Observation.code,True,False,True,False,False,False,False,False,False,False
icu,MII_PR_ICU_Untersuchung_Pupillenlichtreaktion_Direkt,Observation.value[x],True,False,False,True,False,False,False,False,False,False
icu,MII_PR_ICU_Untersuchung_Pupillenlichtreaktion_Direkt,Observation.category,True,False,False,False,False,False,False,False,False,False
icu,MII_PR_ICU_ECT_Venoeser_Druck,Observation.code,True,False,True,True,True,True,True,False,False,False
icu,MII_PR_ICU_ECT_Venoeser_Druck,Observation.category,True,False,True,True,True,True,True,False,False,False
icu,MII_PR_ICU_Untersuchung_Pupillensymmetrie,Observation.code,True,False,True,False,False,False,False,False,False,False
icu,MII_PR_ICU_Untersuchung_Pupillensymmetrie,Observation.category,True,False,False,False,False,False,False,False,False,False
icu,MII_PR_ICU_Untersuchung_Pupillensymmetrie,Observation.value[x]:valueCodeableConcept,True,False,False,False,False,False,False,False,False,False
icu,MII_PR_ICU_Untersuchung_Pupillensymmetrie,Observation.bodySite,True,False,True,False,False,False,False,False,False,False
icu,MII_PR_ICU_VENT_Atemzugvolumen_Waehrend_Beatmung,Observation.code,True,False,True,True,True,True,True,False,True,False
icu,MII_PR_ICU_VENT_Atemzugvolumen_Waehrend_Beatmung,Observation.category:kuenstlicheBeatmung,True,False,True,False,True,True,False,False,False,False
icu,MII_PR_ICU_Untersuchung_Pupillengroesse,Observation.code,True,False,True,False,False,False,False,False,False,False
icu,MII_PR_ICU_Untersuchung_Pupillengroesse,Observation.category,True,False,False,False,False,False,False,False,False,False
icu,MII_PR_ICU_Untersuchung_Pupillengroesse,Observation.value[x]:valueCodeableConcept,False,False,False,False,False,False,False,False,False,False
icu,MII_PR_ICU_ECT_Dauer_Extrakorporaler_Gasaustausch,Observation.code,True,False,True,True,True,True,True,False,False,False
icu,MII_PR_ICU_ECT_Dauer_Extrakorporaler_Gasaustausch,Observation.category,True,False,True,True,True,True,True,False,False,False
icu,MII_PR_ICU_VENT_Einstellung_Einatmungszeit_Beatmung,Observation.code,True,False,True,True,True,True,True,False,True,False
icu,MII_PR_ICU_VENT_Einstellung_Einatmungszeit_Beatmung,Observation.category:kuenstlicheBeatmung,True,False,True,False,True,True,False,False,False,False
icu,MII_PR_ICU_Bilanz_Ausfuhr_Gallenfluessigkeit,Observation.code,True,False,True,True,True,True,True,False,True,False
icu,MII_PR_ICU_Bilanz_Ausfuhr_Gallenfluessigkeit,Observation.category,True,False,True,True,True,True,False,False,False,False
icu,MII_PR_ICU_MUV_Koerperlaenge,Observation.category:vs-cat,True,False,True,False,True,True,False,False,False,False
icu,MII_PR_ICU_MUV_Koerperlaenge,Observation.code,True,False,False,True,True,True,True,False,False,False
icu,MII_PR_ICU_VENT_Druckdifferenz_Beatmung,Observation.code,True,False,True,True,True,True,True,False,True,False
icu,MII_PR_ICU_VENT_Druckdifferenz_Beatmung,Observation.category:kuenstlicheBeatmung,True,False,True,False,True,True,False,False,False,False
icu,MII_PR_ICU_Bilanz_Einfuhr_Saeuglingsnahrung,Observation.code,True,False,True,True,True,True,True,False,True,False
icu,MII_PR_ICU_Bilanz_Einfuhr_Saeuglingsnahrung,Observation.category,True,False,True,True,True,True,False,False,False,False
icu,MII_PR_ICU_MUV_Kopfumfang,Observation.code,True,False,True,True,True,True,False,False,False,False
icu,MII_PR_ICU_MUV_Kopfumfang,Observation.category:sct,True,False,True,False,True,True,True,False,False,False
icu,MII_PR_ICU_MUV_Kopfumfang,Observation.bodySite,True,False,True,False,True,True,False,False,False,False
icu,MII_PR_ICU_Score_SOFA,Observation.category:survey,True,False,True,False,False,False,False,False,False,False
icu,MII_PR_ICU_Score_SOFA,Observation.component:respiratory.code,True,False,False,False,False,False,False,False,True,False
icu,MII_PR_ICU_Score_SOFA,Observation.code,False,False,True,True,False,True,False,True,True,False
icu,MII_PR_ICU_Score_SOFA,Observation.component:hepatic.code,True,False,False,False,False,False,False,False,True,False
icu,MII_PR_ICU_Score_SOFA,Observation.component:coagulation.code,True,False,False,False,False,False,False,False,True,False
icu,MII_PR_ICU_Score_SOFA,Observation.component:neurological.code,True,False,False,False,False,False,False,False,True,False
icu,MII_PR_ICU_Score_SOFA,Observation.component:cardiovascular.code,True,False,False,False,False,False,False,False,True,False
icu,MII_PR_ICU_Score_SOFA,Observation.component:renal.code,True,False,False,False,False,False,False,False,True,False
icu,MII_PR_ICU_Score_SOFA,Observation.category:assessment-scale,True,False,True,False,False,False,False,False,False,False
icu,MII_PR_ICU_Bilanz_Ausfuhr_Haemofiltration_Einzelmesswerte,Observation.code,True,False,True,True,True,True,True,False,True,False
icu,MII_PR_ICU_Bilanz_Ausfuhr_Haemofiltration_Einzelmesswerte,Observation.category,True,False,True,True,True,True,False,False,False,False
icu,MII_PR_ICU_MUV_Herzfrequenz,Observation.category:vs-cat,True,False,True,False,True,True,False,False,False,False
icu,MII_PR_ICU_MUV_Herzfrequenz,Observation.code,True,False,False,True,True,True,False,False,False,False
icu,MII_PR_ICU_ECT_Blutflussindex_Extrakorporaler_Gasaustausch,Observation.code,True,False,True,True,True,True,True,False,False,False
icu,MII_PR_ICU_ECT_Blutflussindex_Extrakorporaler_Gasaustausch,Observation.category,True,False,True,True,True,True,True,False,False,False
icu,MII_PR_ICU_VENT_Beatmungszeit_Hohem_Druck,Observation.code,True,False,True,True,True,True,True,False,True,False
icu,MII_PR_ICU_VENT_Beatmungszeit_Hohem_Druck,Observation.category:kuenstlicheBeatmung,True,False,True,False,True,True,False,False,False,False
icu,MII_PR_ICU_Beatmung,Procedure.category,True,False,True,True,True,True,True,False,False,False
icu,MII_PR_ICU_Beatmung,Procedure.bodySite,True,False,True,True,True,True,False,True,False,False
icu,MII_PR_ICU_Beatmung,Procedure.code,True,False,True,True,True,True,True,True,False,False
icu,MII_PR_ICU_VENT_Spontanes_Plus_Mechanisches_Atemzugvolumen,Observation.code,True,False,True,True,True,True,True,False,True,False
icu,MII_PR_ICU_VENT_Spontanes_Plus_Mechanisches_Atemzugvolumen,Observation.category:kuenstlicheBeatmung,True,False,True,False,True,True,False,False,False,False
icu,MII_PR_ICU_Bilanz_Ausfuhr_Magensonde,Observation.code,True,False,True,True,True,True,True,False,True,False
icu,MII_PR_ICU_Bilanz_Ausfuhr_Magensonde,Observation.category,True,False,True,True,True,True,False,False,False,False
icu,MII_PR_ICU_Bilanz_Ausfuhr_Wunddrainage,Observation.code,True,False,True,True,True,True,True,False,True,False
icu,MII_PR_ICU_Bilanz_Ausfuhr_Wunddrainage,Observation.category,True,False,True,True,True,True,False,False,False,False
icu,MII_PR_ICU_VENT_Dynamische_Kompliance,Observation.code,True,False,True,True,True,True,True,False,True,False
icu,MII_PR_ICU_VENT_Dynamische_Kompliance,Observation.category:kuenstlicheBeatmung,True,False,True,False,True,True,False,False,False,False
icu,MII_PR_ICU_Score_GCS,Observation.component:GCSmotor.code,True,False,False,False,True,True,True,False,False,False
icu,MII_PR_ICU_Score_GCS,Observation.category:survey,True,False,True,False,False,False,False,False,False,False
icu,MII_PR_ICU_Score_GCS,Observation.code,True,False,True,True,False,True,False,True,False,False
icu,MII_PR_ICU_Score_GCS,Observation.component:GCSverbal.code,True,False,False,False,True,True,True,False,False,False
icu,MII_PR_ICU_Score_GCS,Observation.component:GCSeyes.code,True,False,False,False,True,True,True,False,False,False
icu,MII_PR_ICU_Score_GCS,Observation.category:assessment-scale,True,False,True,False,False,False,False,False,False,False
icu,MII_PR_ICU_ECT_Haemodialyse_Blutfluss,Observation.code,True,False,True,True,True,True,True,False,False,False
icu,MII_PR_ICU_ECT_Haemodialyse_Blutfluss,Observation.category,True,False,True,True,True,True,True,False,False,False
icu,MII_PR_ICU_Score_CAM_ICU,Observation.category:survey,True,False,True,False,False,False,False,False,False,False
icu,MII_PR_ICU_Score_CAM_ICU,Observation.code,False,False,True,True,False,True,False,True,True,False
icu,MII_PR_ICU_Score_CAM_ICU,Observation.component:feature2-inattention.code,True,False,False,False,False,False,False,False,False,False
icu,MII_PR_ICU_Score_CAM_ICU,Observation.component:feature1-acute-change.code,True,False,False,False,False,False,False,False,False,False
icu,MII_PR_ICU_Score_CAM_ICU,Observation.component:feature4-disorganized-thinking.code,True,False,False,False,False,False,False,False,False,False
icu,MII_PR_ICU_Score_CAM_ICU,Observation.component:feature3-altered-loc.code,True,False,False,False,False,False,False,False,False,False
icu,MII_PR_ICU_Score_CAM_ICU,Observation.category:assessment-scale,True,False,True,False,False,False,False,False,False,False
icu,MII_PR_ICU_Bilanz_Einfuhr_Orale_Fluessigkeit,Observation.code,True,False,True,True,True,True,True,False,True,False
icu,MII_PR_ICU_Bilanz_Einfuhr_Orale_Fluessigkeit,Observation.category,True,False,True,True,True,True,False,False,False,False
icu,MII_PR_ICU_VENT_Mittlerer_Inspiratorischer_Beatmungsdruck,Observation.code,True,False,True,True,True,True,True,False,True,False
icu,MII_PR_ICU_VENT_Mittlerer_Inspiratorischer_Beatmungsdruck,Observation.category:kuenstlicheBeatmung,True,False,True,False,True,True,False,False,False,False
icu,MII_PR_ICU_MUV_Koerpergewicht,Observation.code,True,False,True,True,True,True,True,False,False,False
icu,MII_PR_ICU_MUV_Koerpergewicht,Observation.category:sct,True,False,True,False,True,True,True,False,False,False
icu,MII_PR_ICU_MUV_Koerpergewicht,Observation.category:VSCat,False,False,True,False,True,True,True,False,False,False
icu,MII_PR_ICU_Bilanz_Ausfuhr_Stuhlgang,Observation.code,True,False,True,True,True,True,True,False,True,False
icu,MII_PR_ICU_Bilanz_Ausfuhr_Stuhlgang,Observation.category,True,False,True,True,True,True,False,False,False,False
icu,MII_PR_ICU_VENT_Horowitz_In_Arteriellem_Blut,Observation.category:Sauerstofftherapie,True,False,True,False,True,True,False,False,False,False
icu,MII_PR_ICU_VENT_Horowitz_In_Arteriellem_Blut,Observation.code,True,False,True,True,True,True,True,False,True,False
icu,MII_PR_ICU_ECT_Ionisiertes_Kalzium_Nierenersatzverfahren,Observation.code,True,False,True,True,True,True,True,False,False,False
icu,MII_PR_ICU_ECT_Ionisiertes_Kalzium_Nierenersatzverfahren,Observation.category,True,False,True,True,True,True,True,False,False,False
icu,MII_PR_ICU_Score_Numerische_Ratingskala,Observation.category:survey,True,False,True,False,False,False,False,False,False,False
icu,MII_PR_ICU_Score_Numerische_Ratingskala,Observation.code,False,False,True,True,False,True,False,True,False,False
icu,MII_PR_ICU_Score_Numerische_Ratingskala,Observation.category:assessment-scale,True,False,True,False,False,False,False,False,False,False
icu,MII_PR_ICU_VENT_Inspiratorische_Sauerstofffraktion,Observation.category:Sauerstofftherapie,True,False,True,False,True,True,False,False,False,False
icu,MII_PR_ICU_VENT_Inspiratorische_Sauerstofffraktion,Observation.code,True,False,True,True,True,True,True,False,True,False
icu,MII_PR_ICU_ECT_Substituatvolumen,Observation.code,True,False,True,True,True,True,True,False,False,False
icu,MII_PR_ICU_ECT_Substituatvolumen,Observation.category,True,False,True,True,True,True,True,False,False,False
icu,MII_PR_ICU_VENT_Eingestellter_Inspiratorischer_Gasfluss,Observation.code,True,False,True,True,True,True,True,False,True,False
icu,MII_PR_ICU_VENT_Eingestellter_Inspiratorischer_Gasfluss,Observation.category:kuenstlicheBeatmung,True,False,True,False,True,True,False,False,False,False
icu,MII_PR_ICU_Bilanz_Tagesbilanz_Fluessigkeit,Observation.code,True,False,True,True,True,True,True,False,True,False
icu,MII_PR_ICU_Bilanz_Tagesbilanz_Fluessigkeit,Observation.category,True,False,True,True,True,True,False,False,False,False
icu,MII_PR_ICU_VENT_Atemzugvolumen_Einstellung,Observation.code,True,False,True,True,True,True,True,False,True,False
icu,MII_PR_ICU_VENT_Atemzugvolumen_Einstellung,Observation.category:kuenstlicheBeatmung,True,False,True,False,True,True,False,False,False,False
icu,MII_PR_ICU_VENT_Atemwegsdruck_Bei_Mittlerem_Expiratorischem_Gasfluss,Observation.code,True,False,True,True,True,True,True,False,True,False
icu,MII_PR_ICU_VENT_Atemwegsdruck_Bei_Mittlerem_Expiratorischem_Gasfluss,Observation.category:kuenstlicheBeatmung,True,False,True,False,True,True,False,False,False,False
icu,MII_PR_ICU_Bilanz_Einfuhr_Abgepumpte_Muttermilch,Observation.code,True,False,True,True,True,True,True,False,True,False
icu,MII_PR_ICU_Bilanz_Einfuhr_Abgepumpte_Muttermilch,Observation.category,True,False,True,True,True,True,False,False,False,False
icu,MII_PR_ICU_Parameter_Von_Extrakorporalen_Verfahren,Observation.code,True,False,True,True,True,True,True,False,False,False
icu,MII_PR_ICU_Parameter_Von_Extrakorporalen_Verfahren,Observation.category,True,False,True,True,True,True,True,False,False,False
icu,MII_PR_ICU_VENT_Positiv_Endexpiratorischer_Druck,Observation.code,True,False,True,True,True,True,True,False,True,False
icu,MII_PR_ICU_VENT_Positiv_Endexpiratorischer_Druck,Observation.category:kuenstlicheBeatmung,True,False,True,False,True,True,False,False,False,False
icu,MII_PR_ICU_MUV_Arterieller_Blutdruck,Observation.component:DiastolicBP.code,False,False,False,True,True,True,True,False,False,False
icu,MII_PR_ICU_MUV_Arterieller_Blutdruck,Observation.component:SystolicBP.code,False,False,False,True,True,True,True,False,False,False
icu,MII_PR_ICU_MUV_Arterieller_Blutdruck,Observation.code,True,False,True,True,True,True,True,False,False,False
icu,MII_PR_ICU_MUV_Arterieller_Blutdruck,Observation.component:meanBP.code,False,False,False,True,True,True,True,False,False,False
icu,MII_PR_ICU_ECT_Gasfluss,Observation.code,True,False,True,True,True,True,True,False,False,False
icu,MII_PR_ICU_ECT_Gasfluss,Observation.category,True,False,True,True,True,True,True,False,False,False
icu,MII_PR_ICU_VENT_Exspiratorischer_Gasfluss,Observation.code,True,False,True,True,True,True,True,False,True,False
icu,MII_PR_ICU_VENT_Exspiratorischer_Gasfluss,Observation.category:kuenstlicheBeatmung,True,False,True,False,True,True,False,False,False,False
icu,MII_PR_ICU_Score,Observation.category:survey,True,False,True,False,False,False,False,False,False,False
icu,MII_PR_ICU_Score,Observation.code,False,False,True,True,False,True,False,True,False,False
icu,MII_PR_ICU_Score,Observation.category:assessment-scale,True,False,True,False,False,False,False,False,False,False
icu,MII_PR_ICU_Bilanz_Einfuhr_Muttermilch,Observation.code,True,False,True,True,True,True,True,False,True,False
icu,MII_PR_ICU_Bilanz_Einfuhr_Muttermilch,Observation.category,True,False,True,True,True,True,False,False,False,False
icu,MII_PR_ICU_Bilanz_Einfuhr_Enterale_Fluessigkeit,Observation.code,True,False,True,True,True,True,True,False,True,False
icu,MII_PR_ICU_Bilanz_Einfuhr_Enterale_Fluessigkeit,Observation.category,True,False,True,True,True,True,False,False,False,False
icu,MII_PR_ICU_ECT_Blutfluss_Extrakorporaler_Gasaustausch,Observation.code,True,False,True,True,True,True,True,False,False,False
icu,MII_PR_ICU_ECT_Blutfluss_Extrakorporaler_Gasaustausch,Observation.category,True,False,True,True,True,True,True,False,False,False
icu,MII_PR_ICU_Score_Wong_Baker_Faces_Schmerzskala,Observation.code,True,False,True,True,False,False,False,False,False,False
icu,MII_PR_ICU_Score_Wong_Baker_Faces_Schmerzskala,Observation.category,True,False,False,False,False,False,False,False,False,False
icu,MII_PR_ICU_Bilanz_Einfuhr_Fluessigkeit_Gesamt,Observation.code,True,False,True,True,True,True,True,False,True,False
icu,MII_PR_ICU_Bilanz_Einfuhr_Fluessigkeit_Gesamt,Observation.category,True,False,True,True,True,True,False,False,False,False
icu,MII_PR_ICU_MUV_Koerpergroesse,Observation.code,True,False,True,True,True,True,True,False,False,False
icu,MII_PR_ICU_MUV_Koerpergroesse,Observation.category:sct,True,False,True,False,True,True,True,False,False,False
icu,MII_PR_ICU_MUV_Koerpergroesse,Observation.category:VSCat,True,False,True,False,True,True,True,False,False,False
icu,MII_PR_ICU_Score_ZOPA,Observation.category:survey,True,False,True,False,False,False,False,False,False,False
icu,MII_PR_ICU_Score_ZOPA,Observation.code,False,False,True,True,True,True,False,True,True,False
icu,MII_PR_ICU_Score_ZOPA,Observation.category:assessment-scale,True,False,True,False,False,False,False,False,False,False
icu,MII_PR_ICU_Bilanz_Ausfuhr_Drainage_Generisch,Observation.code,True,False,True,True,True,True,True,False,True,False
icu,MII_PR_ICU_Bilanz_Ausfuhr_Drainage_Generisch,Observation.category,True,False,True,True,True,True,False,False,False,False
icu,MII_PR_ICU_ECT_Arterieller_Druck,Observation.code,True,False,True,True,True,True,True,False,False,False
icu,MII_PR_ICU_ECT_Arterieller_Druck,Observation.category,True,False,True,True,True,True,True,False,False,False
icu,MII_PR_ICU_VENT_Spontane_Atemfrequenz_Beatmet,Observation.code,True,False,True,True,True,True,True,False,True,False
icu,MII_PR_ICU_VENT_Spontane_Atemfrequenz_Beatmet,Observation.category:kuenstlicheBeatmung,True,False,True,False,True,True,False,False,False,False
icu,MII_PR_ICU_Bilanz_Ausfuhr_Urin,Observation.code,True,False,True,True,True,True,True,False,True,False
icu,MII_PR_ICU_Bilanz_Ausfuhr_Urin,Observation.category,True,False,True,True,True,True,False,False,False,False
icu,MII_PR_ICU_Score_RASS,Observation.code,True,False,True,False,False,False,False,False,False,False
icu,MII_PR_ICU_Score_RASS,Observation.value[x],True,False,False,True,True,True,False,False,False,False
icu,MII_PR_ICU_Bilanz_Einfuhr_Spendermilch,Observation.code,True,False,True,True,True,True,True,False,True,False
icu,MII_PR_ICU_Bilanz_Einfuhr_Spendermilch,Observation.category,True,False,True,True,True,True,False,False,False,False
icu,MII_PR_ICU_Score_Visuelle_Analogskala,Observation.category:survey,True,False,True,False,False,False,False,False,False,False
icu,MII_PR_ICU_Score_Visuelle_Analogskala,Observation.code,False,False,True,True,False,True,False,True,False,False
icu,MII_PR_ICU_Score_Visuelle_Analogskala,Observation.category:assessment-scale,True,False,True,False,False,False,False,False,False,False
icu,MII_PR_ICU_MUV_Atemfrequenz,Observation.code,True,False,True,True,True,True,False,False,False,False
icu,MII_PR_ICU_VENT_Spontane_Mechanische_Atemfrequenz_Beatmet,Observation.code,True,False,True,True,True,True,True,False,True,False
icu,MII_PR_ICU_VENT_Spontane_Mechanische_Atemfrequenz_Beatmet,Observation.category:kuenstlicheBeatmung,True,False,True,False,True,True,False,False,False,False
icu,MII_PR_ICU_Bilanz_Ausfuhr_Pankreasdrainage,Observation.code,True,False,True,True,True,True,True,False,True,False
icu,MII_PR_ICU_Bilanz_Ausfuhr_Pankreasdrainage,Observation.category,True,False,True,True,True,True,False,False,False,False
icu,MII_PR_ICU_VENT_Spontanes_Atemzugvolumen,Observation.code,True,False,True,True,True,True,True,False,True,False
icu,MII_PR_ICU_VENT_Spontanes_Atemzugvolumen,Observation.category:kuenstlicheBeatmung,True,False,True,False,True,True,False,False,False,False
icu,MII_PR_ICU_Untersuchung_Pupillenbefund,Observation.code,True,False,True,True,False,False,False,False,False,False
icu,MII_PR_ICU_Untersuchung_Pupillenbefund,Observation.category,True,False,False,False,False,False,False,False,False,False
icu,MII_PR_ICU_VENT_Zeitverhaeltnis_Ein_Ausatmung,Observation.code,True,False,True,True,True,True,True,False,True,False
icu,MII_PR_ICU_VENT_Zeitverhaeltnis_Ein_Ausatmung,Observation.category:kuenstlicheBeatmung,True,False,True,False,True,True,False,False,False,False
icu,MII_PR_ICU_VENT_Beatmungszeit_Niedrigem_Druck,Observation.code,True,False,True,True,True,True,True,False,True,False
icu,MII_PR_ICU_VENT_Beatmungszeit_Niedrigem_Druck,Observation.category:kuenstlicheBeatmung,True,False,True,False,True,True,False,False,False,False
icu,MII_PR_ICU_ECT_Blutfluss_Cardiovasculaeres_Geraet,Observation.code,True,False,True,True,True,True,True,False,False,False
icu,MII_PR_ICU_ECT_Blutfluss_Cardiovasculaeres_Geraet,Observation.category,True,False,True,True,True,True,True,False,False,False
icu,MII_PR_ICU_Untersuchung_Pupillenlichtreaktion_Indirekt,Observation.code,True,False,True,False,False,False,False,False,False,False
icu,MII_PR_ICU_Untersuchung_Pupillenlichtreaktion_Indirekt,Observation.value[x],True,False,False,True,False,False,False,False,False,False
icu,MII_PR_ICU_Untersuchung_Pupillenlichtreaktion_Indirekt,Observation.category,True,False,False,False,False,False,False,False,False,False
icu,MII_PR_ICU_VENT_Mittlerer_Beatmungsdruck,Observation.code,True,False,True,True,True,True,True,False,True,False
icu,MII_PR_ICU_VENT_Mittlerer_Beatmungsdruck,Observation.category,True,False,True,False,True,True,False,False,False,False
icu,MII_PR_ICU_Bilanz_Ausfuhr_Fluessigkeit_Gesamt,Observation.code,True,False,True,True,True,True,True,False,True,False
icu,MII_PR_ICU_Bilanz_Ausfuhr_Fluessigkeit_Gesamt,Observation.category,True,False,True,True,True,True,False,False,False,False
icu,MII_PR_ICU_VENT_Plateau_Beatmungsdruck,Observation.code,True,False,True,True,True,True,True,False,True,False
icu,MII_PR_ICU_VENT_Plateau_Beatmungsdruck,Observation.category:kuenstlicheBeatmung,True,False,True,False,True,True,False,False,False,False
icu,MII_PR_ICU_Bilanz_Ausfuhr_OP_Drainage,Observation.code,True,False,True,True,True,True,True,False,True,False
icu,MII_PR_ICU_Bilanz_Ausfuhr_OP_Drainage,Observation.category,True,False,True,True,True,True,False,False,False,False
icu,MII_PR_ICU_ECT_Substituatfluss,Observation.code,True,False,True,True,True,True,True,False,False,False
icu,MII_PR_ICU_ECT_Substituatfluss,Observation.category,True,False,True,True,True,True,True,False,False,False
icu,MII_PR_ICU_Devicemetric_Eingestellte_Gemessene_Parameter_Beatmung,DeviceMetric.type,True,False,True,False,True,True,False,False,False,False
icu,MII_PR_ICU_Bilanz_Ausfuhr_Blutverlust,Observation.code,True,False,True,True,True,True,True,False,True,False
icu,MII_PR_ICU_Bilanz_Ausfuhr_Blutverlust,Observation.category,True,False,True,True,True,True,False,False,False,False
icu,MII_PR_ICU_VENT_Exspiratorischer_Sauerstoffpartialdruck,Observation.category:Sauerstofftherapie,True,False,True,False,True,True,False,False,False,False
icu,MII_PR_ICU_VENT_Exspiratorischer_Sauerstoffpartialdruck,Observation.code,True,False,True,True,True,True,True,False,True,False
icu,MII_PR_ICU_VENT_Unterstuetzungsdruck_Beatmung,Observation.code,True,False,True,True,True,True,True,False,True,False
icu,MII_PR_ICU_VENT_Unterstuetzungsdruck_Beatmung,Observation.category:kuenstlicheBeatmung,True,False,True,False,True,True,False,False,False,False
icu,MII_PR_ICU_Extrakorporales_Verfahren,Procedure.category,True,False,True,True,True,True,True,False,False,False
icu,MII_PR_ICU_Extrakorporales_Verfahren,Procedure.bodySite,True,False,True,True,True,True,False,True,False,False
icu,MII_PR_ICU_Extrakorporales_Verfahren,Procedure.code,True,False,True,True,True,True,True,True,False,False
icu,MII_PR_ICU_Untersuchung_Pupillenform,Observation.code,True,False,True,False,False,False,False,False,False,False
icu,MII_PR_ICU_Untersuchung_Pupillenform,Observation.value[x],True,False,False,True,False,False,False,False,False,False
icu,MII_PR_ICU_Untersuchung_Pupillenform,Observation.category,True,False,False,False,False,False,False,False,False,False
icu,MII_PR_ICU_Parameter_Von_Beatmung,Observation.code,True,False,True,True,True,True,True,False,False,False
icu,MII_PR_ICU_Parameter_Von_Beatmung,Observation.category,True,False,True,False,True,True,False,False,False,False
icu,MII_PR_ICU_VENT_Mechanische_Atemfrequenz_Beatmet,Observation.code,True,False,True,True,True,True,True,False,True,False
icu,MII_PR_ICU_VENT_Mechanische_Atemfrequenz_Beatmet,Observation.category:kuenstlicheBeatmung,True,False,True,False,True,True,False,False,False,False
icu,MII_PR_ICU_VENT_Beatmungsvolumen_Pro_Minute_Maschineller_Beatmung,Observation.code,True,False,True,True,True,True,True,False,True,False
icu,MII_PR_ICU_VENT_Beatmungsvolumen_Pro_Minute_Maschineller_Beatmung,Observation.category:kuenstlicheBeatmung,True,False,True,False,True,True,False,False,False,False
icu,MII_PR_ICU_Devicemetric_Eingestellte_Gemessene_Parameter_Extrakorporale_Verfahren,DeviceMetric.type,True,False,True,False,True,True,False,False,False,False
icu,MII_PR_ICU_Bilanz,Observation.code,True,False,True,True,True,True,True,False,False,False
icu,MII_PR_ICU_Bilanz,Observation.category,True,False,True,True,True,True,False,False,False,False
icu,MII_PR_ICU_Score_ICDSC,Observation.category:survey,True,False,True,False,False,False,False,False,False,False
icu,MII_PR_ICU_Score_ICDSC,Observation.code,False,False,True,True,False,True,False,True,True,False
icu,MII_PR_ICU_Score_ICDSC,Observation.component:psychomotor-agitation-retardation.code,True,False,False,False,False,False,False,False,False,False
icu,MII_PR_ICU_Score_ICDSC,Observation.component:symptom-fluctuation.code,True,False,False,False,False,False,False,False,False,False
icu,MII_PR_ICU_Score_ICDSC,Observation.component:inattention.code,True,False,False,False,False,False,False,False,False,False
icu,MII_PR_ICU_Score_ICDSC,Observation.component:disorientation.code,True,False,False,False,False,False,False,False,False,False
icu,MII_PR_ICU_Score_ICDSC,Observation.component:hallucination-delusion.code,True,False,False,False,False,False,False,False,False,False
icu,MII_PR_ICU_Score_ICDSC,Observation.component:sleep-wake-disturbance.code,True,False,False,False,False,False,False,False,False,False
icu,MII_PR_ICU_Score_ICDSC,Observation.component:inappropriate-speech-mood.code,True,False,False,False,False,False,False,False,False,False
icu,MII_PR_ICU_Score_ICDSC,Observation.component:altered-consciousness.code,True,False,False,False,False,False,False,False,False,False
icu,MII_PR_ICU_Score_ICDSC,Observation.category:assessment-scale,True,False,True,False,False,False,False,False,False,False
icu,MII_PR_ICU_ECT_Dauer_Haemodialysesitzung,Observation.code,True,False,True,True,True,True,True,False,False,False
icu,MII_PR_ICU_ECT_Dauer_Haemodialysesitzung,Observation.category,True,False,True,True,True,True,True,False,False,False
icu,MII_PR_ICU_VENT_Maximaler_Beatmungsdruck,Observation.code,True,False,True,True,True,True,True,False,True,False
icu,MII_PR_ICU_VENT_Maximaler_Beatmungsdruck,Observation.category:kuenstlicheBeatmung,True,False,True,False,True,True,False,False,False,False
icu,MII_PR_ICU_VENT_Endexpiratorischer_Kohlendioxidpartialdruck,Observation.category:Sauerstofftherapie,True,False,True,False,True,True,False,False,False,False
icu,MII_PR_ICU_VENT_Endexpiratorischer_Kohlendioxidpartialdruck,Observation.code,True,False,True,True,True,True,True,False,True,False
icu,MII_PR_ICU_VENT_Maximaler_Inspiratorischer_Beatmungsdruck,Observation.code,True,False,True,True,True,True,True,False,True,False
icu,MII_PR_ICU_VENT_Maximaler_Inspiratorischer_Beatmungsdruck,Observation.category:kuenstlicheBeatmung,True,False,True,False,True,True,False,False,False,False
icu,MII_PR_ICU_Score_Faces_Pain_Scale_Revised,Observation.category:survey,True,False,True,False,False,False,False,False,False,False
icu,MII_PR_ICU_Score_Faces_Pain_Scale_Revised,Observation.code,False,False,True,True,False,True,False,True,True,False
icu,MII_PR_ICU_Score_Faces_Pain_Scale_Revised,Observation.category:assessment-scale,True,False,True,False,False,False,False,False,False,False
icu,MII_PR_ICU_VENT_Einstellung_Ausatmungszeit_Beatmung,Observation.code,True,False,True,True,True,True,True,False,True,False
icu,MII_PR_ICU_VENT_Einstellung_Ausatmungszeit_Beatmung,Observation.category:kuenstlicheBeatmung,True,False,True,False,True,True,False,False,False,False
icu,MII_PR_ICU_VENT_Atemwegsdruck_Bei_Null_Expiratorischem_Gasfluss,Observation.code,True,False,True,True,True,True,True,False,True,False
icu,MII_PR_ICU_VENT_Atemwegsdruck_Bei_Null_Expiratorischem_Gasfluss,Observation.category:kuenstlicheBeatmung,True,False,True,False,True,True,False,False,False,False
mikrobiologie,MII_PR_Mikrobio_Spezifische_Mikroskopie,Observation.method,True,False,True,False,True,True,True,False,False,False
mikrobiologie,MII_PR_Mikrobio_Spezifische_Mikroskopie,Observation.code,True,False,True,True,True,True,True,True,False,False
mikrobiologie,MII_PR_Mikrobio_Spezifische_Mikroskopie,Observation.value[x]:valueCodeableConcept,True,False,True,False,True,True,False,True,False,False
mikrobiologie,MII_PR_Mikrobio_Spezifische_Mikroskopie,Observation.identifier:analyseBefundCode.type,True,False,True,True,True,True,False,False,False,False
mikrobiologie,MII_PR_Mikrobio_Spezifische_Mikroskopie,Observation.category:mibi-category,True,False,True,False,True,True,True,False,False,False
mikrobiologie,MII_PR_Mikrobio_Spezifische_Mikroskopie,Observation.category,True,False,True,False,True,True,True,False,False,False
mikrobiologie,MII_PR_Mikrobio_Empfindlichkeit,Observation.method,True,False,True,False,True,True,True,False,False,False
mikrobiologie,MII_PR_Mikrobio_Empfindlichkeit,Observation.code,True,False,True,True,True,True,True,True,False,False
mikrobiologie,MII_PR_Mikrobio_Empfindlichkeit,Observation.value[x]:valueCodeableConcept,True,False,True,False,True,True,False,True,False,False
mikrobiologie,MII_PR_Mikrobio_Empfindlichkeit,Observation.identifier:analyseBefundCode.type,True,False,True,True,True,True,False,False,False,False
mikrobiologie,MII_PR_Mikrobio_Empfindlichkeit,Observation.interpretation,True,False,False,False,False,False,False,False,False,False
mikrobiologie,MII_PR_Mikrobio_Empfindlichkeit,Observation.category:mibi-category,True,False,True,False,True,True,True,False,False,False
mikrobiologie,MII_PR_Mikrobio_Empfindlichkeit,Observation.category,True,False,True,False,True,True,True,False,False,False
mikrobiologie,MII_PR_Mikrobio_Resistenzkategorie_Status,Observation.method,True,False,True,False,True,True,True,False,False,False
mikrobiologie,MII_PR_Mikrobio_Resistenzkategorie_Status,Observation.code,True,False,True,True,True,True,True,True,False,False
mikrobiologie,MII_PR_Mikrobio_Resistenzkategorie_Status,Observation.value[x]:valueCodeableConcept,True,False,True,False,True,True,False,True,False,False
mikrobiologie,MII_PR_Mikrobio_Resistenzkategorie_Status,Observation.identifier:analyseBefundCode.type,True,False,True,True,True,True,False,False,False,False
mikrobiologie,MII_PR_Mikrobio_Resistenzkategorie_Status,Observation.category:mibi-category,True,False,True,False,True,True,True,False,False,False
mikrobiologie,MII_PR_Mikrobio_Resistenzkategorie_Status,Observation.category,True,False,True,False,True,True,True,False,False,False
mikrobiologie,MII_PR_Mikrobio_Keimzahl,Observation.method,True,False,True,False,True,True,True,False,False,False
mikrobiologie,MII_PR_Mikrobio_Keimzahl,Observation.code,True,False,True,True,True,True,True,True,False,False
mikrobiologie,MII_PR_Mikrobio_Keimzahl,Observation.value[x]:valueCodeableConcept,True,False,True,False,True,True,False,True,False,False
mikrobiologie,MII_PR_Mikrobio_Keimzahl,Observation.identifier:analyseBefundCode.type,True,False,True,True,True,True,False,False,False,False
mikrobiologie,MII_PR_Mikrobio_Keimzahl,Observation.category:mibi-category,True,False,True,False,True,True,True,False,False,False
mikrobiologie,MII_PR_Mikrobio_Keimzahl,Observation.category,True,False,True,False,True,True,True,False,False,False
mikrobiologie,MII_PR_Mikrobio_Diagnostic_Report,DiagnosticReport.code,True,False,True,True,True,True,True,False,False,False
mikrobiologie,MII_PR_Mikrobio_Diagnostic_Report,DiagnosticReport.identifier:befund.type,True,False,True,True,True,True,False,False,False,False
mikrobiologie,MII_PR_Mikrobio_Resistenzmechanismen_Determinanten,Observation.method,True,False,True,False,True,True,True,False,False,False
mikrobiologie,MII_PR_Mikrobio_Resistenzmechanismen_Determinanten,Observation.code,True,False,True,True,True,True,True,True,False,False
mikrobiologie,MII_PR_Mikrobio_Resistenzmechanismen_Determinanten,Observation.value[x]:valueCodeableConcept,True,False,True,False,True,True,False,True,False,False
mikrobiologie,MII_PR_Mikrobio_Resistenzmechanismen_Determinanten,Observation.identifier:analyseBefundCode.type,True,False,True,True,True,True,False,False,False,False
mikrobiologie,MII_PR_Mikrobio_Resistenzmechanismen_Determinanten,Observation.category:mibi-category,True,False,True,False,True,True,True,False,False,False
mikrobiologie,MII_PR_Mikrobio_Resistenzmechanismen_Determinanten,Observation.category,True,False,True,False,True,True,True,False,False,False
mikrobiologie,MII_PR_Mikrobio_Bartlett_Score,Observation.method,True,False,True,False,True,True,True,False,False,False
mikrobiologie,MII_PR_Mikrobio_Bartlett_Score,Observation.code,True,False,True,True,True,True,True,True,False,False
mikrobiologie,MII_PR_Mikrobio_Bartlett_Score,Observation.value[x]:valueCodeableConcept,True,False,True,False,True,True,False,True,False,False
mikrobiologie,MII_PR_Mikrobio_Bartlett_Score,Observation.identifier:analyseBefundCode.type,True,False,True,True,True,True,False,False,False,False
mikrobiologie,MII_PR_Mikrobio_Bartlett_Score,Observation.category:mibi-category,True,False,True,False,True,True,True,False,False,False
mikrobiologie,MII_PR_Mikrobio_Bartlett_Score,Observation.category,True,False,True,False,True,True,True,False,False,False
mikrobiologie,MII_PR_Mikrobio_Nugent_Score,Observation.method,True,False,True,False,True,True,True,False,False,False
mikrobiologie,MII_PR_Mikrobio_Nugent_Score,Observation.code,True,False,True,True,True,True,True,True,False,False
mikrobiologie,MII_PR_Mikrobio_Nugent_Score,Observation.value[x]:valueCodeableConcept,True,False,True,False,True,True,False,True,False,False
mikrobiologie,MII_PR_Mikrobio_Nugent_Score,Observation.identifier:analyseBefundCode.type,True,False,True,True,True,True,False,False,False,False
mikrobiologie,MII_PR_Mikrobio_Nugent_Score,Observation.category:mibi-category,True,False,True,False,True,True,True,False,False,False
mikrobiologie,MII_PR_Mikrobio_Nugent_Score,Observation.category,True,False,True,False,True,True,True,False,False,False
mikrobiologie,MII_PR_Mikrobio_Virulenzfaktor,Observation.method,True,False,True,False,True,True,True,False,False,False
mikrobiologie,MII_PR_Mikrobio_Virulenzfaktor,Observation.code,True,False,True,True,True,True,True,True,False,False
mikrobiologie,MII_PR_Mikrobio_Virulenzfaktor,Observation.value[x]:valueCodeableConcept,True,False,True,False,True,True,False,True,False,False
mikrobiologie,MII_PR_Mikrobio_Virulenzfaktor,Observation.identifier:analyseBefundCode.type,True,False,True,True,True,True,False,False,False,False
mikrobiologie,MII_PR_Mikrobio_Virulenzfaktor,Observation.category:mibi-category,True,False,True,False,True,True,True,False,False,False
mikrobiologie,MII_PR_Mikrobio_Virulenzfaktor,Observation.category,True,False,True,False,True,True,True,False,False,False
mikrobiologie,MII_PR_Mikrobio_Allgemeine_Bestimmung,Observation.method,True,False,True,False,True,True,True,False,False,False
mikrobiologie,MII_PR_Mikrobio_Allgemeine_Bestimmung,Observation.code,True,False,True,True,True,True,True,True,False,False
mikrobiologie,MII_PR_Mikrobio_Allgemeine_Bestimmung,Observation.value[x]:valueCodeableConcept,True,False,True,False,True,True,False,True,False,False
mikrobiologie,MII_PR_Mikrobio_Allgemeine_Bestimmung,Observation.identifier:analyseBefundCode.type,True,False,True,True,True,True,False,False,False,False
mikrobiologie,MII_PR_Mikrobio_Allgemeine_Bestimmung,Observation.category:mibi-category,True,False,True,False,True,True,True,False,False,False
mikrobiologie,MII_PR_Mikrobio_Allgemeine_Bestimmung,Observation.category,True,False,True,False,True,True,True,False,False,False
mikrobiologie,MII_PR_Mikrobio_Aviditaet,Observation.method,True,False,True,False,True,True,True,False,False,False
mikrobiologie,MII_PR_Mikrobio_Aviditaet,Observation.code,True,False,True,True,True,True,True,True,False,False
mikrobiologie,MII_PR_Mikrobio_Aviditaet,Observation.value[x]:valueCodeableConcept,True,False,True,False,True,True,False,True,False,False
mikrobiologie,MII_PR_Mikrobio_Aviditaet,Observation.identifier:analyseBefundCode.type,True,False,True,True,True,True,False,False,False,False
mikrobiologie,MII_PR_Mikrobio_Aviditaet,Observation.category:mibi-category,True,False,True,False,True,True,True,False,False,False
mikrobiologie,MII_PR_Mikrobio_Aviditaet,Observation.category,True,False,True,False,True,True,True,False,False,False
mikrobiologie,MII_PR_Mikrobio_Spezifische_Bestimmung,Observation.method,True,False,True,False,True,True,True,False,False,False
mikrobiologie,MII_PR_Mikrobio_Spezifische_Bestimmung,Observation.code,True,False,True,True,True,True,True,True,False,False
mikrobiologie,MII_PR_Mikrobio_Spezifische_Bestimmung,Observation.value[x]:valueCodeableConcept,True,False,True,False,True,True,False,True,False,False
mikrobiologie,MII_PR_Mikrobio_Spezifische_Bestimmung,Observation.identifier:analyseBefundCode.type,True,False,True,True,True,True,False,False,False,False
mikrobiologie,MII_PR_Mikrobio_Spezifische_Bestimmung,Observation.category:mibi-category,True,False,True,False,True,True,True,False,False,False
mikrobiologie,MII_PR_Mikrobio_Spezifische_Bestimmung,Observation.category,True,False,True,False,True,True,True,False,False,False
mikrobiologie,MII_PR_Mikrobio_Antigen_Antikoerper_Quantitativ,Observation.method,True,False,True,False,True,True,True,False,False,False
mikrobiologie,MII_PR_Mikrobio_Antigen_Antikoerper_Quantitativ,Observation.code,True,False,True,True,True,True,True,True,False,False
mikrobiologie,MII_PR_Mikrobio_Antigen_Antikoerper_Quantitativ,Observation.value[x]:valueCodeableConcept,True,False,True,False,True,True,False,True,False,False
mikrobiologie,MII_PR_Mikrobio_Antigen_Antikoerper_Quantitativ,Observation.identifier:analyseBefundCode.type,True,False,True,True,True,True,False,False,False,False
mikrobiologie,MII_PR_Mikrobio_Antigen_Antikoerper_Quantitativ,Observation.category:mibi-category,True,False,True,False,True,True,True,False,False,False
mikrobiologie,MII_PR_Mikrobio_Antigen_Antikoerper_Quantitativ,Observation.category,True,False,True,False,True,True,True,False,False,False
mikrobiologie,MII_PR_Mikrobio_Molekulare_Pathogenlast,Observation.method,True,False,True,False,True,True,True,False,False,False
mikrobiologie,MII_PR_Mikrobio_Molekulare_Pathogenlast,Observation.code,True,False,True,True,True,True,True,True,False,False
mikrobiologie,MII_PR_Mikrobio_Molekulare_Pathogenlast,Observation.value[x]:valueCodeableConcept,True,False,True,False,True,True,False,True,False,False
mikrobiologie,MII_PR_Mikrobio_Molekulare_Pathogenlast,Observation.identifier:analyseBefundCode.type,True,False,True,True,True,True,False,False,False,False
mikrobiologie,MII_PR_Mikrobio_Molekulare_Pathogenlast,Observation.category:mibi-category,True,False,True,False,True,True,True,False,False,False
mikrobiologie,MII_PR_Mikrobio_Molekulare_Pathogenlast,Observation.category,True,False,True,False,True,True,True,False,False,False
mikrobiologie,MII_PR_Mikrobio_Titer,Observation.method,True,False,True,False,True,True,True,False,False,False
mikrobiologie,MII_PR_Mikrobio_Titer,Observation.code,True,False,True,True,True,True,True,True,False,False
mikrobiologie,MII_PR_Mikrobio_Titer,Observation.value[x]:valueCodeableConcept,True,False,True,False,True,True,False,True,False,False
mikrobiologie,MII_PR_Mikrobio_Titer,Observation.identifier:analyseBefundCode.type,True,False,True,True,True,True,False,False,False,False
mikrobiologie,MII_PR_Mikrobio_Titer,Observation.category:mibi-category,True,False,True,False,True,True,True,False,False,False
mikrobiologie,MII_PR_Mikrobio_Titer,Observation.category,True,False,True,False,True,True,True,False,False,False
mikrobiologie,MII_PR_Mikrobio_Ct_Wert,Observation.method,True,False,True,False,True,True,True,False,False,False
mikrobiologie,MII_PR_Mikrobio_Ct_Wert,Observation.code,True,False,True,True,True,True,True,True,False,False
mikrobiologie,MII_PR_Mikrobio_Ct_Wert,Observation.value[x]:valueCodeableConcept,True,False,True,False,True,True,False,True,False,False
mikrobiologie,MII_PR_Mikrobio_Ct_Wert,Observation.identifier:analyseBefundCode.type,True,False,True,True,True,True,False,False,False,False
mikrobiologie,MII_PR_Mikrobio_Ct_Wert,Observation.category:mibi-category,True,False,True,False,True,True,True,False,False,False
mikrobiologie,MII_PR_Mikrobio_Ct_Wert,Observation.category,True,False,True,False,True,True,True,False,False,False
mikrobiologie,MII_PR_Mikrobio_Allgemeine_Kultur,Observation.method,True,False,True,False,True,True,True,False,False,False
mikrobiologie,MII_PR_Mikrobio_Allgemeine_Kultur,Observation.code,True,False,True,True,True,True,True,True,False,False
mikrobiologie,MII_PR_Mikrobio_Allgemeine_Kultur,Observation.value[x]:valueCodeableConcept,True,False,True,False,True,True,False,True,False,False
mikrobiologie,MII_PR_Mikrobio_Allgemeine_Kultur,Observation.identifier:analyseBefundCode.type,True,False,True,True,True,True,False,False,False,False
mikrobiologie,MII_PR_Mikrobio_Allgemeine_Kultur,Observation.category:mibi-category,True,False,True,False,True,True,True,False,False,False
mikrobiologie,MII_PR_Mikrobio_Allgemeine_Kultur,Observation.category,True,False,True,False,True,True,True,False,False,False
mikrobiologie,MII_PR_Mikrobio_Probe,Specimen.collection.fastingStatus[x]:fastingStatusCodeableConcept,False,False,False,False,True,True,False,False,False,False
mikrobiologie,MII_PR_Mikrobio_Probe,Specimen.processing.procedure,True,False,False,True,True,True,False,False,False,False
mikrobiologie,MII_PR_Mikrobio_Probe,Specimen.container.type,True,False,False,False,True,True,False,False,False,False
mikrobiologie,MII_PR_Mikrobio_Probe,Specimen.collection.bodySite,True,False,False,True,True,True,False,False,False,False
mikrobiologie,MII_PR_Mikrobio_Probe,Specimen.type,True,False,False,True,True,True,False,False,False,False
mikrobiologie,MII_PR_Mikrobio_MRGN_Klasse,Observation.method,True,False,True,False,True,True,True,False,False,False
mikrobiologie,MII_PR_Mikrobio_MRGN_Klasse,Observation.code,True,False,True,True,True,True,True,True,False,False
mikrobiologie,MII_PR_Mikrobio_MRGN_Klasse,Observation.value[x]:valueCodeableConcept,True,False,True,False,True,True,False,True,False,False
mikrobiologie,MII_PR_Mikrobio_MRGN_Klasse,Observation.identifier:analyseBefundCode.type,True,False,True,True,True,True,False,False,False,False
mikrobiologie,MII_PR_Mikrobio_MRGN_Klasse,Observation.category:mibi-category,True,False,True,False,True,True,True,False,False,False
mikrobiologie,MII_PR_Mikrobio_MRGN_Klasse,Observation.category,True,False,True,False,True,True,True,False,False,False
mikrobiologie,MII_PR_Mikrobio_Allgemeine_Mikroskopie,Observation.method,True,False,True,False,True,True,True,False,False,False
mikrobiologie,MII_PR_Mikrobio_Allgemeine_Mikroskopie,Observation.code,True,False,True,True,True,True,True,True,False,False
mikrobiologie,MII_PR_Mikrobio_Allgemeine_Mikroskopie,Observation.value[x]:valueCodeableConcept,True,False,True,False,True,True,False,True,False,False
mikrobiologie,MII_PR_Mikrobio_Allgemeine_Mikroskopie,Observation.identifier:analyseBefundCode.type,True,False,True,True,True,True,False,False,False,False
mikrobiologie,MII_PR_Mikrobio_Allgemeine_Mikroskopie,Observation.category:mibi-category,True,False,True,False,True,True,True,False,False,False
mikrobiologie,MII_PR_Mikrobio_Allgemeine_Mikroskopie,Observation.category,True,False,True,False,True,True,True,False,False,False
mikrobiologie,MII_PR_Mikrobio_Voraussichtliche_Empfindlichkeit,Observation.method,True,False,True,False,True,True,True,False,False,False
mikrobiologie,MII_PR_Mikrobio_Voraussichtliche_Empfindlichkeit,Observation.code,True,False,True,True,True,True,True,True,False,False
mikrobiologie,MII_PR_Mikrobio_Voraussichtliche_Empfindlichkeit,Observation.value[x]:valueCodeableConcept,True,False,True,False,True,True,False,True,False,False
mikrobiologie,MII_PR_Mikrobio_Voraussichtliche_Empfindlichkeit,Observation.identifier:analyseBefundCode.type,True,False,True,True,True,True,False,False,False,False
mikrobiologie,MII_PR_Mikrobio_Voraussichtliche_Empfindlichkeit,Observation.category:mibi-category,True,False,True,False,True,True,True,False,False,False
mikrobiologie,MII_PR_Mikrobio_Voraussichtliche_Empfindlichkeit,Observation.category,True,False,True,False,True,True,True,False,False,False
molgen,MII_PR_MolGen_Genotyp,Observation.category:labCategory,False,False,False,False,False,False,False,False,False,False
molgen,MII_PR_MolGen_Genotyp,Observation.category:geCategory,False,False,False,False,False,False,False,False,False,False
molgen,MII_PR_MolGen_GenomicStudy,Procedure.category,False,False,False,False,False,False,False,False,False,False
molgen,MII_PR_MolGen_Familienanamnese,FamilyMemberHistory.condition.code,True,False,True,True,True,True,False,True,False,False
molgen,MII_PR_MolGen_Familienanamnese,FamilyMemberHistory.relationship,True,False,False,False,False,False,False,False,False,False
molgen,MII_PR_MolGen_Familienanamnese,FamilyMemberHistory.reasonCode,True,False,True,True,True,True,False,True,False,False
molgen,MII_PR_MolGen_GenomicStudyAnalysis,Procedure.category,False,False,False,False,False,False,False,False,False,False
molgen,MII_PR_MolGen_AnforderungGenetischerTest,ServiceRequest.code,True,False,False,False,False,False,False,False,False,False
molgen,MII_PR_MolGen_MolekulareKonsequenz,Observation.category:labCategory,False,False,False,False,False,False,False,False,False,False
molgen,MII_PR_MolGen_MolekulareKonsequenz,Observation.category:geCategory,False,False,False,False,False,False,False,False,False,False
molgen,MII_PR_MolGen_MolekulargenetischerBefundbericht,DiagnosticReport.category:Genetics,False,False,False,False,False,False,False,False,False,False
molgen,MII_PR_MolGen_DiagnostischeImplikation,Observation.category:labCategory,False,False,False,False,False,False,False,False,False,False
molgen,MII_PR_MolGen_DiagnostischeImplikation,Observation.category:geCategory,False,False,False,False,False,False,False,False,False,False
molgen,MII_PR_MolGen_Mikrosatelliteninstabilitaet,Observation.category:mbCategory,False,False,False,False,False,False,False,False,False,False
molgen,MII_PR_MolGen_Mikrosatelliteninstabilitaet,Observation.category:labCategory,False,False,False,False,False,False,False,False,False,False
molgen,MII_PR_MolGen_Mikrosatelliteninstabilitaet,Observation.category:geCategory,False,False,False,False,False,False,False,False,False,False
molgen,MII_PR_MolGen_MolekularerBiomarker,Observation.category:mbCategory,False,False,False,False,False,False,False,False,False,False
molgen,MII_PR_MolGen_MolekularerBiomarker,Observation.category:labCategory,False,False,False,False,False,False,False,False,False,False
molgen,MII_PR_MolGen_MolekularerBiomarker,Observation.category:geCategory,False,False,False,False,False,False,False,False,False,False
molgen,MII_PR_MolGen_Mutationslast,Observation.category:mbCategory,False,False,False,False,False,False,False,False,False,False
molgen,MII_PR_MolGen_Mutationslast,Observation.category:labCategory,False,False,False,False,False,False,False,False,False,False
molgen,MII_PR_MolGen_Mutationslast,Observation.category:geCategory,False,False,False,False,False,False,False,False,False,False
molgen,MII_PR_MolGen_Variante,Observation.category:labCategory,False,False,False,False,False,False,False,False,False,False
molgen,MII_PR_MolGen_Variante,Observation.category:geCategory,False,False,False,False,False,False,False,False,False,False
molgen,MII_PR_MolGen_TherapeutischeImplikation,Observation.category:labCategory,False,False,False,False,False,False,False,False,False,False
molgen,MII_PR_MolGen_TherapeutischeImplikation,Observation.category:geCategory,False,False,False,False,False,False,False,False,False,False
patho,MII_PR_Patho_Specimen,Specimen.collection.fastingStatus[x]:fastingStatusCodeableConcept,False,False,False,False,True,True,False,False,False,False
patho,MII_PR_Patho_Specimen,Specimen.processing.procedure,True,False,False,True,True,True,False,False,False,False
patho,MII_PR_Patho_Specimen,Specimen.identifier:Filler-ID.type,True,False,True,False,True,True,False,False,False,False
patho,MII_PR_Patho_Specimen,Specimen.identifier:Placer-ID.type,True,False,True,False,True,True,False,False,False,False
patho,MII_PR_Patho_Specimen,Specimen.container.type,True,False,False,False,True,True,False,False,False,False
patho,MII_PR_Patho_Specimen,Specimen.collection.bodySite,True,False,False,True,True,True,False,False,False,False
patho,MII_PR_Patho_Specimen,Specimen.type,True,False,False,True,True,True,False,False,False,False
patho,MII_PR_Patho_Macroscopic_Grouper,Observation.code,True,False,True,False,True,True,False,False,False,False
patho,MII_PR_Patho_Macroscopic_Grouper,Observation.category,True,False,True,False,True,True,False,False,False,False
patho,MII_PR_Patho_Macroscopic_Grouper,Observation.bodySite,True,False,False,True,True,False,False,False,False,False
patho,MII_PR_Patho_Problem_List_Item,Condition.code,True,False,True,False,True,True,False,False,False,False
patho,MII_PR_Patho_Problem_List_Item,Condition.category,True,False,True,False,True,True,False,False,False,False
patho,MII_PR_Patho_Microscopic_Grouper,Observation.code,True,False,True,False,True,True,False,False,False,False
patho,MII_PR_Patho_Microscopic_Grouper,Observation.category,True,False,True,False,True,True,False,False,False,False
patho,MII_PR_Patho_Microscopic_Grouper,Observation.bodySite,True,False,False,True,True,False,False,False,False,False
patho,MII_PR_Patho_Intraoperative_Grouper,Observation.code,True,False,True,False,True,True,False,False,False,False
patho,MII_PR_Patho_Intraoperative_Grouper,Observation.category,True,False,True,False,True,True,False,False,False,False
patho,MII_PR_Patho_Intraoperative_Grouper,Observation.bodySite,True,False,False,True,True,False,False,False,False,False
patho,MII_PR_Patho_Report,DiagnosticReport.code,True,False,False,True,True,True,False,False,False,False
patho,MII_PR_Patho_Finding,Observation.category:section-type,True,False,True,False,True,True,False,False,False,False
patho,MII_PR_Patho_Finding,Observation.code,True,False,True,False,True,True,False,False,False,False
patho,MII_PR_Patho_Finding,Observation.category,True,False,True,False,True,True,False,False,False,False
patho,MII_PR_Patho_Finding,Observation.bodySite,True,False,False,True,True,False,False,False,False,False
patho,MII_PR_Patho_Active_Problems_List,List.code,True,False,True,False,False,False,False,False,False,False
patho,MII_PR_Patho_Attached_Image,Media.type,True,False,False,False,False,False,False,False,False,False
patho,MII_PR_Patho_Additional_Specified_Grouper,Observation.code,True,False,True,False,True,True,False,False,False,False
patho,MII_PR_Patho_Additional_Specified_Grouper,Observation.category,True,False,True,False,True,True,False,False,False,False
patho,MII_PR_Patho_Additional_Specified_Grouper,Observation.bodySite,True,False,False,True,True,False,False,False,False,False
patho,MII_PR_Patho_Composition,Composition.section:mikroskopie.code,False,False,False,False,False,False,False,False,False,False
patho,MII_PR_Patho_Composition,Composition.category,True,False,True,True,False,False,False,False,False,False
patho,MII_PR_Patho_Composition,Composition.section:patho-diagnostic-report.code,False,False,False,False,False,False,False,False,False,False
patho,MII_PR_Patho_Composition,Composition.section:diagnostische-schlussfolgerung.code,False,False,False,False,False,False,False,False,False,False
patho,MII_PR_Patho_Composition,Composition.type,True,True,True,True,True,True,False,False,False,False
patho,MII_PR_Patho_Composition,Composition.section.code,True,False,True,False,False,False,False,False,False,False
patho,MII_PR_Patho_Composition,Composition.identifier.type,True,False,False,False,False,False,False,False,True,False
patho,MII_PR_Patho_Composition,Composition.section:intraoperativ.code,False,False,False,False,False,False,False,False,False,False
patho,MII_PR_Patho_Composition,Composition.section:zusaetzliche-beobachtung.code,False,False,False,False,False,False,False,False,False,False
patho,MII_PR_Patho_Composition,Composition.section:makroskopie.code,False,False,False,False,False,False,False,False,False,False
patho,MII_PR_Patho_Service_Request,ServiceRequest.identifier:Filler-ID.type,True,False,True,False,True,True,False,False,False,False
patho,MII_PR_Patho_Service_Request,ServiceRequest.identifier:Placer-ID.type,True,False,True,False,True,True,False,False,False,False
patho,MII_PR_Patho_Section_Grouper,Observation.code,True,False,True,False,True,True,False,False,False,False
patho,MII_PR_Patho_Section_Grouper,Observation.category,True,False,True,False,True,True,False,False,False,False
patho,MII_PR_Patho_Section_Grouper,Observation.bodySite,True,False,False,True,True,False,False,False,False,False
patho,MII_PR_Patho_Diagnostic_Conclusion_Grouper,Observation.code,True,False,True,False,True,True,False,False,False,False
patho,MII_PR_Patho_Diagnostic_Conclusion_Grouper,Observation.category,True,False,True,False,True,True,False,False,False,False
patho,MII_PR_Patho_Diagnostic_Conclusion_Grouper,Observation.bodySite,True,False,False,True,True,False,False,False,False,False
patho,MII_PR_Patho_Base_Observation,Observation.code,True,False,True,False,True,True,False,False,False,False
patho,MII_PR_Patho_Base_Observation,Observation.category,True,False,True,False,True,True,False,False,False,False
patho,MII_PR_Patho_Base_Observation,Observation.bodySite,True,False,False,True,True,False,False,False,False,False
patho,MII_PR_Patho_History_Of_Present_Illness,List.code,True,False,True,False,False,False,False,False,False,False
studie,MII_PR_Studie_Studie,ResearchStudy.keyword,True,True,False,False,False,False,False,False,False,False
studie,MII_PR_Studie_Studie,ResearchStudy.focus,True,True,False,False,False,False,False,False,False,False
bildgebung,MII_PR_Bildgebung_Radiologische_Beobachtung,Observation.code,True,False,True,True,True,True,False,False,False,False
bildgebung,MII_PR_Bildgebung_Radiologische_Beobachtung,Observation.category,True,False,True,True,True,True,False,False,False,False
bildgebung,MII_PR_Bildgebung_Radiologische_Beobachtung,Observation.value[x]:valueCodeableConcept,False,False,False,False,True,True,False,False,False,False
bildgebung,MII_PR_Bildgebung_Radiologische_Beobachtung,Observation.bodySite,True,False,False,False,False,False,False,False,False,False
bildgebung,MII_PR_Bildgebung_Bildgebungsprozedur,Procedure.category,True,False,True,True,True,True,False,False,True,True
bildgebung,MII_PR_Bildgebung_Bildgebungsprozedur,Procedure.bodySite,True,False,True,True,True,True,False,True,False,False
bildgebung,MII_PR_Bildgebung_Bildgebungsprozedur,Procedure.code,True,False,True,True,True,True,False,True,False,False
bildgebung,MII_PR_Bildgebung_Radiologische_Messung,Observation.method,True,False,True,True,True,True,False,False,False,False
bildgebung,MII_PR_Bildgebung_Radiologische_Messung,Observation.code,True,False,True,True,True,True,False,False,False,False
bildgebung,MII_PR_Bildgebung_Radiologische_Messung,Observation.value[x]:valueCodeableConcept,False,False,False,False,True,True,False,False,False,False
bildgebung,MII_PR_Bildgebung_Radiologische_Messung,Observation.component.code,False,False,False,False,False,False,False,False,False,False
bildgebung,MII_PR_Bildgebung_Radiologische_Messung,Observation.bodySite,True,False,False,False,False,False,False,False,False,False
bildgebung,MII_PR_Bildgebung_Radiologische_Messung,Observation.category,True,False,True,True,True,True,False,False,True,True
bildgebung,MII_PR_Bildgebung_Semistrukt_Befundbericht,Composition.type,True,False,True,True,True,True,False,False,False,False
bildgebung,MII_PR_Bildgebung_Semistrukt_Befundbericht,Composition.section.code,True,False,False,False,True,True,False,False,False,False
bildgebung,MII_PR_Bildgebung_Anforderung_Bildgebung,ServiceRequest.code,True,False,True,True,True,True,False,False,False,False
bildgebung,MII_PR_Bildgebung_Anforderung_Bildgebung,ServiceRequest.reasonCode,True,False,True,True,True,True,False,False,False,False
bildgebung,MII_PR_Bildgebung_Anforderung_Bildgebung,ServiceRequest.category,True,False,True,True,True,True,False,False,True,True
bildgebung,MII_PR_Bildgebung_Radiologische_Befundungsprozedur,Procedure.category,True,False,True,True,True,True,False,False,True,True
bildgebung,MII_PR_Bildgebung_Radiologische_Befundungsprozedur,Procedure.bodySite,True,False,True,True,True,True,False,True,False,False
bildgebung,MII_PR_Bildgebung_Radiologische_Befundungsprozedur,Procedure.code,True,False,True,True,True,True,False,True,True,True
bildgebung,MII_PR_Bildgebung_Radiologischer_Befund,DiagnosticReport.category,True,False,True,True,True,True,False,False,True,True
bildgebung,MII_PR_Bildgebung_Radiologischer_Befund,DiagnosticReport.conclusionCode,True,False,True,True,True,True,False,False,False,False
bildgebung,MII_PR_Bildgebung_Radiologischer_Befund,DiagnosticReport.code,True,False,True,True,True,True,False,False,False,False
bildgebung,MII_PR_Bildgebung_Kontrastmittelgabe,MedicationAdministration.dosage.site,True,False,True,True,True,True,False,False,False,False
bildgebung,MII_PR_Bildgebung_Kontrastmittelgabe,MedicationAdministration.dosage.route,True,False,True,True,True,True,False,False,False,False
bildgebung,MII_PR_Bildgebung_Kontrastmittelgabe,MedicationAdministration.medication[x]:medicationCodeableConcept,True,True,True,True,True,True,False,False,False,False
dokument,MII_PR_Dokument_Dokument,DocumentReference.context.practiceSetting,True,False,False,False,True,True,False,False,False,False
dokument,MII_PR_Dokument_Dokument,DocumentReference.category,True,False,False,True,True,True,False,False,False,False
dokument,MII_PR_Dokument_Dokument,DocumentReference.context.event,True,False,False,False,True,True,False,False,False,False
dokument,MII_PR_Dokument_Dokument,DocumentReference.type,True,False,False,True,True,True,False,False,False,False
dokument,MII_PR_Dokument_Dokument,DocumentReference.context.facilityType,True,False,False,False,True,True,False,False,False,False
onkologie,MII_PR_Onko_Mamma_Praeoperative_Markierung,Procedure.code,True,False,True,False,False,False,False,False,False,False
onkologie,MII_PR_Onko_Allgemeiner_Leistungszustand_ECOG,Observation.code,True,False,True,True,True,True,False,False,False,False
onkologie,MII_PR_Onko_Allgemeiner_Leistungszustand_ECOG,Observation.value[x],True,False,True,True,True,True,False,False,False,False
onkologie,MII_PR_Onko_Grading,Observation.code,True,False,True,True,True,True,False,False,False,False
onkologie,MII_PR_Onko_Grading,Observation.value[x],True,False,False,False,True,True,False,False,False,False
onkologie,MII_PR_Onko_KRK_Anastomoseninsuffizienz,Observation.code,True,False,False,False,False,False,False,False,True,False
onkologie,MII_PR_Onko_KRK_Anastomoseninsuffizienz,Observation.value[x],True,False,False,False,False,False,False,False,False,False
onkologie,MII_PR_Onko_Strahlentherapie_Bestrahlung_Nuklearmedizin,Procedure.bodySite.extension:Seitenlokalisation.value[x],False,False,False,False,False,False,False,False,False,False
onkologie,MII_PR_Onko_Strahlentherapie_Bestrahlung_Nuklearmedizin,Procedure.usedCode:Strahlenart,True,False,False,False,True,True,False,False,False,False
onkologie,MII_PR_Onko_Strahlentherapie_Bestrahlung_Nuklearmedizin,Procedure.code,True,False,True,True,True,True,False,True,False,False
onkologie,MII_PR_Onko_Strahlentherapie_Bestrahlung_Nuklearmedizin,Procedure.extension:Applikationsart.value[x],False,False,False,False,True,True,False,False,False,False
onkologie,MII_PR_Onko_Strahlentherapie_Bestrahlung_Nuklearmedizin,Procedure.category,True,False,True,True,True,True,False,False,False,False
onkologie,MII_PR_Onko_Strahlentherapie_Bestrahlung_Nuklearmedizin,Procedure.extension:Boost.value[x],False,False,False,False,False,False,False,False,False,False
onkologie,MII_PR_Onko_Strahlentherapie_Bestrahlung_Nuklearmedizin,Procedure.bodySite,True,False,True,True,True,True,False,True,False,False
onkologie,MII_PR_Onko_KRK_Stoma_Markierung,Procedure.category,True,False,True,True,True,True,False,False,True,False
onkologie,MII_PR_Onko_KRK_Stoma_Markierung,Procedure.bodySite,True,False,True,True,True,True,False,True,False,False
onkologie,MII_PR_Onko_KRK_Stoma_Markierung,Procedure.code,True,False,True,True,True,True,False,True,True,False
onkologie,MII_PR_Onko_TNM_V_Kategorie,Observation.method,True,False,False,False,False,False,False,False,False,False
onkologie,MII_PR_Onko_TNM_V_Kategorie,Observation.code,True,False,False,False,True,True,False,False,False,False
onkologie,MII_PR_Onko_TNM_V_Kategorie,Observation.value[x],True,False,False,False,True,True,False,False,False,False
onkologie,MII_PR_Onko_Genetische_Variante,Observation.value[x]:valueCodeableConcept,True,False,False,False,True,True,False,False,False,False
onkologie,MII_PR_Onko_Genetische_Variante,Observation.interpretation:oBDS,False,False,False,False,True,True,False,False,False,False
onkologie,MII_PR_Onko_Genetische_Variante,Observation.category:labCategory,False,False,False,False,False,False,False,False,False,False
onkologie,MII_PR_Onko_Genetische_Variante,Observation.category:geCategory,False,False,False,False,False,False,False,False,False,False
onkologie,MII_PR_Onko_TNM_Pn_Kategorie,Observation.method,True,False,True,False,False,False,False,False,False,False
onkologie,MII_PR_Onko_TNM_Pn_Kategorie,Observation.code,True,False,False,False,True,True,False,False,False,False
onkologie,MII_PR_Onko_TNM_Pn_Kategorie,Observation.value[x],True,False,False,False,True,True,False,False,False,False
onkologie,MII_PR_Onko_Systemische_Therapie_Medikation,MedicationStatement.category,True,False,False,False,False,False,False,False,False,False
onkologie,MII_PR_Onko_Systemische_Therapie_Medikation,MedicationStatement.dosage.site,True,False,True,True,True,True,False,False,False,False
onkologie,MII_PR_Onko_Systemische_Therapie_Medikation,MedicationStatement.medication[x]:medicationCodeableConcept,True,True,True,True,True,True,False,False,False,False
onkologie,MII_PR_Onko_Systemische_Therapie_Medikation,MedicationStatement.dosage.route,True,False,True,True,True,True,False,False,False,False
onkologie,MII_PR_Onko_Anzahl_Befallene_Sentinel_Lymphknoten,Observation.code,True,False,True,True,True,True,False,False,False,False
onkologie,MII_PR_Onko_KRK_MRT_Mesorektale_Faszie,Observation.code,True,False,False,False,False,False,False,False,True,False
onkologie,MII_PR_Onko_KRK_MRT_Mesorektale_Faszie,Observation.value[x]:valueCodeableConcept,True,False,False,False,False,False,False,False,False,False
onkologie,MII_PR_Onko_Prostata_Anzahl_Positive_Stanzen,Observation.code,True,False,False,False,False,False,False,False,True,False
onkologie,MII_PR_Onko_Anzahl_Befallene_Lymphknoten,Observation.code,True,False,True,True,True,True,False,False,False,False
onkologie,MII_PR_Onko_Weitere_Klassifikationen,Observation.code,True,True,False,False,False,False,False,False,False,False
onkologie,MII_PR_Onko_Weitere_Klassifikationen,Observation.value[x]:valueCodeableConcept,True,True,False,False,False,False,False,False,False,False
onkologie,MII_PR_Onko_Histologie_ICDO3,Observation.code,True,False,True,False,False,False,False,False,False,False
onkologie,MII_PR_Onko_Histologie_ICDO3,Observation.value[x],True,True,True,False,False,False,False,False,False,False
onkologie,MII_PR_Onko_Histologie_ICDO3,Observation.bodySite,False,False,True,True,True,True,False,False,False,False
onkologie,MII_PR_Onko_Studienteilnahme,Observation.code,True,False,False,False,False,False,False,False,False,False
onkologie,MII_PR_Onko_Studienteilnahme,Observation.value[x],True,False,False,False,False,True,False,False,False,False
onkologie,MII_PR_Onko_Mamma_Sozialdienst,Procedure.complication:compl_icd10,True,False,False,False,False,False,False,False,False,False
onkologie,MII_PR_Onko_Mamma_Sozialdienst,Procedure.outcome,True,False,False,False,True,True,False,False,False,False
onkologie,MII_PR_Onko_Mamma_Sozialdienst,Procedure.code,True,False,True,True,True,True,False,True,True,False
onkologie,MII_PR_Onko_Mamma_Sozialdienst,Procedure.complication:compl_obds,True,False,False,False,False,True,False,False,False,False
onkologie,MII_PR_Onko_Mamma_Sozialdienst,Procedure.category,True,False,True,True,True,True,False,False,False,False
onkologie,MII_PR_Onko_Mamma_Sozialdienst,Procedure.extension:Intention.value[x],False,True,False,False,False,False,False,False,False,False
onkologie,MII_PR_Onko_Mamma_Sozialdienst,Procedure.bodySite,True,False,True,True,True,True,False,True,False,False
onkologie,MII_PR_Onko_Mamma_Sozialdienst,Procedure.extension:Urgency.value[x],False,True,False,False,False,False,False,False,False,False
onkologie,MII_PR_Onko_Anzahl_Untersuchte_Sentinel_Lymphknoten,Observation.code,True,False,True,True,True,True,False,False,False,False
onkologie,MII_PR_Onko_KRK_Abstand_Aboral,Observation.code,True,False,False,False,False,False,False,False,False,False
onkologie,MII_PR_Onko_TNM_y_Symbol,Observation.code,True,False,False,False,True,True,False,False,False,False
onkologie,MII_PR_Onko_TNM_y_Symbol,Observation.value[x],True,False,False,False,True,True,False,False,False,False
onkologie,MII_PR_Onko_TNM_Klassifikation_Synthetisiert,Observation.method,True,False,False,False,False,False,False,False,False,False
onkologie,MII_PR_Onko_TNM_Klassifikation_Synthetisiert,Observation.value[x],True,False,False,False,True,True,False,False,False,False
onkologie,MII_PR_Onko_Melanom_Exzision,Procedure.complication:compl_icd10,True,False,False,False,False,False,False,False,False,False
onkologie,MII_PR_Onko_Melanom_Exzision,Procedure.outcome,True,False,False,False,True,True,False,False,False,False
onkologie,MII_PR_Onko_Melanom_Exzision,Procedure.code,True,False,True,True,True,True,False,True,False,False
onkologie,MII_PR_Onko_Melanom_Exzision,Procedure.complication:compl_obds,True,False,False,False,False,True,False,False,False,False
onkologie,MII_PR_Onko_Melanom_Exzision,Procedure.category,True,False,True,True,True,True,False,False,False,False
onkologie,MII_PR_Onko_Melanom_Exzision,Procedure.extension:Intention.value[x],False,True,False,False,False,False,False,False,False,False
onkologie,MII_PR_Onko_Melanom_Exzision,Procedure.bodySite,True,False,True,True,True,True,False,True,False,False
onkologie,MII_PR_Onko_Melanom_Exzision,Procedure.extension:Urgency.value[x],False,True,False,False,False,False,False,False,False,False
onkologie,MII_PR_Onko_Fernmetastasen,Observation.code,True,False,False,False,False,False,False,False,False,False
onkologie,MII_PR_Onko_Fernmetastasen,Observation.value[x],True,False,True,False,True,True,False,False,False,False
onkologie,MII_PR_Onko_Fernmetastasen,Observation.bodySite,True,False,False,True,False,False,False,False,False,False
onkologie,MII_PR_Onko_Mamma_Menopausenstatus,Observation.code,True,False,False,False,False,False,False,False,True,False
onkologie,MII_PR_Onko_Mamma_Menopausenstatus,Observation.value[x],True,False,False,False,False,True,False,False,False,False
onkologie,MII_PR_Onko_Prostata_Anzahl_Stanzen,Observation.code,True,False,False,False,False,False,False,False,True,False
onkologie,MII_PR_Onko_KRK_Abstand_Anokutan,Observation.code,True,False,False,False,False,False,False,False,True,False
onkologie,MII_PR_Onko_Strahlentherapie_Bestrahlung_Strahlentherapie,Procedure.bodySite.extension:Seitenlokalisation.value[x],False,False,False,False,False,False,False,False,False,False
onkologie,MII_PR_Onko_Strahlentherapie_Bestrahlung_Strahlentherapie,Procedure.usedCode:Strahlenart,True,False,False,False,True,True,False,False,False,False
onkologie,MII_PR_Onko_Strahlentherapie_Bestrahlung_Strahlentherapie,Procedure.code,True,False,True,True,True,True,False,True,False,False
onkologie,MII_PR_Onko_Strahlentherapie_Bestrahlung_Strahlentherapie,Procedure.extension:Applikationsart.value[x],False,False,False,False,True,True,False,False,False,False
onkologie,MII_PR_Onko_Strahlentherapie_Bestrahlung_Strahlentherapie,Procedure.category,True,False,True,True,True,True,False,False,False,False
onkologie,MII_PR_Onko_Strahlentherapie_Bestrahlung_Strahlentherapie,Procedure.extension:Boost.value[x],False,False,False,False,False,False,False,False,False,False
onkologie,MII_PR_Onko_Strahlentherapie_Bestrahlung_Strahlentherapie,Procedure.bodySite,True,False,True,True,True,True,False,True,False,False
onkologie,MII_PR_Onko_Tumormarker,Observation.method,True,False,True,False,True,True,True,False,False,False
onkologie,MII_PR_Onko_Tumormarker,Observation.code,True,False,True,True,False,False,False,False,False,False
onkologie,MII_PR_Onko_Tumormarker,Observation.value[x]:valueCodeableConcept,True,False,True,False,True,True,False,True,False,False
onkologie,MII_PR_Onko_Tumormarker,Observation.identifier:analyseBefundCode.type,True,False,True,True,True,True,False,False,False,False
onkologie,MII_PR_Onko_Tumormarker,Observation.category,True,False,True,False,True,True,True,False,False,False
onkologie,MII_PR_Onko_Prostata_Gleason_Grade_Group,Observation.code,True,False,False,True,True,True,False,False,True,False
onkologie,MII_PR_Onko_Prostata_Gleason_Grade_Group,Observation.value[x],True,False,False,False,False,True,False,False,False,False
onkologie,MII_PR_Onko_Mamma_Rezeptorstatus_Progesteron,Observation.component:AnteilPositiveZellen.code,False,False,False,False,False,False,False,False,True,False
onkologie,MII_PR_Onko_Mamma_Rezeptorstatus_Progesteron,Observation.code,True,False,False,False,False,False,False,False,False,False
onkologie,MII_PR_Onko_Mamma_Rezeptorstatus_Progesteron,Observation.value[x],True,False,False,True,False,False,False,False,False,False
onkologie,MII_PR_Onko_Mamma_Rezeptorstatus_Progesteron,Observation.component:Faerbeintensitaet.code,False,False,False,False,False,False,False,False,True,False
onkologie,MII_PR_Onko_Operation,Procedure.complication:compl_icd10,True,False,False,False,False,False,False,False,False,False
onkologie,MII_PR_Onko_Operation,Procedure.outcome,True,False,False,False,True,True,False,False,False,False
onkologie,MII_PR_Onko_Operation,Procedure.code,True,False,True,True,True,True,False,True,False,False
onkologie,MII_PR_Onko_Operation,Procedure.complication:compl_obds,True,False,False,False,False,True,False,False,False,False
onkologie,MII_PR_Onko_Operation,Procedure.category,True,False,True,True,True,True,False,False,False,False
onkologie,MII_PR_Onko_Operation,Procedure.extension:Intention.value[x],False,True,False,False,False,False,False,False,False,False
onkologie,MII_PR_Onko_Operation,Procedure.bodySite,True,False,True,True,True,True,False,True,False,False
onkologie,MII_PR_Onko_Operation,Procedure.extension:Urgency.value[x],False,True,False,False,False,False,False,False,False,False
onkologie,MII_PR_Onko_Melanom_Breslow_Tiefe,Observation.method,True,False,True,False,False,False,False,False,True,False
onkologie,MII_PR_Onko_Melanom_Breslow_Tiefe,Observation.code,True,False,False,False,False,False,False,False,True,False
onkologie,MII_PR_Onko_TNM_S_Kategorie,Observation.code,True,False,False,False,True,True,False,False,False,False
onkologie,MII_PR_Onko_TNM_S_Kategorie,Observation.value[x],True,False,False,False,True,True,False,False,False,False
onkologie,MII_PR_Onko_ASA_Klassifikation,Observation.code,True,False,False,False,False,False,False,False,True,False
onkologie,MII_PR_Onko_ASA_Klassifikation,Observation.value[x],True,False,False,False,False,False,False,False,False,False
onkologie,MII_PR_Onko_Melanom_Ulzeration,Observation.method,True,False,True,False,False,False,False,False,True,False
onkologie,MII_PR_Onko_Melanom_Ulzeration,Observation.code,True,False,False,False,False,False,False,False,True,False
onkologie,MII_PR_Onko_Prostata_PSA,Observation.code,True,False,False,False,False,False,False,False,False,False
onkologie,MII_PR_Onko_Prostata_Clavien_Dindo,Observation.code,True,False,False,False,False,False,False,False,True,False
onkologie,MII_PR_Onko_Prostata_Clavien_Dindo,Observation.value[x],True,False,False,True,False,False,False,False,False,False
onkologie,MII_PR_Onko_Anzahl_Untersuchte_Lymphknoten,Observation.code,True,False,True,True,True,True,False,False,False,False
onkologie,MII_PR_Onko_Befund,DiagnosticReport.code,True,False,True,True,True,True,False,False,False,False
onkologie,MII_PR_Onko_Prostata_CA_Befall_Stanze,Observation.code,True,False,False,False,False,False,False,False,True,False
onkologie,MII_PR_Onko_Nebenwirkung_Adverse_Event,AdverseEvent.event,True,True,True,True,True,True,False,True,False,False
onkologie,MII_PR_Onko_Nebenwirkung_Adverse_Event,AdverseEvent.seriousness,True,True,True,False,True,True,False,False,False,False
onkologie,MII_PR_Onko_Strahlentherapie,Procedure.outcome,True,False,True,False,True,True,False,False,False,False
onkologie,MII_PR_Onko_Strahlentherapie,Procedure.code,True,False,True,True,True,True,False,True,False,False
onkologie,MII_PR_Onko_Strahlentherapie,Procedure.extension:StellungZurOp.value[x],False,True,False,False,False,False,False,False,False,False
onkologie,MII_PR_Onko_Strahlentherapie,Procedure.category,True,False,True,True,True,True,False,False,False,False
onkologie,MII_PR_Onko_Strahlentherapie,Procedure.extension:Intention.value[x],False,True,False,False,False,False,False,False,False,False
onkologie,MII_PR_Onko_Strahlentherapie,Procedure.bodySite,True,False,True,True,True,True,False,True,False,False
onkologie,MII_PR_Onko_Prostata_Gleason_Score_Gesamt,Observation.code,True,False,False,True,True,True,False,False,True,False
onkologie,MII_PR_Onko_Prostata_Gleason_Score_Gesamt,Observation.value[x],True,False,False,False,False,True,False,False,False,False
onkologie,MII_PR_Onko_KRK_Abstand_Circumferelle_Resektionsebene,Observation.code,True,False,False,False,False,False,False,False,False,False
onkologie,MII_PR_Onko_Tod,Observation.interpretation,True,False,False,False,True,True,False,False,False,False
onkologie,MII_PR_Onko_Tod,Observation.code,True,False,False,False,False,False,False,False,False,False
onkologie,MII_PR_Onko_Tod,Observation.value[x],True,False,False,False,True,True,False,True,False,False
onkologie,MII_PR_Onko_TNM_T_Kategorie,Observation.method,True,False,True,False,False,False,False,False,False,False
onkologie,MII_PR_Onko_TNM_T_Kategorie,Observation.modifierExtension:rPraefix.value[x],False,False,False,False,True,True,False,False,False,False
onkologie,MII_PR_Onko_TNM_T_Kategorie,Observation.code,True,False,False,False,True,True,False,False,False,False
onkologie,MII_PR_Onko_TNM_T_Kategorie,Observation.code.extension:cpPraefix.value[x],False,False,False,False,True,True,False,False,False,False
onkologie,MII_PR_Onko_TNM_T_Kategorie,Observation.modifierExtension:aPraefix.value[x],False,False,False,False,True,True,False,False,False,False
onkologie,MII_PR_Onko_TNM_T_Kategorie,Observation.value[x],True,False,False,True,True,True,False,False,False,False
onkologie,MII_PR_Onko_TNM_T_Kategorie,Observation.modifierExtension:yPraefix.value[x],False,False,False,False,True,True,False,False,False,False
onkologie,MII_PR_Onko_Melanom_LDH,Observation.code,True,False,True,False,False,False,False,False,False,False
onkologie,MII_PR_Onko_Melanom_LDH,Observation.category,True,False,True,False,False,False,False,False,True,False
onkologie,MII_PR_Onko_TNM_Klassifikation,Observation.method,True,False,False,False,False,False,False,False,False,False
onkologie,MII_PR_Onko_TNM_Klassifikation,Observation.value[x],True,False,False,False,True,True,False,False,False,False
onkologie,MII_PR_Onko_Mamma_Rezeptorstatus_Estrogen,Observation.component:AnteilPositiveZellen.code,False,False,False,False,False,False,False,False,True,False
onkologie,MII_PR_Onko_Mamma_Rezeptorstatus_Estrogen,Observation.code,True,False,False,False,False,False,False,False,True,False
onkologie,MII_PR_Onko_Mamma_Rezeptorstatus_Estrogen,Observation.value[x],True,False,False,True,False,True,False,False,False,False
onkologie,MII_PR_Onko_Mamma_Rezeptorstatus_Estrogen,Observation.component:Faerbeintensitaet.code,False,False,False,False,False,False,False,False,True,False
onkologie,MII_PR_Onko_Prostata_Operation,Procedure.complication:compl_icd10,True,False,False,False,False,False,False,False,False,False
onkologie,MII_PR_Onko_Prostata_Operation,Procedure.outcome,True,False,False,False,True,True,False,False,False,False
onkologie,MII_PR_Onko_Prostata_Operation,Procedure.code,True,False,True,True,True,True,False,True,False,False
onkologie,MII_PR_Onko_Prostata_Operation,Procedure.complication:compl_obds,True,False,False,False,False,True,False,False,False,False
onkologie,MII_PR_Onko_Prostata_Operation,Procedure.category,True,False,True,True,True,True,False,False,False,False
onkologie,MII_PR_Onko_Prostata_Operation,Procedure.extension:Intention.value[x],False,True,False,False,False,False,False,False,False,False
onkologie,MII_PR_Onko_Prostata_Operation,Procedure.bodySite,True,False,True,True,True,True,False,True,False,False
onkologie,MII_PR_Onko_Prostata_Operation,Procedure.extension:Urgency.value[x],False,True,False,False,False,False,False,False,False,False
onkologie,MII_PR_Onko_Tumorgroesse,Observation.code,True,False,True,True,True,True,False,False,True,False
onkologie,MII_PR_Onko_Tumorgroesse,Observation.bodySite,True,False,True,False,False,False,False,False,False,False
onkologie,MII_PR_Onko_Mamma_Her2neu_Status,Observation.code,True,False,False,False,False,False,False,False,True,False
onkologie,MII_PR_Onko_Mamma_Her2neu_Status,Observation.value[x],True,False,False,True,False,True,False,False,False,False
onkologie,MII_PR_Onko_Residualstatus,Observation.code,True,False,True,True,True,True,False,False,False,False
onkologie,MII_PR_Onko_Residualstatus,Observation.value[x],True,False,False,False,True,True,False,False,False,False
onkologie,MII_PR_Onko_TNM_N_Kategorie,Observation.method,True,False,True,False,False,False,False,False,False,False
onkologie,MII_PR_Onko_TNM_N_Kategorie,Observation.modifierExtension:rPraefix.value[x],False,False,False,False,True,True,False,False,False,False
onkologie,MII_PR_Onko_TNM_N_Kategorie,Observation.code,True,False,False,False,True,True,False,False,False,False
onkologie,MII_PR_Onko_TNM_N_Kategorie,Observation.code.extension:cpPraefix.value[x],False,False,False,False,True,True,False,False,False,False
onkologie,MII_PR_Onko_TNM_N_Kategorie,Observation.modifierExtension:aPraefix.value[x],False,False,False,False,True,True,False,False,False,False
onkologie,MII_PR_Onko_TNM_N_Kategorie,Observation.value[x],True,False,False,True,True,True,False,False,False,False
onkologie,MII_PR_Onko_TNM_N_Kategorie,Observation.modifierExtension:yPraefix.value[x],False,False,False,False,True,True,False,False,False,False
onkologie,MII_PR_Onko_Allgemeiner_Leistungszustand_Karnofsky,Observation.code,True,False,True,True,True,True,False,False,False,False
onkologie,MII_PR_Onko_Allgemeiner_Leistungszustand_Karnofsky,Observation.value[x],True,False,True,True,False,True,False,False,False,False
onkologie,MII_PR_Onko_KRK_Operation,Procedure.complication:compl_icd10,True,False,False,False,False,False,False,False,False,False
onkologie,MII_PR_Onko_KRK_Operation,Procedure.outcome,True,False,False,False,True,True,False,False,False,False
onkologie,MII_PR_Onko_KRK_Operation,Procedure.usedCode,True,False,True,False,False,False,False,False,False,False
onkologie,MII_PR_Onko_KRK_Operation,Procedure.code,True,False,True,True,True,True,False,True,False,False
onkologie,MII_PR_Onko_KRK_Operation,Procedure.complication:compl_obds,True,False,False,False,False,True,False,False,False,False
onkologie,MII_PR_Onko_KRK_Operation,Procedure.category,True,False,True,True,True,True,False,False,False,False
onkologie,MII_PR_Onko_KRK_Operation,Procedure.extension:Intention.value[x],False,True,False,False,False,False,False,False,False,False
onkologie,MII_PR_Onko_KRK_Operation,Procedure.bodySite,True,False,True,True,True,True,False,True,False,False
onkologie,MII_PR_Onko_KRK_Operation,Procedure.extension:Urgency.value[x],False,True,False,False,False,False,False,False,False,False
onkologie,MII_PR_Onko_Prostata_Gleason_Pattern,Observation.code,True,False,False,True,True,True,False,False,False,False
onkologie,MII_PR_Onko_Prostata_Gleason_Pattern,Observation.value[x],True,False,False,False,False,True,False,False,False,False
onkologie,MII_PR_Onko_Melanom_Sicherheitsabstand,Observation.code,True,False,False,False,False,False,False,False,True,False
onkologie,MII_PR_Onko_TNM_a_Symbol,Observation.code,True,False,False,False,True,True,False,False,False,False
onkologie,MII_PR_Onko_TNM_a_Symbol,Observation.value[x],True,False,False,False,True,True,False,False,False,False
onkologie,MII_PR_Onko_Diagnose_Primaertumor,Condition.extension:morphology-behavior-icdo3.value[x],False,True,False,False,False,False,False,False,False,False
onkologie,MII_PR_Onko_Diagnose_Primaertumor,Condition.abatement[x]:abatementAge.extension:Lebensphase-Ende.value[x],True,False,True,False,True,True,False,False,False,False
onkologie,MII_PR_Onko_Diagnose_Primaertumor,Condition.onset[x]:onsetAge.extension:Lebensphase-Beginn.value[x],True,False,True,False,True,True,False,False,False,False
onkologie,MII_PR_Onko_Diagnose_Primaertumor,Condition.clinicalStatus,True,False,True,False,True,True,False,False,False,False
onkologie,MII_PR_Onko_Diagnose_Primaertumor,Condition.bodySite,True,False,True,True,True,True,False,True,False,False
onkologie,MII_PR_Onko_Diagnose_Primaertumor,Condition.verificationStatus,True,False,True,True,True,True,False,False,False,False
onkologie,MII_PR_Onko_Diagnose_Primaertumor,Condition.code,True,False,True,True,True,True,False,True,False,False
onkologie,MII_PR_Onko_Mamma_Operation,Procedure.complication:compl_icd10,True,False,False,False,False,False,False,False,False,False
onkologie,MII_PR_Onko_Mamma_Operation,Procedure.outcome,True,False,False,False,True,True,False,False,False,False
onkologie,MII_PR_Onko_Mamma_Operation,Procedure.code,True,False,True,True,True,True,False,True,False,False
onkologie,MII_PR_Onko_Mamma_Operation,Procedure.complication:compl_obds,True,False,False,False,False,True,False,False,False,False
onkologie,MII_PR_Onko_Mamma_Operation,Procedure.usedCode:IntraoperativesImaging,True,False,False,False,False,False,False,False,False,False
onkologie,MII_PR_Onko_Mamma_Operation,Procedure.category,True,False,True,True,True,True,False,False,False,False
onkologie,MII_PR_Onko_Mamma_Operation,Procedure.usedCode:PraeoperativeMarkierung,True,False,False,False,False,False,False,False,False,False
onkologie,MII_PR_Onko_Mamma_Operation,Procedure.extension:Intention.value[x],False,True,False,False,False,False,False,False,False,False
onkologie,MII_PR_Onko_Mamma_Operation,Procedure.bodySite,True,False,True,True,True,True,False,True,False,False
onkologie,MII_PR_Onko_Mamma_Operation,Procedure.extension:Urgency.value[x],False,True,False,False,False,False,False,False,False,False
onkologie,MII_PR_Onko_TNM_L_Kategorie,Observation.code,True,False,False,False,True,True,False,False,False,False
onkologie,MII_PR_Onko_TNM_L_Kategorie,Observation.value[x],True,False,False,False,True,True,False,False,False,False
onkologie,MII_PR_Onko_Systemische_Therapie,Procedure.outcome,True,False,False,False,False,True,False,False,False,False
onkologie,MII_PR_Onko_Systemische_Therapie,Procedure.usedCode,True,False,False,False,True,True,False,False,False,False
onkologie,MII_PR_Onko_Systemische_Therapie,Procedure.code,True,False,True,True,True,True,False,True,False,False
onkologie,MII_PR_Onko_Systemische_Therapie,Procedure.extension:StellungZurOp.value[x],False,True,False,False,False,False,False,False,False,False
onkologie,MII_PR_Onko_Systemische_Therapie,Procedure.category,True,False,True,True,True,True,False,False,False,False
onkologie,MII_PR_Onko_Systemische_Therapie,Procedure.extension:Intention.value[x],False,True,False,False,False,False,False,False,False,False
onkologie,MII_PR_Onko_Systemische_Therapie,Procedure.bodySite,True,False,True,True,True,True,False,True,False,False
onkologie,MII_PR_Onko_TNM_M_Kategorie,Observation.method,True,False,True,False,False,False,False,False,False,False
onkologie,MII_PR_Onko_TNM_M_Kategorie,Observation.modifierExtension:rPraefix.value[x],False,False,False,False,True,True,False,False,False,False
onkologie,MII_PR_Onko_TNM_M_Kategorie,Observation.code,True,False,False,False,True,True,False,False,False,False
onkologie,MII_PR_Onko_TNM_M_Kategorie,Observation.code.extension:cpPraefix.value[x],False,False,False,False,True,True,False,False,False,False
onkologie,MII_PR_Onko_TNM_M_Kategorie,Observation.modifierExtension:aPraefix.value[x],False,False,False,False,True,True,False,False,False,False
onkologie,MII_PR_Onko_TNM_M_Kategorie,Observation.value[x],True,False,False,True,True,True,False,False,False,False
onkologie,MII_PR_Onko_TNM_M_Kategorie,Observation.modifierExtension:yPraefix.value[x],False,False,False,False,True,True,False,False,False,False
onkologie,MII_PR_Onko_Tumorkonferenz,CarePlan.category,True,False,True,False,True,True,False,False,False,False
onkologie,MII_PR_Onko_Tumorkonferenz,CarePlan.activity:obds.detail.code,True,False,False,False,True,True,False,False,False,False
onkologie,MII_PR_Onko_Tumorkonferenz,CarePlan.activity:obds.detail.statusReason,True,False,True,False,False,True,False,False,False,False
onkologie,MII_PR_Onko_Verlauf,Observation.component:Lymphknoten_Verlauf.code,False,False,False,False,False,False,False,False,True,False
onkologie,MII_PR_Onko_Verlauf,Observation.code,True,False,False,False,False,False,False,False,True,False
onkologie,MII_PR_Onko_Verlauf,Observation.value[x]:valueCodeableConcept,False,False,False,False,True,True,False,False,False,False
onkologie,MII_PR_Onko_Verlauf,Observation.component:Lymphknoten_Verlauf.value[x],False,False,False,False,True,True,False,False,False,False
onkologie,MII_PR_Onko_Verlauf,Observation.component:Tumor_Verlauf.code,False,False,False,False,False,False,False,False,True,False
onkologie,MII_PR_Onko_Verlauf,Observation.component:Fernmetastasen_Verlauf.value[x],False,False,False,False,True,True,False,False,False,False
onkologie,MII_PR_Onko_Verlauf,Observation.component:Fernmetastasen_Verlauf.code,False,False,False,False,False,False,False,False,True,False
onkologie,MII_PR_Onko_Verlauf,Observation.component:Tumor_Verlauf.value[x],False,False,False,False,True,True,False,False,False,False
onkologie,MII_PR_Onko_Therapieempfehlung_Medikation,MedicationRequest.dosageInstruction.route,True,False,True,True,True,True,False,False,False,False
onkologie,MII_PR_Onko_Therapieempfehlung_Medikation,MedicationRequest.dosageInstruction.site,True,False,True,True,True,True,False,False,False,False
onkologie,MII_PR_Onko_Therapieempfehlung_Medikation,MedicationRequest.medication[x]:medicationCodeableConcept,True,True,True,True,True,True,False,False,False,False
onkologie,MII_PR_Onko_Fruehere_Tumorerkrankung,Condition.code,True,True,False,True,True,True,False,True,False,False
onkologie,MII_PR_Onko_Fruehere_Tumorerkrankung,Condition.bodySite,True,False,False,True,True,True,False,False,False,False
onkologie,MII_PR_Onko_TNM_m_Symbol,Observation.code,True,False,False,False,True,True,False,False,False,False
onkologie,MII_PR_Onko_TNM_m_Symbol,Observation.value[x],True,False,False,False,True,True,False,False,False,False
onkologie,MII_PR_Onko_TNM_r_Symbol,Observation.code,True,False,False,False,True,True,False,False,False,False
onkologie,MII_PR_Onko_TNM_r_Symbol,Observation.value[x],True,False,False,False,True,True,False,False,False,False
seltene,MII_PR_Seltene_Bodymassindex,Observation.category,True,False,False,False,False,False,False,False,False,False
seltene,MII_PR_Seltene_Blutgruppe,Observation.code,True,False,True,True,False,False,False,False,True,False
seltene,MII_PR_Seltene_Blutgruppe,Observation.value[x],True,True,True,True,False,False,False,False,False,False
seltene,MII_PR_Seltene_ICFAssessment,Observation.code,True,False,True,False,False,False,False,False,False,False
seltene,MII_PR_Seltene_TherapieempfehlungNichtMedikamentoes,ServiceRequest.category:MVGenomSeqTherapieStrategie,True,False,False,False,False,False,False,False,False,False
seltene,MII_PR_Seltene_TherapieempfehlungNichtMedikamentoes,ServiceRequest.code,True,True,False,True,False,False,False,False,False,False
seltene,MII_PR_Seltene_TherapieempfehlungNichtMedikamentoes,ServiceRequest.category:MVGenomSeqTherapieTyp,True,False,False,False,False,False,False,False,False,False
seltene,MII_PR_Seltene_Taillenumfang,Observation.category,True,False,False,False,False,False,False,False,False,False
seltene,MII_PR_Seltene_TherapieDurchgefuehrt,Procedure.code,True,False,True,False,False,False,True,False,False,False
seltene,MII_PR_Seltene_Familienanamnese,FamilyMemberHistory.condition.code,True,False,True,True,True,True,True,True,False,False
seltene,MII_PR_Seltene_Familienanamnese,FamilyMemberHistory.relationship,True,False,False,False,False,False,False,False,False,False
seltene,MII_PR_Seltene_Familienanamnese,FamilyMemberHistory.reasonCode,True,False,True,True,True,True,False,True,False,False
seltene,MII_PR_Seltene_Hueftumfang,Observation.category,True,False,False,False,False,False,False,False,False,False
seltene,MII_PR_Seltene_Consanguinity,Observation.value[x],True,True,True,False,False,False,False,False,False,False
seltene,MII_PR_Seltene_Therapieempfehlung,MedicationRequest.category:MVGenomSeqTherapieTyp,True,False,False,False,False,False,False,False,False,False
seltene,MII_PR_Seltene_Therapieempfehlung,MedicationRequest.dosageInstruction.route,True,False,True,True,True,True,False,False,False,False
seltene,MII_PR_Seltene_Therapieempfehlung,MedicationRequest.category:MVGenomSeqTherapieStrategie,True,False,False,False,False,False,False,False,False,False
seltene,MII_PR_Seltene_Therapieempfehlung,MedicationRequest.dosageInstruction.site,True,False,True,True,True,True,False,False,False,False
seltene,MII_PR_Seltene_Therapieempfehlung,MedicationRequest.medication[x]:medicationCodeableConcept,True,True,True,True,True,True,False,False,False,False
seltene,MII_PR_Seltene_Studieneinschluss_Anfrage,ServiceRequest.extension:statusReason.value[x],False,False,True,False,False,False,False,False,False,False
seltene,MII_PR_Seltene_ClinicalDiagnosis,Condition.evidence.code,True,False,False,False,False,False,False,False,False,False
seltene,MII_PR_Seltene_ClinicalDiagnosis,Condition.abatement[x]:abatementAge.extension:Lebensphase-Ende.value[x],True,False,True,False,True,True,False,False,False,False
seltene,MII_PR_Seltene_ClinicalDiagnosis,Condition.onset[x]:onsetAge.extension:Lebensphase-Beginn.value[x],True,False,True,False,True,True,False,False,False,False
seltene,MII_PR_Seltene_ClinicalDiagnosis,Condition.clinicalStatus,True,False,True,False,True,True,False,False,False,False
seltene,MII_PR_Seltene_ClinicalDiagnosis,Condition.bodySite,True,False,True,True,True,True,False,True,False,False
seltene,MII_PR_Seltene_ClinicalDiagnosis,Condition.verificationStatus,True,False,True,False,True,True,False,False,False,False
seltene,MII_PR_Seltene_ClinicalDiagnosis,Condition.code,True,False,True,True,True,True,True,True,False,False
seltene,MII_PR_Seltene_HPO_Assessment,Observation.code,True,False,False,False,False,False,False,False,False,False
seltene,MII_PR_Seltene_HPO_Assessment,Observation.component:status.interpretation,True,False,False,False,False,False,False,False,False,False
seltene,MII_PR_Seltene_Symptom_Condition,Condition.code,True,False,True,True,False,False,True,False,False,False
seltene,MII_PR_Seltene_GeneticDiagnosis,Condition.evidence.code,True,False,False,True,False,False,False,False,True,False
seltene,MII_PR_Seltene_GeneticDiagnosis,Condition.abatement[x]:abatementAge.extension:Lebensphase-Ende.value[x],True,False,True,False,True,True,False,False,False,False
seltene,MII_PR_Seltene_GeneticDiagnosis,Condition.onset[x]:onsetAge.extension:Lebensphase-Beginn.value[x],True,False,True,False,True,True,False,False,False,False
seltene,MII_PR_Seltene_GeneticDiagnosis,Condition.clinicalStatus,True,False,True,False,True,True,False,False,False,False
seltene,MII_PR_Seltene_GeneticDiagnosis,Condition.bodySite,True,False,True,True,True,True,False,True,False,False
seltene,MII_PR_Seltene_GeneticDiagnosis,Condition.verificationStatus,True,False,True,False,True,True,False,False,False,False
seltene,MII_PR_Seltene_GeneticDiagnosis,Condition.code,True,False,True,True,True,True,True,True,False,False
seltene,MII_PR_Seltene_Kopfumfang,Observation.code,False,False,False,False,False,False,False,False,False,False
mtb,MII_PR_MTB_Immunohistochemistry_PDL1,Observation.category:mbCategory,False,False,False,False,False,False,False,False,False,False
mtb,MII_PR_MTB_Immunohistochemistry_PDL1,Observation.code,True,False,True,True,False,False,False,False,True,False
mtb,MII_PR_MTB_Immunohistochemistry_PDL1,Observation.category:labCategory,False,False,False,False,False,False,False,False,False,False
mtb,MII_PR_MTB_Immunohistochemistry_PDL1,Observation.category:geCategory,False,False,False,False,False,False,False,False,False,False
mtb,MII_PR_MTB_Immunohistochemistry_MMR,Observation.component:mmr-mlh3.code,False,False,False,False,False,False,False,False,True,False
mtb,MII_PR_MTB_Immunohistochemistry_MMR,Observation.category:geCategory,False,False,False,False,False,False,False,False,False,False
mtb,MII_PR_MTB_Immunohistochemistry_MMR,Observation.component:mmr-mlh1.code,False,False,False,False,False,False,False,False,True,False
mtb,MII_PR_MTB_Immunohistochemistry_MMR,Observation.category:mbCategory,False,False,False,False,False,False,False,False,False,False
mtb,MII_PR_MTB_Immunohistochemistry_MMR,Observation.component:mmr-msh2.code,False,False,False,False,False,False,False,False,True,False
mtb,MII_PR_MTB_Immunohistochemistry_MMR,Observation.component:mmr-pms2.value[x]:valueCodeableConcept,False,False,False,False,False,False,False,False,False,False
mtb,MII_PR_MTB_Immunohistochemistry_MMR,Observation.component:mmr-msh2.value[x]:valueCodeableConcept,False,False,False,False,False,False,False,False,False,False
mtb,MII_PR_MTB_Immunohistochemistry_MMR,Observation.component:mmr-mlh1.value[x]:valueCodeableConcept,False,False,False,False,False,False,False,False,False,False
mtb,MII_PR_MTB_Immunohistochemistry_MMR,Observation.component:mmr-mlh3.value[x]:valueCodeableConcept,False,False,False,False,False,False,False,False,False,False
mtb,MII_PR_MTB_Immunohistochemistry_MMR,Observation.category:labCategory,False,False,False,False,False,False,False,False,False,False
mtb,MII_PR_MTB_Immunohistochemistry_MMR,Observation.component:mmr-msh3.code,False,False,False,False,False,False,False,False,True,False
mtb,MII_PR_MTB_Immunohistochemistry_MMR,Observation.component:mmr-pms2.code,False,False,False,False,False,False,False,False,True,False
mtb,MII_PR_MTB_Immunohistochemistry_MMR,Observation.component:mmr-msh6.code,False,False,False,False,False,False,False,False,True,False
mtb,MII_PR_MTB_Immunohistochemistry_MMR,Observation.component:mmr-msh3.value[x]:valueCodeableConcept,False,False,False,False,False,False,False,False,False,False
mtb,MII_PR_MTB_Immunohistochemistry_MMR,Observation.component:mmr-msh6.value[x]:valueCodeableConcept,False,False,False,False,False,False,False,False,False,False
mtb,MII_PR_MTB_Immunohistochemistry_Phosphorylation,Observation.category:mbCategory,False,False,False,False,False,False,False,False,False,False
mtb,MII_PR_MTB_Immunohistochemistry_Phosphorylation,Observation.code,True,False,True,True,False,False,False,False,True,False
mtb,MII_PR_MTB_Immunohistochemistry_Phosphorylation,Observation.category:labCategory,False,False,False,False,False,False,False,False,False,False
mtb,MII_PR_MTB_Immunohistochemistry_Phosphorylation,Observation.category:geCategory,False,False,False,False,False,False,False,False,False,False
mtb,MII_PR_MTB_Follow_Up_ClinicalImpression,ClinicalImpression.code,True,False,False,False,False,False,False,False,True,False
mtb,MII_PR_MTB_Follow_Up_ClinicalImpression,ClinicalImpression.statusReason,True,False,False,False,False,True,False,False,False,False
mtb,MII_PR_MTB_Follow_Up_ClinicalImpression,ClinicalImpression.investigation.code,False,False,False,False,False,False,False,False,False,False
mtb,MII_PR_MTB_Copy_Number_Variant,Observation.category:labCategory,False,False,False,False,False,False,False,False,False,False
mtb,MII_PR_MTB_Copy_Number_Variant,Observation.category:geCategory,False,False,False,False,False,False,False,False,False,False
mtb,MII_PR_MTB_Mutationslast,Observation.category:mbCategory,False,False,False,False,False,False,False,False,False,False
mtb,MII_PR_MTB_Mutationslast,Observation.code,True,False,True,False,False,False,False,False,True,False
mtb,MII_PR_MTB_Mutationslast,Observation.category:labCategory,False,False,False,False,False,False,False,False,False,False
mtb,MII_PR_MTB_Mutationslast,Observation.category:geCategory,False,False,False,False,False,False,False,False,False,False
mtb,MII_PR_MTB_Ploidie,Observation.category:mbCategory,False,False,False,False,False,False,False,False,False,False
mtb,MII_PR_MTB_Ploidie,Observation.code,True,False,False,True,False,False,False,False,True,False
mtb,MII_PR_MTB_Ploidie,Observation.category:labCategory,False,False,False,False,False,False,False,False,False,False
mtb,MII_PR_MTB_Ploidie,Observation.category:geCategory,False,False,False,False,False,False,False,False,False,False
mtb,MII_PR_MTB_Response_Befund,Observation.component:Lymphknoten_Verlauf.code,False,False,False,False,False,False,False,False,True,False
mtb,MII_PR_MTB_Response_Befund,Observation.code,True,False,False,False,False,False,False,False,True,False
mtb,MII_PR_MTB_Response_Befund,Observation.value[x]:valueCodeableConcept,True,False,False,True,True,True,False,False,False,False
mtb,MII_PR_MTB_Response_Befund,Observation.component:Lymphknoten_Verlauf.value[x],False,False,False,False,True,True,False,False,False,False
mtb,MII_PR_MTB_Response_Befund,Observation.component:Tumor_Verlauf.code,False,False,False,False,False,False,False,False,True,False
mtb,MII_PR_MTB_Response_Befund,Observation.component:Fernmetastasen_Verlauf.value[x],False,False,False,False,True,True,False,False,False,False
mtb,MII_PR_MTB_Response_Befund,Observation.component:Fernmetastasen_Verlauf.code,False,False,False,False,False,False,False,False,True,False
mtb,MII_PR_MTB_Response_Befund,Observation.component:Tumor_Verlauf.value[x],False,False,False,False,True,True,False,False,False,False
mtb,MII_PR_MTB_Genomic_Study_Analysis,Procedure.category,True,False,False,False,False,False,False,False,False,False
mtb,MII_PR_MTB_RNA_Fusion,Observation.category:labCategory,False,False,False,False,False,False,False,False,False,False
mtb,MII_PR_MTB_RNA_Fusion,Observation.category:geCategory,False,False,False,False,False,False,False,False,False,False
mtb,MII_PR_MTB_Systemische_Therapie,Procedure.outcome,True,False,False,False,False,True,False,False,False,False
mtb,MII_PR_MTB_Systemische_Therapie,Procedure.usedCode,True,False,False,False,True,True,False,False,False,False
mtb,MII_PR_MTB_Systemische_Therapie,Procedure.code,True,False,True,True,True,True,False,True,False,False
mtb,MII_PR_MTB_Systemische_Therapie,Procedure.extension:StellungZurOp.value[x],False,True,False,False,False,False,False,False,False,False
mtb,MII_PR_MTB_Systemische_Therapie,Procedure.category,True,False,True,True,True,True,False,False,False,False
mtb,MII_PR_MTB_Systemische_Therapie,Procedure.statusReason,True,False,True,False,False,True,False,False,False,False
mtb,MII_PR_MTB_Systemische_Therapie,Procedure.extension:Intention.value[x],False,True,False,False,False,False,False,False,False,False
mtb,MII_PR_MTB_Systemische_Therapie,Procedure.bodySite,True,False,True,True,True,True,False,True,False,False
mtb,MII_PR_MTB_Einfache_Variante,Observation.category:labCategory,False,False,False,False,False,False,False,False,False,False
mtb,MII_PR_MTB_Einfache_Variante,Observation.category:geCategory,False,False,False,False,False,False,False,False,False,False
mtb,MII_PR_MTB_RNA_Seq,Observation.category:labCategory,False,False,False,False,False,False,False,False,False,False
mtb,MII_PR_MTB_RNA_Seq,Observation.category:geCategory,False,False,False,False,False,False,False,False,False,False
mtb,MII_PR_MTB_DNA_Fusion,Observation.category:labCategory,False,False,False,False,False,False,False,False,False,False
mtb,MII_PR_MTB_DNA_Fusion,Observation.category:geCategory,False,False,False,False,False,False,False,False,False,False
mtb,MII_PR_MTB_INSITUHYBRIDIZATION_HER2,Observation.code,True,False,True,True,False,False,False,False,True,False
mtb,MII_PR_MTB_INSITUHYBRIDIZATION_HER2,Observation.category:geCategory,False,False,False,False,False,False,False,False,False,False
mtb,MII_PR_MTB_INSITUHYBRIDIZATION_HER2,Observation.category:mbCategory,False,False,False,False,False,False,False,False,False,False
mtb,MII_PR_MTB_INSITUHYBRIDIZATION_HER2,Observation.category:labCategory,False,False,False,False,False,False,False,False,False,False
mtb,MII_PR_MTB_INSITUHYBRIDIZATION_HER2,Observation.component:biomarker-category.value[x],False,False,False,False,False,False,False,False,False,False
mtb,MII_PR_MTB_Therapeutische_Implikation,Observation.category:labCategory,False,False,False,False,False,False,False,False,False,False
mtb,MII_PR_MTB_Therapeutische_Implikation,Observation.category:geCategory,False,False,False,False,False,False,False,False,False,False
mtb,MII_PR_MTB_BIOMARKER_HER2_STATUS,Observation.code,True,False,False,False,False,False,False,False,True,False
mtb,MII_PR_MTB_BIOMARKER_HER2_STATUS,Observation.value[x]:valueCodeableConcept,False,False,False,False,False,False,False,False,False,False
mtb,MII_PR_MTB_BIOMARKER_HER2_STATUS,Observation.category:geCategory,False,False,False,False,False,False,False,False,False,False
mtb,MII_PR_MTB_BIOMARKER_HER2_STATUS,Observation.category:mbCategory,False,False,False,False,False,False,False,False,False,False
mtb,MII_PR_MTB_BIOMARKER_HER2_STATUS,Observation.category:labCategory,False,False,False,False,False,False,False,False,False,False
mtb,MII_PR_MTB_BIOMARKER_HER2_STATUS,Observation.component:biomarker-category.value[x],False,False,False,False,False,False,False,False,False,False
mtb,MII_PR_MTB_Molecular_Pathology_Report,DiagnosticReport.code,True,False,False,False,False,False,False,False,True,False
mtb,MII_PR_MTB_Tumorausbreitung,Observation.code,True,False,True,False,False,False,False,False,True,False
mtb,MII_PR_MTB_Tumorausbreitung,Observation.value[x],True,False,True,True,False,False,False,False,False,False
mtb,MII_PR_MTB_Tumorausbreitung,Observation.category,True,False,True,True,False,False,False,False,True,False
mtb,MII_PR_MTB_WHO_Grad_Tumor_ZNS,Observation.code,True,False,True,False,False,False,False,False,True,False
mtb,MII_PR_MTB_WHO_Grad_Tumor_ZNS,Observation.value[x],True,False,True,True,False,False,False,False,False,False
mtb,MII_PR_MTB_Diagnostische_Implikation,Observation.category:labCategory,False,False,False,False,False,False,False,False,False,False
mtb,MII_PR_MTB_Diagnostische_Implikation,Observation.category:geCategory,False,False,False,False,False,False,False,False,False,False
mtb,MII_PR_MTB_Immunohistochemistry_MSI,Observation.category:mbCategory,False,False,False,False,False,False,False,False,False,False
mtb,MII_PR_MTB_Immunohistochemistry_MSI,Observation.code,True,False,False,False,False,False,False,False,False,False
mtb,MII_PR_MTB_Immunohistochemistry_MSI,Observation.category:labCategory,False,False,False,False,False,False,False,False,False,False
mtb,MII_PR_MTB_Immunohistochemistry_MSI,Observation.category:geCategory,False,False,False,False,False,False,False,False,False,False
mtb,MII_PR_MTB_Oncotree,Observation.value[x],True,False,True,False,True,True,False,False,False,False
mtb,MII_PR_MTB_Consent_Given,Observation.code,True,False,True,False,False,False,False,False,True,False
mtb,MII_PR_MTB_Consent_Given,Observation.value[x],True,False,True,False,True,True,False,False,False,False
mtb,MII_PR_MTB_Diagnose_Primaertumor,Condition.stage:MolekularesTumorboardZeitpunkt.type,True,False,False,False,False,False,False,False,True,False
mtb,MII_PR_MTB_Diagnose_Primaertumor,Condition.extension:morphology-behavior-icdo3.value[x],False,True,False,False,False,False,False,False,False,False
mtb,MII_PR_MTB_Diagnose_Primaertumor,Condition.abatement[x]:abatementAge.extension:Lebensphase-Ende.value[x],True,False,True,False,True,True,False,False,False,False
mtb,MII_PR_MTB_Diagnose_Primaertumor,Condition.stage:ErstdiagnoseZeitpunkt.type,True,False,False,False,False,False,False,False,True,False
mtb,MII_PR_MTB_Diagnose_Primaertumor,Condition.onset[x]:onsetAge.extension:Lebensphase-Beginn.value[x],True,False,True,False,True,True,False,False,False,False
mtb,MII_PR_MTB_Diagnose_Primaertumor,Condition.stage:OncoTree.type,True,False,False,False,False,False,False,False,True,False
mtb,MII_PR_MTB_Diagnose_Primaertumor,Condition.stage:WHOGradZNS.type,True,False,False,False,False,False,False,False,True,False
mtb,MII_PR_MTB_Diagnose_Primaertumor,Condition.clinicalStatus,True,False,True,False,True,True,False,False,False,False
mtb,MII_PR_MTB_Diagnose_Primaertumor,Condition.bodySite,True,False,True,True,True,True,False,True,False,False
mtb,MII_PR_MTB_Diagnose_Primaertumor,Condition.verificationStatus,True,False,True,True,True,True,False,False,False,False
mtb,MII_PR_MTB_Diagnose_Primaertumor,Condition.code,True,False,True,True,True,True,False,True,False,False
mtb,MII_PR_MTB_Behandlungsepisode,ClinicalImpression.investigation:MolekularPathologieBefund.code,False,False,False,False,False,False,False,False,True,False
mtb,MII_PR_MTB_Behandlungsepisode,ClinicalImpression.investigation:Einwilligung.code,False,False,False,False,False,False,False,False,True,False
mtb,MII_PR_MTB_Behandlungsepisode,ClinicalImpression.investigation:KrankengeschichteFamilie.code,False,False,False,False,False,False,False,False,True,False
mtb,MII_PR_MTB_Behandlungsepisode,ClinicalImpression.investigation:ECOG.code,False,False,False,False,False,False,False,False,True,False
mtb,MII_PR_MTB_Behandlungsepisode,ClinicalImpression.investigation:NgsBericht.code,False,False,False,False,False,False,False,False,True,False
mtb,MII_PR_MTB_HRD_Score,Observation.category:mbCategory,False,False,False,False,False,False,False,False,False,False
mtb,MII_PR_MTB_HRD_Score,Observation.category:labCategory,False,False,False,False,False,False,False,False,False,False
mtb,MII_PR_MTB_HRD_Score,Observation.category:geCategory,False,False,False,False,False,False,False,False,False,False
mtb,MII_PR_MTB_Systemische_Vortherapie,Procedure.outcome,True,False,False,False,False,True,False,False,False,False
mtb,MII_PR_MTB_Systemische_Vortherapie,Procedure.usedCode,True,False,False,False,True,True,False,False,False,False
mtb,MII_PR_MTB_Systemische_Vortherapie,Procedure.code,True,False,True,True,True,True,False,True,False,False
mtb,MII_PR_MTB_Systemische_Vortherapie,Procedure.extension:StellungZurOp.value[x],False,True,False,False,False,False,False,False,False,False
mtb,MII_PR_MTB_Systemische_Vortherapie,Procedure.category,True,False,True,True,True,True,False,False,False,False
mtb,MII_PR_MTB_Systemische_Vortherapie,Procedure.statusReason,True,False,True,True,True,True,False,False,False,False
mtb,MII_PR_MTB_Systemische_Vortherapie,Procedure.extension:Intention.value[x],False,True,False,False,False,False,False,False,False,False
mtb,MII_PR_MTB_Systemische_Vortherapie,Procedure.bodySite,True,False,True,True,True,True,False,True,False,False
mtb,MII_PR_MTB_Tumorzellgehalt,Observation.category,False,False,False,False,False,False,False,False,True,False
mtb,MII_PR_MTB_Systemische_Therapie_Medication_Statement,MedicationStatement.dosage.doseAndRate.type,True,False,False,False,False,False,False,False,False,False
mtb,MII_PR_MTB_Systemische_Therapie_Medication_Statement,MedicationStatement.dosage.site,True,False,True,True,True,True,False,False,False,False
mtb,MII_PR_MTB_Systemische_Therapie_Medication_Statement,MedicationStatement.medication[x]:medicationCodeableConcept,True,True,True,True,True,True,False,False,False,False
mtb,MII_PR_MTB_Systemische_Therapie_Medication_Statement,MedicationStatement.category,True,False,False,False,False,False,False,False,False,False
mtb,MII_PR_MTB_Systemische_Therapie_Medication_Statement,MedicationStatement.dosage.route,True,False,True,True,True,True,False,False,False,False
mtb,MII_PR_MTB_Biomarker_InSituHybridization,Observation.category:mbCategory,False,False,False,False,False,False,False,False,False,False
mtb,MII_PR_MTB_Biomarker_InSituHybridization,Observation.code,True,False,True,True,False,False,False,False,True,False
mtb,MII_PR_MTB_Biomarker_InSituHybridization,Observation.category:labCategory,False,False,False,False,False,False,False,False,False,False
mtb,MII_PR_MTB_Biomarker_InSituHybridization,Observation.category:geCategory,False,False,False,False,False,False,False,False,False,False
mtb,MII_PR_MTB_Immunohistochemistry,Observation.category:mbCategory,False,False,False,False,False,False,False,False,False,False
mtb,MII_PR_MTB_Immunohistochemistry,Observation.code,True,False,True,True,False,False,False,False,True,False
mtb,MII_PR_MTB_Immunohistochemistry,Observation.category:labCategory,False,False,False,False,False,False,False,False,False,False
mtb,MII_PR_MTB_Immunohistochemistry,Observation.category:geCategory,False,False,False,False,False,False,False,False,False,False
mtb,MII_PR_MTB_Studie,ResearchStudy.keyword,True,True,False,False,False,False,False,False,False,False
mtb,MII_PR_MTB_Studie,ResearchStudy.focus,True,True,False,False,False,False,False,False,False,False
mtb,MII_PR_MTB_IMMUNOHISTOCHEMISTRY_HER2,Observation.code,True,False,True,True,False,False,False,False,True,False
mtb,MII_PR_MTB_IMMUNOHISTOCHEMISTRY_HER2,Observation.value[x]:valueCodeableConcept,True,False,False,False,False,False,False,False,False,False
mtb,MII_PR_MTB_IMMUNOHISTOCHEMISTRY_HER2,Observation.category:geCategory,False,False,False,False,False,False,False,False,False,False
mtb,MII_PR_MTB_IMMUNOHISTOCHEMISTRY_HER2,Observation.category:mbCategory,False,False,False,False,False,False,False,False,False,False
mtb,MII_PR_MTB_IMMUNOHISTOCHEMISTRY_HER2,Observation.category:labCategory,False,False,False,False,False,False,False,False,False,False
mtb,MII_PR_MTB_IMMUNOHISTOCHEMISTRY_HER2,Observation.component:biomarker-category.value[x],False,False,False,False,False,False,False,False,False,False
mtb,MII_PR_MTB_Mikrosatelliteninstabilitaet,Observation.category:mbCategory,False,False,False,False,False,False,False,False,False,False
mtb,MII_PR_MTB_Mikrosatelliteninstabilitaet,Observation.category:labCategory,False,False,False,False,False,False,False,False,False,False
mtb,MII_PR_MTB_Mikrosatelliteninstabilitaet,Observation.category:geCategory,False,False,False,False,False,False,False,False,False,False
mtb,MII_PR_MTB_BRCAness,Observation.category:mbCategory,False,False,False,False,False,False,False,False,False,False
mtb,MII_PR_MTB_BRCAness,Observation.category:labCategory,False,False,False,False,False,False,False,False,False,False
mtb,MII_PR_MTB_BRCAness,Observation.category:geCategory,False,False,False,False,False,False,False,False,False,False
mtb,MII_PR_MTB_Therapieempfehlung,MedicationRequest.dosageInstruction.route,True,False,True,True,True,True,False,False,False,False
mtb,MII_PR_MTB_Therapieempfehlung,MedicationRequest.dosageInstruction.site,True,False,True,True,True,True,False,False,False,False
mtb,MII_PR_MTB_Therapieempfehlung,MedicationRequest.medication[x]:medicationCodeableConcept,True,True,True,True,True,True,False,False,False,False
mtb,MII_PR_MTB_Molekularer_Biomarker,Observation.category:mbCategory,False,False,False,False,False,False,False,False,False,False
mtb,MII_PR_MTB_Molekularer_Biomarker,Observation.category:labCategory,False,False,False,False,False,False,False,False,False,False
mtb,MII_PR_MTB_Molekularer_Biomarker,Observation.category:geCategory,False,False,False,False,False,False,False,False,False,False
mtb,MII_PR_MTB_Therapieplan,CarePlan.category,True,False,True,False,True,True,False,False,False,False
mtb,MII_PR_MTB_Therapieplan,CarePlan.activity:obds.detail.code,True,False,False,False,True,True,False,False,False,False
mtb,MII_PR_MTB_Therapieplan,CarePlan.activity:obds.detail.statusReason,True,False,True,False,False,True,False,False,False,False
mtb,MII_PR_MTB_Genomic_Study,Procedure.category,False,False,False,False,False,False,False,False,False,False
mtb,MII_PR_MTB_Antrag_Kostenuebernahme,Claim.related.relationship,True,False,True,False,False,True,False,False,False,False
pros,MII_PR_PRO_PROMIS_29_Social_Function_TScore,Observation.method,True,False,False,False,False,False,False,False,False,False
pros,MII_PR_PRO_PROMIS_29_Physical_Function_TScore,Observation.method,True,False,False,False,False,False,False,False,False,False
pros,MII_PR_PRO_PROMIS_29_Pain_Interference_TScore,Observation.method,True,False,False,False,False,False,False,False,False,False
pros,MII_PR_PRO_PROMIS_29_Pain_Intensity,Observation.method,True,False,False,False,False,False,False,False,False,False
pros,MII_PR_PRO_Observation_PHQ_15,Observation.method,True,False,False,False,False,False,False,False,True,False
pros,MII_PR_PRO_Score_Blueprint,ObservationDefinition.code,True,False,True,False,True,True,False,False,False,False
pros,MII_PR_PRO_Score_Blueprint,ObservationDefinition.qualifiedInterval.range.extension:ScoreHealthCorrelation.value[x],True,True,False,False,True,True,False,False,False,False
pros,MII_PR_PRO_PROMIS_29_Depression_TScore,Observation.method,True,False,False,False,False,False,False,False,False,False
pros,MII_PR_PRO_PROMIS_29_Fatigue_TScore,Observation.method,True,False,False,False,False,False,False,False,False,False
pros,MII_PR_PRO_Observation_WHODAS_12,Observation.method,True,False,False,False,False,False,False,False,False,False
pros,MII_PR_PRO_Observation_WHODAS_12,Observation.code,True,False,True,False,False,False,False,False,False,False
pros,MII_PR_PRO_Observation_PHQ_9,Observation.method,True,False,False,False,False,False,False,False,True,False
pros,MII_PR_PRO_PROMIS_29_Anxiety_TScore,Observation.method,True,False,False,False,False,False,False,False,False,False
pros,MII_PR_PRO_PROMIS_Cognitive_Function_SF4a_Raw_Score,Observation.method,True,False,False,False,False,False,False,False,False,False
pros,MII_PR_PRO_Observation_BDI_II,Observation.method,True,False,False,False,False,False,False,False,True,False
pros,MII_PR_PRO_PROMIS_Cognitive_Function_SF4a_TScore,Observation.method,True,False,False,False,False,False,False,False,False,False
pros,MII_PR_PRO_PROMIS_29_Sleep_Disturbance_TScore,Observation.method,True,False,False,False,False,False,False,False,False,False
kardiologie,MII_PR_Kardio_Score_NYHA,Observation.code,True,False,False,True,True,True,False,True,False,False
kardiologie,MII_PR_Kardio_Atherosklerotisches_Erstereignis,Observation.code,True,False,True,False,True,True,False,True,False,False
kardiologie,MII_PR_Kardio_Atherosklerotisches_Erstereignis,Observation.component.code,True,False,True,False,True,False,False,False,False,False
kardiologie,MII_PR_Kardio_Diagnose,Condition.abatement[x]:abatementAge.extension:Lebensphase-Ende.value[x],True,False,True,False,True,True,False,False,False,False
kardiologie,MII_PR_Kardio_Diagnose,Condition.onset[x]:onsetAge.extension:Lebensphase-Beginn.value[x],True,False,True,False,True,True,False,False,False,False
kardiologie,MII_PR_Kardio_Diagnose,Condition.clinicalStatus,True,False,True,False,True,True,False,False,False,False
kardiologie,MII_PR_Kardio_Diagnose,Condition.bodySite,True,False,True,True,True,True,False,True,False,False
kardiologie,MII_PR_Kardio_Diagnose,Condition.verificationStatus,True,False,True,False,True,True,False,False,False,False
kardiologie,MII_PR_Kardio_Diagnose,Condition.code,True,False,True,True,True,True,False,True,False,False
kardiologie,MII_PR_Kardio_Kardiale_Deviceimplantation,Procedure.category,True,False,True,True,True,True,False,False,False,False
kardiologie,MII_PR_Kardio_Kardiale_Deviceimplantation,Procedure.bodySite,True,False,True,True,True,True,False,True,False,False
kardiologie,MII_PR_Kardio_Kardiale_Deviceimplantation,Procedure.code,True,False,True,True,True,True,False,True,False,False
kardiologie,MII_PR_Kardio_Geraeteprogrammierung,Observation.code,True,False,True,True,True,True,False,True,False,False
kardiologie,MII_PR_Kardio_Geraeteprogrammierung,Observation.value[x],True,False,True,False,True,True,False,True,False,False
kardiologie,MII_PR_Kardio_Linksventrikulaere_Ejektionsfraktion,Observation.code,True,False,True,True,True,True,False,True,False,False
kardiologie,MII_PR_Kardio_Score_Modifizierte_Rankin_Skala,Observation.code,True,False,False,True,True,True,False,True,False,False
kardiologie,MII_PR_Kardio_Klappenvitium,Condition.abatement[x]:abatementAge.extension:Lebensphase-Ende.value[x],True,False,True,False,True,True,False,False,False,False
kardiologie,MII_PR_Kardio_Klappenvitium,Condition.onset[x]:onsetAge.extension:Lebensphase-Beginn.value[x],True,False,True,False,True,True,False,False,False,False
kardiologie,MII_PR_Kardio_Klappenvitium,Condition.clinicalStatus,True,False,True,False,True,True,False,False,False,False
kardiologie,MII_PR_Kardio_Klappenvitium,Condition.bodySite,True,False,True,True,True,True,False,True,False,False
kardiologie,MII_PR_Kardio_Klappenvitium,Condition.verificationStatus,True,False,True,False,True,True,False,False,False,False
kardiologie,MII_PR_Kardio_Klappenvitium,Condition.code,True,False,True,True,True,True,False,True,False,False
kardiologie,MII_PR_Kardio_Anzahl_KH_Aufenthalte_wg_HF,Observation.code,False,False,True,True,True,True,False,True,False,False
kardiologie,MII_PR_Kardio_Observation_Rauchen,Observation.code,True,False,True,True,True,True,False,True,False,False
kardiologie,MII_PR_Kardio_NBG_Schrittmachermodus,DeviceMetric.type,True,False,True,False,True,True,False,True,False,False
kardiologie,MII_PR_Kardio_Diagnose_Prozedur_Nein_Unbekannt,Observation.code,True,False,True,True,True,True,False,True,False,False
kardiologie,MII_PR_Kardio_Device,Device.type,True,False,True,False,True,True,False,True,False,False
lungenfunktion,MII_PR_Lungenfunktion_1_Viskositaet,Observation.code,True,False,False,False,True,True,True,False,False,False
lungenfunktion,MII_PR_Lungenfunktion_1_Viskositaet,Observation.component:z-score.code,False,False,False,True,False,False,False,False,True,True
lungenfunktion,MII_PR_Lungenfunktion_1_Viskositaet,Observation.component:percentPredicted.code,False,False,False,True,False,False,False,False,False,False
lungenfunktion,MII_PR_Lungenfunktion_1_Viskositaet,Observation.component:predicted.code,False,False,False,True,False,False,False,False,False,False
lungenfunktion,MII_PR_Lungenfunktion_1_Viskositaet,Observation.category,True,False,False,False,False,False,False,False,False,False
lungenfunktion,MII_PR_Lungenfunktion_KCOc,Observation.code,True,False,False,False,True,True,True,False,True,True
lungenfunktion,MII_PR_Lungenfunktion_KCOc,Observation.component:z-score.code,False,False,False,True,False,False,False,False,True,True
lungenfunktion,MII_PR_Lungenfunktion_KCOc,Observation.component:percentPredicted.code,False,False,False,True,False,False,False,False,False,True
lungenfunktion,MII_PR_Lungenfunktion_KCOc,Observation.component:predicted.code,False,False,False,True,False,False,False,False,False,True
lungenfunktion,MII_PR_Lungenfunktion_KCOc,Observation.category,True,False,False,False,False,False,False,False,False,False
lungenfunktion,MII_PR_Lungenfunktion_PEF,Observation.code,True,False,False,False,True,True,True,False,False,False
lungenfunktion,MII_PR_Lungenfunktion_PEF,Observation.component:z-score.code,False,False,False,True,False,False,False,False,True,True
lungenfunktion,MII_PR_Lungenfunktion_PEF,Observation.component:percentPredicted.code,False,False,False,True,False,False,False,False,False,False
lungenfunktion,MII_PR_Lungenfunktion_PEF,Observation.component:predicted.code,False,False,False,True,False,False,False,False,False,False
lungenfunktion,MII_PR_Lungenfunktion_PEF,Observation.category,True,False,False,False,False,False,False,False,False,False
lungenfunktion,MII_PR_Lungenfunktion_Diffusion,DiagnosticReport.category,True,False,True,True,False,False,False,False,True,True
lungenfunktion,MII_PR_Lungenfunktion_Diffusion,DiagnosticReport.conclusionCode,True,False,True,True,False,False,False,False,False,False
lungenfunktion,MII_PR_Lungenfunktion_Diffusion,DiagnosticReport.code,True,False,False,True,False,False,False,False,True,True
lungenfunktion,MII_PR_Lungenfunktion_Fluss,Observation.code,True,False,False,False,True,True,True,False,False,False
lungenfunktion,MII_PR_Lungenfunktion_Fluss,Observation.component:z-score.code,False,False,False,True,False,False,False,False,True,True
lungenfunktion,MII_PR_Lungenfunktion_Fluss,Observation.component:percentPredicted.code,False,False,False,True,False,False,False,False,False,False
lungenfunktion,MII_PR_Lungenfunktion_Fluss,Observation.component:predicted.code,False,False,False,True,False,False,False,False,False,False
lungenfunktion,MII_PR_Lungenfunktion_Fluss,Observation.category,True,False,False,False,False,False,False,False,False,False
lungenfunktion,MII_PR_Lungenfunktion_RV_TLC,Observation.code,True,False,False,False,True,True,True,False,True,True
lungenfunktion,MII_PR_Lungenfunktion_RV_TLC,Observation.component:z-score.code,False,False,False,True,False,False,False,False,True,True
lungenfunktion,MII_PR_Lungenfunktion_RV_TLC,Observation.component:percentPredicted.code,False,False,False,True,False,False,False,False,False,True
lungenfunktion,MII_PR_Lungenfunktion_RV_TLC,Observation.component:predicted.code,False,False,False,True,False,False,False,False,False,True
lungenfunktion,MII_PR_Lungenfunktion_RV_TLC,Observation.category,True,False,False,False,False,False,False,False,False,False
lungenfunktion,MII_PR_Lungenfunktion_FEV_FVC,Observation.code,True,False,False,False,True,True,True,False,False,False
lungenfunktion,MII_PR_Lungenfunktion_FEV_FVC,Observation.component:z-score.code,False,False,False,True,False,False,False,False,True,True
lungenfunktion,MII_PR_Lungenfunktion_FEV_FVC,Observation.component:percentPredicted.code,False,False,False,True,False,False,False,False,False,False
lungenfunktion,MII_PR_Lungenfunktion_FEV_FVC,Observation.component:predicted.code,False,False,False,True,False,False,False,False,False,False
lungenfunktion,MII_PR_Lungenfunktion_FEV_FVC,Observation.category,True,False,False,False,False,False,False,False,False,False
lungenfunktion,MII_PR_Lungenfunktion_Bodyplethysmographie_Messung,Procedure.category,True,False,True,True,True,True,False,False,True,True
lungenfunktion,MII_PR_Lungenfunktion_Bodyplethysmographie_Messung,Procedure.bodySite,True,False,True,True,True,True,False,True,False,False
lungenfunktion,MII_PR_Lungenfunktion_Bodyplethysmographie_Messung,Procedure.code,True,False,True,True,True,True,False,True,True,True
lungenfunktion,MII_PR_Lungenfunktion_KCO,Observation.code,True,False,False,False,True,True,True,False,True,True
lungenfunktion,MII_PR_Lungenfunktion_KCO,Observation.component:z-score.code,False,False,False,True,False,False,False,False,True,True
lungenfunktion,MII_PR_Lungenfunktion_KCO,Observation.component:percentPredicted.code,False,False,False,True,False,False,False,False,False,True
lungenfunktion,MII_PR_Lungenfunktion_KCO,Observation.component:predicted.code,False,False,False,True,False,False,False,False,False,True
lungenfunktion,MII_PR_Lungenfunktion_KCO,Observation.category,True,False,False,False,False,False,False,False,False,False
lungenfunktion,MII_PR_Lungenfunktion_sG_Total,Observation.code,True,False,False,False,True,True,True,False,True,True
lungenfunktion,MII_PR_Lungenfunktion_sG_Total,Observation.component:z-score.code,False,False,False,True,False,False,False,False,True,True
lungenfunktion,MII_PR_Lungenfunktion_sG_Total,Observation.component:percentPredicted.code,False,False,False,True,False,False,False,False,False,True
lungenfunktion,MII_PR_Lungenfunktion_sG_Total,Observation.component:predicted.code,False,False,False,True,False,False,False,False,False,True
lungenfunktion,MII_PR_Lungenfunktion_sG_Total,Observation.category,True,False,False,False,False,False,False,False,False,False
lungenfunktion,MII_PR_Lungenfunktion_Widerstand,Observation.code,True,False,False,False,True,True,True,False,False,False
lungenfunktion,MII_PR_Lungenfunktion_Widerstand,Observation.component:z-score.code,False,False,False,True,False,False,False,False,True,True
lungenfunktion,MII_PR_Lungenfunktion_Widerstand,Observation.component:percentPredicted.code,False,False,False,True,False,False,False,False,False,False
lungenfunktion,MII_PR_Lungenfunktion_Widerstand,Observation.component:predicted.code,False,False,False,True,False,False,False,False,False,False
lungenfunktion,MII_PR_Lungenfunktion_Widerstand,Observation.category,True,False,False,False,False,False,False,False,False,False
lungenfunktion,MII_PR_Lungenfunktion_DLCOc,Observation.code,True,False,False,False,True,True,True,False,True,True
lungenfunktion,MII_PR_Lungenfunktion_DLCOc,Observation.component:z-score.code,False,False,False,True,False,False,False,False,True,True
lungenfunktion,MII_PR_Lungenfunktion_DLCOc,Observation.component:percentPredicted.code,False,False,False,True,False,False,False,False,False,True
lungenfunktion,MII_PR_Lungenfunktion_DLCOc,Observation.component:predicted.code,False,False,False,True,False,False,False,False,False,True
lungenfunktion,MII_PR_Lungenfunktion_DLCOc,Observation.category,True,False,False,False,False,False,False,False,False,False
lungenfunktion,MII_PR_Lungenfunktion_Volumen,Observation.code,True,False,False,False,True,True,True,False,False,False
lungenfunktion,MII_PR_Lungenfunktion_Volumen,Observation.component:z-score.code,False,False,False,True,False,False,False,False,True,True
lungenfunktion,MII_PR_Lungenfunktion_Volumen,Observation.component:percentPredicted.code,False,False,False,True,False,False,False,False,False,False
lungenfunktion,MII_PR_Lungenfunktion_Volumen,Observation.component:predicted.code,False,False,False,True,False,False,False,False,False,False
lungenfunktion,MII_PR_Lungenfunktion_Volumen,Observation.category,True,False,False,False,False,False,False,False,False,False
lungenfunktion,MII_PR_Lungenfunktion_VA,Observation.code,True,False,False,False,True,True,True,False,True,True
lungenfunktion,MII_PR_Lungenfunktion_VA,Observation.component:z-score.code,False,False,False,True,False,False,False,False,True,True
lungenfunktion,MII_PR_Lungenfunktion_VA,Observation.component:percentPredicted.code,False,False,False,True,False,False,False,False,False,True
lungenfunktion,MII_PR_Lungenfunktion_VA,Observation.component:predicted.code,False,False,False,True,False,False,False,False,False,True
lungenfunktion,MII_PR_Lungenfunktion_VA,Observation.category,True,False,False,False,False,False,False,False,False,False
lungenfunktion,MII_PR_Lungenfunktion_TLC,Observation.code,True,False,False,False,True,True,True,False,True,True
lungenfunktion,MII_PR_Lungenfunktion_TLC,Observation.component:z-score.code,False,False,False,True,False,False,False,False,True,True
lungenfunktion,MII_PR_Lungenfunktion_TLC,Observation.component:percentPredicted.code,False,False,False,True,False,False,False,False,False,True
lungenfunktion,MII_PR_Lungenfunktion_TLC,Observation.component:predicted.code,False,False,False,True,False,False,False,False,False,True
lungenfunktion,MII_PR_Lungenfunktion_TLC,Observation.category,True,False,False,False,False,False,False,False,False,False
lungenfunktion,MII_PR_Lungenfunktion_Diffusionskapzitaet,Observation.code,True,False,False,False,True,True,True,False,False,False
lungenfunktion,MII_PR_Lungenfunktion_Diffusionskapzitaet,Observation.component:z-score.code,False,False,False,True,False,False,False,False,True,True
lungenfunktion,MII_PR_Lungenfunktion_Diffusionskapzitaet,Observation.component:percentPredicted.code,False,False,False,True,False,False,False,False,False,False
lungenfunktion,MII_PR_Lungenfunktion_Diffusionskapzitaet,Observation.component:predicted.code,False,False,False,True,False,False,False,False,False,False
lungenfunktion,MII_PR_Lungenfunktion_Diffusionskapzitaet,Observation.category,True,False,False,False,False,False,False,False,False,False
lungenfunktion,MII_PR_Lungenfunktion_Methacholine,Medication.ingredient:Loesung.item[x]:itemCodeableConcept,True,True,True,True,True,True,False,False,True,True
lungenfunktion,MII_PR_Lungenfunktion_Methacholine,Medication.ingredient.item[x]:itemCodeableConcept,True,True,True,True,True,True,False,False,False,False
lungenfunktion,MII_PR_Lungenfunktion_Methacholine,Medication.form,True,False,True,True,True,True,False,False,False,False
lungenfunktion,MII_PR_Lungenfunktion_Methacholine,Medication.code,True,True,True,True,True,True,False,True,True,False
lungenfunktion,MII_PR_Lungenfunktion_Methacholine,Medication.ingredient:Wirkstoff.item[x]:itemCodeableConcept,True,True,True,True,True,True,False,False,True,True
lungenfunktion,MII_PR_Lungenfunktion_FVC,Observation.code,True,False,False,False,True,True,True,False,False,False
lungenfunktion,MII_PR_Lungenfunktion_FVC,Observation.component:z-score.code,False,False,False,True,False,False,False,False,True,True
lungenfunktion,MII_PR_Lungenfunktion_FVC,Observation.component:percentPredicted.code,False,False,False,True,False,False,False,False,False,False
lungenfunktion,MII_PR_Lungenfunktion_FVC,Observation.component:predicted.code,False,False,False,True,False,False,False,False,False,False
lungenfunktion,MII_PR_Lungenfunktion_FVC,Observation.category,True,False,False,False,False,False,False,False,False,False
lungenfunktion,MII_PR_Lungenfunktion_IRV_ERV,Observation.code,True,False,False,False,True,True,True,False,False,False
lungenfunktion,MII_PR_Lungenfunktion_IRV_ERV,Observation.component:z-score.code,False,False,False,True,False,False,False,False,True,True
lungenfunktion,MII_PR_Lungenfunktion_IRV_ERV,Observation.component:percentPredicted.code,False,False,False,True,False,False,False,False,False,True
lungenfunktion,MII_PR_Lungenfunktion_IRV_ERV,Observation.component:predicted.code,False,False,False,True,False,False,False,False,False,True
lungenfunktion,MII_PR_Lungenfunktion_IRV_ERV,Observation.category,True,False,False,False,False,False,False,False,False,False
lungenfunktion,MII_PR_Lungenfunktion_Prozent,Observation.code,True,False,False,False,True,True,True,False,False,False
lungenfunktion,MII_PR_Lungenfunktion_Prozent,Observation.component:z-score.code,False,False,False,True,False,False,False,False,True,True
lungenfunktion,MII_PR_Lungenfunktion_Prozent,Observation.component:percentPredicted.code,False,False,False,True,False,False,False,False,False,False
lungenfunktion,MII_PR_Lungenfunktion_Prozent,Observation.component:predicted.code,False,False,False,True,False,False,False,False,False,False
lungenfunktion,MII_PR_Lungenfunktion_Prozent,Observation.category,True,False,False,False,False,False,False,False,False,False
lungenfunktion,MII_PR_Lungenfunktion_FRC,Observation.code,True,False,False,False,True,True,True,False,True,True
lungenfunktion,MII_PR_Lungenfunktion_FRC,Observation.component:z-score.code,False,False,False,True,False,False,False,False,True,True
lungenfunktion,MII_PR_Lungenfunktion_FRC,Observation.component:percentPredicted.code,False,False,False,True,False,False,False,False,False,True
lungenfunktion,MII_PR_Lungenfunktion_FRC,Observation.component:predicted.code,False,False,False,True,False,False,False,False,False,True
lungenfunktion,MII_PR_Lungenfunktion_FRC,Observation.category,True,False,False,False,False,False,False,False,False,False
lungenfunktion,MII_PR_Lungenfunktion_Viskositaet,Observation.code,True,False,False,False,True,True,True,False,False,False
lungenfunktion,MII_PR_Lungenfunktion_Viskositaet,Observation.component:z-score.code,False,False,False,True,False,False,False,False,True,True
lungenfunktion,MII_PR_Lungenfunktion_Viskositaet,Observation.component:percentPredicted.code,False,False,False,True,False,False,False,False,False,False
lungenfunktion,MII_PR_Lungenfunktion_Viskositaet,Observation.component:predicted.code,False,False,False,True,False,False,False,False,False,False
lungenfunktion,MII_PR_Lungenfunktion_Viskositaet,Observation.category,True,False,False,False,False,False,False,False,False,False
lungenfunktion,MII_PR_Lungenfunktion_Transferkoeffizient,Observation.code,True,False,False,False,True,True,True,False,False,False
lungenfunktion,MII_PR_Lungenfunktion_Transferkoeffizient,Observation.component:z-score.code,False,False,False,True,False,False,False,False,True,True
lungenfunktion,MII_PR_Lungenfunktion_Transferkoeffizient,Observation.component:percentPredicted.code,False,False,False,True,False,False,False,False,False,False
lungenfunktion,MII_PR_Lungenfunktion_Transferkoeffizient,Observation.component:predicted.code,False,False,False,True,False,False,False,False,False,False
lungenfunktion,MII_PR_Lungenfunktion_Transferkoeffizient,Observation.category,True,False,False,False,False,False,False,False,False,False
lungenfunktion,MII_PR_Lungenfunktion_R,Observation.code,True,False,False,False,True,True,True,False,True,True
lungenfunktion,MII_PR_Lungenfunktion_R,Observation.component:z-score.code,False,False,False,True,False,False,False,False,True,True
lungenfunktion,MII_PR_Lungenfunktion_R,Observation.component:percentPredicted.code,False,False,False,True,False,False,False,False,False,True
lungenfunktion,MII_PR_Lungenfunktion_R,Observation.component:predicted.code,False,False,False,True,False,False,False,False,False,True
lungenfunktion,MII_PR_Lungenfunktion_R,Observation.category,True,False,False,False,False,False,False,False,False,False
lungenfunktion,MII_PR_Lungenfunktion_VC,Observation.code,True,False,False,False,True,True,True,False,False,False
lungenfunktion,MII_PR_Lungenfunktion_VC,Observation.component:z-score.code,False,False,False,True,False,False,False,False,True,True
lungenfunktion,MII_PR_Lungenfunktion_VC,Observation.component:percentPredicted.code,False,False,False,True,False,False,False,False,False,False
lungenfunktion,MII_PR_Lungenfunktion_VC,Observation.component:predicted.code,False,False,False,True,False,False,False,False,False,True
lungenfunktion,MII_PR_Lungenfunktion_VC,Observation.category,True,False,False,False,False,False,False,False,False,False
lungenfunktion,MII_PR_Lungenfunktion_BF,Observation.component:predicted.code,False,False,False,True,False,False,False,False,False,False
lungenfunktion,MII_PR_Lungenfunktion_BF,Observation.code,True,False,False,False,True,True,True,False,True,True
lungenfunktion,MII_PR_Lungenfunktion_BF,Observation.component:percentPredicted.code,False,False,False,True,False,False,False,False,False,False
lungenfunktion,MII_PR_Lungenfunktion_FEV,Observation.code,True,False,False,False,True,True,True,False,False,False
lungenfunktion,MII_PR_Lungenfunktion_FEV,Observation.component:z-score.code,False,False,False,True,False,False,False,False,True,True
lungenfunktion,MII_PR_Lungenfunktion_FEV,Observation.component:percentPredicted.code,False,False,False,True,False,False,False,False,False,False
lungenfunktion,MII_PR_Lungenfunktion_FEV,Observation.component:predicted.code,False,False,False,True,False,False,False,False,False,False
lungenfunktion,MII_PR_Lungenfunktion_FEV,Observation.category,True,False,False,False,False,False,False,False,False,False
lungenfunktion,MII_PR_Lungenfunktion_R_Effektiv,Observation.code,True,False,False,False,True,True,True,False,True,True
lungenfunktion,MII_PR_Lungenfunktion_R_Effektiv,Observation.component:z-score.code,False,False,False,True,False,False,False,False,True,True
lungenfunktion,MII_PR_Lungenfunktion_R_Effektiv,Observation.component:percentPredicted.code,False,False,False,True,False,False,False,False,False,True
lungenfunktion,MII_PR_Lungenfunktion_R_Effektiv,Observation.component:predicted.code,False,False,False,True,False,False,False,False,False,True
lungenfunktion,MII_PR_Lungenfunktion_R_Effektiv,Observation.category,True,False,False,False,False,False,False,False,False,False
lungenfunktion,MII_PR_Lungenfunktion_Provokationstest_Messung,Procedure.category,True,False,True,True,True,True,False,False,True,True
lungenfunktion,MII_PR_Lungenfunktion_Provokationstest_Messung,Procedure.bodySite,True,False,True,True,True,True,False,True,False,False
lungenfunktion,MII_PR_Lungenfunktion_Provokationstest_Messung,Procedure.code,True,False,True,True,True,True,False,True,True,True
lungenfunktion,MII_PR_Lungenfunktion_Provokationstest,DiagnosticReport.category,True,False,True,True,False,False,False,False,True,True
lungenfunktion,MII_PR_Lungenfunktion_Provokationstest,DiagnosticReport.conclusionCode,True,False,True,True,False,False,False,False,False,False
lungenfunktion,MII_PR_Lungenfunktion_Provokationstest,DiagnosticReport.code,True,False,False,True,False,False,False,False,True,True
lungenfunktion,MII_PR_Lungenfunktion_RV,Observation.code,True,False,False,False,True,True,True,False,True,True
lungenfunktion,MII_PR_Lungenfunktion_RV,Observation.component:z-score.code,False,False,False,True,False,False,False,False,True,True
lungenfunktion,MII_PR_Lungenfunktion_RV,Observation.component:percentPredicted.code,False,False,False,True,False,False,False,False,False,True
lungenfunktion,MII_PR_Lungenfunktion_RV,Observation.component:predicted.code,False,False,False,True,False,False,False,False,False,True
lungenfunktion,MII_PR_Lungenfunktion_RV,Observation.category,True,False,False,False,False,False,False,False,False,False
lungenfunktion,MII_PR_Lungenfunktion_IC,Observation.code,True,False,False,False,True,True,True,False,True,True
lungenfunktion,MII_PR_Lungenfunktion_IC,Observation.component:z-score.code,False,False,False,True,False,False,False,False,True,True
lungenfunktion,MII_PR_Lungenfunktion_IC,Observation.component:percentPredicted.code,False,False,False,True,False,False,False,False,False,True
lungenfunktion,MII_PR_Lungenfunktion_IC,Observation.component:predicted.code,False,False,False,True,False,False,False,False,False,True
lungenfunktion,MII_PR_Lungenfunktion_IC,Observation.category,True,False,False,False,False,False,False,False,False,False
lungenfunktion,MII_PR_Lungenfunktion_CO2_Konzentration,Observation.code,True,False,False,False,True,True,True,False,True,True
lungenfunktion,MII_PR_Lungenfunktion_CO2_Konzentration,Observation.category,True,False,False,False,False,False,False,False,False,False
lungenfunktion,MII_PR_Lungenfunktion_R_Spezifisch,Observation.code,True,False,False,False,True,True,True,False,True,True
lungenfunktion,MII_PR_Lungenfunktion_R_Spezifisch,Observation.component:z-score.code,False,False,False,True,False,False,False,False,True,True
lungenfunktion,MII_PR_Lungenfunktion_R_Spezifisch,Observation.component:percentPredicted.code,False,False,False,True,False,False,False,False,False,True
lungenfunktion,MII_PR_Lungenfunktion_R_Spezifisch,Observation.component:predicted.code,False,False,False,True,False,False,False,False,False,True
lungenfunktion,MII_PR_Lungenfunktion_R_Spezifisch,Observation.category,True,False,False,False,False,False,False,False,False,False
lungenfunktion,MII_PR_Lungenfunktion_Bodyplethysmographie,DiagnosticReport.category,True,False,True,True,False,False,False,False,True,True
lungenfunktion,MII_PR_Lungenfunktion_Bodyplethysmographie,DiagnosticReport.conclusionCode,True,False,True,True,False,False,False,False,False,False
lungenfunktion,MII_PR_Lungenfunktion_Bodyplethysmographie,DiagnosticReport.code,True,False,False,True,False,False,False,False,True,True
lungenfunktion,MII_PR_Lungenfunktion_Diffusion_Messung,Procedure.category,True,False,True,True,True,True,False,False,True,True
lungenfunktion,MII_PR_Lungenfunktion_Diffusion_Messung,Procedure.bodySite,True,False,True,True,True,True,False,True,False,False
lungenfunktion,MII_PR_Lungenfunktion_Diffusion_Messung,Procedure.code,True,False,True,True,True,True,False,True,True,True
lungenfunktion,MII_PR_Lungenfunktion_Spirometrie_Messung,Procedure.category,True,False,True,True,True,True,False,False,True,True
lungenfunktion,MII_PR_Lungenfunktion_Spirometrie_Messung,Procedure.bodySite,True,False,True,True,True,True,False,True,False,False
lungenfunktion,MII_PR_Lungenfunktion_Spirometrie_Messung,Procedure.code,True,False,True,True,True,True,False,True,True,True
lungenfunktion,MII_PR_Lungenfunktion_Hb,Observation.code,True,False,False,False,True,True,True,False,True,True
lungenfunktion,MII_PR_Lungenfunktion_Hb,Observation.category,True,False,False,False,False,False,False,False,False,False
lungenfunktion,MII_PR_Lungenfunktion_Befund,DiagnosticReport.category,True,False,True,True,False,False,False,False,True,True
lungenfunktion,MII_PR_Lungenfunktion_Befund,DiagnosticReport.conclusionCode,True,False,True,True,False,False,False,False,False,False
lungenfunktion,MII_PR_Lungenfunktion_Befund,DiagnosticReport.code,True,False,False,True,False,False,False,False,False,False
lungenfunktion,MII_PR_Lungenfunktion_Lufttemperatur,Observation.code,True,False,False,False,True,True,True,False,True,True
lungenfunktion,MII_PR_Lungenfunktion_Lufttemperatur,Observation.category,True,False,False,False,False,False,False,False,False,False
lungenfunktion,MII_PR_Lungenfunktion_Luftfeuchtigkeit,Observation.code,True,False,False,False,True,True,True,False,True,True
lungenfunktion,MII_PR_Lungenfunktion_Luftfeuchtigkeit,Observation.category,True,False,False,False,False,False,False,False,False,False
lungenfunktion,MII_PR_Lungenfunktion_Gewicht,Observation.code,True,False,False,False,True,True,True,False,False,False
lungenfunktion,MII_PR_Lungenfunktion_Gewicht,Observation.component:z-score.code,False,False,False,True,False,False,False,False,True,True
lungenfunktion,MII_PR_Lungenfunktion_Gewicht,Observation.component:percentPredicted.code,False,False,False,True,False,False,False,False,False,False
lungenfunktion,MII_PR_Lungenfunktion_Gewicht,Observation.component:predicted.code,False,False,False,True,False,False,False,False,False,False
lungenfunktion,MII_PR_Lungenfunktion_Gewicht,Observation.category,True,False,False,False,False,False,False,False,False,False
lungenfunktion,MII_PR_Lungenfunktion_Spirometrie,DiagnosticReport.category,True,False,True,True,False,False,False,False,True,True
lungenfunktion,MII_PR_Lungenfunktion_Spirometrie,DiagnosticReport.conclusionCode,True,False,True,True,False,False,False,False,False,False
lungenfunktion,MII_PR_Lungenfunktion_Spirometrie,DiagnosticReport.code,True,False,False,True,False,False,False,False,True,True
lungenfunktion,MII_PR_Lungenfunktion_MEF,Observation.code,True,False,False,False,True,True,True,False,False,False
lungenfunktion,MII_PR_Lungenfunktion_MEF,Observation.component:z-score.code,False,False,False,True,False,False,False,False,True,True
lungenfunktion,MII_PR_Lungenfunktion_MEF,Observation.component:percentPredicted.code,False,False,False,True,False,False,False,False,False,True
lungenfunktion,MII_PR_Lungenfunktion_MEF,Observation.component:predicted.code,False,False,False,True,False,False,False,False,False,True
lungenfunktion,MII_PR_Lungenfunktion_MEF,Observation.category,True,False,False,False,False,False,False,False,False,False
lungenfunktion,MII_PR_Lungenfunktion_Dosis_Gabe,MedicationAdministration.dosage.site,True,False,True,True,True,True,False,False,False,False
lungenfunktion,MII_PR_Lungenfunktion_Dosis_Gabe,MedicationAdministration.dosage.route,True,False,True,True,True,True,False,False,False,False
lungenfunktion,MII_PR_Lungenfunktion_Dosis_Gabe,MedicationAdministration.medication[x]:medicationCodeableConcept,True,True,True,True,True,True,False,False,False,False
lungenfunktion,MII_PR_Lungenfunktion_Dosis,Observation.code,True,False,False,False,True,True,True,False,True,True
lungenfunktion,MII_PR_Lungenfunktion_Dosis,Observation.category,True,False,False,False,False,False,False,False,False,False
lungenfunktion,MII_PR_Lungenfunktion_DLCO,Observation.code,True,False,False,False,True,True,True,False,True,True
lungenfunktion,MII_PR_Lungenfunktion_DLCO,Observation.component:z-score.code,False,False,False,True,False,False,False,False,True,True
lungenfunktion,MII_PR_Lungenfunktion_DLCO,Observation.component:percentPredicted.code,False,False,False,True,False,False,False,False,False,True
lungenfunktion,MII_PR_Lungenfunktion_DLCO,Observation.component:predicted.code,False,False,False,True,False,False,False,False,False,True
lungenfunktion,MII_PR_Lungenfunktion_DLCO,Observation.category,True,False,False,False,False,False,False,False,False,False
symptom,MII_PR_Symptom_Observation,Observation.bodySite,False,False,False,False,False,False,False,False,False,False
symptom,MII_PR_Symptom_Condition,Condition.bodySite,True,False,False,False,False,False,False,False,False,False
soziodemographie,MII_PR_SDD_Schulabschluss,Observation.code,True,False,True,False,False,False,False,False,False,False
soziodemographie,MII_PR_SDD_Schulabschluss,Observation.value[x],False,True,False,False,False,False,False,False,False,False
soziodemographie,MII_PR_SDD_Berufliche_Stellung,Observation.code,True,False,True,False,False,False,False,False,False,False
soziodemographie,MII_PR_SDD_Berufliche_Stellung,Observation.value[x],True,False,True,True,True,False,False,False,False,False
soziodemographie,MII_PR_SDD_Schwerbehindertenausweis,Observation.code,True,False,True,False,False,False,False,False,False,False
soziodemographie,MII_PR_SDD_Vertrauensperson,Observation.code,True,False,True,False,False,False,False,False,False,False
soziodemographie,MII_PR_SDD_Schuljahre,Observation.code,True,False,True,False,False,False,False,False,False,False
soziodemographie,MII_PR_SDD_Haushaltsgroesse,Observation.code,True,False,True,False,False,False,False,False,False,False
soziodemographie,MII_PR_SDD_Beschaeftigungsstatus,Observation.code,True,False,True,False,False,False,False,False,False,False
soziodemographie,MII_PR_SDD_Beschaeftigungsstatus,Observation.value[x],True,True,True,True,True,False,False,False,False,False
soziodemographie,MII_PR_SDD_Partnerschaft,Observation.code,True,False,True,False,False,False,False,False,False,False
soziodemographie,MII_PR_SDD_Einkommen,Observation.code,True,False,True,False,False,False,False,False,False,False
soziodemographie,MII_PR_SDD_Geburtsland_Vater,Observation.code,True,False,True,False,False,False,False,False,False,False
soziodemographie,MII_PR_SDD_Betreuungssituation,Observation.code,True,False,True,False,False,False,False,False,False,False
soziodemographie,MII_PR_SDD_Betreuungssituation,Observation.value[x]:valueCodeableConcept,True,True,False,False,False,False,False,False,False,False
soziodemographie,MII_PR_SDD_Ausbildung,Observation.code,True,False,True,False,False,False,False,False,False,False
soziodemographie,MII_PR_SDD_Ausbildung,Observation.value[x],False,True,False,False,False,False,False,False,False,False
soziodemographie,MII_PR_SDD_Datenerhebung,Observation.code,True,False,True,True,True,True,False,False,False,False
soziodemographie,MII_PR_SDD_Geburtsland_Mutter,Observation.code,True,False,True,False,False,False,False,False,False,False
consent,MII_PR_Consent_Einwilligung,Consent.category:mii,True,False,True,False,True,True,False,False,False,False
consent,MII_PR_Consent_Einwilligung,Consent.category:templateType,True,False,True,False,True,True,False,False,False,False
consent,MII_PR_Consent_Einwilligung,Consent.category:resultType,True,False,True,False,True,True,False,False,False,False
consent,MII_PR_Consent_Einwilligung,Consent.provision.provision.code,True,False,True,False,True,True,False,False,False,False
consent,MII_PR_Consent_Einwilligung,Consent.scope,False,False,False,False,False,False,False,False,False,False
consent,MII_PR_Consent_Einwilligung,Consent.policyRule,True,False,False,False,False,False,False,False,False,False
consent,MII_PR_Consent_Einwilligung,Consent.category:consentCategory,True,False,True,False,True,True,False,False,False,False
