modul,profil,element,beruehrt_wegen,basis,url
biobank,MII_PR_Biobank_Specimen_Bioprobe,Specimen.processing.extension:temperaturbedingungen,min,MII_PR_Biobank_Specimen_Bioprobe_Core,https://www.medizininformatik-initiative.de/fhir/ext/modul-biobank/StructureDefinition/Specimen
biobank,MII_PR_Biobank_Specimen_Bioprobe,Specimen.processing:lagerprozess.extension:temperaturbedingungen,min,MII_PR_Biobank_Specimen_Bioprobe_Core,https://www.medizininformatik-initiative.de/fhir/ext/modul-biobank/StructureDefinition/Specimen
biobank,MII_PR_Biobank_Specimen_Bioprobe,Specimen.container,min,MII_PR_Biobank_Specimen_Bioprobe_Core,https://www.medizininformatik-initiative.de/fhir/ext/modul-biobank/StructureDefinition/Specimen
icu,MII_PR_ICU_VENT_Inspiratorischer_Gasfluss,Observation.category:kuenstlicheBeatmung,"max,min,patternCodeableConcept",MII_PR_ICU_Parameter_Von_Beatmung,https://www.medizininformatik-initiative.de/fhir/ext/modul-icu/StructureDefinition/mii-pr-icu-vent-inspiratorischer-gasfluss
icu,MII_PR_ICU_VENT_Inspiratorischer_Gasfluss,Observation.code.coding,min,MII_PR_ICU_Parameter_Von_Beatmung,https://www.medizininformatik-initiative.de/fhir/ext/modul-icu/StructureDefinition/mii-pr-icu-vent-inspiratorischer-gasfluss
icu,MII_PR_ICU_VENT_Inspiratorischer_Gasfluss,Observation.code.coding:sct,max,MII_PR_ICU_Parameter_Von_Beatmung,https://www.medizininformatik-initiative.de/fhir/ext/modul-icu/StructureDefinition/mii-pr-icu-vent-inspiratorischer-gasfluss
icu,MII_PR_ICU_VENT_Inspiratorischer_Gasfluss,Observation.code.coding:loinc,"max,min,patternCoding",MII_PR_ICU_Parameter_Von_Beatmung,https://www.medizininformatik-initiative.de/fhir/ext/modul-icu/StructureDefinition/mii-pr-icu-vent-inspiratorischer-gasfluss
icu,MII_PR_ICU_VENT_Inspiratorischer_Gasfluss,Observation.code.coding:IEEE-11073,"max,min,patternCoding",MII_PR_ICU_Parameter_Von_Beatmung,https://www.medizininformatik-initiative.de/fhir/ext/modul-icu/StructureDefinition/mii-pr-icu-vent-inspiratorischer-gasfluss
icu,MII_PR_ICU_VENT_Inspiratorischer_Gasfluss,Observation.value[x],patternQuantity,MII_PR_ICU_Parameter_Von_Beatmung,https://www.medizininformatik-initiative.de/fhir/ext/modul-icu/StructureDefinition/mii-pr-icu-vent-inspiratorischer-gasfluss
icu,MII_PR_ICU_ECT_Venoeser_Druck,Observation.code.coding:sct,"max,min,patternCoding",MII_PR_ICU_Parameter_Von_Extrakorporalen_Verfahren,https://www.medizininformatik-initiative.de/fhir/ext/modul-icu/StructureDefinition/mii-pr-icu-ect-venoeser-druck
icu,MII_PR_ICU_ECT_Venoeser_Druck,Observation.code.coding:loinc,max,MII_PR_ICU_Parameter_Von_Extrakorporalen_Verfahren,https://www.medizininformatik-initiative.de/fhir/ext/modul-icu/StructureDefinition/mii-pr-icu-ect-venoeser-druck
icu,MII_PR_ICU_ECT_Venoeser_Druck,Observation.code.coding:IEEE-11073,max,MII_PR_ICU_Parameter_Von_Extrakorporalen_Verfahren,https://www.medizininformatik-initiative.de/fhir/ext/modul-icu/StructureDefinition/mii-pr-icu-ect-venoeser-druck
icu,MII_PR_ICU_ECT_Venoeser_Druck,Observation.value[x],patternQuantity,MII_PR_ICU_Parameter_Von_Extrakorporalen_Verfahren,https://www.medizininformatik-initiative.de/fhir/ext/modul-icu/StructureDefinition/mii-pr-icu-ect-venoeser-druck
icu,MII_PR_ICU_VENT_Atemzugvolumen_Waehrend_Beatmung,Observation.category:kuenstlicheBeatmung,"max,min,patternCodeableConcept",MII_PR_ICU_Parameter_Von_Beatmung,https://www.medizininformatik-initiative.de/fhir/ext/modul-icu/StructureDefinition/mii-pr-icu-vent-atemzugvolumen-waehrend-beatmung
icu,MII_PR_ICU_VENT_Atemzugvolumen_Waehrend_Beatmung,Observation.code.coding,min,MII_PR_ICU_Parameter_Von_Beatmung,https://www.medizininformatik-initiative.de/fhir/ext/modul-icu/StructureDefinition/mii-pr-icu-vent-atemzugvolumen-waehrend-beatmung
icu,MII_PR_ICU_VENT_Atemzugvolumen_Waehrend_Beatmung,Observation.code.coding:sct,"max,min,patternCoding",MII_PR_ICU_Parameter_Von_Beatmung,https://www.medizininformatik-initiative.de/fhir/ext/modul-icu/StructureDefinition/mii-pr-icu-vent-atemzugvolumen-waehrend-beatmung
icu,MII_PR_ICU_VENT_Atemzugvolumen_Waehrend_Beatmung,Observation.code.coding:loinc,"max,min,patternCoding",MII_PR_ICU_Parameter_Von_Beatmung,https://www.medizininformatik-initiative.de/fhir/ext/modul-icu/StructureDefinition/mii-pr-icu-vent-atemzugvolumen-waehrend-beatmung
icu,MII_PR_ICU_VENT_Atemzugvolumen_Waehrend_Beatmung,Observation.code.coding:IEEE-11073,"max,min,patternCoding",MII_PR_ICU_Parameter_Von_Beatmung,https://www.medizininformatik-initiative.de/fhir/ext/modul-icu/StructureDefinition/mii-pr-icu-vent-atemzugvolumen-waehrend-beatmung
icu,MII_PR_ICU_VENT_Atemzugvolumen_Waehrend_Beatmung,Observation.value[x],patternQuantity,MII_PR_ICU_Parameter_Von_Beatmung,https://www.medizininformatik-initiative.de/fhir/ext/modul-icu/StructureDefinition/mii-pr-icu-vent-atemzugvolumen-waehrend-beatmung
icu,MII_PR_ICU_ECT_Dauer_Extrakorporaler_Gasaustausch,Observation.category,min,MII_PR_ICU_Parameter_Von_Extrakorporalen_Verfahren,https://www.medizininformatik-initiative.de/fhir/ext/modul-icu/StructureDefinition/mii-pr-icu-ect-dauer-extrakorporaler-gasaustausch
icu,MII_PR_ICU_ECT_Dauer_Extrakorporaler_Gasaustausch,Observation.code.coding:sct,"max,min,patternCoding",MII_PR_ICU_Parameter_Von_Extrakorporalen_Verfahren,https://www.medizininformatik-initiative.de/fhir/ext/modul-icu/StructureDefinition/mii-pr-icu-ect-dauer-extrakorporaler-gasaustausch
icu,MII_PR_ICU_ECT_Dauer_Extrakorporaler_Gasaustausch,Observation.code.coding:loinc,max,MII_PR_ICU_Parameter_Von_Extrakorporalen_Verfahren,https://www.medizininformatik-initiative.de/fhir/ext/modul-icu/StructureDefinition/mii-pr-icu-ect-dauer-extrakorporaler-gasaustausch
icu,MII_PR_ICU_ECT_Dauer_Extrakorporaler_Gasaustausch,Observation.code.coding:IEEE-11073,max,MII_PR_ICU_Parameter_Von_Extrakorporalen_Verfahren,https://www.medizininformatik-initiative.de/fhir/ext/modul-icu/StructureDefinition/mii-pr-icu-ect-dauer-extrakorporaler-gasaustausch
icu,MII_PR_ICU_ECT_Dauer_Extrakorporaler_Gasaustausch,Observation.effective[x],min,MII_PR_ICU_Parameter_Von_Extrakorporalen_Verfahren,https://www.medizininformatik-initiative.de/fhir/ext/modul-icu/StructureDefinition/mii-pr-icu-ect-dauer-extrakorporaler-gasaustausch
icu,MII_PR_ICU_ECT_Dauer_Extrakorporaler_Gasaustausch,Observation.value[x],patternQuantity,MII_PR_ICU_Parameter_Von_Extrakorporalen_Verfahren,https://www.medizininformatik-initiative.de/fhir/ext/modul-icu/StructureDefinition/mii-pr-icu-ect-dauer-extrakorporaler-gasaustausch
icu,MII_PR_ICU_VENT_Einstellung_Einatmungszeit_Beatmung,Observation.category:kuenstlicheBeatmung,"max,min,patternCodeableConcept",MII_PR_ICU_Parameter_Von_Beatmung,https://www.medizininformatik-initiative.de/fhir/ext/modul-icu/StructureDefinition/mii-pr-icu-vent-einstellung-einatmungszeit-beatmung
icu,MII_PR_ICU_VENT_Einstellung_Einatmungszeit_Beatmung,Observation.code.coding,min,MII_PR_ICU_Parameter_Von_Beatmung,https://www.medizininformatik-initiative.de/fhir/ext/modul-icu/StructureDefinition/mii-pr-icu-vent-einstellung-einatmungszeit-beatmung
icu,MII_PR_ICU_VENT_Einstellung_Einatmungszeit_Beatmung,Observation.code.coding:sct,"max,min,patternCoding",MII_PR_ICU_Parameter_Von_Beatmung,https://www.medizininformatik-initiative.de/fhir/ext/modul-icu/StructureDefinition/mii-pr-icu-vent-einstellung-einatmungszeit-beatmung
icu,MII_PR_ICU_VENT_Einstellung_Einatmungszeit_Beatmung,Observation.code.coding:loinc,"max,min,patternCoding",MII_PR_ICU_Parameter_Von_Beatmung,https://www.medizininformatik-initiative.de/fhir/ext/modul-icu/StructureDefinition/mii-pr-icu-vent-einstellung-einatmungszeit-beatmung
icu,MII_PR_ICU_VENT_Einstellung_Einatmungszeit_Beatmung,Observation.code.coding:IEEE-11073,"max,min,patternCoding",MII_PR_ICU_Parameter_Von_Beatmung,https://www.medizininformatik-initiative.de/fhir/ext/modul-icu/StructureDefinition/mii-pr-icu-vent-einstellung-einatmungszeit-beatmung
icu,MII_PR_ICU_VENT_Einstellung_Einatmungszeit_Beatmung,Observation.value[x],patternQuantity,MII_PR_ICU_Parameter_Von_Beatmung,https://www.medizininformatik-initiative.de/fhir/ext/modul-icu/StructureDefinition/mii-pr-icu-vent-einstellung-einatmungszeit-beatmung
icu,MII_PR_ICU_Bilanz_Ausfuhr_Gallenfluessigkeit,Observation.category.coding:hl7-category.code,patternCode,MII_PR_ICU_Bilanz,https://www.medizininformatik-initiative.de/fhir/ext/modul-icu/StructureDefinition/mii-pr-icu-bilanz-ausfuhr-gallenfluessigkeit
icu,MII_PR_ICU_Bilanz_Ausfuhr_Gallenfluessigkeit,Observation.code.coding,min,MII_PR_ICU_Bilanz,https://www.medizininformatik-initiative.de/fhir/ext/modul-icu/StructureDefinition/mii-pr-icu-bilanz-ausfuhr-gallenfluessigkeit
icu,MII_PR_ICU_Bilanz_Ausfuhr_Gallenfluessigkeit,Observation.code.coding:sct,"max,min,patternCoding",MII_PR_ICU_Bilanz,https://www.medizininformatik-initiative.de/fhir/ext/modul-icu/StructureDefinition/mii-pr-icu-bilanz-ausfuhr-gallenfluessigkeit
icu,MII_PR_ICU_Bilanz_Ausfuhr_Gallenfluessigkeit,Observation.code.coding:loinc,"max,min,patternCoding",MII_PR_ICU_Bilanz,https://www.medizininformatik-initiative.de/fhir/ext/modul-icu/StructureDefinition/mii-pr-icu-bilanz-ausfuhr-gallenfluessigkeit
icu,MII_PR_ICU_Bilanz_Ausfuhr_Gallenfluessigkeit,Observation.code.coding:IEEE-11073,max,MII_PR_ICU_Bilanz,https://www.medizininformatik-initiative.de/fhir/ext/modul-icu/StructureDefinition/mii-pr-icu-bilanz-ausfuhr-gallenfluessigkeit
icu,MII_PR_ICU_VENT_Druckdifferenz_Beatmung,Observation.category:kuenstlicheBeatmung,"max,min,patternCodeableConcept",MII_PR_ICU_Parameter_Von_Beatmung,https://www.medizininformatik-initiative.de/fhir/ext/modul-icu/StructureDefinition/mii-pr-icu-vent-druckdifferenz-beatmung
icu,MII_PR_ICU_VENT_Druckdifferenz_Beatmung,Observation.code.coding,min,MII_PR_ICU_Parameter_Von_Beatmung,https://www.medizininformatik-initiative.de/fhir/ext/modul-icu/StructureDefinition/mii-pr-icu-vent-druckdifferenz-beatmung
icu,MII_PR_ICU_VENT_Druckdifferenz_Beatmung,Observation.code.coding:sct,max,MII_PR_ICU_Parameter_Von_Beatmung,https://www.medizininformatik-initiative.de/fhir/ext/modul-icu/StructureDefinition/mii-pr-icu-vent-druckdifferenz-beatmung
icu,MII_PR_ICU_VENT_Druckdifferenz_Beatmung,Observation.code.coding:loinc,"max,min,patternCoding",MII_PR_ICU_Parameter_Von_Beatmung,https://www.medizininformatik-initiative.de/fhir/ext/modul-icu/StructureDefinition/mii-pr-icu-vent-druckdifferenz-beatmung
icu,MII_PR_ICU_VENT_Druckdifferenz_Beatmung,Observation.code.coding:IEEE-11073,"max,min,patternCoding",MII_PR_ICU_Parameter_Von_Beatmung,https://www.medizininformatik-initiative.de/fhir/ext/modul-icu/StructureDefinition/mii-pr-icu-vent-druckdifferenz-beatmung
icu,MII_PR_ICU_VENT_Druckdifferenz_Beatmung,Observation.value[x],patternQuantity,MII_PR_ICU_Parameter_Von_Beatmung,https://www.medizininformatik-initiative.de/fhir/ext/modul-icu/StructureDefinition/mii-pr-icu-vent-druckdifferenz-beatmung
icu,MII_PR_ICU_Bilanz_Einfuhr_Saeuglingsnahrung,Observation.category.coding:hl7-category.code,patternCode,MII_PR_ICU_Bilanz,https://www.medizininformatik-initiative.de/fhir/ext/modul-icu/StructureDefinition/mii-pr-icu-bilanz-einfuhr-saeuglingsnahrung
icu,MII_PR_ICU_Bilanz_Einfuhr_Saeuglingsnahrung,Observation.code.coding,min,MII_PR_ICU_Bilanz,https://www.medizininformatik-initiative.de/fhir/ext/modul-icu/StructureDefinition/mii-pr-icu-bilanz-einfuhr-saeuglingsnahrung
icu,MII_PR_ICU_Bilanz_Einfuhr_Saeuglingsnahrung,Observation.code.coding:sct,"max,min,patternCoding",MII_PR_ICU_Bilanz,https://www.medizininformatik-initiative.de/fhir/ext/modul-icu/StructureDefinition/mii-pr-icu-bilanz-einfuhr-saeuglingsnahrung
icu,MII_PR_ICU_Bilanz_Einfuhr_Saeuglingsnahrung,Observation.code.coding:loinc,max,MII_PR_ICU_Bilanz,https://www.medizininformatik-initiative.de/fhir/ext/modul-icu/StructureDefinition/mii-pr-icu-bilanz-einfuhr-saeuglingsnahrung
icu,MII_PR_ICU_Bilanz_Einfuhr_Saeuglingsnahrung,Observation.code.coding:IEEE-11073,max,MII_PR_ICU_Bilanz,https://www.medizininformatik-initiative.de/fhir/ext/modul-icu/StructureDefinition/mii-pr-icu-bilanz-einfuhr-saeuglingsnahrung
icu,MII_PR_ICU_Score_SOFA,Observation.code.coding,min,MII_PR_ICU_Score,https://www.medizininformatik-initiative.de/fhir/ext/modul-icu/StructureDefinition/mii-pr-icu-score-sofa
icu,MII_PR_ICU_Score_SOFA,Observation.code.coding:loinc,"min,patternCoding",MII_PR_ICU_Score,https://www.medizininformatik-initiative.de/fhir/ext/modul-icu/StructureDefinition/mii-pr-icu-score-sofa
icu,MII_PR_ICU_Score_SOFA,Observation.code.coding:sct,patternCoding,MII_PR_ICU_Score,https://www.medizininformatik-initiative.de/fhir/ext/modul-icu/StructureDefinition/mii-pr-icu-score-sofa
icu,MII_PR_ICU_Score_SOFA,Observation.value[x],"min,slicing",MII_PR_ICU_Score,https://www.medizininformatik-initiative.de/fhir/ext/modul-icu/StructureDefinition/mii-pr-icu-score-sofa
icu,MII_PR_ICU_Score_SOFA,Observation.value[x]:valueInteger,"constraint,max,min,type",MII_PR_ICU_Score,https://www.medizininformatik-initiative.de/fhir/ext/modul-icu/StructureDefinition/mii-pr-icu-score-sofa
icu,MII_PR_ICU_Score_SOFA,Observation.interpretation,"definition,short",MII_PR_ICU_Score,https://www.medizininformatik-initiative.de/fhir/ext/modul-icu/StructureDefinition/mii-pr-icu-score-sofa
icu,MII_PR_ICU_Score_SOFA,Observation.component,"max,min,slicing",MII_PR_ICU_Score,https://www.medizininformatik-initiative.de/fhir/ext/modul-icu/StructureDefinition/mii-pr-icu-score-sofa
icu,MII_PR_ICU_Score_SOFA,Observation.component:respiratory.value[x],"min,slicing",MII_PR_ICU_Score,https://www.medizininformatik-initiative.de/fhir/ext/modul-icu/StructureDefinition/mii-pr-icu-score-sofa
icu,MII_PR_ICU_Score_SOFA,Observation.component:respiratory.value[x]:valueInteger,"constraint,max,min,type",MII_PR_ICU_Score,https://www.medizininformatik-initiative.de/fhir/ext/modul-icu/StructureDefinition/mii-pr-icu-score-sofa
icu,MII_PR_ICU_Score_SOFA,Observation.component:cardiovascular.value[x],"min,slicing",MII_PR_ICU_Score,https://www.medizininformatik-initiative.de/fhir/ext/modul-icu/StructureDefinition/mii-pr-icu-score-sofa
icu,MII_PR_ICU_Score_SOFA,Observation.component:cardiovascular.value[x]:valueInteger,"constraint,max,min,type",MII_PR_ICU_Score,https://www.medizininformatik-initiative.de/fhir/ext/modul-icu/StructureDefinition/mii-pr-icu-score-sofa
icu,MII_PR_ICU_Score_SOFA,Observation.component:hepatic.value[x],"min,slicing",MII_PR_ICU_Score,https://www.medizininformatik-initiative.de/fhir/ext/modul-icu/StructureDefinition/mii-pr-icu-score-sofa
icu,MII_PR_ICU_Score_SOFA,Observation.component:hepatic.value[x]:valueInteger,"constraint,max,min,type",MII_PR_ICU_Score,https://www.medizininformatik-initiative.de/fhir/ext/modul-icu/StructureDefinition/mii-pr-icu-score-sofa
icu,MII_PR_ICU_Score_SOFA,Observation.component:coagulation.value[x],"min,slicing",MII_PR_ICU_Score,https://www.medizininformatik-initiative.de/fhir/ext/modul-icu/StructureDefinition/mii-pr-icu-score-sofa
icu,MII_PR_ICU_Score_SOFA,Observation.component:coagulation.value[x]:valueInteger,"constraint,max,min,type",MII_PR_ICU_Score,https://www.medizininformatik-initiative.de/fhir/ext/modul-icu/StructureDefinition/mii-pr-icu-score-sofa
icu,MII_PR_ICU_Score_SOFA,Observation.component:renal.value[x],"min,slicing",MII_PR_ICU_Score,https://www.medizininformatik-initiative.de/fhir/ext/modul-icu/StructureDefinition/mii-pr-icu-score-sofa
icu,MII_PR_ICU_Score_SOFA,Observation.component:renal.value[x]:valueInteger,"constraint,max,min,type",MII_PR_ICU_Score,https://www.medizininformatik-initiative.de/fhir/ext/modul-icu/StructureDefinition/mii-pr-icu-score-sofa
icu,MII_PR_ICU_Score_SOFA,Observation.component:neurological.value[x],"min,slicing",MII_PR_ICU_Score,https://www.medizininformatik-initiative.de/fhir/ext/modul-icu/StructureDefinition/mii-pr-icu-score-sofa
icu,MII_PR_ICU_Score_SOFA,Observation.component:neurological.value[x]:valueInteger,"constraint,max,min,type",MII_PR_ICU_Score,https://www.medizininformatik-initiative.de/fhir/ext/modul-icu/StructureDefinition/mii-pr-icu-score-sofa
icu,MII_PR_ICU_Bilanz_Ausfuhr_Haemofiltration_Einzelmesswerte,Observation.category.coding:hl7-category.code,patternCode,MII_PR_ICU_Bilanz,https://www.medizininformatik-initiative.de/fhir/ext/modul-icu/StructureDefinition/mii-pr-icu-bilanz-ausfuhr-haemofiltration-einzelmesswerte
icu,MII_PR_ICU_Bilanz_Ausfuhr_Haemofiltration_Einzelmesswerte,Observation.code.coding,min,MII_PR_ICU_Bilanz,https://www.medizininformatik-initiative.de/fhir/ext/modul-icu/StructureDefinition/mii-pr-icu-bilanz-ausfuhr-haemofiltration-einzelmesswerte
icu,MII_PR_ICU_Bilanz_Ausfuhr_Haemofiltration_Einzelmesswerte,Observation.code.coding:sct,"max,min,patternCoding",MII_PR_ICU_Bilanz,https://www.medizininformatik-initiative.de/fhir/ext/modul-icu/StructureDefinition/mii-pr-icu-bilanz-ausfuhr-haemofiltration-einzelmesswerte
icu,MII_PR_ICU_Bilanz_Ausfuhr_Haemofiltration_Einzelmesswerte,Observation.code.coding:loinc,"max,min,patternCoding",MII_PR_ICU_Bilanz,https://www.medizininformatik-initiative.de/fhir/ext/modul-icu/StructureDefinition/mii-pr-icu-bilanz-ausfuhr-haemofiltration-einzelmesswerte
icu,MII_PR_ICU_Bilanz_Ausfuhr_Haemofiltration_Einzelmesswerte,Observation.code.coding:IEEE-11073,max,MII_PR_ICU_Bilanz,https://www.medizininformatik-initiative.de/fhir/ext/modul-icu/StructureDefinition/mii-pr-icu-bilanz-ausfuhr-haemofiltration-einzelmesswerte
icu,MII_PR_ICU_ECT_Blutflussindex_Extrakorporaler_Gasaustausch,Observation.category,min,MII_PR_ICU_Parameter_Von_Extrakorporalen_Verfahren,https://www.medizininformatik-initiative.de/fhir/ext/modul-icu/StructureDefinition/mii-pr-icu-ect-blutflussindex-extrakorporaler-gasaustausch
icu,MII_PR_ICU_ECT_Blutflussindex_Extrakorporaler_Gasaustausch,Observation.code.coding:sct,"max,min,patternCoding",MII_PR_ICU_Parameter_Von_Extrakorporalen_Verfahren,https://www.medizininformatik-initiative.de/fhir/ext/modul-icu/StructureDefinition/mii-pr-icu-ect-blutflussindex-extrakorporaler-gasaustausch
icu,MII_PR_ICU_ECT_Blutflussindex_Extrakorporaler_Gasaustausch,Observation.code.coding:loinc,max,MII_PR_ICU_Parameter_Von_Extrakorporalen_Verfahren,https://www.medizininformatik-initiative.de/fhir/ext/modul-icu/StructureDefinition/mii-pr-icu-ect-blutflussindex-extrakorporaler-gasaustausch
icu,MII_PR_ICU_ECT_Blutflussindex_Extrakorporaler_Gasaustausch,Observation.code.coding:IEEE-11073,max,MII_PR_ICU_Parameter_Von_Extrakorporalen_Verfahren,https://www.medizininformatik-initiative.de/fhir/ext/modul-icu/StructureDefinition/mii-pr-icu-ect-blutflussindex-extrakorporaler-gasaustausch
icu,MII_PR_ICU_ECT_Blutflussindex_Extrakorporaler_Gasaustausch,Observation.effective[x],min,MII_PR_ICU_Parameter_Von_Extrakorporalen_Verfahren,https://www.medizininformatik-initiative.de/fhir/ext/modul-icu/StructureDefinition/mii-pr-icu-ect-blutflussindex-extrakorporaler-gasaustausch
icu,MII_PR_ICU_ECT_Blutflussindex_Extrakorporaler_Gasaustausch,Observation.value[x],patternQuantity,MII_PR_ICU_Parameter_Von_Extrakorporalen_Verfahren,https://www.medizininformatik-initiative.de/fhir/ext/modul-icu/StructureDefinition/mii-pr-icu-ect-blutflussindex-extrakorporaler-gasaustausch
icu,MII_PR_ICU_VENT_Beatmungszeit_Hohem_Druck,Observation.category:kuenstlicheBeatmung,"max,min,patternCodeableConcept",MII_PR_ICU_Parameter_Von_Beatmung,https://www.medizininformatik-initiative.de/fhir/ext/modul-icu/StructureDefinition/mii-pr-icu-vent-beatmungszeit-hohem-druck
icu,MII_PR_ICU_VENT_Beatmungszeit_Hohem_Druck,Observation.code.coding,min,MII_PR_ICU_Parameter_Von_Beatmung,https://www.medizininformatik-initiative.de/fhir/ext/modul-icu/StructureDefinition/mii-pr-icu-vent-beatmungszeit-hohem-druck
icu,MII_PR_ICU_VENT_Beatmungszeit_Hohem_Druck,Observation.code.coding:sct,max,MII_PR_ICU_Parameter_Von_Beatmung,https://www.medizininformatik-initiative.de/fhir/ext/modul-icu/StructureDefinition/mii-pr-icu-vent-beatmungszeit-hohem-druck
icu,MII_PR_ICU_VENT_Beatmungszeit_Hohem_Druck,Observation.code.coding:loinc,"max,min,patternCoding",MII_PR_ICU_Parameter_Von_Beatmung,https://www.medizininformatik-initiative.de/fhir/ext/modul-icu/StructureDefinition/mii-pr-icu-vent-beatmungszeit-hohem-druck
icu,MII_PR_ICU_VENT_Beatmungszeit_Hohem_Druck,Observation.code.coding:IEEE-11073,"max,min,patternCoding",MII_PR_ICU_Parameter_Von_Beatmung,https://www.medizininformatik-initiative.de/fhir/ext/modul-icu/StructureDefinition/mii-pr-icu-vent-beatmungszeit-hohem-druck
icu,MII_PR_ICU_VENT_Beatmungszeit_Hohem_Druck,Observation.value[x],patternQuantity,MII_PR_ICU_Parameter_Von_Beatmung,https://www.medizininformatik-initiative.de/fhir/ext/modul-icu/StructureDefinition/mii-pr-icu-vent-beatmungszeit-hohem-druck
icu,MII_PR_ICU_Beatmung,Procedure.category,min,MII_PR_Prozedur_Procedure,https://www.medizininformatik-initiative.de/fhir/ext/modul-icu/StructureDefinition/mii-pr-icu-beatmung
icu,MII_PR_ICU_Beatmung,Procedure.category.coding:sct,binding,MII_PR_Prozedur_Procedure,https://www.medizininformatik-initiative.de/fhir/ext/modul-icu/StructureDefinition/mii-pr-icu-beatmung
icu,MII_PR_ICU_Beatmung,Procedure.code.coding:sct,binding,MII_PR_Prozedur_Procedure,https://www.medizininformatik-initiative.de/fhir/ext/modul-icu/StructureDefinition/mii-pr-icu-beatmung
icu,MII_PR_ICU_Beatmung,Procedure.subject,type,MII_PR_Prozedur_Procedure,https://www.medizininformatik-initiative.de/fhir/ext/modul-icu/StructureDefinition/mii-pr-icu-beatmung
icu,MII_PR_ICU_Beatmung,Procedure.encounter,type,MII_PR_Prozedur_Procedure,https://www.medizininformatik-initiative.de/fhir/ext/modul-icu/StructureDefinition/mii-pr-icu-beatmung
icu,MII_PR_ICU_Beatmung,Procedure.performed[x],type,MII_PR_Prozedur_Procedure,https://www.medizininformatik-initiative.de/fhir/ext/modul-icu/StructureDefinition/mii-pr-icu-beatmung
icu,MII_PR_ICU_VENT_Spontanes_Plus_Mechanisches_Atemzugvolumen,Observation.category:kuenstlicheBeatmung,"max,min,patternCodeableConcept",MII_PR_ICU_Parameter_Von_Beatmung,https://www.medizininformatik-initiative.de/fhir/ext/modul-icu/StructureDefinition/mii-pr-icu-vent-spontanes-mechanisches-atemzugvolumen-waehrend-beatmung
icu,MII_PR_ICU_VENT_Spontanes_Plus_Mechanisches_Atemzugvolumen,Observation.code.coding:sct,max,MII_PR_ICU_Parameter_Von_Beatmung,https://www.medizininformatik-initiative.de/fhir/ext/modul-icu/StructureDefinition/mii-pr-icu-vent-spontanes-mechanisches-atemzugvolumen-waehrend-beatmung
icu,MII_PR_ICU_VENT_Spontanes_Plus_Mechanisches_Atemzugvolumen,Observation.code.coding:loinc,"max,min,patternCoding",MII_PR_ICU_Parameter_Von_Beatmung,https://www.medizininformatik-initiative.de/fhir/ext/modul-icu/StructureDefinition/mii-pr-icu-vent-spontanes-mechanisches-atemzugvolumen-waehrend-beatmung
icu,MII_PR_ICU_VENT_Spontanes_Plus_Mechanisches_Atemzugvolumen,Observation.code.coding:IEEE-11073,max,MII_PR_ICU_Parameter_Von_Beatmung,https://www.medizininformatik-initiative.de/fhir/ext/modul-icu/StructureDefinition/mii-pr-icu-vent-spontanes-mechanisches-atemzugvolumen-waehrend-beatmung
icu,MII_PR_ICU_VENT_Spontanes_Plus_Mechanisches_Atemzugvolumen,Observation.value[x],patternQuantity,MII_PR_ICU_Parameter_Von_Beatmung,https://www.medizininformatik-initiative.de/fhir/ext/modul-icu/StructureDefinition/mii-pr-icu-vent-spontanes-mechanisches-atemzugvolumen-waehrend-beatmung
icu,MII_PR_ICU_Bilanz_Ausfuhr_Magensonde,Observation.category.coding:hl7-category.code,patternCode,MII_PR_ICU_Bilanz,https://www.medizininformatik-initiative.de/fhir/ext/modul-icu/StructureDefinition/mii-pr-icu-bilanz-ausfuhr-magensonde
icu,MII_PR_ICU_Bilanz_Ausfuhr_Magensonde,Observation.code.coding,min,MII_PR_ICU_Bilanz,https://www.medizininformatik-initiative.de/fhir/ext/modul-icu/StructureDefinition/mii-pr-icu-bilanz-ausfuhr-magensonde
icu,MII_PR_ICU_Bilanz_Ausfuhr_Magensonde,Observation.code.coding:sct,"max,min,patternCoding",MII_PR_ICU_Bilanz,https://www.medizininformatik-initiative.de/fhir/ext/modul-icu/StructureDefinition/mii-pr-icu-bilanz-ausfuhr-magensonde
icu,MII_PR_ICU_Bilanz_Ausfuhr_Magensonde,Observation.code.coding:loinc,"max,min,patternCoding",MII_PR_ICU_Bilanz,https://www.medizininformatik-initiative.de/fhir/ext/modul-icu/StructureDefinition/mii-pr-icu-bilanz-ausfuhr-magensonde
icu,MII_PR_ICU_Bilanz_Ausfuhr_Magensonde,Observation.code.coding:IEEE-11073,max,MII_PR_ICU_Bilanz,https://www.medizininformatik-initiative.de/fhir/ext/modul-icu/StructureDefinition/mii-pr-icu-bilanz-ausfuhr-magensonde
icu,MII_PR_ICU_Bilanz_Ausfuhr_Wunddrainage,Observation.category.coding:hl7-category.code,patternCode,MII_PR_ICU_Bilanz,https://www.medizininformatik-initiative.de/fhir/ext/modul-icu/StructureDefinition/mii-pr-icu-bilanz-ausfuhr-wunddrainage
icu,MII_PR_ICU_Bilanz_Ausfuhr_Wunddrainage,Observation.code.coding,min,MII_PR_ICU_Bilanz,https://www.medizininformatik-initiative.de/fhir/ext/modul-icu/StructureDefinition/mii-pr-icu-bilanz-ausfuhr-wunddrainage
icu,MII_PR_ICU_Bilanz_Ausfuhr_Wunddrainage,Observation.code.coding:sct,"max,min,patternCoding",MII_PR_ICU_Bilanz,https://www.medizininformatik-initiative.de/fhir/ext/modul-icu/StructureDefinition/mii-pr-icu-bilanz-ausfuhr-wunddrainage
icu,MII_PR_ICU_Bilanz_Ausfuhr_Wunddrainage,Observation.code.coding:loinc,"max,min,patternCoding",MII_PR_ICU_Bilanz,https://www.medizininformatik-initiative.de/fhir/ext/modul-icu/StructureDefinition/mii-pr-icu-bilanz-ausfuhr-wunddrainage
icu,MII_PR_ICU_Bilanz_Ausfuhr_Wunddrainage,Observation.code.coding:IEEE-11073,max,MII_PR_ICU_Bilanz,https://www.medizininformatik-initiative.de/fhir/ext/modul-icu/StructureDefinition/mii-pr-icu-bilanz-ausfuhr-wunddrainage
icu,MII_PR_ICU_VENT_Dynamische_Kompliance,Observation.category:kuenstlicheBeatmung,"max,min,patternCodeableConcept",MII_PR_ICU_Parameter_Von_Beatmung,https://www.medizininformatik-initiative.de/fhir/ext/modul-icu/StructureDefinition/mii-pr-icu-vent-dynamische-kompliance
icu,MII_PR_ICU_VENT_Dynamische_Kompliance,Observation.code.coding,min,MII_PR_ICU_Parameter_Von_Beatmung,https://www.medizininformatik-initiative.de/fhir/ext/modul-icu/StructureDefinition/mii-pr-icu-vent-dynamische-kompliance
icu,MII_PR_ICU_VENT_Dynamische_Kompliance,Observation.code.coding:sct,"max,min,patternCoding",MII_PR_ICU_Parameter_Von_Beatmung,https://www.medizininformatik-initiative.de/fhir/ext/modul-icu/StructureDefinition/mii-pr-icu-vent-dynamische-kompliance
icu,MII_PR_ICU_VENT_Dynamische_Kompliance,Observation.code.coding:loinc,"max,min,patternCoding",MII_PR_ICU_Parameter_Von_Beatmung,https://www.medizininformatik-initiative.de/fhir/ext/modul-icu/StructureDefinition/mii-pr-icu-vent-dynamische-kompliance
icu,MII_PR_ICU_VENT_Dynamische_Kompliance,Observation.code.coding:IEEE-11073,"max,min,patternCoding",MII_PR_ICU_Parameter_Von_Beatmung,https://www.medizininformatik-initiative.de/fhir/ext/modul-icu/StructureDefinition/mii-pr-icu-vent-dynamische-kompliance
icu,MII_PR_ICU_VENT_Dynamische_Kompliance,Observation.value[x],patternQuantity,MII_PR_ICU_Parameter_Von_Beatmung,https://www.medizininformatik-initiative.de/fhir/ext/modul-icu/StructureDefinition/mii-pr-icu-vent-dynamische-kompliance
icu,MII_PR_ICU_Score_GCS,Observation.code.coding,"max,min",MII_PR_ICU_Score,https://www.medizininformatik-initiative.de/fhir/ext/modul-icu/StructureDefinition/mii-pr-icu-score-gcs
icu,MII_PR_ICU_Score_GCS,Observation.code.coding:loinc,min,MII_PR_ICU_Score,https://www.medizininformatik-initiative.de/fhir/ext/modul-icu/StructureDefinition/mii-pr-icu-score-gcs
icu,MII_PR_ICU_Score_GCS,Observation.code.coding:loinc.code,patternCode,MII_PR_ICU_Score,https://www.medizininformatik-initiative.de/fhir/ext/modul-icu/StructureDefinition/mii-pr-icu-score-gcs
icu,MII_PR_ICU_Score_GCS,Observation.code.coding:sct,min,MII_PR_ICU_Score,https://www.medizininformatik-initiative.de/fhir/ext/modul-icu/StructureDefinition/mii-pr-icu-score-gcs
icu,MII_PR_ICU_Score_GCS,Observation.code.coding:sct.code,patternCode,MII_PR_ICU_Score,https://www.medizininformatik-initiative.de/fhir/ext/modul-icu/StructureDefinition/mii-pr-icu-score-gcs
icu,MII_PR_ICU_Score_GCS,Observation.code.coding:ieee11073,min,MII_PR_ICU_Score,https://www.medizininformatik-initiative.de/fhir/ext/modul-icu/StructureDefinition/mii-pr-icu-score-gcs
icu,MII_PR_ICU_Score_GCS,Observation.code.coding:ieee11073.code,patternCode,MII_PR_ICU_Score,https://www.medizininformatik-initiative.de/fhir/ext/modul-icu/StructureDefinition/mii-pr-icu-score-gcs
icu,MII_PR_ICU_Score_GCS,Observation.value[x],"min,short,type",MII_PR_ICU_Score,https://www.medizininformatik-initiative.de/fhir/ext/modul-icu/StructureDefinition/mii-pr-icu-score-gcs
icu,MII_PR_ICU_Score_GCS,Observation.component,"max,slicing",MII_PR_ICU_Score,https://www.medizininformatik-initiative.de/fhir/ext/modul-icu/StructureDefinition/mii-pr-icu-score-gcs
icu,MII_PR_ICU_Score_GCS,Observation.component:GCSeyes.value[x],"binding,type",MII_PR_ICU_Score,https://www.medizininformatik-initiative.de/fhir/ext/modul-icu/StructureDefinition/mii-pr-icu-score-gcs
icu,MII_PR_ICU_Score_GCS,Observation.component:GCSmotor.value[x],"binding,type",MII_PR_ICU_Score,https://www.medizininformatik-initiative.de/fhir/ext/modul-icu/StructureDefinition/mii-pr-icu-score-gcs
icu,MII_PR_ICU_Score_GCS,Observation.component:GCSverbal.value[x],"binding,type",MII_PR_ICU_Score,https://www.medizininformatik-initiative.de/fhir/ext/modul-icu/StructureDefinition/mii-pr-icu-score-gcs
icu,MII_PR_ICU_ECT_Haemodialyse_Blutfluss,Observation.category,min,MII_PR_ICU_Parameter_Von_Extrakorporalen_Verfahren,https://www.medizininformatik-initiative.de/fhir/ext/modul-icu/StructureDefinition/mii-pr-icu-ect-haemodialyse-blutfluss
icu,MII_PR_ICU_ECT_Haemodialyse_Blutfluss,Observation.code.coding:sct,"max,min,patternCoding",MII_PR_ICU_Parameter_Von_Extrakorporalen_Verfahren,https://www.medizininformatik-initiative.de/fhir/ext/modul-icu/StructureDefinition/mii-pr-icu-ect-haemodialyse-blutfluss
icu,MII_PR_ICU_ECT_Haemodialyse_Blutfluss,Observation.code.coding:loinc,max,MII_PR_ICU_Parameter_Von_Extrakorporalen_Verfahren,https://www.medizininformatik-initiative.de/fhir/ext/modul-icu/StructureDefinition/mii-pr-icu-ect-haemodialyse-blutfluss
icu,MII_PR_ICU_ECT_Haemodialyse_Blutfluss,Observation.code.coding:IEEE-11073,max,MII_PR_ICU_Parameter_Von_Extrakorporalen_Verfahren,https://www.medizininformatik-initiative.de/fhir/ext/modul-icu/StructureDefinition/mii-pr-icu-ect-haemodialyse-blutfluss
icu,MII_PR_ICU_ECT_Haemodialyse_Blutfluss,Observation.effective[x],min,MII_PR_ICU_Parameter_Von_Extrakorporalen_Verfahren,https://www.medizininformatik-initiative.de/fhir/ext/modul-icu/StructureDefinition/mii-pr-icu-ect-haemodialyse-blutfluss
icu,MII_PR_ICU_ECT_Haemodialyse_Blutfluss,Observation.value[x],patternQuantity,MII_PR_ICU_Parameter_Von_Extrakorporalen_Verfahren,https://www.medizininformatik-initiative.de/fhir/ext/modul-icu/StructureDefinition/mii-pr-icu-ect-haemodialyse-blutfluss
icu,MII_PR_ICU_Score_CAM_ICU,Observation.code.coding,min,MII_PR_ICU_Score,https://www.medizininformatik-initiative.de/fhir/ext/modul-icu/StructureDefinition/mii-pr-icu-score-cam-icu
icu,MII_PR_ICU_Score_CAM_ICU,Observation.code.coding:loinc,"min,patternCoding",MII_PR_ICU_Score,https://www.medizininformatik-initiative.de/fhir/ext/modul-icu/StructureDefinition/mii-pr-icu-score-cam-icu
icu,MII_PR_ICU_Score_CAM_ICU,Observation.code.coding:sct,patternCoding,MII_PR_ICU_Score,https://www.medizininformatik-initiative.de/fhir/ext/modul-icu/StructureDefinition/mii-pr-icu-score-cam-icu
icu,MII_PR_ICU_Score_CAM_ICU,Observation.value[x],"min,slicing",MII_PR_ICU_Score,https://www.medizininformatik-initiative.de/fhir/ext/modul-icu/StructureDefinition/mii-pr-icu-score-cam-icu
icu,MII_PR_ICU_Score_CAM_ICU,Observation.value[x]:valueCodeableConcept,"binding,max,min,type",MII_PR_ICU_Score,https://www.medizininformatik-initiative.de/fhir/ext/modul-icu/StructureDefinition/mii-pr-icu-score-cam-icu
icu,MII_PR_ICU_Score_CAM_ICU,Observation.interpretation,"binding,short",MII_PR_ICU_Score,https://www.medizininformatik-initiative.de/fhir/ext/modul-icu/StructureDefinition/mii-pr-icu-score-cam-icu
icu,MII_PR_ICU_Score_CAM_ICU,Observation.component,"max,slicing",MII_PR_ICU_Score,https://www.medizininformatik-initiative.de/fhir/ext/modul-icu/StructureDefinition/mii-pr-icu-score-cam-icu
icu,MII_PR_ICU_Score_CAM_ICU,Observation.component:feature1-acute-change.value[x],"min,slicing",MII_PR_ICU_Score,https://www.medizininformatik-initiative.de/fhir/ext/modul-icu/StructureDefinition/mii-pr-icu-score-cam-icu
icu,MII_PR_ICU_Score_CAM_ICU,Observation.component:feature1-acute-change.value[x]:valueCodeableConcept,"binding,max,min,type",MII_PR_ICU_Score,https://www.medizininformatik-initiative.de/fhir/ext/modul-icu/StructureDefinition/mii-pr-icu-score-cam-icu
icu,MII_PR_ICU_Score_CAM_ICU,Observation.component:feature2-inattention.value[x],"min,slicing",MII_PR_ICU_Score,https://www.medizininformatik-initiative.de/fhir/ext/modul-icu/StructureDefinition/mii-pr-icu-score-cam-icu
icu,MII_PR_ICU_Score_CAM_ICU,Observation.component:feature2-inattention.value[x]:valueCodeableConcept,"binding,max,min,type",MII_PR_ICU_Score,https://www.medizininformatik-initiative.de/fhir/ext/modul-icu/StructureDefinition/mii-pr-icu-score-cam-icu
icu,MII_PR_ICU_Score_CAM_ICU,Observation.component:feature3-altered-loc.value[x],"min,slicing",MII_PR_ICU_Score,https://www.medizininformatik-initiative.de/fhir/ext/modul-icu/StructureDefinition/mii-pr-icu-score-cam-icu
icu,MII_PR_ICU_Score_CAM_ICU,Observation.component:feature3-altered-loc.value[x]:valueCodeableConcept,"binding,max,min,type",MII_PR_ICU_Score,https://www.medizininformatik-initiative.de/fhir/ext/modul-icu/StructureDefinition/mii-pr-icu-score-cam-icu
icu,MII_PR_ICU_Score_CAM_ICU,Observation.component:feature4-disorganized-thinking.value[x],"min,slicing",MII_PR_ICU_Score,https://www.medizininformatik-initiative.de/fhir/ext/modul-icu/StructureDefinition/mii-pr-icu-score-cam-icu
icu,MII_PR_ICU_Score_CAM_ICU,Observation.component:feature4-disorganized-thinking.value[x]:valueCodeableConcept,"binding,max,min,type",MII_PR_ICU_Score,https://www.medizininformatik-initiative.de/fhir/ext/modul-icu/StructureDefinition/mii-pr-icu-score-cam-icu
icu,MII_PR_ICU_Bilanz_Einfuhr_Orale_Fluessigkeit,Observation.category.coding:hl7-category.code,patternCode,MII_PR_ICU_Bilanz,https://www.medizininformatik-initiative.de/fhir/ext/modul-icu/StructureDefinition/mii-pr-icu-bilanz-einfuhr-orale-fluessigkeit
icu,MII_PR_ICU_Bilanz_Einfuhr_Orale_Fluessigkeit,Observation.code.coding,min,MII_PR_ICU_Bilanz,https://www.medizininformatik-initiative.de/fhir/ext/modul-icu/StructureDefinition/mii-pr-icu-bilanz-einfuhr-orale-fluessigkeit
icu,MII_PR_ICU_Bilanz_Einfuhr_Orale_Fluessigkeit,Observation.code.coding:sct,"max,min,patternCoding",MII_PR_ICU_Bilanz,https://www.medizininformatik-initiative.de/fhir/ext/modul-icu/StructureDefinition/mii-pr-icu-bilanz-einfuhr-orale-fluessigkeit
icu,MII_PR_ICU_Bilanz_Einfuhr_Orale_Fluessigkeit,Observation.code.coding:loinc,"max,min,patternCoding",MII_PR_ICU_Bilanz,https://www.medizininformatik-initiative.de/fhir/ext/modul-icu/StructureDefinition/mii-pr-icu-bilanz-einfuhr-orale-fluessigkeit
icu,MII_PR_ICU_Bilanz_Einfuhr_Orale_Fluessigkeit,Observation.code.coding:IEEE-11073,max,MII_PR_ICU_Bilanz,https://www.medizininformatik-initiative.de/fhir/ext/modul-icu/StructureDefinition/mii-pr-icu-bilanz-einfuhr-orale-fluessigkeit
icu,MII_PR_ICU_VENT_Mittlerer_Inspiratorischer_Beatmungsdruck,Observation.category:kuenstlicheBeatmung,"max,min,patternCodeableConcept",MII_PR_ICU_Parameter_Von_Beatmung,https://www.medizininformatik-initiative.de/fhir/ext/modul-icu/StructureDefinition/mii-pr-icu-vent-mittlerer-inspiratorischer-beatmungsdruck
icu,MII_PR_ICU_VENT_Mittlerer_Inspiratorischer_Beatmungsdruck,Observation.code.coding,min,MII_PR_ICU_Parameter_Von_Beatmung,https://www.medizininformatik-initiative.de/fhir/ext/modul-icu/StructureDefinition/mii-pr-icu-vent-mittlerer-inspiratorischer-beatmungsdruck
icu,MII_PR_ICU_VENT_Mittlerer_Inspiratorischer_Beatmungsdruck,Observation.code.coding:sct,"max,min,patternCoding",MII_PR_ICU_Parameter_Von_Beatmung,https://www.medizininformatik-initiative.de/fhir/ext/modul-icu/StructureDefinition/mii-pr-icu-vent-mittlerer-inspiratorischer-beatmungsdruck
icu,MII_PR_ICU_VENT_Mittlerer_Inspiratorischer_Beatmungsdruck,Observation.code.coding:loinc,"max,min,patternCoding",MII_PR_ICU_Parameter_Von_Beatmung,https://www.medizininformatik-initiative.de/fhir/ext/modul-icu/StructureDefinition/mii-pr-icu-vent-mittlerer-inspiratorischer-beatmungsdruck
icu,MII_PR_ICU_VENT_Mittlerer_Inspiratorischer_Beatmungsdruck,Observation.code.coding:IEEE-11073,"max,min,patternCoding",MII_PR_ICU_Parameter_Von_Beatmung,https://www.medizininformatik-initiative.de/fhir/ext/modul-icu/StructureDefinition/mii-pr-icu-vent-mittlerer-inspiratorischer-beatmungsdruck
icu,MII_PR_ICU_VENT_Mittlerer_Inspiratorischer_Beatmungsdruck,Observation.value[x],patternQuantity,MII_PR_ICU_Parameter_Von_Beatmung,https://www.medizininformatik-initiative.de/fhir/ext/modul-icu/StructureDefinition/mii-pr-icu-vent-mittlerer-inspiratorischer-beatmungsdruck
icu,MII_PR_ICU_Bilanz_Ausfuhr_Stuhlgang,Observation.category.coding:hl7-category.code,patternCode,MII_PR_ICU_Bilanz,https://www.medizininformatik-initiative.de/fhir/ext/modul-icu/StructureDefinition/mii-pr-icu-bilanz-ausfuhr-stuhlgang
icu,MII_PR_ICU_Bilanz_Ausfuhr_Stuhlgang,Observation.code.coding,min,MII_PR_ICU_Bilanz,https://www.medizininformatik-initiative.de/fhir/ext/modul-icu/StructureDefinition/mii-pr-icu-bilanz-ausfuhr-stuhlgang
icu,MII_PR_ICU_Bilanz_Ausfuhr_Stuhlgang,Observation.code.coding:sct,max,MII_PR_ICU_Bilanz,https://www.medizininformatik-initiative.de/fhir/ext/modul-icu/StructureDefinition/mii-pr-icu-bilanz-ausfuhr-stuhlgang
icu,MII_PR_ICU_Bilanz_Ausfuhr_Stuhlgang,Observation.code.coding:loinc,"max,min,patternCoding",MII_PR_ICU_Bilanz,https://www.medizininformatik-initiative.de/fhir/ext/modul-icu/StructureDefinition/mii-pr-icu-bilanz-ausfuhr-stuhlgang
icu,MII_PR_ICU_Bilanz_Ausfuhr_Stuhlgang,Observation.code.coding:IEEE-11073,max,MII_PR_ICU_Bilanz,https://www.medizininformatik-initiative.de/fhir/ext/modul-icu/StructureDefinition/mii-pr-icu-bilanz-ausfuhr-stuhlgang
icu,MII_PR_ICU_VENT_Horowitz_In_Arteriellem_Blut,Observation.category:kuenstlicheBeatmung,"max,min,patternCodeableConcept",MII_PR_ICU_Parameter_Von_Beatmung,https://www.medizininformatik-initiative.de/fhir/ext/modul-icu/StructureDefinition/mii-pr-icu-vent-horowitz-in-arteriellem-blut
icu,MII_PR_ICU_VENT_Horowitz_In_Arteriellem_Blut,Observation.category:Sauerstofftherapie,"max,min,patternCodeableConcept",MII_PR_ICU_Parameter_Von_Beatmung,https://www.medizininformatik-initiative.de/fhir/ext/modul-icu/StructureDefinition/mii-pr-icu-vent-horowitz-in-arteriellem-blut
icu,MII_PR_ICU_VENT_Horowitz_In_Arteriellem_Blut,Observation.code.coding,min,MII_PR_ICU_Parameter_Von_Beatmung,https://www.medizininformatik-initiative.de/fhir/ext/modul-icu/StructureDefinition/mii-pr-icu-vent-horowitz-in-arteriellem-blut
icu,MII_PR_ICU_VENT_Horowitz_In_Arteriellem_Blut,Observation.code.coding:sct,max,MII_PR_ICU_Parameter_Von_Beatmung,https://www.medizininformatik-initiative.de/fhir/ext/modul-icu/StructureDefinition/mii-pr-icu-vent-horowitz-in-arteriellem-blut
icu,MII_PR_ICU_VENT_Horowitz_In_Arteriellem_Blut,Observation.code.coding:loinc,"max,min,patternCoding",MII_PR_ICU_Parameter_Von_Beatmung,https://www.medizininformatik-initiative.de/fhir/ext/modul-icu/StructureDefinition/mii-pr-icu-vent-horowitz-in-arteriellem-blut
icu,MII_PR_ICU_VENT_Horowitz_In_Arteriellem_Blut,Observation.code.coding:IEEE-11073,"max,min,patternCoding",MII_PR_ICU_Parameter_Von_Beatmung,https://www.medizininformatik-initiative.de/fhir/ext/modul-icu/StructureDefinition/mii-pr-icu-vent-horowitz-in-arteriellem-blut
icu,MII_PR_ICU_VENT_Horowitz_In_Arteriellem_Blut,Observation.value[x],patternQuantity,MII_PR_ICU_Parameter_Von_Beatmung,https://www.medizininformatik-initiative.de/fhir/ext/modul-icu/StructureDefinition/mii-pr-icu-vent-horowitz-in-arteriellem-blut
icu,MII_PR_ICU_ECT_Ionisiertes_Kalzium_Nierenersatzverfahren,Observation.category,min,MII_PR_ICU_Parameter_Von_Extrakorporalen_Verfahren,https://www.medizininformatik-initiative.de/fhir/ext/modul-icu/StructureDefinition/mii-pr-icu-ect-ionisiertes-kalzium-nierenersatzverfahren
icu,MII_PR_ICU_ECT_Ionisiertes_Kalzium_Nierenersatzverfahren,Observation.code,constraint,MII_PR_ICU_Parameter_Von_Extrakorporalen_Verfahren,https://www.medizininformatik-initiative.de/fhir/ext/modul-icu/StructureDefinition/mii-pr-icu-ect-ionisiertes-kalzium-nierenersatzverfahren
icu,MII_PR_ICU_ECT_Ionisiertes_Kalzium_Nierenersatzverfahren,Observation.code.coding:sct,max,MII_PR_ICU_Parameter_Von_Extrakorporalen_Verfahren,https://www.medizininformatik-initiative.de/fhir/ext/modul-icu/StructureDefinition/mii-pr-icu-ect-ionisiertes-kalzium-nierenersatzverfahren
icu,MII_PR_ICU_ECT_Ionisiertes_Kalzium_Nierenersatzverfahren,Observation.code.coding:loinc,"max,min,patternCoding",MII_PR_ICU_Parameter_Von_Extrakorporalen_Verfahren,https://www.medizininformatik-initiative.de/fhir/ext/modul-icu/StructureDefinition/mii-pr-icu-ect-ionisiertes-kalzium-nierenersatzverfahren
icu,MII_PR_ICU_ECT_Ionisiertes_Kalzium_Nierenersatzverfahren,Observation.code.coding:IEEE-11073,max,MII_PR_ICU_Parameter_Von_Extrakorporalen_Verfahren,https://www.medizininformatik-initiative.de/fhir/ext/modul-icu/StructureDefinition/mii-pr-icu-ect-ionisiertes-kalzium-nierenersatzverfahren
icu,MII_PR_ICU_ECT_Ionisiertes_Kalzium_Nierenersatzverfahren,Observation.effective[x],min,MII_PR_ICU_Parameter_Von_Extrakorporalen_Verfahren,https://www.medizininformatik-initiative.de/fhir/ext/modul-icu/StructureDefinition/mii-pr-icu-ect-ionisiertes-kalzium-nierenersatzverfahren
icu,MII_PR_ICU_ECT_Ionisiertes_Kalzium_Nierenersatzverfahren,Observation.value[x],patternQuantity,MII_PR_ICU_Parameter_Von_Extrakorporalen_Verfahren,https://www.medizininformatik-initiative.de/fhir/ext/modul-icu/StructureDefinition/mii-pr-icu-ect-ionisiertes-kalzium-nierenersatzverfahren
icu,MII_PR_ICU_Score_Numerische_Ratingskala,Observation.code.coding,min,MII_PR_ICU_Score,https://www.medizininformatik-initiative.de/fhir/ext/modul-icu/StructureDefinition/mii-pr-icu-score-numerische-ratingskala
icu,MII_PR_ICU_Score_Numerische_Ratingskala,Observation.code.coding:sct,min,MII_PR_ICU_Score,https://www.medizininformatik-initiative.de/fhir/ext/modul-icu/StructureDefinition/mii-pr-icu-score-numerische-ratingskala
icu,MII_PR_ICU_Score_Numerische_Ratingskala,Observation.code.coding:sct.code,patternCode,MII_PR_ICU_Score,https://www.medizininformatik-initiative.de/fhir/ext/modul-icu/StructureDefinition/mii-pr-icu-score-numerische-ratingskala
icu,MII_PR_ICU_Score_Numerische_Ratingskala,Observation.value[x],type,MII_PR_ICU_Score,https://www.medizininformatik-initiative.de/fhir/ext/modul-icu/StructureDefinition/mii-pr-icu-score-numerische-ratingskala
icu,MII_PR_ICU_VENT_Inspiratorische_Sauerstofffraktion,Observation.category:kuenstlicheBeatmung,"max,min,patternCodeableConcept",MII_PR_ICU_Parameter_Von_Beatmung,https://www.medizininformatik-initiative.de/fhir/ext/modul-icu/StructureDefinition/mii-pr-icu-vent-inspiratorische-sauerstofffraktion
icu,MII_PR_ICU_VENT_Inspiratorische_Sauerstofffraktion,Observation.category:Sauerstofftherapie,"max,min,patternCodeableConcept",MII_PR_ICU_Parameter_Von_Beatmung,https://www.medizininformatik-initiative.de/fhir/ext/modul-icu/StructureDefinition/mii-pr-icu-vent-inspiratorische-sauerstofffraktion
icu,MII_PR_ICU_VENT_Inspiratorische_Sauerstofffraktion,Observation.code.coding:sct,"max,min,patternCoding",MII_PR_ICU_Parameter_Von_Beatmung,https://www.medizininformatik-initiative.de/fhir/ext/modul-icu/StructureDefinition/mii-pr-icu-vent-inspiratorische-sauerstofffraktion
icu,MII_PR_ICU_VENT_Inspiratorische_Sauerstofffraktion,Observation.code.coding:loinc,max,MII_PR_ICU_Parameter_Von_Beatmung,https://www.medizininformatik-initiative.de/fhir/ext/modul-icu/StructureDefinition/mii-pr-icu-vent-inspiratorische-sauerstofffraktion
icu,MII_PR_ICU_VENT_Inspiratorische_Sauerstofffraktion,Observation.code.coding:IEEE-11073,max,MII_PR_ICU_Parameter_Von_Beatmung,https://www.medizininformatik-initiative.de/fhir/ext/modul-icu/StructureDefinition/mii-pr-icu-vent-inspiratorische-sauerstofffraktion
icu,MII_PR_ICU_VENT_Inspiratorische_Sauerstofffraktion,Observation.value[x],patternQuantity,MII_PR_ICU_Parameter_Von_Beatmung,https://www.medizininformatik-initiative.de/fhir/ext/modul-icu/StructureDefinition/mii-pr-icu-vent-inspiratorische-sauerstofffraktion
icu,MII_PR_ICU_ECT_Substituatvolumen,Observation.category,min,MII_PR_ICU_Parameter_Von_Extrakorporalen_Verfahren,https://www.medizininformatik-initiative.de/fhir/ext/modul-icu/StructureDefinition/mii-pr-icu-ect-substituatvolumen
icu,MII_PR_ICU_ECT_Substituatvolumen,Observation.code.coding:sct,"max,min,patternCoding",MII_PR_ICU_Parameter_Von_Extrakorporalen_Verfahren,https://www.medizininformatik-initiative.de/fhir/ext/modul-icu/StructureDefinition/mii-pr-icu-ect-substituatvolumen
icu,MII_PR_ICU_ECT_Substituatvolumen,Observation.code.coding:loinc,max,MII_PR_ICU_Parameter_Von_Extrakorporalen_Verfahren,https://www.medizininformatik-initiative.de/fhir/ext/modul-icu/StructureDefinition/mii-pr-icu-ect-substituatvolumen
icu,MII_PR_ICU_ECT_Substituatvolumen,Observation.code.coding:loinc.system,patternUri,MII_PR_ICU_Parameter_Von_Extrakorporalen_Verfahren,https://www.medizininformatik-initiative.de/fhir/ext/modul-icu/StructureDefinition/mii-pr-icu-ect-substituatvolumen
icu,MII_PR_ICU_ECT_Substituatvolumen,Observation.code.coding:IEEE-11073,max,MII_PR_ICU_Parameter_Von_Extrakorporalen_Verfahren,https://www.medizininformatik-initiative.de/fhir/ext/modul-icu/StructureDefinition/mii-pr-icu-ect-substituatvolumen
icu,MII_PR_ICU_ECT_Substituatvolumen,Observation.code.coding:IEEE-11073.system,patternUri,MII_PR_ICU_Parameter_Von_Extrakorporalen_Verfahren,https://www.medizininformatik-initiative.de/fhir/ext/modul-icu/StructureDefinition/mii-pr-icu-ect-substituatvolumen
icu,MII_PR_ICU_ECT_Substituatvolumen,Observation.effective[x],min,MII_PR_ICU_Parameter_Von_Extrakorporalen_Verfahren,https://www.medizininformatik-initiative.de/fhir/ext/modul-icu/StructureDefinition/mii-pr-icu-ect-substituatvolumen
icu,MII_PR_ICU_ECT_Substituatvolumen,Observation.value[x],patternQuantity,MII_PR_ICU_Parameter_Von_Extrakorporalen_Verfahren,https://www.medizininformatik-initiative.de/fhir/ext/modul-icu/StructureDefinition/mii-pr-icu-ect-substituatvolumen
icu,MII_PR_ICU_VENT_Eingestellter_Inspiratorischer_Gasfluss,Observation.category:kuenstlicheBeatmung,"max,min,patternCodeableConcept",MII_PR_ICU_Parameter_Von_Beatmung,https://www.medizininformatik-initiative.de/fhir/ext/modul-icu/StructureDefinition/mii-pr-icu-vent-eingestellter-inspiratorischer-gasfluss
icu,MII_PR_ICU_VENT_Eingestellter_Inspiratorischer_Gasfluss,Observation.code.coding:sct,max,MII_PR_ICU_Parameter_Von_Beatmung,https://www.medizininformatik-initiative.de/fhir/ext/modul-icu/StructureDefinition/mii-pr-icu-vent-eingestellter-inspiratorischer-gasfluss
icu,MII_PR_ICU_VENT_Eingestellter_Inspiratorischer_Gasfluss,Observation.code.coding:loinc,"max,min,patternCoding",MII_PR_ICU_Parameter_Von_Beatmung,https://www.medizininformatik-initiative.de/fhir/ext/modul-icu/StructureDefinition/mii-pr-icu-vent-eingestellter-inspiratorischer-gasfluss
icu,MII_PR_ICU_VENT_Eingestellter_Inspiratorischer_Gasfluss,Observation.code.coding:IEEE-11073,max,MII_PR_ICU_Parameter_Von_Beatmung,https://www.medizininformatik-initiative.de/fhir/ext/modul-icu/StructureDefinition/mii-pr-icu-vent-eingestellter-inspiratorischer-gasfluss
icu,MII_PR_ICU_VENT_Eingestellter_Inspiratorischer_Gasfluss,Observation.value[x],patternQuantity,MII_PR_ICU_Parameter_Von_Beatmung,https://www.medizininformatik-initiative.de/fhir/ext/modul-icu/StructureDefinition/mii-pr-icu-vent-eingestellter-inspiratorischer-gasfluss
icu,MII_PR_ICU_Bilanz_Tagesbilanz_Fluessigkeit,Observation.category.coding:hl7-category.code,patternCode,MII_PR_ICU_Bilanz,https://www.medizininformatik-initiative.de/fhir/ext/modul-icu/StructureDefinition/mii-pr-icu-bilanz-tagesbilanz-fluessigkeit
icu,MII_PR_ICU_Bilanz_Tagesbilanz_Fluessigkeit,Observation.code.coding,min,MII_PR_ICU_Bilanz,https://www.medizininformatik-initiative.de/fhir/ext/modul-icu/StructureDefinition/mii-pr-icu-bilanz-tagesbilanz-fluessigkeit
icu,MII_PR_ICU_Bilanz_Tagesbilanz_Fluessigkeit,Observation.code.coding:sct,"max,min,patternCoding",MII_PR_ICU_Bilanz,https://www.medizininformatik-initiative.de/fhir/ext/modul-icu/StructureDefinition/mii-pr-icu-bilanz-tagesbilanz-fluessigkeit
icu,MII_PR_ICU_Bilanz_Tagesbilanz_Fluessigkeit,Observation.code.coding:loinc,"max,min,patternCoding",MII_PR_ICU_Bilanz,https://www.medizininformatik-initiative.de/fhir/ext/modul-icu/StructureDefinition/mii-pr-icu-bilanz-tagesbilanz-fluessigkeit
icu,MII_PR_ICU_Bilanz_Tagesbilanz_Fluessigkeit,Observation.code.coding:IEEE-11073,max,MII_PR_ICU_Bilanz,https://www.medizininformatik-initiative.de/fhir/ext/modul-icu/StructureDefinition/mii-pr-icu-bilanz-tagesbilanz-fluessigkeit
icu,MII_PR_ICU_VENT_Atemzugvolumen_Einstellung,Observation.category:kuenstlicheBeatmung,"max,min,patternCodeableConcept",MII_PR_ICU_Parameter_Von_Beatmung,https://www.medizininformatik-initiative.de/fhir/ext/modul-icu/StructureDefinition/mii-pr-icu-vent-atemzugvolumen-einstellung
icu,MII_PR_ICU_VENT_Atemzugvolumen_Einstellung,Observation.code.coding,min,MII_PR_ICU_Parameter_Von_Beatmung,https://www.medizininformatik-initiative.de/fhir/ext/modul-icu/StructureDefinition/mii-pr-icu-vent-atemzugvolumen-einstellung
icu,MII_PR_ICU_VENT_Atemzugvolumen_Einstellung,Observation.code.coding:sct,"max,min,patternCoding",MII_PR_ICU_Parameter_Von_Beatmung,https://www.medizininformatik-initiative.de/fhir/ext/modul-icu/StructureDefinition/mii-pr-icu-vent-atemzugvolumen-einstellung
icu,MII_PR_ICU_VENT_Atemzugvolumen_Einstellung,Observation.code.coding:loinc,"max,min,patternCoding",MII_PR_ICU_Parameter_Von_Beatmung,https://www.medizininformatik-initiative.de/fhir/ext/modul-icu/StructureDefinition/mii-pr-icu-vent-atemzugvolumen-einstellung
icu,MII_PR_ICU_VENT_Atemzugvolumen_Einstellung,Observation.code.coding:IEEE-11073,"max,min,patternCoding",MII_PR_ICU_Parameter_Von_Beatmung,https://www.medizininformatik-initiative.de/fhir/ext/modul-icu/StructureDefinition/mii-pr-icu-vent-atemzugvolumen-einstellung
icu,MII_PR_ICU_VENT_Atemzugvolumen_Einstellung,Observation.value[x],patternQuantity,MII_PR_ICU_Parameter_Von_Beatmung,https://www.medizininformatik-initiative.de/fhir/ext/modul-icu/StructureDefinition/mii-pr-icu-vent-atemzugvolumen-einstellung
icu,MII_PR_ICU_VENT_Atemwegsdruck_Bei_Mittlerem_Expiratorischem_Gasfluss,Observation.category:kuenstlicheBeatmung,"max,min,patternCodeableConcept",MII_PR_ICU_Parameter_Von_Beatmung,https://www.medizininformatik-initiative.de/fhir/ext/modul-icu/StructureDefinition/mii-pr-icu-vent-atemwegsdruck-bei-mittlerem-expiratorischem-gasfluss
icu,MII_PR_ICU_VENT_Atemwegsdruck_Bei_Mittlerem_Expiratorischem_Gasfluss,Observation.code.coding:sct,max,MII_PR_ICU_Parameter_Von_Beatmung,https://www.medizininformatik-initiative.de/fhir/ext/modul-icu/StructureDefinition/mii-pr-icu-vent-atemwegsdruck-bei-mittlerem-expiratorischem-gasfluss
icu,MII_PR_ICU_VENT_Atemwegsdruck_Bei_Mittlerem_Expiratorischem_Gasfluss,Observation.code.coding:loinc,"max,min,patternCoding",MII_PR_ICU_Parameter_Von_Beatmung,https://www.medizininformatik-initiative.de/fhir/ext/modul-icu/StructureDefinition/mii-pr-icu-vent-atemwegsdruck-bei-mittlerem-expiratorischem-gasfluss
icu,MII_PR_ICU_VENT_Atemwegsdruck_Bei_Mittlerem_Expiratorischem_Gasfluss,Observation.code.coding:IEEE-11073,max,MII_PR_ICU_Parameter_Von_Beatmung,https://www.medizininformatik-initiative.de/fhir/ext/modul-icu/StructureDefinition/mii-pr-icu-vent-atemwegsdruck-bei-mittlerem-expiratorischem-gasfluss
icu,MII_PR_ICU_VENT_Atemwegsdruck_Bei_Mittlerem_Expiratorischem_Gasfluss,Observation.value[x],patternQuantity,MII_PR_ICU_Parameter_Von_Beatmung,https://www.medizininformatik-initiative.de/fhir/ext/modul-icu/StructureDefinition/mii-pr-icu-vent-atemwegsdruck-bei-mittlerem-expiratorischem-gasfluss
icu,MII_PR_ICU_Bilanz_Einfuhr_Abgepumpte_Muttermilch,Observation.category.coding:hl7-category.code,patternCode,MII_PR_ICU_Bilanz,https://www.medizininformatik-initiative.de/fhir/ext/modul-icu/StructureDefinition/mii-pr-icu-bilanz-einfuhr-abgepumpte-muttermilch
icu,MII_PR_ICU_Bilanz_Einfuhr_Abgepumpte_Muttermilch,Observation.code.coding,min,MII_PR_ICU_Bilanz,https://www.medizininformatik-initiative.de/fhir/ext/modul-icu/StructureDefinition/mii-pr-icu-bilanz-einfuhr-abgepumpte-muttermilch
icu,MII_PR_ICU_Bilanz_Einfuhr_Abgepumpte_Muttermilch,Observation.code.coding:sct,"max,min,patternCoding",MII_PR_ICU_Bilanz,https://www.medizininformatik-initiative.de/fhir/ext/modul-icu/StructureDefinition/mii-pr-icu-bilanz-einfuhr-abgepumpte-muttermilch
icu,MII_PR_ICU_Bilanz_Einfuhr_Abgepumpte_Muttermilch,Observation.code.coding:loinc,max,MII_PR_ICU_Bilanz,https://www.medizininformatik-initiative.de/fhir/ext/modul-icu/StructureDefinition/mii-pr-icu-bilanz-einfuhr-abgepumpte-muttermilch
icu,MII_PR_ICU_Bilanz_Einfuhr_Abgepumpte_Muttermilch,Observation.code.coding:IEEE-11073,max,MII_PR_ICU_Bilanz,https://www.medizininformatik-initiative.de/fhir/ext/modul-icu/StructureDefinition/mii-pr-icu-bilanz-einfuhr-abgepumpte-muttermilch
icu,MII_PR_ICU_VENT_Positiv_Endexpiratorischer_Druck,Observation.category:kuenstlicheBeatmung,"max,min,patternCodeableConcept",MII_PR_ICU_Parameter_Von_Beatmung,https://www.medizininformatik-initiative.de/fhir/ext/modul-icu/StructureDefinition/mii-pr-icu-vent-positiv-endexpiratorischer-druck
icu,MII_PR_ICU_VENT_Positiv_Endexpiratorischer_Druck,Observation.code.coding,min,MII_PR_ICU_Parameter_Von_Beatmung,https://www.medizininformatik-initiative.de/fhir/ext/modul-icu/StructureDefinition/mii-pr-icu-vent-positiv-endexpiratorischer-druck
icu,MII_PR_ICU_VENT_Positiv_Endexpiratorischer_Druck,Observation.code.coding:sct,"max,min,patternCoding",MII_PR_ICU_Parameter_Von_Beatmung,https://www.medizininformatik-initiative.de/fhir/ext/modul-icu/StructureDefinition/mii-pr-icu-vent-positiv-endexpiratorischer-druck
icu,MII_PR_ICU_VENT_Positiv_Endexpiratorischer_Druck,Observation.code.coding:loinc,"max,min,patternCoding",MII_PR_ICU_Parameter_Von_Beatmung,https://www.medizininformatik-initiative.de/fhir/ext/modul-icu/StructureDefinition/mii-pr-icu-vent-positiv-endexpiratorischer-druck
icu,MII_PR_ICU_VENT_Positiv_Endexpiratorischer_Druck,Observation.code.coding:IEEE-11073,"max,min,patternCoding",MII_PR_ICU_Parameter_Von_Beatmung,https://www.medizininformatik-initiative.de/fhir/ext/modul-icu/StructureDefinition/mii-pr-icu-vent-positiv-endexpiratorischer-druck
icu,MII_PR_ICU_VENT_Positiv_Endexpiratorischer_Druck,Observation.value[x],patternQuantity,MII_PR_ICU_Parameter_Von_Beatmung,https://www.medizininformatik-initiative.de/fhir/ext/modul-icu/StructureDefinition/mii-pr-icu-vent-positiv-endexpiratorischer-druck
icu,MII_PR_ICU_ECT_Gasfluss,Observation.code.coding:sct,"max,min,patternCoding",MII_PR_ICU_Parameter_Von_Extrakorporalen_Verfahren,https://www.medizininformatik-initiative.de/fhir/ext/modul-icu/StructureDefinition/mii-pr-icu-ect-gasfluss
icu,MII_PR_ICU_ECT_Gasfluss,Observation.code.coding:IEEE-11073,max,MII_PR_ICU_Parameter_Von_Extrakorporalen_Verfahren,https://www.medizininformatik-initiative.de/fhir/ext/modul-icu/StructureDefinition/mii-pr-icu-ect-gasfluss
icu,MII_PR_ICU_ECT_Gasfluss,Observation.value[x],patternQuantity,MII_PR_ICU_Parameter_Von_Extrakorporalen_Verfahren,https://www.medizininformatik-initiative.de/fhir/ext/modul-icu/StructureDefinition/mii-pr-icu-ect-gasfluss
icu,MII_PR_ICU_VENT_Exspiratorischer_Gasfluss,Observation.category:kuenstlicheBeatmung,"max,min,patternCodeableConcept",MII_PR_ICU_Parameter_Von_Beatmung,https://www.medizininformatik-initiative.de/fhir/ext/modul-icu/StructureDefinition/mii-pr-icu-vent-exspiratorischer-gasfluss
icu,MII_PR_ICU_VENT_Exspiratorischer_Gasfluss,Observation.code.coding,min,MII_PR_ICU_Parameter_Von_Beatmung,https://www.medizininformatik-initiative.de/fhir/ext/modul-icu/StructureDefinition/mii-pr-icu-vent-exspiratorischer-gasfluss
icu,MII_PR_ICU_VENT_Exspiratorischer_Gasfluss,Observation.code.coding:sct,max,MII_PR_ICU_Parameter_Von_Beatmung,https://www.medizininformatik-initiative.de/fhir/ext/modul-icu/StructureDefinition/mii-pr-icu-vent-exspiratorischer-gasfluss
icu,MII_PR_ICU_VENT_Exspiratorischer_Gasfluss,Observation.code.coding:loinc,"max,min,patternCoding",MII_PR_ICU_Parameter_Von_Beatmung,https://www.medizininformatik-initiative.de/fhir/ext/modul-icu/StructureDefinition/mii-pr-icu-vent-exspiratorischer-gasfluss
icu,MII_PR_ICU_VENT_Exspiratorischer_Gasfluss,Observation.code.coding:IEEE-11073,"max,min,patternCoding",MII_PR_ICU_Parameter_Von_Beatmung,https://www.medizininformatik-initiative.de/fhir/ext/modul-icu/StructureDefinition/mii-pr-icu-vent-exspiratorischer-gasfluss
icu,MII_PR_ICU_VENT_Exspiratorischer_Gasfluss,Observation.value[x],patternQuantity,MII_PR_ICU_Parameter_Von_Beatmung,https://www.medizininformatik-initiative.de/fhir/ext/modul-icu/StructureDefinition/mii-pr-icu-vent-exspiratorischer-gasfluss
icu,MII_PR_ICU_Bilanz_Einfuhr_Muttermilch,Observation.category.coding:hl7-category.code,patternCode,MII_PR_ICU_Bilanz,https://www.medizininformatik-initiative.de/fhir/ext/modul-icu/StructureDefinition/mii-pr-icu-bilanz-einfuhr-muttermilch
icu,MII_PR_ICU_Bilanz_Einfuhr_Muttermilch,Observation.code.coding,min,MII_PR_ICU_Bilanz,https://www.medizininformatik-initiative.de/fhir/ext/modul-icu/StructureDefinition/mii-pr-icu-bilanz-einfuhr-muttermilch
icu,MII_PR_ICU_Bilanz_Einfuhr_Muttermilch,Observation.code.coding:sct,"max,min,patternCoding",MII_PR_ICU_Bilanz,https://www.medizininformatik-initiative.de/fhir/ext/modul-icu/StructureDefinition/mii-pr-icu-bilanz-einfuhr-muttermilch
icu,MII_PR_ICU_Bilanz_Einfuhr_Muttermilch,Observation.code.coding:loinc,max,MII_PR_ICU_Bilanz,https://www.medizininformatik-initiative.de/fhir/ext/modul-icu/StructureDefinition/mii-pr-icu-bilanz-einfuhr-muttermilch
icu,MII_PR_ICU_Bilanz_Einfuhr_Muttermilch,Observation.code.coding:IEEE-11073,max,MII_PR_ICU_Bilanz,https://www.medizininformatik-initiative.de/fhir/ext/modul-icu/StructureDefinition/mii-pr-icu-bilanz-einfuhr-muttermilch
icu,MII_PR_ICU_Bilanz_Einfuhr_Enterale_Fluessigkeit,Observation.category.coding:hl7-category.code,patternCode,MII_PR_ICU_Bilanz,https://www.medizininformatik-initiative.de/fhir/ext/modul-icu/StructureDefinition/mii-pr-icu-bilanz-einfuhr-enterale-fluessigkeit
icu,MII_PR_ICU_Bilanz_Einfuhr_Enterale_Fluessigkeit,Observation.code.coding,min,MII_PR_ICU_Bilanz,https://www.medizininformatik-initiative.de/fhir/ext/modul-icu/StructureDefinition/mii-pr-icu-bilanz-einfuhr-enterale-fluessigkeit
icu,MII_PR_ICU_Bilanz_Einfuhr_Enterale_Fluessigkeit,Observation.code.coding:sct,"max,min,patternCoding",MII_PR_ICU_Bilanz,https://www.medizininformatik-initiative.de/fhir/ext/modul-icu/StructureDefinition/mii-pr-icu-bilanz-einfuhr-enterale-fluessigkeit
icu,MII_PR_ICU_Bilanz_Einfuhr_Enterale_Fluessigkeit,Observation.code.coding:loinc,"max,min,patternCoding",MII_PR_ICU_Bilanz,https://www.medizininformatik-initiative.de/fhir/ext/modul-icu/StructureDefinition/mii-pr-icu-bilanz-einfuhr-enterale-fluessigkeit
icu,MII_PR_ICU_Bilanz_Einfuhr_Enterale_Fluessigkeit,Observation.code.coding:IEEE-11073,max,MII_PR_ICU_Bilanz,https://www.medizininformatik-initiative.de/fhir/ext/modul-icu/StructureDefinition/mii-pr-icu-bilanz-einfuhr-enterale-fluessigkeit
icu,MII_PR_ICU_ECT_Blutfluss_Extrakorporaler_Gasaustausch,Observation.code.coding:sct,"max,min,patternCoding",MII_PR_ICU_Parameter_Von_Extrakorporalen_Verfahren,https://www.medizininformatik-initiative.de/fhir/ext/modul-icu/StructureDefinition/mii-pr-icu-ect-blutfluss-extrakorporaler-gasaustausch
icu,MII_PR_ICU_ECT_Blutfluss_Extrakorporaler_Gasaustausch,Observation.code.coding:loinc,max,MII_PR_ICU_Parameter_Von_Extrakorporalen_Verfahren,https://www.medizininformatik-initiative.de/fhir/ext/modul-icu/StructureDefinition/mii-pr-icu-ect-blutfluss-extrakorporaler-gasaustausch
icu,MII_PR_ICU_ECT_Blutfluss_Extrakorporaler_Gasaustausch,Observation.code.coding:IEEE-11073,max,MII_PR_ICU_Parameter_Von_Extrakorporalen_Verfahren,https://www.medizininformatik-initiative.de/fhir/ext/modul-icu/StructureDefinition/mii-pr-icu-ect-blutfluss-extrakorporaler-gasaustausch
icu,MII_PR_ICU_ECT_Blutfluss_Extrakorporaler_Gasaustausch,Observation.value[x],patternQuantity,MII_PR_ICU_Parameter_Von_Extrakorporalen_Verfahren,https://www.medizininformatik-initiative.de/fhir/ext/modul-icu/StructureDefinition/mii-pr-icu-ect-blutfluss-extrakorporaler-gasaustausch
icu,MII_PR_ICU_Bilanz_Einfuhr_Fluessigkeit_Gesamt,Observation.category.coding:hl7-category.code,patternCode,MII_PR_ICU_Bilanz,https://www.medizininformatik-initiative.de/fhir/ext/modul-icu/StructureDefinition/mii-pr-icu-bilanz-einfuhr-fluessigkeit-gesamt
icu,MII_PR_ICU_Bilanz_Einfuhr_Fluessigkeit_Gesamt,Observation.code.coding,min,MII_PR_ICU_Bilanz,https://www.medizininformatik-initiative.de/fhir/ext/modul-icu/StructureDefinition/mii-pr-icu-bilanz-einfuhr-fluessigkeit-gesamt
icu,MII_PR_ICU_Bilanz_Einfuhr_Fluessigkeit_Gesamt,Observation.code.coding:sct,"max,min,patternCoding",MII_PR_ICU_Bilanz,https://www.medizininformatik-initiative.de/fhir/ext/modul-icu/StructureDefinition/mii-pr-icu-bilanz-einfuhr-fluessigkeit-gesamt
icu,MII_PR_ICU_Bilanz_Einfuhr_Fluessigkeit_Gesamt,Observation.code.coding:loinc,"max,min,patternCoding",MII_PR_ICU_Bilanz,https://www.medizininformatik-initiative.de/fhir/ext/modul-icu/StructureDefinition/mii-pr-icu-bilanz-einfuhr-fluessigkeit-gesamt
icu,MII_PR_ICU_Bilanz_Einfuhr_Fluessigkeit_Gesamt,Observation.code.coding:IEEE-11073,max,MII_PR_ICU_Bilanz,https://www.medizininformatik-initiative.de/fhir/ext/modul-icu/StructureDefinition/mii-pr-icu-bilanz-einfuhr-fluessigkeit-gesamt
icu,MII_PR_ICU_Score_ZOPA,Observation.code.coding,min,MII_PR_ICU_Score,https://www.medizininformatik-initiative.de/fhir/ext/modul-icu/StructureDefinition/mii-pr-icu-score-zopa
icu,MII_PR_ICU_Score_ZOPA,Observation.value[x],"binding,min,type",MII_PR_ICU_Score,https://www.medizininformatik-initiative.de/fhir/ext/modul-icu/StructureDefinition/mii-pr-icu-score-zopa
icu,MII_PR_ICU_Bilanz_Ausfuhr_Drainage_Generisch,Observation.category.coding:hl7-category.code,patternCode,MII_PR_ICU_Bilanz,https://www.medizininformatik-initiative.de/fhir/ext/modul-icu/StructureDefinition/mii-pr-icu-bilanz-ausfuhr-drainage-generisch
icu,MII_PR_ICU_Bilanz_Ausfuhr_Drainage_Generisch,Observation.code.coding,min,MII_PR_ICU_Bilanz,https://www.medizininformatik-initiative.de/fhir/ext/modul-icu/StructureDefinition/mii-pr-icu-bilanz-ausfuhr-drainage-generisch
icu,MII_PR_ICU_Bilanz_Ausfuhr_Drainage_Generisch,Observation.code.coding:sct,"max,min,patternCoding",MII_PR_ICU_Bilanz,https://www.medizininformatik-initiative.de/fhir/ext/modul-icu/StructureDefinition/mii-pr-icu-bilanz-ausfuhr-drainage-generisch
icu,MII_PR_ICU_Bilanz_Ausfuhr_Drainage_Generisch,Observation.code.coding:loinc,max,MII_PR_ICU_Bilanz,https://www.medizininformatik-initiative.de/fhir/ext/modul-icu/StructureDefinition/mii-pr-icu-bilanz-ausfuhr-drainage-generisch
icu,MII_PR_ICU_Bilanz_Ausfuhr_Drainage_Generisch,Observation.code.coding:IEEE-11073,"max,min,patternCoding",MII_PR_ICU_Bilanz,https://www.medizininformatik-initiative.de/fhir/ext/modul-icu/StructureDefinition/mii-pr-icu-bilanz-ausfuhr-drainage-generisch
icu,MII_PR_ICU_ECT_Arterieller_Druck,Observation.code.coding:sct,"max,min,patternCoding",MII_PR_ICU_Parameter_Von_Extrakorporalen_Verfahren,https://www.medizininformatik-initiative.de/fhir/ext/modul-icu/StructureDefinition/mii-pr-icu-ect-arterieller-druck
icu,MII_PR_ICU_ECT_Arterieller_Druck,Observation.code.coding:loinc,max,MII_PR_ICU_Parameter_Von_Extrakorporalen_Verfahren,https://www.medizininformatik-initiative.de/fhir/ext/modul-icu/StructureDefinition/mii-pr-icu-ect-arterieller-druck
icu,MII_PR_ICU_ECT_Arterieller_Druck,Observation.code.coding:IEEE-11073,max,MII_PR_ICU_Parameter_Von_Extrakorporalen_Verfahren,https://www.medizininformatik-initiative.de/fhir/ext/modul-icu/StructureDefinition/mii-pr-icu-ect-arterieller-druck
icu,MII_PR_ICU_ECT_Arterieller_Druck,Observation.value[x],patternQuantity,MII_PR_ICU_Parameter_Von_Extrakorporalen_Verfahren,https://www.medizininformatik-initiative.de/fhir/ext/modul-icu/StructureDefinition/mii-pr-icu-ect-arterieller-druck
icu,MII_PR_ICU_VENT_Spontane_Atemfrequenz_Beatmet,Observation.category:kuenstlicheBeatmung,"max,min,patternCodeableConcept",MII_PR_ICU_Parameter_Von_Beatmung,https://www.medizininformatik-initiative.de/fhir/ext/modul-icu/StructureDefinition/mii-pr-icu-vent-spontane-atemfrequenz-beatmet
icu,MII_PR_ICU_VENT_Spontane_Atemfrequenz_Beatmet,Observation.code.coding,min,MII_PR_ICU_Parameter_Von_Beatmung,https://www.medizininformatik-initiative.de/fhir/ext/modul-icu/StructureDefinition/mii-pr-icu-vent-spontane-atemfrequenz-beatmet
icu,MII_PR_ICU_VENT_Spontane_Atemfrequenz_Beatmet,Observation.code.coding:sct,max,MII_PR_ICU_Parameter_Von_Beatmung,https://www.medizininformatik-initiative.de/fhir/ext/modul-icu/StructureDefinition/mii-pr-icu-vent-spontane-atemfrequenz-beatmet
icu,MII_PR_ICU_VENT_Spontane_Atemfrequenz_Beatmet,Observation.code.coding:loinc,"max,min,patternCoding",MII_PR_ICU_Parameter_Von_Beatmung,https://www.medizininformatik-initiative.de/fhir/ext/modul-icu/StructureDefinition/mii-pr-icu-vent-spontane-atemfrequenz-beatmet
icu,MII_PR_ICU_VENT_Spontane_Atemfrequenz_Beatmet,Observation.code.coding:IEEE-11073,"max,min,patternCoding",MII_PR_ICU_Parameter_Von_Beatmung,https://www.medizininformatik-initiative.de/fhir/ext/modul-icu/StructureDefinition/mii-pr-icu-vent-spontane-atemfrequenz-beatmet
icu,MII_PR_ICU_VENT_Spontane_Atemfrequenz_Beatmet,Observation.value[x],patternQuantity,MII_PR_ICU_Parameter_Von_Beatmung,https://www.medizininformatik-initiative.de/fhir/ext/modul-icu/StructureDefinition/mii-pr-icu-vent-spontane-atemfrequenz-beatmet
icu,MII_PR_ICU_Bilanz_Ausfuhr_Urin,Observation.category.coding:hl7-category.code,patternCode,MII_PR_ICU_Bilanz,https://www.medizininformatik-initiative.de/fhir/ext/modul-icu/StructureDefinition/mii-pr-icu-bilanz-ausfuhr-urin
icu,MII_PR_ICU_Bilanz_Ausfuhr_Urin,Observation.code.coding,min,MII_PR_ICU_Bilanz,https://www.medizininformatik-initiative.de/fhir/ext/modul-icu/StructureDefinition/mii-pr-icu-bilanz-ausfuhr-urin
icu,MII_PR_ICU_Bilanz_Ausfuhr_Urin,Observation.code.coding:sct,"max,min,patternCoding",MII_PR_ICU_Bilanz,https://www.medizininformatik-initiative.de/fhir/ext/modul-icu/StructureDefinition/mii-pr-icu-bilanz-ausfuhr-urin
icu,MII_PR_ICU_Bilanz_Ausfuhr_Urin,Observation.code.coding:loinc,"max,min,patternCoding",MII_PR_ICU_Bilanz,https://www.medizininformatik-initiative.de/fhir/ext/modul-icu/StructureDefinition/mii-pr-icu-bilanz-ausfuhr-urin
icu,MII_PR_ICU_Bilanz_Ausfuhr_Urin,Observation.code.coding:IEEE-11073,max,MII_PR_ICU_Bilanz,https://www.medizininformatik-initiative.de/fhir/ext/modul-icu/StructureDefinition/mii-pr-icu-bilanz-ausfuhr-urin
icu,MII_PR_ICU_Bilanz_Einfuhr_Spendermilch,Observation.category.coding:hl7-category.code,patternCode,MII_PR_ICU_Bilanz,https://www.medizininformatik-initiative.de/fhir/ext/modul-icu/StructureDefinition/mii-pr-icu-bilanz-einfuhr-spendermilch
icu,MII_PR_ICU_Bilanz_Einfuhr_Spendermilch,Observation.code.coding,min,MII_PR_ICU_Bilanz,https://www.medizininformatik-initiative.de/fhir/ext/modul-icu/StructureDefinition/mii-pr-icu-bilanz-einfuhr-spendermilch
icu,MII_PR_ICU_Bilanz_Einfuhr_Spendermilch,Observation.code.coding:sct,"max,min,patternCoding",MII_PR_ICU_Bilanz,https://www.medizininformatik-initiative.de/fhir/ext/modul-icu/StructureDefinition/mii-pr-icu-bilanz-einfuhr-spendermilch
icu,MII_PR_ICU_Bilanz_Einfuhr_Spendermilch,Observation.code.coding:loinc,max,MII_PR_ICU_Bilanz,https://www.medizininformatik-initiative.de/fhir/ext/modul-icu/StructureDefinition/mii-pr-icu-bilanz-einfuhr-spendermilch
icu,MII_PR_ICU_Bilanz_Einfuhr_Spendermilch,Observation.code.coding:IEEE-11073,max,MII_PR_ICU_Bilanz,https://www.medizininformatik-initiative.de/fhir/ext/modul-icu/StructureDefinition/mii-pr-icu-bilanz-einfuhr-spendermilch
icu,MII_PR_ICU_Score_Visuelle_Analogskala,Observation.code.coding,min,MII_PR_ICU_Score,https://www.medizininformatik-initiative.de/fhir/ext/modul-icu/StructureDefinition/mii-pr-icu-score-visuelle-analogskala
icu,MII_PR_ICU_Score_Visuelle_Analogskala,Observation.code.coding:loinc,min,MII_PR_ICU_Score,https://www.medizininformatik-initiative.de/fhir/ext/modul-icu/StructureDefinition/mii-pr-icu-score-visuelle-analogskala
icu,MII_PR_ICU_Score_Visuelle_Analogskala,Observation.code.coding:loinc.code,patternCode,MII_PR_ICU_Score,https://www.medizininformatik-initiative.de/fhir/ext/modul-icu/StructureDefinition/mii-pr-icu-score-visuelle-analogskala
icu,MII_PR_ICU_Score_Visuelle_Analogskala,Observation.code.coding:sct,min,MII_PR_ICU_Score,https://www.medizininformatik-initiative.de/fhir/ext/modul-icu/StructureDefinition/mii-pr-icu-score-visuelle-analogskala
icu,MII_PR_ICU_Score_Visuelle_Analogskala,Observation.code.coding:sct.code,patternCode,MII_PR_ICU_Score,https://www.medizininformatik-initiative.de/fhir/ext/modul-icu/StructureDefinition/mii-pr-icu-score-visuelle-analogskala
icu,MII_PR_ICU_Score_Visuelle_Analogskala,Observation.value[x],type,MII_PR_ICU_Score,https://www.medizininformatik-initiative.de/fhir/ext/modul-icu/StructureDefinition/mii-pr-icu-score-visuelle-analogskala
icu,MII_PR_ICU_VENT_Spontane_Mechanische_Atemfrequenz_Beatmet,Observation.category:kuenstlicheBeatmung,"max,min,patternCodeableConcept",MII_PR_ICU_Parameter_Von_Beatmung,https://www.medizininformatik-initiative.de/fhir/ext/modul-icu/StructureDefinition/mii-pr-icu-vent-spontane-mechanische-atemfrequenz-beatmet
icu,MII_PR_ICU_VENT_Spontane_Mechanische_Atemfrequenz_Beatmet,Observation.code.coding,min,MII_PR_ICU_Parameter_Von_Beatmung,https://www.medizininformatik-initiative.de/fhir/ext/modul-icu/StructureDefinition/mii-pr-icu-vent-spontane-mechanische-atemfrequenz-beatmet
icu,MII_PR_ICU_VENT_Spontane_Mechanische_Atemfrequenz_Beatmet,Observation.code.coding:sct,"max,min,patternCoding",MII_PR_ICU_Parameter_Von_Beatmung,https://www.medizininformatik-initiative.de/fhir/ext/modul-icu/StructureDefinition/mii-pr-icu-vent-spontane-mechanische-atemfrequenz-beatmet
icu,MII_PR_ICU_VENT_Spontane_Mechanische_Atemfrequenz_Beatmet,Observation.code.coding:loinc,"max,min,patternCoding",MII_PR_ICU_Parameter_Von_Beatmung,https://www.medizininformatik-initiative.de/fhir/ext/modul-icu/StructureDefinition/mii-pr-icu-vent-spontane-mechanische-atemfrequenz-beatmet
icu,MII_PR_ICU_VENT_Spontane_Mechanische_Atemfrequenz_Beatmet,Observation.code.coding:IEEE-11073,"max,min,patternCoding",MII_PR_ICU_Parameter_Von_Beatmung,https://www.medizininformatik-initiative.de/fhir/ext/modul-icu/StructureDefinition/mii-pr-icu-vent-spontane-mechanische-atemfrequenz-beatmet
icu,MII_PR_ICU_VENT_Spontane_Mechanische_Atemfrequenz_Beatmet,Observation.value[x],patternQuantity,MII_PR_ICU_Parameter_Von_Beatmung,https://www.medizininformatik-initiative.de/fhir/ext/modul-icu/StructureDefinition/mii-pr-icu-vent-spontane-mechanische-atemfrequenz-beatmet
icu,MII_PR_ICU_Bilanz_Ausfuhr_Pankreasdrainage,Observation.category.coding:hl7-category.code,patternCode,MII_PR_ICU_Bilanz,https://www.medizininformatik-initiative.de/fhir/ext/modul-icu/StructureDefinition/mii-pr-icu-bilanz-ausfuhr-pankreasdrainage
icu,MII_PR_ICU_Bilanz_Ausfuhr_Pankreasdrainage,Observation.code.coding,min,MII_PR_ICU_Bilanz,https://www.medizininformatik-initiative.de/fhir/ext/modul-icu/StructureDefinition/mii-pr-icu-bilanz-ausfuhr-pankreasdrainage
icu,MII_PR_ICU_Bilanz_Ausfuhr_Pankreasdrainage,Observation.code.coding:sct,"max,min,patternCoding",MII_PR_ICU_Bilanz,https://www.medizininformatik-initiative.de/fhir/ext/modul-icu/StructureDefinition/mii-pr-icu-bilanz-ausfuhr-pankreasdrainage
icu,MII_PR_ICU_Bilanz_Ausfuhr_Pankreasdrainage,Observation.code.coding:loinc,max,MII_PR_ICU_Bilanz,https://www.medizininformatik-initiative.de/fhir/ext/modul-icu/StructureDefinition/mii-pr-icu-bilanz-ausfuhr-pankreasdrainage
icu,MII_PR_ICU_Bilanz_Ausfuhr_Pankreasdrainage,Observation.code.coding:IEEE-11073,max,MII_PR_ICU_Bilanz,https://www.medizininformatik-initiative.de/fhir/ext/modul-icu/StructureDefinition/mii-pr-icu-bilanz-ausfuhr-pankreasdrainage
icu,MII_PR_ICU_VENT_Spontanes_Atemzugvolumen,Observation.category:kuenstlicheBeatmung,"max,min,patternCodeableConcept",MII_PR_ICU_Parameter_Von_Beatmung,https://www.medizininformatik-initiative.de/fhir/ext/modul-icu/StructureDefinition/mii-pr-icu-vent-spontanes-atemzugvolumen
icu,MII_PR_ICU_VENT_Spontanes_Atemzugvolumen,Observation.code.coding:sct,"max,min,patternCoding",MII_PR_ICU_Parameter_Von_Beatmung,https://www.medizininformatik-initiative.de/fhir/ext/modul-icu/StructureDefinition/mii-pr-icu-vent-spontanes-atemzugvolumen
icu,MII_PR_ICU_VENT_Spontanes_Atemzugvolumen,Observation.code.coding:loinc,max,MII_PR_ICU_Parameter_Von_Beatmung,https://www.medizininformatik-initiative.de/fhir/ext/modul-icu/StructureDefinition/mii-pr-icu-vent-spontanes-atemzugvolumen
icu,MII_PR_ICU_VENT_Spontanes_Atemzugvolumen,Observation.code.coding:IEEE-11073,max,MII_PR_ICU_Parameter_Von_Beatmung,https://www.medizininformatik-initiative.de/fhir/ext/modul-icu/StructureDefinition/mii-pr-icu-vent-spontanes-atemzugvolumen
icu,MII_PR_ICU_VENT_Spontanes_Atemzugvolumen,Observation.value[x],patternQuantity,MII_PR_ICU_Parameter_Von_Beatmung,https://www.medizininformatik-initiative.de/fhir/ext/modul-icu/StructureDefinition/mii-pr-icu-vent-spontanes-atemzugvolumen
icu,MII_PR_ICU_VENT_Zeitverhaeltnis_Ein_Ausatmung,Observation.category:kuenstlicheBeatmung,"max,min,patternCodeableConcept",MII_PR_ICU_Parameter_Von_Beatmung,https://www.medizininformatik-initiative.de/fhir/ext/modul-icu/StructureDefinition/mii-pr-icu-vent-zeitverhaeltnis-ein-ausatmung
icu,MII_PR_ICU_VENT_Zeitverhaeltnis_Ein_Ausatmung,Observation.code.coding,min,MII_PR_ICU_Parameter_Von_Beatmung,https://www.medizininformatik-initiative.de/fhir/ext/modul-icu/StructureDefinition/mii-pr-icu-vent-zeitverhaeltnis-ein-ausatmung
icu,MII_PR_ICU_VENT_Zeitverhaeltnis_Ein_Ausatmung,Observation.code.coding:sct,"max,min,patternCoding",MII_PR_ICU_Parameter_Von_Beatmung,https://www.medizininformatik-initiative.de/fhir/ext/modul-icu/StructureDefinition/mii-pr-icu-vent-zeitverhaeltnis-ein-ausatmung
icu,MII_PR_ICU_VENT_Zeitverhaeltnis_Ein_Ausatmung,Observation.code.coding:loinc,"max,min,patternCoding",MII_PR_ICU_Parameter_Von_Beatmung,https://www.medizininformatik-initiative.de/fhir/ext/modul-icu/StructureDefinition/mii-pr-icu-vent-zeitverhaeltnis-ein-ausatmung
icu,MII_PR_ICU_VENT_Zeitverhaeltnis_Ein_Ausatmung,Observation.code.coding:IEEE-11073,"max,min,patternCoding",MII_PR_ICU_Parameter_Von_Beatmung,https://www.medizininformatik-initiative.de/fhir/ext/modul-icu/StructureDefinition/mii-pr-icu-vent-zeitverhaeltnis-ein-ausatmung
icu,MII_PR_ICU_VENT_Zeitverhaeltnis_Ein_Ausatmung,Observation.value[x],patternQuantity,MII_PR_ICU_Parameter_Von_Beatmung,https://www.medizininformatik-initiative.de/fhir/ext/modul-icu/StructureDefinition/mii-pr-icu-vent-zeitverhaeltnis-ein-ausatmung
icu,MII_PR_ICU_VENT_Beatmungszeit_Niedrigem_Druck,Observation.category:kuenstlicheBeatmung,"max,min,patternCodeableConcept",MII_PR_ICU_Parameter_Von_Beatmung,https://www.medizininformatik-initiative.de/fhir/ext/modul-icu/StructureDefinition/mii-pr-icu-vent-beatmungszeit-niedrigem-druck
icu,MII_PR_ICU_VENT_Beatmungszeit_Niedrigem_Druck,Observation.code.coding,min,MII_PR_ICU_Parameter_Von_Beatmung,https://www.medizininformatik-initiative.de/fhir/ext/modul-icu/StructureDefinition/mii-pr-icu-vent-beatmungszeit-niedrigem-druck
icu,MII_PR_ICU_VENT_Beatmungszeit_Niedrigem_Druck,Observation.code.coding:sct,max,MII_PR_ICU_Parameter_Von_Beatmung,https://www.medizininformatik-initiative.de/fhir/ext/modul-icu/StructureDefinition/mii-pr-icu-vent-beatmungszeit-niedrigem-druck
icu,MII_PR_ICU_VENT_Beatmungszeit_Niedrigem_Druck,Observation.code.coding:loinc,"max,min,patternCoding",MII_PR_ICU_Parameter_Von_Beatmung,https://www.medizininformatik-initiative.de/fhir/ext/modul-icu/StructureDefinition/mii-pr-icu-vent-beatmungszeit-niedrigem-druck
icu,MII_PR_ICU_VENT_Beatmungszeit_Niedrigem_Druck,Observation.code.coding:IEEE-11073,"max,min,patternCoding",MII_PR_ICU_Parameter_Von_Beatmung,https://www.medizininformatik-initiative.de/fhir/ext/modul-icu/StructureDefinition/mii-pr-icu-vent-beatmungszeit-niedrigem-druck
icu,MII_PR_ICU_VENT_Beatmungszeit_Niedrigem_Druck,Observation.value[x],patternQuantity,MII_PR_ICU_Parameter_Von_Beatmung,https://www.medizininformatik-initiative.de/fhir/ext/modul-icu/StructureDefinition/mii-pr-icu-vent-beatmungszeit-niedrigem-druck
icu,MII_PR_ICU_ECT_Blutfluss_Cardiovasculaeres_Geraet,Observation.code.coding:sct,"max,min,patternCoding",MII_PR_ICU_Parameter_Von_Extrakorporalen_Verfahren,https://www.medizininformatik-initiative.de/fhir/ext/modul-icu/StructureDefinition/mii-pr-icu-ect-blutfluss-cardiovasculaeres-geraet
icu,MII_PR_ICU_ECT_Blutfluss_Cardiovasculaeres_Geraet,Observation.code.coding:loinc,max,MII_PR_ICU_Parameter_Von_Extrakorporalen_Verfahren,https://www.medizininformatik-initiative.de/fhir/ext/modul-icu/StructureDefinition/mii-pr-icu-ect-blutfluss-cardiovasculaeres-geraet
icu,MII_PR_ICU_ECT_Blutfluss_Cardiovasculaeres_Geraet,Observation.code.coding:IEEE-11073,max,MII_PR_ICU_Parameter_Von_Extrakorporalen_Verfahren,https://www.medizininformatik-initiative.de/fhir/ext/modul-icu/StructureDefinition/mii-pr-icu-ect-blutfluss-cardiovasculaeres-geraet
icu,MII_PR_ICU_ECT_Blutfluss_Cardiovasculaeres_Geraet,Observation.value[x],patternQuantity,MII_PR_ICU_Parameter_Von_Extrakorporalen_Verfahren,https://www.medizininformatik-initiative.de/fhir/ext/modul-icu/StructureDefinition/mii-pr-icu-ect-blutfluss-cardiovasculaeres-geraet
icu,MII_PR_ICU_VENT_Mittlerer_Beatmungsdruck,Observation.code.coding,min,MII_PR_ICU_Parameter_Von_Beatmung,https://www.medizininformatik-initiative.de/fhir/ext/modul-icu/StructureDefinition/mii-pr-icu-vent-mittlerer-beatmungsdruck
icu,MII_PR_ICU_VENT_Mittlerer_Beatmungsdruck,Observation.code.coding:sct,"max,min,patternCoding",MII_PR_ICU_Parameter_Von_Beatmung,https://www.medizininformatik-initiative.de/fhir/ext/modul-icu/StructureDefinition/mii-pr-icu-vent-mittlerer-beatmungsdruck
icu,MII_PR_ICU_VENT_Mittlerer_Beatmungsdruck,Observation.code.coding:loinc,"max,min,patternCoding",MII_PR_ICU_Parameter_Von_Beatmung,https://www.medizininformatik-initiative.de/fhir/ext/modul-icu/StructureDefinition/mii-pr-icu-vent-mittlerer-beatmungsdruck
icu,MII_PR_ICU_VENT_Mittlerer_Beatmungsdruck,Observation.code.coding:IEEE-11073,"max,min,patternCoding",MII_PR_ICU_Parameter_Von_Beatmung,https://www.medizininformatik-initiative.de/fhir/ext/modul-icu/StructureDefinition/mii-pr-icu-vent-mittlerer-beatmungsdruck
icu,MII_PR_ICU_VENT_Mittlerer_Beatmungsdruck,Observation.value[x],patternQuantity,MII_PR_ICU_Parameter_Von_Beatmung,https://www.medizininformatik-initiative.de/fhir/ext/modul-icu/StructureDefinition/mii-pr-icu-vent-mittlerer-beatmungsdruck
icu,MII_PR_ICU_Bilanz_Ausfuhr_Fluessigkeit_Gesamt,Observation.category.coding:hl7-category.code,patternCode,MII_PR_ICU_Bilanz,https://www.medizininformatik-initiative.de/fhir/ext/modul-icu/StructureDefinition/mii-pr-icu-bilanz-ausfuhr-fluessigkeit-gesamt
icu,MII_PR_ICU_Bilanz_Ausfuhr_Fluessigkeit_Gesamt,Observation.code.coding,min,MII_PR_ICU_Bilanz,https://www.medizininformatik-initiative.de/fhir/ext/modul-icu/StructureDefinition/mii-pr-icu-bilanz-ausfuhr-fluessigkeit-gesamt
icu,MII_PR_ICU_Bilanz_Ausfuhr_Fluessigkeit_Gesamt,Observation.code.coding:sct,"max,min,patternCoding",MII_PR_ICU_Bilanz,https://www.medizininformatik-initiative.de/fhir/ext/modul-icu/StructureDefinition/mii-pr-icu-bilanz-ausfuhr-fluessigkeit-gesamt
icu,MII_PR_ICU_Bilanz_Ausfuhr_Fluessigkeit_Gesamt,Observation.code.coding:loinc,"max,min,patternCoding",MII_PR_ICU_Bilanz,https://www.medizininformatik-initiative.de/fhir/ext/modul-icu/StructureDefinition/mii-pr-icu-bilanz-ausfuhr-fluessigkeit-gesamt
icu,MII_PR_ICU_Bilanz_Ausfuhr_Fluessigkeit_Gesamt,Observation.code.coding:IEEE-11073,max,MII_PR_ICU_Bilanz,https://www.medizininformatik-initiative.de/fhir/ext/modul-icu/StructureDefinition/mii-pr-icu-bilanz-ausfuhr-fluessigkeit-gesamt
icu,MII_PR_ICU_VENT_Plateau_Beatmungsdruck,Observation.category:kuenstlicheBeatmung,"max,min,patternCodeableConcept",MII_PR_ICU_Parameter_Von_Beatmung,https://www.medizininformatik-initiative.de/fhir/ext/modul-icu/StructureDefinition/mii-pr-icu-vent-plateau-beatmungsdruck
icu,MII_PR_ICU_VENT_Plateau_Beatmungsdruck,Observation.code.coding,min,MII_PR_ICU_Parameter_Von_Beatmung,https://www.medizininformatik-initiative.de/fhir/ext/modul-icu/StructureDefinition/mii-pr-icu-vent-plateau-beatmungsdruck
icu,MII_PR_ICU_VENT_Plateau_Beatmungsdruck,Observation.code.coding:sct,"max,min,patternCoding",MII_PR_ICU_Parameter_Von_Beatmung,https://www.medizininformatik-initiative.de/fhir/ext/modul-icu/StructureDefinition/mii-pr-icu-vent-plateau-beatmungsdruck
icu,MII_PR_ICU_VENT_Plateau_Beatmungsdruck,Observation.code.coding:loinc,"max,min,patternCoding",MII_PR_ICU_Parameter_Von_Beatmung,https://www.medizininformatik-initiative.de/fhir/ext/modul-icu/StructureDefinition/mii-pr-icu-vent-plateau-beatmungsdruck
icu,MII_PR_ICU_VENT_Plateau_Beatmungsdruck,Observation.code.coding:IEEE-11073,"max,min,patternCoding",MII_PR_ICU_Parameter_Von_Beatmung,https://www.medizininformatik-initiative.de/fhir/ext/modul-icu/StructureDefinition/mii-pr-icu-vent-plateau-beatmungsdruck
icu,MII_PR_ICU_VENT_Plateau_Beatmungsdruck,Observation.value[x],patternQuantity,MII_PR_ICU_Parameter_Von_Beatmung,https://www.medizininformatik-initiative.de/fhir/ext/modul-icu/StructureDefinition/mii-pr-icu-vent-plateau-beatmungsdruck
icu,MII_PR_ICU_Bilanz_Ausfuhr_OP_Drainage,Observation.category.coding:hl7-category.code,patternCode,MII_PR_ICU_Bilanz,https://www.medizininformatik-initiative.de/fhir/ext/modul-icu/StructureDefinition/mii-pr-icu-bilanz-ausfuhr-op-drainage
icu,MII_PR_ICU_Bilanz_Ausfuhr_OP_Drainage,Observation.code.coding,min,MII_PR_ICU_Bilanz,https://www.medizininformatik-initiative.de/fhir/ext/modul-icu/StructureDefinition/mii-pr-icu-bilanz-ausfuhr-op-drainage
icu,MII_PR_ICU_Bilanz_Ausfuhr_OP_Drainage,Observation.code.coding:sct,"max,min,patternCoding",MII_PR_ICU_Bilanz,https://www.medizininformatik-initiative.de/fhir/ext/modul-icu/StructureDefinition/mii-pr-icu-bilanz-ausfuhr-op-drainage
icu,MII_PR_ICU_Bilanz_Ausfuhr_OP_Drainage,Observation.code.coding:loinc,max,MII_PR_ICU_Bilanz,https://www.medizininformatik-initiative.de/fhir/ext/modul-icu/StructureDefinition/mii-pr-icu-bilanz-ausfuhr-op-drainage
icu,MII_PR_ICU_Bilanz_Ausfuhr_OP_Drainage,Observation.code.coding:IEEE-11073,max,MII_PR_ICU_Bilanz,https://www.medizininformatik-initiative.de/fhir/ext/modul-icu/StructureDefinition/mii-pr-icu-bilanz-ausfuhr-op-drainage
icu,MII_PR_ICU_ECT_Substituatfluss,Observation.category,min,MII_PR_ICU_Parameter_Von_Extrakorporalen_Verfahren,https://www.medizininformatik-initiative.de/fhir/ext/modul-icu/StructureDefinition/mii-pr-icu-ect-substituatfluss
icu,MII_PR_ICU_ECT_Substituatfluss,Observation.code.coding:sct,"max,min,patternCoding",MII_PR_ICU_Parameter_Von_Extrakorporalen_Verfahren,https://www.medizininformatik-initiative.de/fhir/ext/modul-icu/StructureDefinition/mii-pr-icu-ect-substituatfluss
icu,MII_PR_ICU_ECT_Substituatfluss,Observation.code.coding:loinc,max,MII_PR_ICU_Parameter_Von_Extrakorporalen_Verfahren,https://www.medizininformatik-initiative.de/fhir/ext/modul-icu/StructureDefinition/mii-pr-icu-ect-substituatfluss
icu,MII_PR_ICU_ECT_Substituatfluss,Observation.code.coding:IEEE-11073,max,MII_PR_ICU_Parameter_Von_Extrakorporalen_Verfahren,https://www.medizininformatik-initiative.de/fhir/ext/modul-icu/StructureDefinition/mii-pr-icu-ect-substituatfluss
icu,MII_PR_ICU_ECT_Substituatfluss,Observation.effective[x],min,MII_PR_ICU_Parameter_Von_Extrakorporalen_Verfahren,https://www.medizininformatik-initiative.de/fhir/ext/modul-icu/StructureDefinition/mii-pr-icu-ect-substituatfluss
icu,MII_PR_ICU_ECT_Substituatfluss,Observation.value[x],patternQuantity,MII_PR_ICU_Parameter_Von_Extrakorporalen_Verfahren,https://www.medizininformatik-initiative.de/fhir/ext/modul-icu/StructureDefinition/mii-pr-icu-ect-substituatfluss
icu,MII_PR_ICU_Bilanz_Ausfuhr_Blutverlust,Observation.category.coding:hl7-category.code,patternCode,MII_PR_ICU_Bilanz,https://www.medizininformatik-initiative.de/fhir/ext/modul-icu/StructureDefinition/mii-pr-icu-bilanz-ausfuhr-blutverlust
icu,MII_PR_ICU_Bilanz_Ausfuhr_Blutverlust,Observation.code.coding,min,MII_PR_ICU_Bilanz,https://www.medizininformatik-initiative.de/fhir/ext/modul-icu/StructureDefinition/mii-pr-icu-bilanz-ausfuhr-blutverlust
icu,MII_PR_ICU_Bilanz_Ausfuhr_Blutverlust,Observation.code.coding:sct,"max,min,patternCoding",MII_PR_ICU_Bilanz,https://www.medizininformatik-initiative.de/fhir/ext/modul-icu/StructureDefinition/mii-pr-icu-bilanz-ausfuhr-blutverlust
icu,MII_PR_ICU_Bilanz_Ausfuhr_Blutverlust,Observation.code.coding:loinc,"max,min,patternCoding",MII_PR_ICU_Bilanz,https://www.medizininformatik-initiative.de/fhir/ext/modul-icu/StructureDefinition/mii-pr-icu-bilanz-ausfuhr-blutverlust
icu,MII_PR_ICU_Bilanz_Ausfuhr_Blutverlust,Observation.code.coding:IEEE-11073,max,MII_PR_ICU_Bilanz,https://www.medizininformatik-initiative.de/fhir/ext/modul-icu/StructureDefinition/mii-pr-icu-bilanz-ausfuhr-blutverlust
icu,MII_PR_ICU_VENT_Exspiratorischer_Sauerstoffpartialdruck,Observation.category:kuenstlicheBeatmung,"max,min,patternCodeableConcept",MII_PR_ICU_Parameter_Von_Beatmung,https://www.medizininformatik-initiative.de/fhir/ext/modul-icu/StructureDefinition/mii-pr-icu-vent-exspiratorischer-sauerstoffpartialdruck
icu,MII_PR_ICU_VENT_Exspiratorischer_Sauerstoffpartialdruck,Observation.category:Sauerstofftherapie,"max,min,patternCodeableConcept",MII_PR_ICU_Parameter_Von_Beatmung,https://www.medizininformatik-initiative.de/fhir/ext/modul-icu/StructureDefinition/mii-pr-icu-vent-exspiratorischer-sauerstoffpartialdruck
icu,MII_PR_ICU_VENT_Exspiratorischer_Sauerstoffpartialdruck,Observation.code.coding,min,MII_PR_ICU_Parameter_Von_Beatmung,https://www.medizininformatik-initiative.de/fhir/ext/modul-icu/StructureDefinition/mii-pr-icu-vent-exspiratorischer-sauerstoffpartialdruck
icu,MII_PR_ICU_VENT_Exspiratorischer_Sauerstoffpartialdruck,Observation.code.coding:sct,"max,min,patternCoding",MII_PR_ICU_Parameter_Von_Beatmung,https://www.medizininformatik-initiative.de/fhir/ext/modul-icu/StructureDefinition/mii-pr-icu-vent-exspiratorischer-sauerstoffpartialdruck
icu,MII_PR_ICU_VENT_Exspiratorischer_Sauerstoffpartialdruck,Observation.code.coding:loinc,"max,min,patternCoding",MII_PR_ICU_Parameter_Von_Beatmung,https://www.medizininformatik-initiative.de/fhir/ext/modul-icu/StructureDefinition/mii-pr-icu-vent-exspiratorischer-sauerstoffpartialdruck
icu,MII_PR_ICU_VENT_Exspiratorischer_Sauerstoffpartialdruck,Observation.code.coding:IEEE-11073,"max,min,patternCoding",MII_PR_ICU_Parameter_Von_Beatmung,https://www.medizininformatik-initiative.de/fhir/ext/modul-icu/StructureDefinition/mii-pr-icu-vent-exspiratorischer-sauerstoffpartialdruck
icu,MII_PR_ICU_VENT_Exspiratorischer_Sauerstoffpartialdruck,Observation.value[x],patternQuantity,MII_PR_ICU_Parameter_Von_Beatmung,https://www.medizininformatik-initiative.de/fhir/ext/modul-icu/StructureDefinition/mii-pr-icu-vent-exspiratorischer-sauerstoffpartialdruck
icu,MII_PR_ICU_VENT_Unterstuetzungsdruck_Beatmung,Observation.category:kuenstlicheBeatmung,"max,min,patternCodeableConcept",MII_PR_ICU_Parameter_Von_Beatmung,https://www.medizininformatik-initiative.de/fhir/ext/modul-icu/StructureDefinition/mii-pr-icu-vent-unterstuetzungsdruck-beatmung
icu,MII_PR_ICU_VENT_Unterstuetzungsdruck_Beatmung,Observation.code.coding:sct,max,MII_PR_ICU_Parameter_Von_Beatmung,https://www.medizininformatik-initiative.de/fhir/ext/modul-icu/StructureDefinition/mii-pr-icu-vent-unterstuetzungsdruck-beatmung
icu,MII_PR_ICU_VENT_Unterstuetzungsdruck_Beatmung,Observation.code.coding:loinc,"max,min,patternCoding",MII_PR_ICU_Parameter_Von_Beatmung,https://www.medizininformatik-initiative.de/fhir/ext/modul-icu/StructureDefinition/mii-pr-icu-vent-unterstuetzungsdruck-beatmung
icu,MII_PR_ICU_VENT_Unterstuetzungsdruck_Beatmung,Observation.code.coding:IEEE-11073,max,MII_PR_ICU_Parameter_Von_Beatmung,https://www.medizininformatik-initiative.de/fhir/ext/modul-icu/StructureDefinition/mii-pr-icu-vent-unterstuetzungsdruck-beatmung
icu,MII_PR_ICU_VENT_Unterstuetzungsdruck_Beatmung,Observation.value[x],patternQuantity,MII_PR_ICU_Parameter_Von_Beatmung,https://www.medizininformatik-initiative.de/fhir/ext/modul-icu/StructureDefinition/mii-pr-icu-vent-unterstuetzungsdruck-beatmung
icu,MII_PR_ICU_Extrakorporales_Verfahren,Procedure.category,min,MII_PR_Prozedur_Procedure,https://www.medizininformatik-initiative.de/fhir/ext/modul-icu/StructureDefinition/mii-pr-icu-extrakorporales-verfahren
icu,MII_PR_ICU_Extrakorporales_Verfahren,Procedure.category.coding,"max,min",MII_PR_Prozedur_Procedure,https://www.medizininformatik-initiative.de/fhir/ext/modul-icu/StructureDefinition/mii-pr-icu-extrakorporales-verfahren
icu,MII_PR_ICU_Extrakorporales_Verfahren,Procedure.category.coding:sct,patternCoding,MII_PR_Prozedur_Procedure,https://www.medizininformatik-initiative.de/fhir/ext/modul-icu/StructureDefinition/mii-pr-icu-extrakorporales-verfahren
icu,MII_PR_ICU_Extrakorporales_Verfahren,Procedure.category.coding:sct.system,patternUri,MII_PR_Prozedur_Procedure,https://www.medizininformatik-initiative.de/fhir/ext/modul-icu/StructureDefinition/mii-pr-icu-extrakorporales-verfahren
icu,MII_PR_ICU_Extrakorporales_Verfahren,Procedure.code.coding:sct,binding,MII_PR_Prozedur_Procedure,https://www.medizininformatik-initiative.de/fhir/ext/modul-icu/StructureDefinition/mii-pr-icu-extrakorporales-verfahren
icu,MII_PR_ICU_Extrakorporales_Verfahren,Procedure.encounter,type,MII_PR_Prozedur_Procedure,https://www.medizininformatik-initiative.de/fhir/ext/modul-icu/StructureDefinition/mii-pr-icu-extrakorporales-verfahren
icu,MII_PR_ICU_Extrakorporales_Verfahren,Procedure.performed[x],type,MII_PR_Prozedur_Procedure,https://www.medizininformatik-initiative.de/fhir/ext/modul-icu/StructureDefinition/mii-pr-icu-extrakorporales-verfahren
icu,MII_PR_ICU_VENT_Mechanische_Atemfrequenz_Beatmet,Observation.category:kuenstlicheBeatmung,"max,min,patternCodeableConcept",MII_PR_ICU_Parameter_Von_Beatmung,https://www.medizininformatik-initiative.de/fhir/ext/modul-icu/StructureDefinition/mii-pr-icu-vent-mechanische-atemfrequenz-beatmet
icu,MII_PR_ICU_VENT_Mechanische_Atemfrequenz_Beatmet,Observation.code.coding,min,MII_PR_ICU_Parameter_Von_Beatmung,https://www.medizininformatik-initiative.de/fhir/ext/modul-icu/StructureDefinition/mii-pr-icu-vent-mechanische-atemfrequenz-beatmet
icu,MII_PR_ICU_VENT_Mechanische_Atemfrequenz_Beatmet,Observation.code.coding:sct,"max,min,patternCoding",MII_PR_ICU_Parameter_Von_Beatmung,https://www.medizininformatik-initiative.de/fhir/ext/modul-icu/StructureDefinition/mii-pr-icu-vent-mechanische-atemfrequenz-beatmet
icu,MII_PR_ICU_VENT_Mechanische_Atemfrequenz_Beatmet,Observation.code.coding:loinc,"max,min,patternCoding",MII_PR_ICU_Parameter_Von_Beatmung,https://www.medizininformatik-initiative.de/fhir/ext/modul-icu/StructureDefinition/mii-pr-icu-vent-mechanische-atemfrequenz-beatmet
icu,MII_PR_ICU_VENT_Mechanische_Atemfrequenz_Beatmet,Observation.code.coding:IEEE-11073,"max,min,patternCoding",MII_PR_ICU_Parameter_Von_Beatmung,https://www.medizininformatik-initiative.de/fhir/ext/modul-icu/StructureDefinition/mii-pr-icu-vent-mechanische-atemfrequenz-beatmet
icu,MII_PR_ICU_VENT_Mechanische_Atemfrequenz_Beatmet,Observation.value[x],patternQuantity,MII_PR_ICU_Parameter_Von_Beatmung,https://www.medizininformatik-initiative.de/fhir/ext/modul-icu/StructureDefinition/mii-pr-icu-vent-mechanische-atemfrequenz-beatmet
icu,MII_PR_ICU_VENT_Beatmungsvolumen_Pro_Minute_Maschineller_Beatmung,Observation.category:kuenstlicheBeatmung,"max,min,patternCodeableConcept",MII_PR_ICU_Parameter_Von_Beatmung,https://www.medizininformatik-initiative.de/fhir/ext/modul-icu/StructureDefinition/mii-pr-icu-vent-beatmungsvolumen-pro-minute-maschineller-beatmung
icu,MII_PR_ICU_VENT_Beatmungsvolumen_Pro_Minute_Maschineller_Beatmung,Observation.code.coding,min,MII_PR_ICU_Parameter_Von_Beatmung,https://www.medizininformatik-initiative.de/fhir/ext/modul-icu/StructureDefinition/mii-pr-icu-vent-beatmungsvolumen-pro-minute-maschineller-beatmung
icu,MII_PR_ICU_VENT_Beatmungsvolumen_Pro_Minute_Maschineller_Beatmung,Observation.code.coding:sct,"max,min,patternCoding",MII_PR_ICU_Parameter_Von_Beatmung,https://www.medizininformatik-initiative.de/fhir/ext/modul-icu/StructureDefinition/mii-pr-icu-vent-beatmungsvolumen-pro-minute-maschineller-beatmung
icu,MII_PR_ICU_VENT_Beatmungsvolumen_Pro_Minute_Maschineller_Beatmung,Observation.code.coding:loinc,"max,min,patternCoding",MII_PR_ICU_Parameter_Von_Beatmung,https://www.medizininformatik-initiative.de/fhir/ext/modul-icu/StructureDefinition/mii-pr-icu-vent-beatmungsvolumen-pro-minute-maschineller-beatmung
icu,MII_PR_ICU_VENT_Beatmungsvolumen_Pro_Minute_Maschineller_Beatmung,Observation.code.coding:IEEE-11073,"max,min,patternCoding",MII_PR_ICU_Parameter_Von_Beatmung,https://www.medizininformatik-initiative.de/fhir/ext/modul-icu/StructureDefinition/mii-pr-icu-vent-beatmungsvolumen-pro-minute-maschineller-beatmung
icu,MII_PR_ICU_VENT_Beatmungsvolumen_Pro_Minute_Maschineller_Beatmung,Observation.value[x],patternQuantity,MII_PR_ICU_Parameter_Von_Beatmung,https://www.medizininformatik-initiative.de/fhir/ext/modul-icu/StructureDefinition/mii-pr-icu-vent-beatmungsvolumen-pro-minute-maschineller-beatmung
icu,MII_PR_ICU_Score_ICDSC,Observation.code.coding:sct,patternCoding,MII_PR_ICU_Score,https://www.medizininformatik-initiative.de/fhir/ext/modul-icu/StructureDefinition/mii-pr-icu-score-icdsc
icu,MII_PR_ICU_Score_ICDSC,Observation.value[x],"min,slicing",MII_PR_ICU_Score,https://www.medizininformatik-initiative.de/fhir/ext/modul-icu/StructureDefinition/mii-pr-icu-score-icdsc
icu,MII_PR_ICU_Score_ICDSC,Observation.value[x]:valueInteger,"constraint,max,min,type",MII_PR_ICU_Score,https://www.medizininformatik-initiative.de/fhir/ext/modul-icu/StructureDefinition/mii-pr-icu-score-icdsc
icu,MII_PR_ICU_Score_ICDSC,Observation.interpretation,"binding,definition,short",MII_PR_ICU_Score,https://www.medizininformatik-initiative.de/fhir/ext/modul-icu/StructureDefinition/mii-pr-icu-score-icdsc
icu,MII_PR_ICU_Score_ICDSC,Observation.component,"max,min,slicing",MII_PR_ICU_Score,https://www.medizininformatik-initiative.de/fhir/ext/modul-icu/StructureDefinition/mii-pr-icu-score-icdsc
icu,MII_PR_ICU_Score_ICDSC,Observation.component:altered-consciousness.value[x],"min,slicing",MII_PR_ICU_Score,https://www.medizininformatik-initiative.de/fhir/ext/modul-icu/StructureDefinition/mii-pr-icu-score-icdsc
icu,MII_PR_ICU_Score_ICDSC,Observation.component:altered-consciousness.value[x]:valueInteger,"constraint,max,min,type",MII_PR_ICU_Score,https://www.medizininformatik-initiative.de/fhir/ext/modul-icu/StructureDefinition/mii-pr-icu-score-icdsc
icu,MII_PR_ICU_Score_ICDSC,Observation.component:inattention.value[x],"min,slicing",MII_PR_ICU_Score,https://www.medizininformatik-initiative.de/fhir/ext/modul-icu/StructureDefinition/mii-pr-icu-score-icdsc
icu,MII_PR_ICU_Score_ICDSC,Observation.component:inattention.value[x]:valueInteger,"constraint,max,min,type",MII_PR_ICU_Score,https://www.medizininformatik-initiative.de/fhir/ext/modul-icu/StructureDefinition/mii-pr-icu-score-icdsc
icu,MII_PR_ICU_Score_ICDSC,Observation.component:disorientation.value[x],"min,slicing",MII_PR_ICU_Score,https://www.medizininformatik-initiative.de/fhir/ext/modul-icu/StructureDefinition/mii-pr-icu-score-icdsc
icu,MII_PR_ICU_Score_ICDSC,Observation.component:disorientation.value[x]:valueInteger,"constraint,max,min,type",MII_PR_ICU_Score,https://www.medizininformatik-initiative.de/fhir/ext/modul-icu/StructureDefinition/mii-pr-icu-score-icdsc
icu,MII_PR_ICU_Score_ICDSC,Observation.component:hallucination-delusion.value[x],"min,slicing",MII_PR_ICU_Score,https://www.medizininformatik-initiative.de/fhir/ext/modul-icu/StructureDefinition/mii-pr-icu-score-icdsc
icu,MII_PR_ICU_Score_ICDSC,Observation.component:hallucination-delusion.value[x]:valueInteger,"constraint,max,min,type",MII_PR_ICU_Score,https://www.medizininformatik-initiative.de/fhir/ext/modul-icu/StructureDefinition/mii-pr-icu-score-icdsc
icu,MII_PR_ICU_Score_ICDSC,Observation.component:psychomotor-agitation-retardation.value[x],"min,slicing",MII_PR_ICU_Score,https://www.medizininformatik-initiative.de/fhir/ext/modul-icu/StructureDefinition/mii-pr-icu-score-icdsc
icu,MII_PR_ICU_Score_ICDSC,Observation.component:psychomotor-agitation-retardation.value[x]:valueInteger,"constraint,max,min,type",MII_PR_ICU_Score,https://www.medizininformatik-initiative.de/fhir/ext/modul-icu/StructureDefinition/mii-pr-icu-score-icdsc
icu,MII_PR_ICU_Score_ICDSC,Observation.component:inappropriate-speech-mood.value[x],"min,slicing",MII_PR_ICU_Score,https://www.medizininformatik-initiative.de/fhir/ext/modul-icu/StructureDefinition/mii-pr-icu-score-icdsc
icu,MII_PR_ICU_Score_ICDSC,Observation.component:inappropriate-speech-mood.value[x]:valueInteger,"constraint,max,min,type",MII_PR_ICU_Score,https://www.medizininformatik-initiative.de/fhir/ext/modul-icu/StructureDefinition/mii-pr-icu-score-icdsc
icu,MII_PR_ICU_Score_ICDSC,Observation.component:sleep-wake-disturbance.value[x],"min,slicing",MII_PR_ICU_Score,https://www.medizininformatik-initiative.de/fhir/ext/modul-icu/StructureDefinition/mii-pr-icu-score-icdsc
icu,MII_PR_ICU_Score_ICDSC,Observation.component:sleep-wake-disturbance.value[x]:valueInteger,"constraint,max,min,type",MII_PR_ICU_Score,https://www.medizininformatik-initiative.de/fhir/ext/modul-icu/StructureDefinition/mii-pr-icu-score-icdsc
icu,MII_PR_ICU_Score_ICDSC,Observation.component:symptom-fluctuation.value[x],"min,slicing",MII_PR_ICU_Score,https://www.medizininformatik-initiative.de/fhir/ext/modul-icu/StructureDefinition/mii-pr-icu-score-icdsc
icu,MII_PR_ICU_Score_ICDSC,Observation.component:symptom-fluctuation.value[x]:valueInteger,"constraint,max,min,type",MII_PR_ICU_Score,https://www.medizininformatik-initiative.de/fhir/ext/modul-icu/StructureDefinition/mii-pr-icu-score-icdsc
icu,MII_PR_ICU_ECT_Dauer_Haemodialysesitzung,Observation.category,min,MII_PR_ICU_Parameter_Von_Extrakorporalen_Verfahren,https://www.medizininformatik-initiative.de/fhir/ext/modul-icu/StructureDefinition/mii-pr-icu-ect-dauer-haemodialysesitzung
icu,MII_PR_ICU_ECT_Dauer_Haemodialysesitzung,Observation.code.coding:sct,"max,min,patternCoding",MII_PR_ICU_Parameter_Von_Extrakorporalen_Verfahren,https://www.medizininformatik-initiative.de/fhir/ext/modul-icu/StructureDefinition/mii-pr-icu-ect-dauer-haemodialysesitzung
icu,MII_PR_ICU_ECT_Dauer_Haemodialysesitzung,Observation.code.coding:loinc,max,MII_PR_ICU_Parameter_Von_Extrakorporalen_Verfahren,https://www.medizininformatik-initiative.de/fhir/ext/modul-icu/StructureDefinition/mii-pr-icu-ect-dauer-haemodialysesitzung
icu,MII_PR_ICU_ECT_Dauer_Haemodialysesitzung,Observation.code.coding:IEEE-11073,max,MII_PR_ICU_Parameter_Von_Extrakorporalen_Verfahren,https://www.medizininformatik-initiative.de/fhir/ext/modul-icu/StructureDefinition/mii-pr-icu-ect-dauer-haemodialysesitzung
icu,MII_PR_ICU_ECT_Dauer_Haemodialysesitzung,Observation.effective[x],min,MII_PR_ICU_Parameter_Von_Extrakorporalen_Verfahren,https://www.medizininformatik-initiative.de/fhir/ext/modul-icu/StructureDefinition/mii-pr-icu-ect-dauer-haemodialysesitzung
icu,MII_PR_ICU_ECT_Dauer_Haemodialysesitzung,Observation.value[x],patternQuantity,MII_PR_ICU_Parameter_Von_Extrakorporalen_Verfahren,https://www.medizininformatik-initiative.de/fhir/ext/modul-icu/StructureDefinition/mii-pr-icu-ect-dauer-haemodialysesitzung
icu,MII_PR_ICU_VENT_Maximaler_Beatmungsdruck,Observation.category:kuenstlicheBeatmung,"max,min,patternCodeableConcept",MII_PR_ICU_Parameter_Von_Beatmung,https://www.medizininformatik-initiative.de/fhir/ext/modul-icu/StructureDefinition/mii-pr-icu-vent-maximaler-beatmungsdruck
icu,MII_PR_ICU_VENT_Maximaler_Beatmungsdruck,Observation.code.coding,min,MII_PR_ICU_Parameter_Von_Beatmung,https://www.medizininformatik-initiative.de/fhir/ext/modul-icu/StructureDefinition/mii-pr-icu-vent-maximaler-beatmungsdruck
icu,MII_PR_ICU_VENT_Maximaler_Beatmungsdruck,Observation.code.coding:loinc,"max,min,patternCoding",MII_PR_ICU_Parameter_Von_Beatmung,https://www.medizininformatik-initiative.de/fhir/ext/modul-icu/StructureDefinition/mii-pr-icu-vent-maximaler-beatmungsdruck
icu,MII_PR_ICU_VENT_Maximaler_Beatmungsdruck,Observation.code.coding:IEEE-11073,"max,min,patternCoding",MII_PR_ICU_Parameter_Von_Beatmung,https://www.medizininformatik-initiative.de/fhir/ext/modul-icu/StructureDefinition/mii-pr-icu-vent-maximaler-beatmungsdruck
icu,MII_PR_ICU_VENT_Maximaler_Beatmungsdruck,Observation.value[x],patternQuantity,MII_PR_ICU_Parameter_Von_Beatmung,https://www.medizininformatik-initiative.de/fhir/ext/modul-icu/StructureDefinition/mii-pr-icu-vent-maximaler-beatmungsdruck
icu,MII_PR_ICU_VENT_Endexpiratorischer_Kohlendioxidpartialdruck,Observation.category:kuenstlicheBeatmung,"max,min,patternCodeableConcept",MII_PR_ICU_Parameter_Von_Beatmung,https://www.medizininformatik-initiative.de/fhir/ext/modul-icu/StructureDefinition/mii-pr-icu-vent-endexpiratorischer-kohlendioxidpartialdruck
icu,MII_PR_ICU_VENT_Endexpiratorischer_Kohlendioxidpartialdruck,Observation.category:Sauerstofftherapie,"max,min,patternCodeableConcept",MII_PR_ICU_Parameter_Von_Beatmung,https://www.medizininformatik-initiative.de/fhir/ext/modul-icu/StructureDefinition/mii-pr-icu-vent-endexpiratorischer-kohlendioxidpartialdruck
icu,MII_PR_ICU_VENT_Endexpiratorischer_Kohlendioxidpartialdruck,Observation.code.coding,min,MII_PR_ICU_Parameter_Von_Beatmung,https://www.medizininformatik-initiative.de/fhir/ext/modul-icu/StructureDefinition/mii-pr-icu-vent-endexpiratorischer-kohlendioxidpartialdruck
icu,MII_PR_ICU_VENT_Endexpiratorischer_Kohlendioxidpartialdruck,Observation.code.coding:sct,"max,min,patternCoding",MII_PR_ICU_Parameter_Von_Beatmung,https://www.medizininformatik-initiative.de/fhir/ext/modul-icu/StructureDefinition/mii-pr-icu-vent-endexpiratorischer-kohlendioxidpartialdruck
icu,MII_PR_ICU_VENT_Endexpiratorischer_Kohlendioxidpartialdruck,Observation.code.coding:loinc,"max,min,patternCoding",MII_PR_ICU_Parameter_Von_Beatmung,https://www.medizininformatik-initiative.de/fhir/ext/modul-icu/StructureDefinition/mii-pr-icu-vent-endexpiratorischer-kohlendioxidpartialdruck
icu,MII_PR_ICU_VENT_Endexpiratorischer_Kohlendioxidpartialdruck,Observation.code.coding:IEEE-11073,"max,min,patternCoding",MII_PR_ICU_Parameter_Von_Beatmung,https://www.medizininformatik-initiative.de/fhir/ext/modul-icu/StructureDefinition/mii-pr-icu-vent-endexpiratorischer-kohlendioxidpartialdruck
icu,MII_PR_ICU_VENT_Endexpiratorischer_Kohlendioxidpartialdruck,Observation.value[x],patternQuantity,MII_PR_ICU_Parameter_Von_Beatmung,https://www.medizininformatik-initiative.de/fhir/ext/modul-icu/StructureDefinition/mii-pr-icu-vent-endexpiratorischer-kohlendioxidpartialdruck
icu,MII_PR_ICU_VENT_Maximaler_Inspiratorischer_Beatmungsdruck,Observation.category:kuenstlicheBeatmung,"max,min,patternCodeableConcept",MII_PR_ICU_Parameter_Von_Beatmung,https://www.medizininformatik-initiative.de/fhir/ext/modul-icu/StructureDefinition/mii-pr-icu-vent-maximaler-inspiratorischer-beatmungsdruck
icu,MII_PR_ICU_VENT_Maximaler_Inspiratorischer_Beatmungsdruck,Observation.code.coding,min,MII_PR_ICU_Parameter_Von_Beatmung,https://www.medizininformatik-initiative.de/fhir/ext/modul-icu/StructureDefinition/mii-pr-icu-vent-maximaler-inspiratorischer-beatmungsdruck
icu,MII_PR_ICU_VENT_Maximaler_Inspiratorischer_Beatmungsdruck,Observation.code.coding:sct,"max,min,patternCoding",MII_PR_ICU_Parameter_Von_Beatmung,https://www.medizininformatik-initiative.de/fhir/ext/modul-icu/StructureDefinition/mii-pr-icu-vent-maximaler-inspiratorischer-beatmungsdruck
icu,MII_PR_ICU_VENT_Maximaler_Inspiratorischer_Beatmungsdruck,Observation.code.coding:IEEE-11073,"max,min,patternCoding",MII_PR_ICU_Parameter_Von_Beatmung,https://www.medizininformatik-initiative.de/fhir/ext/modul-icu/StructureDefinition/mii-pr-icu-vent-maximaler-inspiratorischer-beatmungsdruck
icu,MII_PR_ICU_VENT_Maximaler_Inspiratorischer_Beatmungsdruck,Observation.value[x],patternQuantity,MII_PR_ICU_Parameter_Von_Beatmung,https://www.medizininformatik-initiative.de/fhir/ext/modul-icu/StructureDefinition/mii-pr-icu-vent-maximaler-inspiratorischer-beatmungsdruck
icu,MII_PR_ICU_Score_Faces_Pain_Scale_Revised,Observation.code.coding,min,MII_PR_ICU_Score,https://www.medizininformatik-initiative.de/fhir/ext/modul-icu/StructureDefinition/mii-pr-icu-score-faces-pain-scale-revised
icu,MII_PR_ICU_Score_Faces_Pain_Scale_Revised,Observation.code.coding:sct,"min,patternCoding",MII_PR_ICU_Score,https://www.medizininformatik-initiative.de/fhir/ext/modul-icu/StructureDefinition/mii-pr-icu-score-faces-pain-scale-revised
icu,MII_PR_ICU_Score_Faces_Pain_Scale_Revised,Observation.value[x],"min,type",MII_PR_ICU_Score,https://www.medizininformatik-initiative.de/fhir/ext/modul-icu/StructureDefinition/mii-pr-icu-score-faces-pain-scale-revised
icu,MII_PR_ICU_VENT_Einstellung_Ausatmungszeit_Beatmung,Observation.category:kuenstlicheBeatmung,"max,min,patternCodeableConcept",MII_PR_ICU_Parameter_Von_Beatmung,https://www.medizininformatik-initiative.de/fhir/ext/modul-icu/StructureDefinition/mii-pr-icu-vent-einstellung-ausatmungszeit-beatmung
icu,MII_PR_ICU_VENT_Einstellung_Ausatmungszeit_Beatmung,Observation.code.coding,min,MII_PR_ICU_Parameter_Von_Beatmung,https://www.medizininformatik-initiative.de/fhir/ext/modul-icu/StructureDefinition/mii-pr-icu-vent-einstellung-ausatmungszeit-beatmung
icu,MII_PR_ICU_VENT_Einstellung_Ausatmungszeit_Beatmung,Observation.code.coding:sct,"max,min,patternCoding",MII_PR_ICU_Parameter_Von_Beatmung,https://www.medizininformatik-initiative.de/fhir/ext/modul-icu/StructureDefinition/mii-pr-icu-vent-einstellung-ausatmungszeit-beatmung
icu,MII_PR_ICU_VENT_Einstellung_Ausatmungszeit_Beatmung,Observation.code.coding:loinc,"max,min,patternCoding",MII_PR_ICU_Parameter_Von_Beatmung,https://www.medizininformatik-initiative.de/fhir/ext/modul-icu/StructureDefinition/mii-pr-icu-vent-einstellung-ausatmungszeit-beatmung
icu,MII_PR_ICU_VENT_Einstellung_Ausatmungszeit_Beatmung,Observation.code.coding:IEEE-11073,max,MII_PR_ICU_Parameter_Von_Beatmung,https://www.medizininformatik-initiative.de/fhir/ext/modul-icu/StructureDefinition/mii-pr-icu-vent-einstellung-ausatmungszeit-beatmung
icu,MII_PR_ICU_VENT_Einstellung_Ausatmungszeit_Beatmung,Observation.value[x],patternQuantity,MII_PR_ICU_Parameter_Von_Beatmung,https://www.medizininformatik-initiative.de/fhir/ext/modul-icu/StructureDefinition/mii-pr-icu-vent-einstellung-ausatmungszeit-beatmung
icu,MII_PR_ICU_VENT_Atemwegsdruck_Bei_Null_Expiratorischem_Gasfluss,Observation.category:kuenstlicheBeatmung,"max,min,patternCodeableConcept",MII_PR_ICU_Parameter_Von_Beatmung,https://www.medizininformatik-initiative.de/fhir/ext/modul-icu/StructureDefinition/mii-pr-icu-vent-atemwegsdruck-bei-null-expiratorischem-gasfluss
icu,MII_PR_ICU_VENT_Atemwegsdruck_Bei_Null_Expiratorischem_Gasfluss,Observation.code.coding:sct,max,MII_PR_ICU_Parameter_Von_Beatmung,https://www.medizininformatik-initiative.de/fhir/ext/modul-icu/StructureDefinition/mii-pr-icu-vent-atemwegsdruck-bei-null-expiratorischem-gasfluss
icu,MII_PR_ICU_VENT_Atemwegsdruck_Bei_Null_Expiratorischem_Gasfluss,Observation.code.coding:loinc,"max,min,patternCoding",MII_PR_ICU_Parameter_Von_Beatmung,https://www.medizininformatik-initiative.de/fhir/ext/modul-icu/StructureDefinition/mii-pr-icu-vent-atemwegsdruck-bei-null-expiratorischem-gasfluss
icu,MII_PR_ICU_VENT_Atemwegsdruck_Bei_Null_Expiratorischem_Gasfluss,Observation.code.coding:IEEE-11073,max,MII_PR_ICU_Parameter_Von_Beatmung,https://www.medizininformatik-initiative.de/fhir/ext/modul-icu/StructureDefinition/mii-pr-icu-vent-atemwegsdruck-bei-null-expiratorischem-gasfluss
icu,MII_PR_ICU_VENT_Atemwegsdruck_Bei_Null_Expiratorischem_Gasfluss,Observation.value[x],patternQuantity,MII_PR_ICU_Parameter_Von_Beatmung,https://www.medizininformatik-initiative.de/fhir/ext/modul-icu/StructureDefinition/mii-pr-icu-vent-atemwegsdruck-bei-null-expiratorischem-gasfluss
mikrobiologie,MII_PR_Mikrobio_Spezifische_Mikroskopie,Observation.category,min,MII_PR_Labor_Laboruntersuchung,https://www.medizininformatik-initiative.de/fhir/modul-mikrobio/StructureDefinition/mii-pr-mikrobio-spezifische-mikroskopie
mikrobiologie,MII_PR_Mikrobio_Spezifische_Mikroskopie,Observation.code,"binding,short",MII_PR_Labor_Laboruntersuchung,https://www.medizininformatik-initiative.de/fhir/modul-mikrobio/StructureDefinition/mii-pr-mikrobio-spezifische-mikroskopie
mikrobiologie,MII_PR_Mikrobio_Spezifische_Mikroskopie,Observation.value[x],type,MII_PR_Labor_Laboruntersuchung,https://www.medizininformatik-initiative.de/fhir/modul-mikrobio/StructureDefinition/mii-pr-mikrobio-spezifische-mikroskopie
mikrobiologie,MII_PR_Mikrobio_Spezifische_Mikroskopie,Observation.value[x]:valueCodeableConcept,"binding,short,type",MII_PR_Labor_Laboruntersuchung,https://www.medizininformatik-initiative.de/fhir/modul-mikrobio/StructureDefinition/mii-pr-mikrobio-spezifische-mikroskopie
mikrobiologie,MII_PR_Mikrobio_Spezifische_Mikroskopie,Observation.dataAbsentReason,binding,MII_PR_Labor_Laboruntersuchung,https://www.medizininformatik-initiative.de/fhir/modul-mikrobio/StructureDefinition/mii-pr-mikrobio-spezifische-mikroskopie
mikrobiologie,MII_PR_Mikrobio_Spezifische_Mikroskopie,Observation.method,"binding,short",MII_PR_Labor_Laboruntersuchung,https://www.medizininformatik-initiative.de/fhir/modul-mikrobio/StructureDefinition/mii-pr-mikrobio-spezifische-mikroskopie
mikrobiologie,MII_PR_Mikrobio_Spezifische_Mikroskopie,Observation.specimen,"min,type",MII_PR_Labor_Laboruntersuchung,https://www.medizininformatik-initiative.de/fhir/modul-mikrobio/StructureDefinition/mii-pr-mikrobio-spezifische-mikroskopie
mikrobiologie,MII_PR_Mikrobio_Empfindlichkeit,Observation.category,min,MII_PR_Labor_Laboruntersuchung,https://www.medizininformatik-initiative.de/fhir/modul-mikrobio/StructureDefinition/mii-pr-mikrobio-empfindlichkeit
mikrobiologie,MII_PR_Mikrobio_Empfindlichkeit,Observation.code,"binding,short",MII_PR_Labor_Laboruntersuchung,https://www.medizininformatik-initiative.de/fhir/modul-mikrobio/StructureDefinition/mii-pr-mikrobio-empfindlichkeit
mikrobiologie,MII_PR_Mikrobio_Empfindlichkeit,Observation.value[x],type,MII_PR_Labor_Laboruntersuchung,https://www.medizininformatik-initiative.de/fhir/modul-mikrobio/StructureDefinition/mii-pr-mikrobio-empfindlichkeit
mikrobiologie,MII_PR_Mikrobio_Empfindlichkeit,Observation.value[x]:valueQuantity,type,MII_PR_Labor_Laboruntersuchung,https://www.medizininformatik-initiative.de/fhir/modul-mikrobio/StructureDefinition/mii-pr-mikrobio-empfindlichkeit
mikrobiologie,MII_PR_Mikrobio_Empfindlichkeit,Observation.value[x]:valueQuantity.code,binding,MII_PR_Labor_Laboruntersuchung,https://www.medizininformatik-initiative.de/fhir/modul-mikrobio/StructureDefinition/mii-pr-mikrobio-empfindlichkeit
mikrobiologie,MII_PR_Mikrobio_Empfindlichkeit,Observation.value[x]:valueCodeableConcept,"binding,short,type",MII_PR_Labor_Laboruntersuchung,https://www.medizininformatik-initiative.de/fhir/modul-mikrobio/StructureDefinition/mii-pr-mikrobio-empfindlichkeit
mikrobiologie,MII_PR_Mikrobio_Empfindlichkeit,Observation.dataAbsentReason,binding,MII_PR_Labor_Laboruntersuchung,https://www.medizininformatik-initiative.de/fhir/modul-mikrobio/StructureDefinition/mii-pr-mikrobio-empfindlichkeit
mikrobiologie,MII_PR_Mikrobio_Empfindlichkeit,Observation.interpretation,binding,MII_PR_Labor_Laboruntersuchung,https://www.medizininformatik-initiative.de/fhir/modul-mikrobio/StructureDefinition/mii-pr-mikrobio-empfindlichkeit
mikrobiologie,MII_PR_Mikrobio_Empfindlichkeit,Observation.method,binding,MII_PR_Labor_Laboruntersuchung,https://www.medizininformatik-initiative.de/fhir/modul-mikrobio/StructureDefinition/mii-pr-mikrobio-empfindlichkeit
mikrobiologie,MII_PR_Mikrobio_Empfindlichkeit,Observation.specimen,"min,type",MII_PR_Labor_Laboruntersuchung,https://www.medizininformatik-initiative.de/fhir/modul-mikrobio/StructureDefinition/mii-pr-mikrobio-empfindlichkeit
mikrobiologie,MII_PR_Mikrobio_Resistenzkategorie_Status,Observation.category,min,MII_PR_Labor_Laboruntersuchung,https://www.medizininformatik-initiative.de/fhir/modul-mikrobio/StructureDefinition/mii-pr-mikrobio-resistenzkategorie-status
mikrobiologie,MII_PR_Mikrobio_Resistenzkategorie_Status,Observation.code,"binding,short",MII_PR_Labor_Laboruntersuchung,https://www.medizininformatik-initiative.de/fhir/modul-mikrobio/StructureDefinition/mii-pr-mikrobio-resistenzkategorie-status
mikrobiologie,MII_PR_Mikrobio_Resistenzkategorie_Status,Observation.value[x],"min,type",MII_PR_Labor_Laboruntersuchung,https://www.medizininformatik-initiative.de/fhir/modul-mikrobio/StructureDefinition/mii-pr-mikrobio-resistenzkategorie-status
mikrobiologie,MII_PR_Mikrobio_Resistenzkategorie_Status,Observation.value[x]:valueCodeableConcept,"binding,min,short,type",MII_PR_Labor_Laboruntersuchung,https://www.medizininformatik-initiative.de/fhir/modul-mikrobio/StructureDefinition/mii-pr-mikrobio-resistenzkategorie-status
mikrobiologie,MII_PR_Mikrobio_Resistenzkategorie_Status,Observation.dataAbsentReason,binding,MII_PR_Labor_Laboruntersuchung,https://www.medizininformatik-initiative.de/fhir/modul-mikrobio/StructureDefinition/mii-pr-mikrobio-resistenzkategorie-status
mikrobiologie,MII_PR_Mikrobio_Resistenzkategorie_Status,Observation.specimen,"min,type",MII_PR_Labor_Laboruntersuchung,https://www.medizininformatik-initiative.de/fhir/modul-mikrobio/StructureDefinition/mii-pr-mikrobio-resistenzkategorie-status
mikrobiologie,MII_PR_Mikrobio_Keimzahl,Observation.category,min,MII_PR_Labor_Laboruntersuchung,https://www.medizininformatik-initiative.de/fhir/modul-mikrobio/StructureDefinition/mii-pr-mikrobio-keimzahl
mikrobiologie,MII_PR_Mikrobio_Keimzahl,Observation.code,binding,MII_PR_Labor_Laboruntersuchung,https://www.medizininformatik-initiative.de/fhir/modul-mikrobio/StructureDefinition/mii-pr-mikrobio-keimzahl
mikrobiologie,MII_PR_Mikrobio_Keimzahl,Observation.value[x],type,MII_PR_Labor_Laboruntersuchung,https://www.medizininformatik-initiative.de/fhir/modul-mikrobio/StructureDefinition/mii-pr-mikrobio-keimzahl
mikrobiologie,MII_PR_Mikrobio_Keimzahl,Observation.value[x]:valueQuantity,type,MII_PR_Labor_Laboruntersuchung,https://www.medizininformatik-initiative.de/fhir/modul-mikrobio/StructureDefinition/mii-pr-mikrobio-keimzahl
mikrobiologie,MII_PR_Mikrobio_Keimzahl,Observation.value[x]:valueQuantity.code,"binding,short",MII_PR_Labor_Laboruntersuchung,https://www.medizininformatik-initiative.de/fhir/modul-mikrobio/StructureDefinition/mii-pr-mikrobio-keimzahl
mikrobiologie,MII_PR_Mikrobio_Keimzahl,Observation.dataAbsentReason,binding,MII_PR_Labor_Laboruntersuchung,https://www.medizininformatik-initiative.de/fhir/modul-mikrobio/StructureDefinition/mii-pr-mikrobio-keimzahl
mikrobiologie,MII_PR_Mikrobio_Keimzahl,Observation.interpretation,binding,MII_PR_Labor_Laboruntersuchung,https://www.medizininformatik-initiative.de/fhir/modul-mikrobio/StructureDefinition/mii-pr-mikrobio-keimzahl
mikrobiologie,MII_PR_Mikrobio_Keimzahl,Observation.method,patternCodeableConcept,MII_PR_Labor_Laboruntersuchung,https://www.medizininformatik-initiative.de/fhir/modul-mikrobio/StructureDefinition/mii-pr-mikrobio-keimzahl
mikrobiologie,MII_PR_Mikrobio_Keimzahl,Observation.specimen,"min,type",MII_PR_Labor_Laboruntersuchung,https://www.medizininformatik-initiative.de/fhir/modul-mikrobio/StructureDefinition/mii-pr-mikrobio-keimzahl
mikrobiologie,MII_PR_Mikrobio_Diagnostic_Report,DiagnosticReport.basedOn,max,MII_PR_Labor_Laborbefund,https://www.medizininformatik-initiative.de/fhir/modul-mikrobio/StructureDefinition/mii-pr-mikrobio-diagnostic-report
mikrobiologie,MII_PR_Mikrobio_Diagnostic_Report,DiagnosticReport.category,min,MII_PR_Labor_Laborbefund,https://www.medizininformatik-initiative.de/fhir/modul-mikrobio/StructureDefinition/mii-pr-mikrobio-diagnostic-report
mikrobiologie,MII_PR_Mikrobio_Diagnostic_Report,DiagnosticReport.result,type,MII_PR_Labor_Laborbefund,https://www.medizininformatik-initiative.de/fhir/modul-mikrobio/StructureDefinition/mii-pr-mikrobio-diagnostic-report
mikrobiologie,MII_PR_Mikrobio_Diagnostic_Report,DiagnosticReport.conclusion,short,MII_PR_Labor_Laborbefund,https://www.medizininformatik-initiative.de/fhir/modul-mikrobio/StructureDefinition/mii-pr-mikrobio-diagnostic-report
mikrobiologie,MII_PR_Mikrobio_Resistenzmechanismen_Determinanten,Observation.category,min,MII_PR_Labor_Laboruntersuchung,https://www.medizininformatik-initiative.de/fhir/modul-mikrobio/StructureDefinition/mii-pr-mikrobio-resistenzmechanismen-determinanten
mikrobiologie,MII_PR_Mikrobio_Resistenzmechanismen_Determinanten,Observation.code,binding,MII_PR_Labor_Laboruntersuchung,https://www.medizininformatik-initiative.de/fhir/modul-mikrobio/StructureDefinition/mii-pr-mikrobio-resistenzmechanismen-determinanten
mikrobiologie,MII_PR_Mikrobio_Resistenzmechanismen_Determinanten,Observation.value[x],type,MII_PR_Labor_Laboruntersuchung,https://www.medizininformatik-initiative.de/fhir/modul-mikrobio/StructureDefinition/mii-pr-mikrobio-resistenzmechanismen-determinanten
mikrobiologie,MII_PR_Mikrobio_Resistenzmechanismen_Determinanten,Observation.value[x]:valueCodeableConcept,"binding,type",MII_PR_Labor_Laboruntersuchung,https://www.medizininformatik-initiative.de/fhir/modul-mikrobio/StructureDefinition/mii-pr-mikrobio-resistenzmechanismen-determinanten
mikrobiologie,MII_PR_Mikrobio_Resistenzmechanismen_Determinanten,Observation.dataAbsentReason,binding,MII_PR_Labor_Laboruntersuchung,https://www.medizininformatik-initiative.de/fhir/modul-mikrobio/StructureDefinition/mii-pr-mikrobio-resistenzmechanismen-determinanten
mikrobiologie,MII_PR_Mikrobio_Resistenzmechanismen_Determinanten,Observation.method,binding,MII_PR_Labor_Laboruntersuchung,https://www.medizininformatik-initiative.de/fhir/modul-mikrobio/StructureDefinition/mii-pr-mikrobio-resistenzmechanismen-determinanten
mikrobiologie,MII_PR_Mikrobio_Resistenzmechanismen_Determinanten,Observation.specimen,"min,type",MII_PR_Labor_Laboruntersuchung,https://www.medizininformatik-initiative.de/fhir/modul-mikrobio/StructureDefinition/mii-pr-mikrobio-resistenzmechanismen-determinanten
mikrobiologie,MII_PR_Mikrobio_Bartlett_Score,Observation.category,min,MII_PR_Labor_Laboruntersuchung,https://www.medizininformatik-initiative.de/fhir/modul-mikrobio/StructureDefinition/mii-pr-mikrobio-bartlett-score
mikrobiologie,MII_PR_Mikrobio_Bartlett_Score,Observation.code,patternCodeableConcept,MII_PR_Labor_Laboruntersuchung,https://www.medizininformatik-initiative.de/fhir/modul-mikrobio/StructureDefinition/mii-pr-mikrobio-bartlett-score
mikrobiologie,MII_PR_Mikrobio_Bartlett_Score,Observation.value[x],type,MII_PR_Labor_Laboruntersuchung,https://www.medizininformatik-initiative.de/fhir/modul-mikrobio/StructureDefinition/mii-pr-mikrobio-bartlett-score
mikrobiologie,MII_PR_Mikrobio_Bartlett_Score,Observation.value[x]:valueCodeableConcept,"binding,type",MII_PR_Labor_Laboruntersuchung,https://www.medizininformatik-initiative.de/fhir/modul-mikrobio/StructureDefinition/mii-pr-mikrobio-bartlett-score
mikrobiologie,MII_PR_Mikrobio_Bartlett_Score,Observation.dataAbsentReason,binding,MII_PR_Labor_Laboruntersuchung,https://www.medizininformatik-initiative.de/fhir/modul-mikrobio/StructureDefinition/mii-pr-mikrobio-bartlett-score
mikrobiologie,MII_PR_Mikrobio_Bartlett_Score,Observation.method,patternCodeableConcept,MII_PR_Labor_Laboruntersuchung,https://www.medizininformatik-initiative.de/fhir/modul-mikrobio/StructureDefinition/mii-pr-mikrobio-bartlett-score
mikrobiologie,MII_PR_Mikrobio_Bartlett_Score,Observation.specimen,"min,type",MII_PR_Labor_Laboruntersuchung,https://www.medizininformatik-initiative.de/fhir/modul-mikrobio/StructureDefinition/mii-pr-mikrobio-bartlett-score
mikrobiologie,MII_PR_Mikrobio_Nugent_Score,Observation.category,min,MII_PR_Labor_Laboruntersuchung,https://www.medizininformatik-initiative.de/fhir/modul-mikrobio/StructureDefinition/mii-pr-mikrobio-nugent-score
mikrobiologie,MII_PR_Mikrobio_Nugent_Score,Observation.code,patternCodeableConcept,MII_PR_Labor_Laboruntersuchung,https://www.medizininformatik-initiative.de/fhir/modul-mikrobio/StructureDefinition/mii-pr-mikrobio-nugent-score
mikrobiologie,MII_PR_Mikrobio_Nugent_Score,Observation.value[x],type,MII_PR_Labor_Laboruntersuchung,https://www.medizininformatik-initiative.de/fhir/modul-mikrobio/StructureDefinition/mii-pr-mikrobio-nugent-score
mikrobiologie,MII_PR_Mikrobio_Nugent_Score,Observation.value[x]:valueQuantity,"comment,constraint,type",MII_PR_Labor_Laboruntersuchung,https://www.medizininformatik-initiative.de/fhir/modul-mikrobio/StructureDefinition/mii-pr-mikrobio-nugent-score
mikrobiologie,MII_PR_Mikrobio_Nugent_Score,Observation.value[x]:valueQuantity.code,patternCode,MII_PR_Labor_Laboruntersuchung,https://www.medizininformatik-initiative.de/fhir/modul-mikrobio/StructureDefinition/mii-pr-mikrobio-nugent-score
mikrobiologie,MII_PR_Mikrobio_Nugent_Score,Observation.dataAbsentReason,binding,MII_PR_Labor_Laboruntersuchung,https://www.medizininformatik-initiative.de/fhir/modul-mikrobio/StructureDefinition/mii-pr-mikrobio-nugent-score
mikrobiologie,MII_PR_Mikrobio_Nugent_Score,Observation.method,patternCodeableConcept,MII_PR_Labor_Laboruntersuchung,https://www.medizininformatik-initiative.de/fhir/modul-mikrobio/StructureDefinition/mii-pr-mikrobio-nugent-score
mikrobiologie,MII_PR_Mikrobio_Nugent_Score,Observation.specimen,"min,type",MII_PR_Labor_Laboruntersuchung,https://www.medizininformatik-initiative.de/fhir/modul-mikrobio/StructureDefinition/mii-pr-mikrobio-nugent-score
mikrobiologie,MII_PR_Mikrobio_Virulenzfaktor,Observation.category,min,MII_PR_Labor_Laboruntersuchung,https://www.medizininformatik-initiative.de/fhir/modul-mikrobio/StructureDefinition/mii-pr-mikrobio-virulenzfaktor
mikrobiologie,MII_PR_Mikrobio_Virulenzfaktor,Observation.code,binding,MII_PR_Labor_Laboruntersuchung,https://www.medizininformatik-initiative.de/fhir/modul-mikrobio/StructureDefinition/mii-pr-mikrobio-virulenzfaktor
mikrobiologie,MII_PR_Mikrobio_Virulenzfaktor,Observation.value[x],type,MII_PR_Labor_Laboruntersuchung,https://www.medizininformatik-initiative.de/fhir/modul-mikrobio/StructureDefinition/mii-pr-mikrobio-virulenzfaktor
mikrobiologie,MII_PR_Mikrobio_Virulenzfaktor,Observation.value[x]:valueCodeableConcept,"binding,type",MII_PR_Labor_Laboruntersuchung,https://www.medizininformatik-initiative.de/fhir/modul-mikrobio/StructureDefinition/mii-pr-mikrobio-virulenzfaktor
mikrobiologie,MII_PR_Mikrobio_Virulenzfaktor,Observation.dataAbsentReason,binding,MII_PR_Labor_Laboruntersuchung,https://www.medizininformatik-initiative.de/fhir/modul-mikrobio/StructureDefinition/mii-pr-mikrobio-virulenzfaktor
mikrobiologie,MII_PR_Mikrobio_Virulenzfaktor,Observation.specimen,"min,type",MII_PR_Labor_Laboruntersuchung,https://www.medizininformatik-initiative.de/fhir/modul-mikrobio/StructureDefinition/mii-pr-mikrobio-virulenzfaktor
mikrobiologie,MII_PR_Mikrobio_Allgemeine_Bestimmung,Observation.category,min,MII_PR_Labor_Laboruntersuchung,https://www.medizininformatik-initiative.de/fhir/modul-mikrobio/StructureDefinition/mii-pr-mikrobio-allgemeine-bestimmung
mikrobiologie,MII_PR_Mikrobio_Allgemeine_Bestimmung,Observation.code,"binding,short",MII_PR_Labor_Laboruntersuchung,https://www.medizininformatik-initiative.de/fhir/modul-mikrobio/StructureDefinition/mii-pr-mikrobio-allgemeine-bestimmung
mikrobiologie,MII_PR_Mikrobio_Allgemeine_Bestimmung,Observation.value[x],type,MII_PR_Labor_Laboruntersuchung,https://www.medizininformatik-initiative.de/fhir/modul-mikrobio/StructureDefinition/mii-pr-mikrobio-allgemeine-bestimmung
mikrobiologie,MII_PR_Mikrobio_Allgemeine_Bestimmung,Observation.value[x]:valueCodeableConcept,"binding,short,type",MII_PR_Labor_Laboruntersuchung,https://www.medizininformatik-initiative.de/fhir/modul-mikrobio/StructureDefinition/mii-pr-mikrobio-allgemeine-bestimmung
mikrobiologie,MII_PR_Mikrobio_Allgemeine_Bestimmung,Observation.dataAbsentReason,binding,MII_PR_Labor_Laboruntersuchung,https://www.medizininformatik-initiative.de/fhir/modul-mikrobio/StructureDefinition/mii-pr-mikrobio-allgemeine-bestimmung
mikrobiologie,MII_PR_Mikrobio_Allgemeine_Bestimmung,Observation.method,binding,MII_PR_Labor_Laboruntersuchung,https://www.medizininformatik-initiative.de/fhir/modul-mikrobio/StructureDefinition/mii-pr-mikrobio-allgemeine-bestimmung
mikrobiologie,MII_PR_Mikrobio_Allgemeine_Bestimmung,Observation.specimen,"min,type",MII_PR_Labor_Laboruntersuchung,https://www.medizininformatik-initiative.de/fhir/modul-mikrobio/StructureDefinition/mii-pr-mikrobio-allgemeine-bestimmung
mikrobiologie,MII_PR_Mikrobio_Aviditaet,Observation.category,min,MII_PR_Labor_Laboruntersuchung,https://www.medizininformatik-initiative.de/fhir/modul-mikrobio/StructureDefinition/mii-pr-mikrobio-aviditaet
mikrobiologie,MII_PR_Mikrobio_Aviditaet,Observation.code,"binding,short",MII_PR_Labor_Laboruntersuchung,https://www.medizininformatik-initiative.de/fhir/modul-mikrobio/StructureDefinition/mii-pr-mikrobio-aviditaet
mikrobiologie,MII_PR_Mikrobio_Aviditaet,Observation.value[x],type,MII_PR_Labor_Laboruntersuchung,https://www.medizininformatik-initiative.de/fhir/modul-mikrobio/StructureDefinition/mii-pr-mikrobio-aviditaet
mikrobiologie,MII_PR_Mikrobio_Aviditaet,Observation.value[x]:valueQuantity,type,MII_PR_Labor_Laboruntersuchung,https://www.medizininformatik-initiative.de/fhir/modul-mikrobio/StructureDefinition/mii-pr-mikrobio-aviditaet
mikrobiologie,MII_PR_Mikrobio_Aviditaet,Observation.value[x]:valueQuantity.unit,patternString,MII_PR_Labor_Laboruntersuchung,https://www.medizininformatik-initiative.de/fhir/modul-mikrobio/StructureDefinition/mii-pr-mikrobio-aviditaet
mikrobiologie,MII_PR_Mikrobio_Aviditaet,Observation.value[x]:valueQuantity.code,patternCode,MII_PR_Labor_Laboruntersuchung,https://www.medizininformatik-initiative.de/fhir/modul-mikrobio/StructureDefinition/mii-pr-mikrobio-aviditaet
mikrobiologie,MII_PR_Mikrobio_Aviditaet,Observation.dataAbsentReason,binding,MII_PR_Labor_Laboruntersuchung,https://www.medizininformatik-initiative.de/fhir/modul-mikrobio/StructureDefinition/mii-pr-mikrobio-aviditaet
mikrobiologie,MII_PR_Mikrobio_Aviditaet,Observation.interpretation,binding,MII_PR_Labor_Laboruntersuchung,https://www.medizininformatik-initiative.de/fhir/modul-mikrobio/StructureDefinition/mii-pr-mikrobio-aviditaet
mikrobiologie,MII_PR_Mikrobio_Aviditaet,Observation.method,binding,MII_PR_Labor_Laboruntersuchung,https://www.medizininformatik-initiative.de/fhir/modul-mikrobio/StructureDefinition/mii-pr-mikrobio-aviditaet
mikrobiologie,MII_PR_Mikrobio_Aviditaet,Observation.specimen,"min,type",MII_PR_Labor_Laboruntersuchung,https://www.medizininformatik-initiative.de/fhir/modul-mikrobio/StructureDefinition/mii-pr-mikrobio-aviditaet
mikrobiologie,MII_PR_Mikrobio_Spezifische_Bestimmung,Observation.category,min,MII_PR_Labor_Laboruntersuchung,https://www.medizininformatik-initiative.de/fhir/modul-mikrobio/StructureDefinition/mii-pr-mikrobio-spezifische-bestimmung
mikrobiologie,MII_PR_Mikrobio_Spezifische_Bestimmung,Observation.code,"binding,short",MII_PR_Labor_Laboruntersuchung,https://www.medizininformatik-initiative.de/fhir/modul-mikrobio/StructureDefinition/mii-pr-mikrobio-spezifische-bestimmung
mikrobiologie,MII_PR_Mikrobio_Spezifische_Bestimmung,Observation.value[x],type,MII_PR_Labor_Laboruntersuchung,https://www.medizininformatik-initiative.de/fhir/modul-mikrobio/StructureDefinition/mii-pr-mikrobio-spezifische-bestimmung
mikrobiologie,MII_PR_Mikrobio_Spezifische_Bestimmung,Observation.value[x]:valueCodeableConcept,"binding,short,type",MII_PR_Labor_Laboruntersuchung,https://www.medizininformatik-initiative.de/fhir/modul-mikrobio/StructureDefinition/mii-pr-mikrobio-spezifische-bestimmung
mikrobiologie,MII_PR_Mikrobio_Spezifische_Bestimmung,Observation.dataAbsentReason,binding,MII_PR_Labor_Laboruntersuchung,https://www.medizininformatik-initiative.de/fhir/modul-mikrobio/StructureDefinition/mii-pr-mikrobio-spezifische-bestimmung
mikrobiologie,MII_PR_Mikrobio_Spezifische_Bestimmung,Observation.method,binding,MII_PR_Labor_Laboruntersuchung,https://www.medizininformatik-initiative.de/fhir/modul-mikrobio/StructureDefinition/mii-pr-mikrobio-spezifische-bestimmung
mikrobiologie,MII_PR_Mikrobio_Spezifische_Bestimmung,Observation.specimen,"min,type",MII_PR_Labor_Laboruntersuchung,https://www.medizininformatik-initiative.de/fhir/modul-mikrobio/StructureDefinition/mii-pr-mikrobio-spezifische-bestimmung
mikrobiologie,MII_PR_Mikrobio_Antigen_Antikoerper_Quantitativ,Observation.category,min,MII_PR_Labor_Laboruntersuchung,https://www.medizininformatik-initiative.de/fhir/modul-mikrobio/StructureDefinition/mii-pr-mikrobio-antigen-antikoerper-quantitativ
mikrobiologie,MII_PR_Mikrobio_Antigen_Antikoerper_Quantitativ,Observation.code,"binding,short",MII_PR_Labor_Laboruntersuchung,https://www.medizininformatik-initiative.de/fhir/modul-mikrobio/StructureDefinition/mii-pr-mikrobio-antigen-antikoerper-quantitativ
mikrobiologie,MII_PR_Mikrobio_Antigen_Antikoerper_Quantitativ,Observation.value[x],type,MII_PR_Labor_Laboruntersuchung,https://www.medizininformatik-initiative.de/fhir/modul-mikrobio/StructureDefinition/mii-pr-mikrobio-antigen-antikoerper-quantitativ
mikrobiologie,MII_PR_Mikrobio_Antigen_Antikoerper_Quantitativ,Observation.value[x]:valueQuantity,type,MII_PR_Labor_Laboruntersuchung,https://www.medizininformatik-initiative.de/fhir/modul-mikrobio/StructureDefinition/mii-pr-mikrobio-antigen-antikoerper-quantitativ
mikrobiologie,MII_PR_Mikrobio_Antigen_Antikoerper_Quantitativ,Observation.value[x]:valueQuantity.code,"binding,short",MII_PR_Labor_Laboruntersuchung,https://www.medizininformatik-initiative.de/fhir/modul-mikrobio/StructureDefinition/mii-pr-mikrobio-antigen-antikoerper-quantitativ
mikrobiologie,MII_PR_Mikrobio_Antigen_Antikoerper_Quantitativ,Observation.dataAbsentReason,binding,MII_PR_Labor_Laboruntersuchung,https://www.medizininformatik-initiative.de/fhir/modul-mikrobio/StructureDefinition/mii-pr-mikrobio-antigen-antikoerper-quantitativ
mikrobiologie,MII_PR_Mikrobio_Antigen_Antikoerper_Quantitativ,Observation.method,binding,MII_PR_Labor_Laboruntersuchung,https://www.medizininformatik-initiative.de/fhir/modul-mikrobio/StructureDefinition/mii-pr-mikrobio-antigen-antikoerper-quantitativ
mikrobiologie,MII_PR_Mikrobio_Antigen_Antikoerper_Quantitativ,Observation.specimen,"min,type",MII_PR_Labor_Laboruntersuchung,https://www.medizininformatik-initiative.de/fhir/modul-mikrobio/StructureDefinition/mii-pr-mikrobio-antigen-antikoerper-quantitativ
mikrobiologie,MII_PR_Mikrobio_Molekulare_Pathogenlast,Observation.category,min,MII_PR_Labor_Laboruntersuchung,https://www.medizininformatik-initiative.de/fhir/modul-mikrobio/StructureDefinition/mii-pr-mikrobio-molekulare-pathogenlast
mikrobiologie,MII_PR_Mikrobio_Molekulare_Pathogenlast,Observation.code,"binding,short",MII_PR_Labor_Laboruntersuchung,https://www.medizininformatik-initiative.de/fhir/modul-mikrobio/StructureDefinition/mii-pr-mikrobio-molekulare-pathogenlast
mikrobiologie,MII_PR_Mikrobio_Molekulare_Pathogenlast,Observation.value[x],type,MII_PR_Labor_Laboruntersuchung,https://www.medizininformatik-initiative.de/fhir/modul-mikrobio/StructureDefinition/mii-pr-mikrobio-molekulare-pathogenlast
mikrobiologie,MII_PR_Mikrobio_Molekulare_Pathogenlast,Observation.value[x]:valueQuantity,type,MII_PR_Labor_Laboruntersuchung,https://www.medizininformatik-initiative.de/fhir/modul-mikrobio/StructureDefinition/mii-pr-mikrobio-molekulare-pathogenlast
mikrobiologie,MII_PR_Mikrobio_Molekulare_Pathogenlast,Observation.value[x]:valueQuantity.code,binding,MII_PR_Labor_Laboruntersuchung,https://www.medizininformatik-initiative.de/fhir/modul-mikrobio/StructureDefinition/mii-pr-mikrobio-molekulare-pathogenlast
mikrobiologie,MII_PR_Mikrobio_Molekulare_Pathogenlast,Observation.dataAbsentReason,binding,MII_PR_Labor_Laboruntersuchung,https://www.medizininformatik-initiative.de/fhir/modul-mikrobio/StructureDefinition/mii-pr-mikrobio-molekulare-pathogenlast
mikrobiologie,MII_PR_Mikrobio_Molekulare_Pathogenlast,Observation.method,binding,MII_PR_Labor_Laboruntersuchung,https://www.medizininformatik-initiative.de/fhir/modul-mikrobio/StructureDefinition/mii-pr-mikrobio-molekulare-pathogenlast
mikrobiologie,MII_PR_Mikrobio_Molekulare_Pathogenlast,Observation.specimen,"min,type",MII_PR_Labor_Laboruntersuchung,https://www.medizininformatik-initiative.de/fhir/modul-mikrobio/StructureDefinition/mii-pr-mikrobio-molekulare-pathogenlast
mikrobiologie,MII_PR_Mikrobio_Titer,Observation.category,min,MII_PR_Labor_Laboruntersuchung,https://www.medizininformatik-initiative.de/fhir/modul-mikrobio/StructureDefinition/mii-pr-mikrobio-titer
mikrobiologie,MII_PR_Mikrobio_Titer,Observation.code,"binding,short",MII_PR_Labor_Laboruntersuchung,https://www.medizininformatik-initiative.de/fhir/modul-mikrobio/StructureDefinition/mii-pr-mikrobio-titer
mikrobiologie,MII_PR_Mikrobio_Titer,Observation.value[x],type,MII_PR_Labor_Laboruntersuchung,https://www.medizininformatik-initiative.de/fhir/modul-mikrobio/StructureDefinition/mii-pr-mikrobio-titer
mikrobiologie,MII_PR_Mikrobio_Titer,Observation.value[x]:valueRatio,type,MII_PR_Labor_Laboruntersuchung,https://www.medizininformatik-initiative.de/fhir/modul-mikrobio/StructureDefinition/mii-pr-mikrobio-titer
mikrobiologie,MII_PR_Mikrobio_Titer,Observation.dataAbsentReason,binding,MII_PR_Labor_Laboruntersuchung,https://www.medizininformatik-initiative.de/fhir/modul-mikrobio/StructureDefinition/mii-pr-mikrobio-titer
mikrobiologie,MII_PR_Mikrobio_Titer,Observation.method,binding,MII_PR_Labor_Laboruntersuchung,https://www.medizininformatik-initiative.de/fhir/modul-mikrobio/StructureDefinition/mii-pr-mikrobio-titer
mikrobiologie,MII_PR_Mikrobio_Titer,Observation.specimen,"min,type",MII_PR_Labor_Laboruntersuchung,https://www.medizininformatik-initiative.de/fhir/modul-mikrobio/StructureDefinition/mii-pr-mikrobio-titer
mikrobiologie,MII_PR_Mikrobio_Ct_Wert,Observation.category,min,MII_PR_Labor_Laboruntersuchung,https://www.medizininformatik-initiative.de/fhir/modul-mikrobio/StructureDefinition/mii-pr-mikrobio-ct-wert
mikrobiologie,MII_PR_Mikrobio_Ct_Wert,Observation.code,"binding,short",MII_PR_Labor_Laboruntersuchung,https://www.medizininformatik-initiative.de/fhir/modul-mikrobio/StructureDefinition/mii-pr-mikrobio-ct-wert
mikrobiologie,MII_PR_Mikrobio_Ct_Wert,Observation.value[x],type,MII_PR_Labor_Laboruntersuchung,https://www.medizininformatik-initiative.de/fhir/modul-mikrobio/StructureDefinition/mii-pr-mikrobio-ct-wert
mikrobiologie,MII_PR_Mikrobio_Ct_Wert,Observation.value[x]:valueQuantity,type,MII_PR_Labor_Laboruntersuchung,https://www.medizininformatik-initiative.de/fhir/modul-mikrobio/StructureDefinition/mii-pr-mikrobio-ct-wert
mikrobiologie,MII_PR_Mikrobio_Ct_Wert,Observation.value[x]:valueQuantity.code,patternCode,MII_PR_Labor_Laboruntersuchung,https://www.medizininformatik-initiative.de/fhir/modul-mikrobio/StructureDefinition/mii-pr-mikrobio-ct-wert
mikrobiologie,MII_PR_Mikrobio_Ct_Wert,Observation.dataAbsentReason,binding,MII_PR_Labor_Laboruntersuchung,https://www.medizininformatik-initiative.de/fhir/modul-mikrobio/StructureDefinition/mii-pr-mikrobio-ct-wert
mikrobiologie,MII_PR_Mikrobio_Ct_Wert,Observation.method,patternCodeableConcept,MII_PR_Labor_Laboruntersuchung,https://www.medizininformatik-initiative.de/fhir/modul-mikrobio/StructureDefinition/mii-pr-mikrobio-ct-wert
mikrobiologie,MII_PR_Mikrobio_Ct_Wert,Observation.specimen,"min,type",MII_PR_Labor_Laboruntersuchung,https://www.medizininformatik-initiative.de/fhir/modul-mikrobio/StructureDefinition/mii-pr-mikrobio-ct-wert
mikrobiologie,MII_PR_Mikrobio_Allgemeine_Kultur,Observation.category,min,MII_PR_Labor_Laboruntersuchung,https://www.medizininformatik-initiative.de/fhir/modul-mikrobio/StructureDefinition/mii-pr-mikrobio-allgemeine-kultur
mikrobiologie,MII_PR_Mikrobio_Allgemeine_Kultur,Observation.code,"binding,short",MII_PR_Labor_Laboruntersuchung,https://www.medizininformatik-initiative.de/fhir/modul-mikrobio/StructureDefinition/mii-pr-mikrobio-allgemeine-kultur
mikrobiologie,MII_PR_Mikrobio_Allgemeine_Kultur,Observation.value[x],type,MII_PR_Labor_Laboruntersuchung,https://www.medizininformatik-initiative.de/fhir/modul-mikrobio/StructureDefinition/mii-pr-mikrobio-allgemeine-kultur
mikrobiologie,MII_PR_Mikrobio_Allgemeine_Kultur,Observation.value[x]:valueCodeableConcept,"binding,type",MII_PR_Labor_Laboruntersuchung,https://www.medizininformatik-initiative.de/fhir/modul-mikrobio/StructureDefinition/mii-pr-mikrobio-allgemeine-kultur
mikrobiologie,MII_PR_Mikrobio_Allgemeine_Kultur,Observation.dataAbsentReason,binding,MII_PR_Labor_Laboruntersuchung,https://www.medizininformatik-initiative.de/fhir/modul-mikrobio/StructureDefinition/mii-pr-mikrobio-allgemeine-kultur
mikrobiologie,MII_PR_Mikrobio_Allgemeine_Kultur,Observation.method,binding,MII_PR_Labor_Laboruntersuchung,https://www.medizininformatik-initiative.de/fhir/modul-mikrobio/StructureDefinition/mii-pr-mikrobio-allgemeine-kultur
mikrobiologie,MII_PR_Mikrobio_Allgemeine_Kultur,Observation.specimen,"min,type",MII_PR_Labor_Laboruntersuchung,https://www.medizininformatik-initiative.de/fhir/modul-mikrobio/StructureDefinition/mii-pr-mikrobio-allgemeine-kultur
mikrobiologie,MII_PR_Mikrobio_Probe,Specimen.type,short,MII_PR_Biobank_Specimen_Bioprobe_Core,https://www.medizininformatik-initiative.de/fhir/modul-mikrobio/StructureDefinition/mii-pr-mikrobio-probe
mikrobiologie,MII_PR_Mikrobio_Probe,Specimen.parent,short,MII_PR_Biobank_Specimen_Bioprobe_Core,https://www.medizininformatik-initiative.de/fhir/modul-mikrobio/StructureDefinition/mii-pr-mikrobio-probe
mikrobiologie,MII_PR_Mikrobio_Probe,Specimen.collection.collected[x],short,MII_PR_Biobank_Specimen_Bioprobe_Core,https://www.medizininformatik-initiative.de/fhir/modul-mikrobio/StructureDefinition/mii-pr-mikrobio-probe
mikrobiologie,MII_PR_Mikrobio_Probe,Specimen.processing,comment,MII_PR_Biobank_Specimen_Bioprobe_Core,https://www.medizininformatik-initiative.de/fhir/modul-mikrobio/StructureDefinition/mii-pr-mikrobio-probe
mikrobiologie,MII_PR_Mikrobio_MRGN_Klasse,Observation.category,min,MII_PR_Labor_Laboruntersuchung,https://www.medizininformatik-initiative.de/fhir/modul-mikrobio/StructureDefinition/mii-pr-mikrobio-mrgn-klasse
mikrobiologie,MII_PR_Mikrobio_MRGN_Klasse,Observation.code,patternCodeableConcept,MII_PR_Labor_Laboruntersuchung,https://www.medizininformatik-initiative.de/fhir/modul-mikrobio/StructureDefinition/mii-pr-mikrobio-mrgn-klasse
mikrobiologie,MII_PR_Mikrobio_MRGN_Klasse,Observation.value[x],type,MII_PR_Labor_Laboruntersuchung,https://www.medizininformatik-initiative.de/fhir/modul-mikrobio/StructureDefinition/mii-pr-mikrobio-mrgn-klasse
mikrobiologie,MII_PR_Mikrobio_MRGN_Klasse,Observation.value[x]:valueCodeableConcept,"binding,short,type",MII_PR_Labor_Laboruntersuchung,https://www.medizininformatik-initiative.de/fhir/modul-mikrobio/StructureDefinition/mii-pr-mikrobio-mrgn-klasse
mikrobiologie,MII_PR_Mikrobio_MRGN_Klasse,Observation.dataAbsentReason,binding,MII_PR_Labor_Laboruntersuchung,https://www.medizininformatik-initiative.de/fhir/modul-mikrobio/StructureDefinition/mii-pr-mikrobio-mrgn-klasse
mikrobiologie,MII_PR_Mikrobio_MRGN_Klasse,Observation.specimen,"min,type",MII_PR_Labor_Laboruntersuchung,https://www.medizininformatik-initiative.de/fhir/modul-mikrobio/StructureDefinition/mii-pr-mikrobio-mrgn-klasse
mikrobiologie,MII_PR_Mikrobio_Allgemeine_Mikroskopie,Observation.category,min,MII_PR_Labor_Laboruntersuchung,https://www.medizininformatik-initiative.de/fhir/modul-mikrobio/StructureDefinition/mii-pr-mikrobio-mikroskopie
mikrobiologie,MII_PR_Mikrobio_Allgemeine_Mikroskopie,Observation.code,"binding,short",MII_PR_Labor_Laboruntersuchung,https://www.medizininformatik-initiative.de/fhir/modul-mikrobio/StructureDefinition/mii-pr-mikrobio-mikroskopie
mikrobiologie,MII_PR_Mikrobio_Allgemeine_Mikroskopie,Observation.value[x],type,MII_PR_Labor_Laboruntersuchung,https://www.medizininformatik-initiative.de/fhir/modul-mikrobio/StructureDefinition/mii-pr-mikrobio-mikroskopie
mikrobiologie,MII_PR_Mikrobio_Allgemeine_Mikroskopie,Observation.value[x]:valueCodeableConcept,"binding,short,type",MII_PR_Labor_Laboruntersuchung,https://www.medizininformatik-initiative.de/fhir/modul-mikrobio/StructureDefinition/mii-pr-mikrobio-mikroskopie
mikrobiologie,MII_PR_Mikrobio_Allgemeine_Mikroskopie,Observation.dataAbsentReason,binding,MII_PR_Labor_Laboruntersuchung,https://www.medizininformatik-initiative.de/fhir/modul-mikrobio/StructureDefinition/mii-pr-mikrobio-mikroskopie
mikrobiologie,MII_PR_Mikrobio_Allgemeine_Mikroskopie,Observation.method,"binding,short",MII_PR_Labor_Laboruntersuchung,https://www.medizininformatik-initiative.de/fhir/modul-mikrobio/StructureDefinition/mii-pr-mikrobio-mikroskopie
mikrobiologie,MII_PR_Mikrobio_Allgemeine_Mikroskopie,Observation.specimen,"min,type",MII_PR_Labor_Laboruntersuchung,https://www.medizininformatik-initiative.de/fhir/modul-mikrobio/StructureDefinition/mii-pr-mikrobio-mikroskopie
mikrobiologie,MII_PR_Mikrobio_Voraussichtliche_Empfindlichkeit,Observation.category,min,MII_PR_Labor_Laboruntersuchung,https://www.medizininformatik-initiative.de/fhir/modul-mikrobio/StructureDefinition/mii-pr-mikrobio-voraussichtliche-empfindlichkeit
mikrobiologie,MII_PR_Mikrobio_Voraussichtliche_Empfindlichkeit,Observation.code,"binding,short",MII_PR_Labor_Laboruntersuchung,https://www.medizininformatik-initiative.de/fhir/modul-mikrobio/StructureDefinition/mii-pr-mikrobio-voraussichtliche-empfindlichkeit
mikrobiologie,MII_PR_Mikrobio_Voraussichtliche_Empfindlichkeit,Observation.value[x],type,MII_PR_Labor_Laboruntersuchung,https://www.medizininformatik-initiative.de/fhir/modul-mikrobio/StructureDefinition/mii-pr-mikrobio-voraussichtliche-empfindlichkeit
mikrobiologie,MII_PR_Mikrobio_Voraussichtliche_Empfindlichkeit,Observation.value[x]:valueCodeableConcept,"binding,type",MII_PR_Labor_Laboruntersuchung,https://www.medizininformatik-initiative.de/fhir/modul-mikrobio/StructureDefinition/mii-pr-mikrobio-voraussichtliche-empfindlichkeit
mikrobiologie,MII_PR_Mikrobio_Voraussichtliche_Empfindlichkeit,Observation.dataAbsentReason,binding,MII_PR_Labor_Laboruntersuchung,https://www.medizininformatik-initiative.de/fhir/modul-mikrobio/StructureDefinition/mii-pr-mikrobio-voraussichtliche-empfindlichkeit
mikrobiologie,MII_PR_Mikrobio_Voraussichtliche_Empfindlichkeit,Observation.specimen,"min,type",MII_PR_Labor_Laboruntersuchung,https://www.medizininformatik-initiative.de/fhir/modul-mikrobio/StructureDefinition/mii-pr-mikrobio-voraussichtliche-empfindlichkeit
molgen,MII_PR_MolGen_Mikrosatelliteninstabilitaet,Observation.code,"_definition,definition",MII_PR_MolGen_MolekularerBiomarker,https://www.medizininformatik-initiative.de/fhir/ext/modul-molgen/StructureDefinition/mikrosatelliteninstabilitaet
molgen,MII_PR_MolGen_Mikrosatelliteninstabilitaet,Observation.subject,min,MII_PR_MolGen_MolekularerBiomarker,https://www.medizininformatik-initiative.de/fhir/ext/modul-molgen/StructureDefinition/mikrosatelliteninstabilitaet
molgen,MII_PR_MolGen_Mutationslast,Observation.code,"_definition,definition",MII_PR_MolGen_MolekularerBiomarker,https://www.medizininformatik-initiative.de/fhir/ext/modul-molgen/StructureDefinition/mutationslast
molgen,MII_PR_MolGen_Mutationslast,Observation.subject,min,MII_PR_MolGen_MolekularerBiomarker,https://www.medizininformatik-initiative.de/fhir/ext/modul-molgen/StructureDefinition/mutationslast
patho,MII_PR_Patho_Specimen,Specimen.identifier,"_definition,_short,definition,min,short,slicing",MII_PR_Biobank_Specimen_Bioprobe_Core,https://www.medizininformatik-initiative.de/fhir/ext/modul-patho/StructureDefinition/mii-pr-patho-specimen
patho,MII_PR_Patho_Specimen,Specimen.request,type,MII_PR_Biobank_Specimen_Bioprobe_Core,https://www.medizininformatik-initiative.de/fhir/ext/modul-patho/StructureDefinition/mii-pr-patho-specimen
patho,MII_PR_Patho_Specimen,Specimen.processing.procedure,binding,MII_PR_Biobank_Specimen_Bioprobe_Core,https://www.medizininformatik-initiative.de/fhir/ext/modul-patho/StructureDefinition/mii-pr-patho-specimen
patho,MII_PR_Patho_Specimen,Specimen.container,"_definition,_short,definition,short",MII_PR_Biobank_Specimen_Bioprobe_Core,https://www.medizininformatik-initiative.de/fhir/ext/modul-patho/StructureDefinition/mii-pr-patho-specimen
patho,MII_PR_Patho_Specimen,Specimen.container.type,binding,MII_PR_Biobank_Specimen_Bioprobe_Core,https://www.medizininformatik-initiative.de/fhir/ext/modul-patho/StructureDefinition/mii-pr-patho-specimen
patho,MII_PR_Patho_Macroscopic_Grouper,Observation.text,"_definition,_short,definition,short",MII_PR_Patho_Section_Grouper,https://www.medizininformatik-initiative.de/fhir/ext/modul-patho/StructureDefinition/mii-pr-patho-macroscopic-grouper
patho,MII_PR_Patho_Macroscopic_Grouper,Observation.code,patternCodeableConcept,MII_PR_Patho_Section_Grouper,https://www.medizininformatik-initiative.de/fhir/ext/modul-patho/StructureDefinition/mii-pr-patho-macroscopic-grouper
patho,MII_PR_Patho_Macroscopic_Grouper,Observation.hasMember:pathology-finding,"_definition,_short,definition,short",MII_PR_Patho_Section_Grouper,https://www.medizininformatik-initiative.de/fhir/ext/modul-patho/StructureDefinition/mii-pr-patho-macroscopic-grouper
patho,MII_PR_Patho_Microscopic_Grouper,Observation.text,"_definition,_short,definition,short",MII_PR_Patho_Section_Grouper,https://www.medizininformatik-initiative.de/fhir/ext/modul-patho/StructureDefinition/mii-pr-patho-microscopic-grouper
patho,MII_PR_Patho_Microscopic_Grouper,Observation.code,patternCodeableConcept,MII_PR_Patho_Section_Grouper,https://www.medizininformatik-initiative.de/fhir/ext/modul-patho/StructureDefinition/mii-pr-patho-microscopic-grouper
patho,MII_PR_Patho_Microscopic_Grouper,Observation.hasMember:pathology-finding,"_definition,_short,definition,short",MII_PR_Patho_Section_Grouper,https://www.medizininformatik-initiative.de/fhir/ext/modul-patho/StructureDefinition/mii-pr-patho-microscopic-grouper
patho,MII_PR_Patho_Intraoperative_Grouper,Observation.text,"_definition,_short,definition,short",MII_PR_Patho_Section_Grouper,https://www.medizininformatik-initiative.de/fhir/ext/modul-patho/StructureDefinition/mii-pr-patho-intraoperative-grouper
patho,MII_PR_Patho_Intraoperative_Grouper,Observation.code,patternCodeableConcept,MII_PR_Patho_Section_Grouper,https://www.medizininformatik-initiative.de/fhir/ext/modul-patho/StructureDefinition/mii-pr-patho-intraoperative-grouper
patho,MII_PR_Patho_Intraoperative_Grouper,Observation.hasMember:pathology-finding,"_definition,_short,definition,short",MII_PR_Patho_Section_Grouper,https://www.medizininformatik-initiative.de/fhir/ext/modul-patho/StructureDefinition/mii-pr-patho-intraoperative-grouper
patho,MII_PR_Patho_Finding,Observation.identifier,"_definition,_short,definition,short",MII_PR_Patho_Base_Observation,https://www.medizininformatik-initiative.de/fhir/ext/modul-patho/StructureDefinition/mii-pr-patho-finding
patho,MII_PR_Patho_Finding,Observation.basedOn,"_definition,_short,definition,short",MII_PR_Patho_Base_Observation,https://www.medizininformatik-initiative.de/fhir/ext/modul-patho/StructureDefinition/mii-pr-patho-finding
patho,MII_PR_Patho_Finding,Observation.status,"_definition,_short,definition,short",MII_PR_Patho_Base_Observation,https://www.medizininformatik-initiative.de/fhir/ext/modul-patho/StructureDefinition/mii-pr-patho-finding
patho,MII_PR_Patho_Finding,Observation.category,"_definition,_short,definition,min,short",MII_PR_Patho_Base_Observation,https://www.medizininformatik-initiative.de/fhir/ext/modul-patho/StructureDefinition/mii-pr-patho-finding
patho,MII_PR_Patho_Finding,Observation.code,"_definition,_short,definition,short",MII_PR_Patho_Base_Observation,https://www.medizininformatik-initiative.de/fhir/ext/modul-patho/StructureDefinition/mii-pr-patho-finding
patho,MII_PR_Patho_Finding,Observation.subject,"_definition,_short,definition,short",MII_PR_Patho_Base_Observation,https://www.medizininformatik-initiative.de/fhir/ext/modul-patho/StructureDefinition/mii-pr-patho-finding
patho,MII_PR_Patho_Finding,Observation.effective[x],"_definition,_short,definition,short",MII_PR_Patho_Base_Observation,https://www.medizininformatik-initiative.de/fhir/ext/modul-patho/StructureDefinition/mii-pr-patho-finding
patho,MII_PR_Patho_Finding,Observation.bodySite,"_definition,_short,definition,short",MII_PR_Patho_Base_Observation,https://www.medizininformatik-initiative.de/fhir/ext/modul-patho/StructureDefinition/mii-pr-patho-finding
patho,MII_PR_Patho_Finding,Observation.method,"_definition,_short,definition,short",MII_PR_Patho_Base_Observation,https://www.medizininformatik-initiative.de/fhir/ext/modul-patho/StructureDefinition/mii-pr-patho-finding
patho,MII_PR_Patho_Finding,Observation.specimen,"_definition,_short,definition,short",MII_PR_Patho_Base_Observation,https://www.medizininformatik-initiative.de/fhir/ext/modul-patho/StructureDefinition/mii-pr-patho-finding
patho,MII_PR_Patho_Finding,Observation.hasMember,"_definition,_short,definition,short",MII_PR_Patho_Base_Observation,https://www.medizininformatik-initiative.de/fhir/ext/modul-patho/StructureDefinition/mii-pr-patho-finding
patho,MII_PR_Patho_Finding,Observation.derivedFrom,"_definition,_short,definition,short",MII_PR_Patho_Base_Observation,https://www.medizininformatik-initiative.de/fhir/ext/modul-patho/StructureDefinition/mii-pr-patho-finding
patho,MII_PR_Patho_Additional_Specified_Grouper,Observation.text,"_definition,_short,definition,short",MII_PR_Patho_Section_Grouper,https://www.medizininformatik-initiative.de/fhir/ext/modul-patho/StructureDefinition/mii-pr-patho-additional-specified-grouper
patho,MII_PR_Patho_Additional_Specified_Grouper,Observation.code,patternCodeableConcept,MII_PR_Patho_Section_Grouper,https://www.medizininformatik-initiative.de/fhir/ext/modul-patho/StructureDefinition/mii-pr-patho-additional-specified-grouper
patho,MII_PR_Patho_Additional_Specified_Grouper,Observation.hasMember:pathology-finding,"_definition,_short,definition,short",MII_PR_Patho_Section_Grouper,https://www.medizininformatik-initiative.de/fhir/ext/modul-patho/StructureDefinition/mii-pr-patho-additional-specified-grouper
patho,MII_PR_Patho_Section_Grouper,Observation.hasMember,slicing,MII_PR_Patho_Base_Observation,https://www.medizininformatik-initiative.de/fhir/ext/modul-patho/StructureDefinition/mii-pr-patho-section-grouper
patho,MII_PR_Patho_Diagnostic_Conclusion_Grouper,Observation.text,"_definition,_short,definition,short",MII_PR_Patho_Section_Grouper,https://www.medizininformatik-initiative.de/fhir/ext/modul-patho/StructureDefinition/mii-pr-patho-diagnostic-conclusion-grouper
patho,MII_PR_Patho_Diagnostic_Conclusion_Grouper,Observation.code,patternCodeableConcept,MII_PR_Patho_Section_Grouper,https://www.medizininformatik-initiative.de/fhir/ext/modul-patho/StructureDefinition/mii-pr-patho-diagnostic-conclusion-grouper
patho,MII_PR_Patho_Diagnostic_Conclusion_Grouper,Observation.hasMember:pathology-finding,"_definition,_short,definition,short",MII_PR_Patho_Section_Grouper,https://www.medizininformatik-initiative.de/fhir/ext/modul-patho/StructureDefinition/mii-pr-patho-diagnostic-conclusion-grouper
bildgebung,MII_PR_Bildgebung_Bildgebungsprozedur,Procedure.category,min,MII_PR_Prozedur_Procedure,https://www.medizininformatik-initiative.de/fhir/ext/modul-bildgebung/StructureDefinition/mii-pr-bildgebung-bildgebungsprozedur
bildgebung,MII_PR_Bildgebung_Bildgebungsprozedur,Procedure.category.coding,min,MII_PR_Prozedur_Procedure,https://www.medizininformatik-initiative.de/fhir/ext/modul-bildgebung/StructureDefinition/mii-pr-bildgebung-bildgebungsprozedur
bildgebung,MII_PR_Bildgebung_Bildgebungsprozedur,Procedure.category.coding:sct,patternCoding,MII_PR_Prozedur_Procedure,https://www.medizininformatik-initiative.de/fhir/ext/modul-bildgebung/StructureDefinition/mii-pr-bildgebung-bildgebungsprozedur
bildgebung,MII_PR_Bildgebung_Bildgebungsprozedur,Procedure.code,"_definition,definition",MII_PR_Prozedur_Procedure,https://www.medizininformatik-initiative.de/fhir/ext/modul-bildgebung/StructureDefinition/mii-pr-bildgebung-bildgebungsprozedur
bildgebung,MII_PR_Bildgebung_Bildgebungsprozedur,Procedure.code.coding:sct,binding,MII_PR_Prozedur_Procedure,https://www.medizininformatik-initiative.de/fhir/ext/modul-bildgebung/StructureDefinition/mii-pr-bildgebung-bildgebungsprozedur
bildgebung,MII_PR_Bildgebung_Bildgebungsprozedur,Procedure.subject,"_definition,_short,definition,short,type",MII_PR_Prozedur_Procedure,https://www.medizininformatik-initiative.de/fhir/ext/modul-bildgebung/StructureDefinition/mii-pr-bildgebung-bildgebungsprozedur
bildgebung,MII_PR_Bildgebung_Radiologische_Messung,Observation.value[x],type,MII_PR_Bildgebung_Radiologische_Beobachtung,https://www.medizininformatik-initiative.de/fhir/ext/modul-bildgebung/StructureDefinition/mii-pr-bildgebung-radiologische-messung
bildgebung,MII_PR_Bildgebung_Radiologische_Messung,Observation.value[x]:valueQuantity.system,patternUri,MII_PR_Bildgebung_Radiologische_Beobachtung,https://www.medizininformatik-initiative.de/fhir/ext/modul-bildgebung/StructureDefinition/mii-pr-bildgebung-radiologische-messung
bildgebung,MII_PR_Bildgebung_Radiologische_Befundungsprozedur,Procedure.category,min,MII_PR_Prozedur_Procedure,https://www.medizininformatik-initiative.de/fhir/ext/modul-bildgebung/StructureDefinition/mii-pr-bildgebung-radiologische-befundungsprozedur
bildgebung,MII_PR_Bildgebung_Radiologische_Befundungsprozedur,Procedure.category.coding,min,MII_PR_Prozedur_Procedure,https://www.medizininformatik-initiative.de/fhir/ext/modul-bildgebung/StructureDefinition/mii-pr-bildgebung-radiologische-befundungsprozedur
bildgebung,MII_PR_Bildgebung_Radiologische_Befundungsprozedur,Procedure.category.coding:sct,patternCoding,MII_PR_Prozedur_Procedure,https://www.medizininformatik-initiative.de/fhir/ext/modul-bildgebung/StructureDefinition/mii-pr-bildgebung-radiologische-befundungsprozedur
bildgebung,MII_PR_Bildgebung_Radiologische_Befundungsprozedur,Procedure.code.coding:sct,patternCoding,MII_PR_Prozedur_Procedure,https://www.medizininformatik-initiative.de/fhir/ext/modul-bildgebung/StructureDefinition/mii-pr-bildgebung-radiologische-befundungsprozedur
bildgebung,MII_PR_Bildgebung_Radiologische_Befundungsprozedur,Procedure.subject,"_definition,_short,definition,short,type",MII_PR_Prozedur_Procedure,https://www.medizininformatik-initiative.de/fhir/ext/modul-bildgebung/StructureDefinition/mii-pr-bildgebung-radiologische-befundungsprozedur
bildgebung,MII_PR_Bildgebung_Kontrastmittelgabe,MedicationAdministration.partOf,"_definition,_short",MII_PR_Medikation_MedicationAdministration,https://www.medizininformatik-initiative.de/fhir/ext/modul-bildgebung/StructureDefinition/mii-pr-bildgebung-kontrastmittelgabe
bildgebung,MII_PR_Bildgebung_Kontrastmittelgabe,MedicationAdministration.status,_short,MII_PR_Medikation_MedicationAdministration,https://www.medizininformatik-initiative.de/fhir/ext/modul-bildgebung/StructureDefinition/mii-pr-bildgebung-kontrastmittelgabe
bildgebung,MII_PR_Bildgebung_Kontrastmittelgabe,MedicationAdministration.medication[x],"_definition,_short,definition",MII_PR_Medikation_MedicationAdministration,https://www.medizininformatik-initiative.de/fhir/ext/modul-bildgebung/StructureDefinition/mii-pr-bildgebung-kontrastmittelgabe
bildgebung,MII_PR_Bildgebung_Kontrastmittelgabe,MedicationAdministration.subject,"_definition,_short,definition,short,type",MII_PR_Medikation_MedicationAdministration,https://www.medizininformatik-initiative.de/fhir/ext/modul-bildgebung/StructureDefinition/mii-pr-bildgebung-kontrastmittelgabe
bildgebung,MII_PR_Bildgebung_Kontrastmittelgabe,MedicationAdministration.effective[x],"definition,type",MII_PR_Medikation_MedicationAdministration,https://www.medizininformatik-initiative.de/fhir/ext/modul-bildgebung/StructureDefinition/mii-pr-bildgebung-kontrastmittelgabe
bildgebung,MII_PR_Bildgebung_Kontrastmittelgabe,MedicationAdministration.dosage,"_definition,min",MII_PR_Medikation_MedicationAdministration,https://www.medizininformatik-initiative.de/fhir/ext/modul-bildgebung/StructureDefinition/mii-pr-bildgebung-kontrastmittelgabe
bildgebung,MII_PR_Bildgebung_Kontrastmittelgabe,MedicationAdministration.dosage.dose,"_definition,_short,definition,min",MII_PR_Medikation_MedicationAdministration,https://www.medizininformatik-initiative.de/fhir/ext/modul-bildgebung/StructureDefinition/mii-pr-bildgebung-kontrastmittelgabe
onkologie,MII_PR_Onko_Strahlentherapie_Bestrahlung_Nuklearmedizin,Procedure.category,"min,patternCodeableConcept",MII_PR_Prozedur_Procedure,https://www.medizininformatik-initiative.de/fhir/ext/modul-onko/StructureDefinition/mii-pr-onko-strahlentherapie-bestrahlung-nuklearmedizin
onkologie,MII_PR_Onko_Strahlentherapie_Bestrahlung_Nuklearmedizin,Procedure.code.coding,binding,MII_PR_Prozedur_Procedure,https://www.medizininformatik-initiative.de/fhir/ext/modul-onko/StructureDefinition/mii-pr-onko-strahlentherapie-bestrahlung-nuklearmedizin
onkologie,MII_PR_Onko_Strahlentherapie_Bestrahlung_Nuklearmedizin,Procedure.subject,type,MII_PR_Prozedur_Procedure,https://www.medizininformatik-initiative.de/fhir/ext/modul-onko/StructureDefinition/mii-pr-onko-strahlentherapie-bestrahlung-nuklearmedizin
onkologie,MII_PR_Onko_Strahlentherapie_Bestrahlung_Nuklearmedizin,Procedure.performed[x],type,MII_PR_Prozedur_Procedure,https://www.medizininformatik-initiative.de/fhir/ext/modul-onko/StructureDefinition/mii-pr-onko-strahlentherapie-bestrahlung-nuklearmedizin
onkologie,MII_PR_Onko_Strahlentherapie_Bestrahlung_Nuklearmedizin,Procedure.performed[x]:performedPeriod,type,MII_PR_Prozedur_Procedure,https://www.medizininformatik-initiative.de/fhir/ext/modul-onko/StructureDefinition/mii-pr-onko-strahlentherapie-bestrahlung-nuklearmedizin
onkologie,MII_PR_Onko_Strahlentherapie_Bestrahlung_Nuklearmedizin,Procedure.bodySite,"binding,max",MII_PR_Prozedur_Procedure,https://www.medizininformatik-initiative.de/fhir/ext/modul-onko/StructureDefinition/mii-pr-onko-strahlentherapie-bestrahlung-nuklearmedizin
onkologie,MII_PR_Onko_Strahlentherapie_Bestrahlung_Nuklearmedizin,Procedure.bodySite.coding,"_definition,_short,definition,short",MII_PR_Prozedur_Procedure,https://www.medizininformatik-initiative.de/fhir/ext/modul-onko/StructureDefinition/mii-pr-onko-strahlentherapie-bestrahlung-nuklearmedizin
onkologie,MII_PR_Onko_KRK_Stoma_Markierung,Procedure.status,mapping,MII_PR_Prozedur_Procedure,https://www.medizininformatik-initiative.de/fhir/ext/modul-onko/StructureDefinition/mii-pr-onko-krk-stoma-markierung
onkologie,MII_PR_Onko_KRK_Stoma_Markierung,Procedure.category,min,MII_PR_Prozedur_Procedure,https://www.medizininformatik-initiative.de/fhir/ext/modul-onko/StructureDefinition/mii-pr-onko-krk-stoma-markierung
onkologie,MII_PR_Onko_KRK_Stoma_Markierung,Procedure.category.coding,patternCoding,MII_PR_Prozedur_Procedure,https://www.medizininformatik-initiative.de/fhir/ext/modul-onko/StructureDefinition/mii-pr-onko-krk-stoma-markierung
onkologie,MII_PR_Onko_KRK_Stoma_Markierung,Procedure.code,"definition,short",MII_PR_Prozedur_Procedure,https://www.medizininformatik-initiative.de/fhir/ext/modul-onko/StructureDefinition/mii-pr-onko-krk-stoma-markierung
onkologie,MII_PR_Onko_KRK_Stoma_Markierung,Procedure.code.coding,patternCoding,MII_PR_Prozedur_Procedure,https://www.medizininformatik-initiative.de/fhir/ext/modul-onko/StructureDefinition/mii-pr-onko-krk-stoma-markierung
onkologie,MII_PR_Onko_KRK_Stoma_Markierung,Procedure.subject,type,MII_PR_Prozedur_Procedure,https://www.medizininformatik-initiative.de/fhir/ext/modul-onko/StructureDefinition/mii-pr-onko-krk-stoma-markierung
onkologie,MII_PR_Onko_KRK_Stoma_Markierung,Procedure.performed[x],type,MII_PR_Prozedur_Procedure,https://www.medizininformatik-initiative.de/fhir/ext/modul-onko/StructureDefinition/mii-pr-onko-krk-stoma-markierung
onkologie,MII_PR_Onko_KRK_Stoma_Markierung,Procedure.performed[x]:performedDateTime,"_definition,_short,definition,mapping,short,type",MII_PR_Prozedur_Procedure,https://www.medizininformatik-initiative.de/fhir/ext/modul-onko/StructureDefinition/mii-pr-onko-krk-stoma-markierung
onkologie,MII_PR_Onko_Genetische_Variante,Observation.subject,type,MII_PR_MolGen_Variante,https://www.medizininformatik-initiative.de/fhir/ext/modul-onko/StructureDefinition/mii-pr-onko-genetische-variante
onkologie,MII_PR_Onko_Genetische_Variante,Observation.value[x],type,MII_PR_MolGen_Variante,https://www.medizininformatik-initiative.de/fhir/ext/modul-onko/StructureDefinition/mii-pr-onko-genetische-variante
onkologie,MII_PR_Onko_Genetische_Variante,Observation.specimen,"definition,short,type",MII_PR_MolGen_Variante,https://www.medizininformatik-initiative.de/fhir/ext/modul-onko/StructureDefinition/mii-pr-onko-genetische-variante
onkologie,MII_PR_Onko_Systemische_Therapie_Medikation,MedicationStatement.basedOn,"definition,short,slicing,type",MII_PR_Medikation_MedicationStatement,https://www.medizininformatik-initiative.de/fhir/ext/modul-onko/StructureDefinition/mii-pr-onko-systemische-therapie-medikation
onkologie,MII_PR_Onko_Systemische_Therapie_Medikation,MedicationStatement.partOf,"min,slicing",MII_PR_Medikation_MedicationStatement,https://www.medizininformatik-initiative.de/fhir/ext/modul-onko/StructureDefinition/mii-pr-onko-systemische-therapie-medikation
onkologie,MII_PR_Onko_Systemische_Therapie_Medikation,MedicationStatement.partOf:systemischeTherapie,"max,min,type",MII_PR_Medikation_MedicationStatement,https://www.medizininformatik-initiative.de/fhir/ext/modul-onko/StructureDefinition/mii-pr-onko-systemische-therapie-medikation
onkologie,MII_PR_Onko_Systemische_Therapie_Medikation,MedicationStatement.medication[x]:medicationReference,"_short,definition,short,type",MII_PR_Medikation_MedicationStatement,https://www.medizininformatik-initiative.de/fhir/ext/modul-onko/StructureDefinition/mii-pr-onko-systemische-therapie-medikation
onkologie,MII_PR_Onko_Systemische_Therapie_Medikation,MedicationStatement.medication[x]:medicationCodeableConcept,type,MII_PR_Medikation_MedicationStatement,https://www.medizininformatik-initiative.de/fhir/ext/modul-onko/StructureDefinition/mii-pr-onko-systemische-therapie-medikation
onkologie,MII_PR_Onko_Systemische_Therapie_Medikation,MedicationStatement.medication[x]:medicationCodeableConcept.coding,"_definition,_short,definition,min,short",MII_PR_Medikation_MedicationStatement,https://www.medizininformatik-initiative.de/fhir/ext/modul-onko/StructureDefinition/mii-pr-onko-systemische-therapie-medikation
onkologie,MII_PR_Onko_Systemische_Therapie_Medikation,MedicationStatement.medication[x]:medicationCodeableConcept.coding:UNII,binding,MII_PR_Medikation_MedicationStatement,https://www.medizininformatik-initiative.de/fhir/ext/modul-onko/StructureDefinition/mii-pr-onko-systemische-therapie-medikation
onkologie,MII_PR_Onko_Systemische_Therapie_Medikation,MedicationStatement.subject,type,MII_PR_Medikation_MedicationStatement,https://www.medizininformatik-initiative.de/fhir/ext/modul-onko/StructureDefinition/mii-pr-onko-systemische-therapie-medikation
onkologie,MII_PR_Onko_Systemische_Therapie_Medikation,MedicationStatement.effective[x]:effectivePeriod,type,MII_PR_Medikation_MedicationStatement,https://www.medizininformatik-initiative.de/fhir/ext/modul-onko/StructureDefinition/mii-pr-onko-systemische-therapie-medikation
onkologie,MII_PR_Onko_Mamma_Sozialdienst,Procedure.code,"definition,short",MII_PR_Onko_Operation,https://www.medizininformatik-initiative.de/fhir/ext/modul-onko/StructureDefinition/mii-pr-onko-mamma-sozialdienst
onkologie,MII_PR_Onko_Mamma_Sozialdienst,Procedure.code.coding,patternCoding,MII_PR_Onko_Operation,https://www.medizininformatik-initiative.de/fhir/ext/modul-onko/StructureDefinition/mii-pr-onko-mamma-sozialdienst
onkologie,MII_PR_Onko_Mamma_Sozialdienst,Procedure.performed[x]:performedDateTime,"definition,mapping,min,short,type",MII_PR_Onko_Operation,https://www.medizininformatik-initiative.de/fhir/ext/modul-onko/StructureDefinition/mii-pr-onko-mamma-sozialdienst
onkologie,MII_PR_Onko_Mamma_Sozialdienst,Procedure.reasonReference,type,MII_PR_Onko_Operation,https://www.medizininformatik-initiative.de/fhir/ext/modul-onko/StructureDefinition/mii-pr-onko-mamma-sozialdienst
onkologie,MII_PR_Onko_TNM_Klassifikation_Synthetisiert,Observation.code,patternCodeableConcept,MII_PR_Onko_TNM_Klassifikation,https://www.medizininformatik-initiative.de/fhir/ext/modul-onko/StructureDefinition/mii-pr-onko-tnm-klassifikation-synthetisiert
onkologie,MII_PR_Onko_TNM_Klassifikation_Synthetisiert,Observation.effective[x],"_definition,_short,definition,short",MII_PR_Onko_TNM_Klassifikation,https://www.medizininformatik-initiative.de/fhir/ext/modul-onko/StructureDefinition/mii-pr-onko-tnm-klassifikation-synthetisiert
onkologie,MII_PR_Onko_TNM_Klassifikation_Synthetisiert,Observation.value[x],min,MII_PR_Onko_TNM_Klassifikation,https://www.medizininformatik-initiative.de/fhir/ext/modul-onko/StructureDefinition/mii-pr-onko-tnm-klassifikation-synthetisiert
onkologie,MII_PR_Onko_TNM_Klassifikation_Synthetisiert,Observation.hasMember,"definition,short",MII_PR_Onko_TNM_Klassifikation,https://www.medizininformatik-initiative.de/fhir/ext/modul-onko/StructureDefinition/mii-pr-onko-tnm-klassifikation-synthetisiert
onkologie,MII_PR_Onko_Melanom_Exzision,Procedure.code.coding:sct,"binding,definition,min,short",MII_PR_Onko_Operation,https://www.medizininformatik-initiative.de/fhir/ext/modul-onko/StructureDefinition/mii-pr-onko-melanom-exzision
onkologie,MII_PR_Onko_KRK_Specimen,Specimen.accessionIdentifier.value,mapping,MII_PR_Onko_Specimen,https://www.medizininformatik-initiative.de/fhir/ext/modul-onko/StructureDefinition/mii-pr-onko-krk-specimen
onkologie,MII_PR_Onko_KRK_Specimen,Specimen.collection.collected[x]:collectedDateTime,"_definition,_short,definition,mapping,short,type",MII_PR_Onko_Specimen,https://www.medizininformatik-initiative.de/fhir/ext/modul-onko/StructureDefinition/mii-pr-onko-krk-specimen
onkologie,MII_PR_Onko_Strahlentherapie_Bestrahlung_Strahlentherapie,Procedure.category,patternCodeableConcept,MII_PR_Prozedur_Procedure,https://www.medizininformatik-initiative.de/fhir/ext/modul-onko/StructureDefinition/mii-pr-onko-strahlentherapie-bestrahlung-strahlentherapie
onkologie,MII_PR_Onko_Strahlentherapie_Bestrahlung_Strahlentherapie,Procedure.code,binding,MII_PR_Prozedur_Procedure,https://www.medizininformatik-initiative.de/fhir/ext/modul-onko/StructureDefinition/mii-pr-onko-strahlentherapie-bestrahlung-strahlentherapie
onkologie,MII_PR_Onko_Strahlentherapie_Bestrahlung_Strahlentherapie,Procedure.subject,type,MII_PR_Prozedur_Procedure,https://www.medizininformatik-initiative.de/fhir/ext/modul-onko/StructureDefinition/mii-pr-onko-strahlentherapie-bestrahlung-strahlentherapie
onkologie,MII_PR_Onko_Strahlentherapie_Bestrahlung_Strahlentherapie,Procedure.performed[x],type,MII_PR_Prozedur_Procedure,https://www.medizininformatik-initiative.de/fhir/ext/modul-onko/StructureDefinition/mii-pr-onko-strahlentherapie-bestrahlung-strahlentherapie
onkologie,MII_PR_Onko_Strahlentherapie_Bestrahlung_Strahlentherapie,Procedure.performed[x]:performedPeriod,type,MII_PR_Prozedur_Procedure,https://www.medizininformatik-initiative.de/fhir/ext/modul-onko/StructureDefinition/mii-pr-onko-strahlentherapie-bestrahlung-strahlentherapie
onkologie,MII_PR_Onko_Strahlentherapie_Bestrahlung_Strahlentherapie,Procedure.bodySite,"binding,max",MII_PR_Prozedur_Procedure,https://www.medizininformatik-initiative.de/fhir/ext/modul-onko/StructureDefinition/mii-pr-onko-strahlentherapie-bestrahlung-strahlentherapie
onkologie,MII_PR_Onko_Strahlentherapie_Bestrahlung_Strahlentherapie,Procedure.bodySite.coding,"_definition,_short,definition,short",MII_PR_Prozedur_Procedure,https://www.medizininformatik-initiative.de/fhir/ext/modul-onko/StructureDefinition/mii-pr-onko-strahlentherapie-bestrahlung-strahlentherapie
onkologie,MII_PR_Onko_Tumormarker,Observation.code.coding:loinc,"_short,binding,definition,max,short",MII_PR_Labor_Laboruntersuchung,https://www.medizininformatik-initiative.de/fhir/ext/modul-onko/StructureDefinition/mii-pr-onko-tumormarker
onkologie,MII_PR_Onko_Operation,Procedure.extension,min,MII_PR_Prozedur_Procedure,https://www.medizininformatik-initiative.de/fhir/ext/modul-onko/StructureDefinition/mii-pr-onko-operation
onkologie,MII_PR_Onko_Operation,Procedure.code.coding:ops,"_definition,_short,definition,short",MII_PR_Prozedur_Procedure,https://www.medizininformatik-initiative.de/fhir/ext/modul-onko/StructureDefinition/mii-pr-onko-operation
onkologie,MII_PR_Onko_Operation,Procedure.code.coding:ops.extension:Seitenlokalisation,"_short,definition,short",MII_PR_Prozedur_Procedure,https://www.medizininformatik-initiative.de/fhir/ext/modul-onko/StructureDefinition/mii-pr-onko-operation
onkologie,MII_PR_Onko_Operation,Procedure.code.coding:ops.version,mapping,MII_PR_Prozedur_Procedure,https://www.medizininformatik-initiative.de/fhir/ext/modul-onko/StructureDefinition/mii-pr-onko-operation
onkologie,MII_PR_Onko_Operation,Procedure.code.coding:ops.code,mapping,MII_PR_Prozedur_Procedure,https://www.medizininformatik-initiative.de/fhir/ext/modul-onko/StructureDefinition/mii-pr-onko-operation
onkologie,MII_PR_Onko_Operation,Procedure.subject,type,MII_PR_Prozedur_Procedure,https://www.medizininformatik-initiative.de/fhir/ext/modul-onko/StructureDefinition/mii-pr-onko-operation
onkologie,MII_PR_Onko_Operation,Procedure.performed[x],type,MII_PR_Prozedur_Procedure,https://www.medizininformatik-initiative.de/fhir/ext/modul-onko/StructureDefinition/mii-pr-onko-operation
onkologie,MII_PR_Onko_Operation,Procedure.performed[x]:performedDateTime,"mapping,type",MII_PR_Prozedur_Procedure,https://www.medizininformatik-initiative.de/fhir/ext/modul-onko/StructureDefinition/mii-pr-onko-operation
onkologie,MII_PR_Onko_Strahlentherapie,Procedure.extension,min,MII_PR_Prozedur_Procedure,https://www.medizininformatik-initiative.de/fhir/ext/modul-onko/StructureDefinition/mii-pr-onko-strahlentherapie
onkologie,MII_PR_Onko_Strahlentherapie,Procedure.subject,type,MII_PR_Prozedur_Procedure,https://www.medizininformatik-initiative.de/fhir/ext/modul-onko/StructureDefinition/mii-pr-onko-strahlentherapie
onkologie,MII_PR_Onko_Strahlentherapie,Procedure.performed[x],type,MII_PR_Prozedur_Procedure,https://www.medizininformatik-initiative.de/fhir/ext/modul-onko/StructureDefinition/mii-pr-onko-strahlentherapie
onkologie,MII_PR_Onko_Strahlentherapie,Procedure.performed[x]:performedPeriod,type,MII_PR_Prozedur_Procedure,https://www.medizininformatik-initiative.de/fhir/ext/modul-onko/StructureDefinition/mii-pr-onko-strahlentherapie
onkologie,MII_PR_Onko_Prostata_Operation,Procedure.code.coding:sct,"binding,definition,min,short",MII_PR_Onko_Operation,https://www.medizininformatik-initiative.de/fhir/ext/modul-onko/StructureDefinition/mii-pr-onko-prostata-operation
onkologie,MII_PR_Onko_KRK_Operation,Procedure.partOf,type,MII_PR_Onko_Operation,https://www.medizininformatik-initiative.de/fhir/ext/modul-onko/StructureDefinition/mii-pr-onko-krk-operation
onkologie,MII_PR_Onko_KRK_Operation,Procedure.code,"definition,short",MII_PR_Onko_Operation,https://www.medizininformatik-initiative.de/fhir/ext/modul-onko/StructureDefinition/mii-pr-onko-krk-operation
onkologie,MII_PR_Onko_KRK_Operation,Procedure.code.coding,mapping,MII_PR_Onko_Operation,https://www.medizininformatik-initiative.de/fhir/ext/modul-onko/StructureDefinition/mii-pr-onko-krk-operation
onkologie,MII_PR_Onko_KRK_Operation,Procedure.reasonReference,type,MII_PR_Onko_Operation,https://www.medizininformatik-initiative.de/fhir/ext/modul-onko/StructureDefinition/mii-pr-onko-krk-operation
onkologie,MII_PR_Onko_Diagnose_Primaertumor,Condition.extension:Feststellungsdatum,"mapping,min",MII_PR_Diagnose_Condition,https://www.medizininformatik-initiative.de/fhir/ext/modul-onko/StructureDefinition/mii-pr-onko-diagnose-primaertumor
onkologie,MII_PR_Onko_Diagnose_Primaertumor,Condition.extension:morphology-behavior-icdo3.value[x].text,mapping,MII_PR_Diagnose_Condition,https://www.medizininformatik-initiative.de/fhir/ext/modul-onko/StructureDefinition/mii-pr-onko-diagnose-primaertumor
onkologie,MII_PR_Onko_Diagnose_Primaertumor,Condition.verificationStatus.coding,slicing,MII_PR_Diagnose_Condition,https://www.medizininformatik-initiative.de/fhir/ext/modul-onko/StructureDefinition/mii-pr-onko-diagnose-primaertumor
onkologie,MII_PR_Onko_Diagnose_Primaertumor,Condition.verificationStatus.coding:primaertumorDiagnosesicherung.system,min,MII_PR_Diagnose_Condition,https://www.medizininformatik-initiative.de/fhir/ext/modul-onko/StructureDefinition/mii-pr-onko-diagnose-primaertumor
onkologie,MII_PR_Onko_Diagnose_Primaertumor,Condition.verificationStatus.coding:primaertumorDiagnosesicherung.code,"mapping,min",MII_PR_Diagnose_Condition,https://www.medizininformatik-initiative.de/fhir/ext/modul-onko/StructureDefinition/mii-pr-onko-diagnose-primaertumor
onkologie,MII_PR_Onko_Diagnose_Primaertumor,Condition.code.coding:icd10-gm,constraint,MII_PR_Diagnose_Condition,https://www.medizininformatik-initiative.de/fhir/ext/modul-onko/StructureDefinition/mii-pr-onko-diagnose-primaertumor
onkologie,MII_PR_Onko_Diagnose_Primaertumor,Condition.code.coding:icd10-gm.version,mapping,MII_PR_Diagnose_Condition,https://www.medizininformatik-initiative.de/fhir/ext/modul-onko/StructureDefinition/mii-pr-onko-diagnose-primaertumor
onkologie,MII_PR_Onko_Diagnose_Primaertumor,Condition.code.coding:icd10-gm.code,mapping,MII_PR_Diagnose_Condition,https://www.medizininformatik-initiative.de/fhir/ext/modul-onko/StructureDefinition/mii-pr-onko-diagnose-primaertumor
onkologie,MII_PR_Onko_Diagnose_Primaertumor,Condition.subject,type,MII_PR_Diagnose_Condition,https://www.medizininformatik-initiative.de/fhir/ext/modul-onko/StructureDefinition/mii-pr-onko-diagnose-primaertumor
onkologie,MII_PR_Onko_Mamma_Operation,Procedure.partOf,type,MII_PR_Onko_Operation,https://www.medizininformatik-initiative.de/fhir/ext/modul-onko/StructureDefinition/mii-pr-onko-mamma-operation
onkologie,MII_PR_Onko_Mamma_Operation,Procedure.code,"definition,short",MII_PR_Onko_Operation,https://www.medizininformatik-initiative.de/fhir/ext/modul-onko/StructureDefinition/mii-pr-onko-mamma-operation
onkologie,MII_PR_Onko_Mamma_Operation,Procedure.code.coding:ops,binding,MII_PR_Onko_Operation,https://www.medizininformatik-initiative.de/fhir/ext/modul-onko/StructureDefinition/mii-pr-onko-mamma-operation
onkologie,MII_PR_Onko_Mamma_Operation,Procedure.code.coding:ops.code,mapping,MII_PR_Onko_Operation,https://www.medizininformatik-initiative.de/fhir/ext/modul-onko/StructureDefinition/mii-pr-onko-mamma-operation
onkologie,MII_PR_Onko_Mamma_Operation,Procedure.code.coding:sct,binding,MII_PR_Onko_Operation,https://www.medizininformatik-initiative.de/fhir/ext/modul-onko/StructureDefinition/mii-pr-onko-mamma-operation
onkologie,MII_PR_Onko_Mamma_Operation,Procedure.code.coding:sct.code,mapping,MII_PR_Onko_Operation,https://www.medizininformatik-initiative.de/fhir/ext/modul-onko/StructureDefinition/mii-pr-onko-mamma-operation
onkologie,MII_PR_Onko_Mamma_Operation,Procedure.reasonReference,type,MII_PR_Onko_Operation,https://www.medizininformatik-initiative.de/fhir/ext/modul-onko/StructureDefinition/mii-pr-onko-mamma-operation
onkologie,MII_PR_Onko_Systemische_Therapie,Procedure.extension,min,MII_PR_Prozedur_Procedure,https://www.medizininformatik-initiative.de/fhir/ext/modul-onko/StructureDefinition/mii-pr-onko-systemische-therapie
onkologie,MII_PR_Onko_Systemische_Therapie,Procedure.code,"comment,definition",MII_PR_Prozedur_Procedure,https://www.medizininformatik-initiative.de/fhir/ext/modul-onko/StructureDefinition/mii-pr-onko-systemische-therapie
onkologie,MII_PR_Onko_Systemische_Therapie,Procedure.code.coding:systemische_therapie_art,"_definition,_short,binding,definition,max,min,short",MII_PR_Prozedur_Procedure,https://www.medizininformatik-initiative.de/fhir/ext/modul-onko/StructureDefinition/mii-pr-onko-systemische-therapie
onkologie,MII_PR_Onko_Systemische_Therapie,Procedure.subject,type,MII_PR_Prozedur_Procedure,https://www.medizininformatik-initiative.de/fhir/ext/modul-onko/StructureDefinition/mii-pr-onko-systemische-therapie
onkologie,MII_PR_Onko_Systemische_Therapie,Procedure.performed[x],type,MII_PR_Prozedur_Procedure,https://www.medizininformatik-initiative.de/fhir/ext/modul-onko/StructureDefinition/mii-pr-onko-systemische-therapie
onkologie,MII_PR_Onko_Systemische_Therapie,Procedure.performed[x]:performedPeriod,type,MII_PR_Prozedur_Procedure,https://www.medizininformatik-initiative.de/fhir/ext/modul-onko/StructureDefinition/mii-pr-onko-systemische-therapie
onkologie,MII_PR_Onko_Therapieempfehlung_Medikation,MedicationRequest.intent,"definition,short",MII_PR_Medikation_MedicationRequest,https://www.medizininformatik-initiative.de/fhir/ext/modul-onko/StructureDefinition/mii-pr-onko-therapieempfehlung-medikation
onkologie,MII_PR_Onko_Therapieempfehlung_Medikation,MedicationRequest.medication[x]:medicationCodeableConcept,"min,type",MII_PR_Medikation_MedicationRequest,https://www.medizininformatik-initiative.de/fhir/ext/modul-onko/StructureDefinition/mii-pr-onko-therapieempfehlung-medikation
onkologie,MII_PR_Onko_Therapieempfehlung_Medikation,MedicationRequest.medication[x]:medicationCodeableConcept.coding,min,MII_PR_Medikation_MedicationRequest,https://www.medizininformatik-initiative.de/fhir/ext/modul-onko/StructureDefinition/mii-pr-onko-therapieempfehlung-medikation
onkologie,MII_PR_Onko_Therapieempfehlung_Medikation,MedicationRequest.subject,type,MII_PR_Medikation_MedicationRequest,https://www.medizininformatik-initiative.de/fhir/ext/modul-onko/StructureDefinition/mii-pr-onko-therapieempfehlung-medikation
onkologie,MII_PR_Onko_Therapieempfehlung_Medikation,MedicationRequest.authoredOn,min,MII_PR_Medikation_MedicationRequest,https://www.medizininformatik-initiative.de/fhir/ext/modul-onko/StructureDefinition/mii-pr-onko-therapieempfehlung-medikation
onkologie,MII_PR_Onko_Therapieempfehlung_Medikation,MedicationRequest.reasonReference,"min,slicing,type",MII_PR_Medikation_MedicationRequest,https://www.medizininformatik-initiative.de/fhir/ext/modul-onko/StructureDefinition/mii-pr-onko-therapieempfehlung-medikation
seltene,MII_PR_Seltene_Familienanamnese,FamilyMemberHistory.patient,mapping,MII_PR_MolGen_Familienanamnese,https://www.medizininformatik-initiative.de/fhir/ext/modul-seltene/StructureDefinition/mii-pr-seltene-familienanamnese
seltene,MII_PR_Seltene_Familienanamnese,FamilyMemberHistory.date,mapping,MII_PR_MolGen_Familienanamnese,https://www.medizininformatik-initiative.de/fhir/ext/modul-seltene/StructureDefinition/mii-pr-seltene-familienanamnese
seltene,MII_PR_Seltene_Familienanamnese,FamilyMemberHistory.relationship,mapping,MII_PR_MolGen_Familienanamnese,https://www.medizininformatik-initiative.de/fhir/ext/modul-seltene/StructureDefinition/mii-pr-seltene-familienanamnese
seltene,MII_PR_Seltene_Familienanamnese,FamilyMemberHistory.sex,mapping,MII_PR_MolGen_Familienanamnese,https://www.medizininformatik-initiative.de/fhir/ext/modul-seltene/StructureDefinition/mii-pr-seltene-familienanamnese
seltene,MII_PR_Seltene_Familienanamnese,FamilyMemberHistory.reasonCode,mapping,MII_PR_MolGen_Familienanamnese,https://www.medizininformatik-initiative.de/fhir/ext/modul-seltene/StructureDefinition/mii-pr-seltene-familienanamnese
seltene,MII_PR_Seltene_Familienanamnese,FamilyMemberHistory.condition.code.coding:icd10-gm,mapping,MII_PR_MolGen_Familienanamnese,https://www.medizininformatik-initiative.de/fhir/ext/modul-seltene/StructureDefinition/mii-pr-seltene-familienanamnese
seltene,MII_PR_Seltene_Familienanamnese,FamilyMemberHistory.condition.code.coding:sct,mapping,MII_PR_MolGen_Familienanamnese,https://www.medizininformatik-initiative.de/fhir/ext/modul-seltene/StructureDefinition/mii-pr-seltene-familienanamnese
seltene,MII_PR_Seltene_Familienanamnese,FamilyMemberHistory.condition.code.coding:orphanet,mapping,MII_PR_MolGen_Familienanamnese,https://www.medizininformatik-initiative.de/fhir/ext/modul-seltene/StructureDefinition/mii-pr-seltene-familienanamnese
seltene,MII_PR_Seltene_Therapieempfehlung,MedicationRequest.status,"comment,definition,short",MII_PR_Medikation_MedicationRequest,https://www.medizininformatik-initiative.de/fhir/ext/modul-seltene/StructureDefinition/mii-pr-seltene-therapieempfehlung
seltene,MII_PR_Seltene_Therapieempfehlung,MedicationRequest.intent,"definition,short",MII_PR_Medikation_MedicationRequest,https://www.medizininformatik-initiative.de/fhir/ext/modul-seltene/StructureDefinition/mii-pr-seltene-therapieempfehlung
seltene,MII_PR_Seltene_Therapieempfehlung,MedicationRequest.reasonReference,slicing,MII_PR_Medikation_MedicationRequest,https://www.medizininformatik-initiative.de/fhir/ext/modul-seltene/StructureDefinition/mii-pr-seltene-therapieempfehlung
seltene,MII_PR_Seltene_ClinicalDiagnosis,Condition.extension:Feststellungsdatum.value[x],mapping,MII_PR_Diagnose_Condition,https://www.medizininformatik-initiative.de/fhir/ext/modul-seltene/StructureDefinition/mii-pr-seltene-clinical-diagnosis
seltene,MII_PR_Seltene_ClinicalDiagnosis,Condition.code.coding:icd10-gm,mapping,MII_PR_Diagnose_Condition,https://www.medizininformatik-initiative.de/fhir/ext/modul-seltene/StructureDefinition/mii-pr-seltene-clinical-diagnosis
seltene,MII_PR_Seltene_ClinicalDiagnosis,Condition.code.coding:orphanet,mapping,MII_PR_Diagnose_Condition,https://www.medizininformatik-initiative.de/fhir/ext/modul-seltene/StructureDefinition/mii-pr-seltene-clinical-diagnosis
seltene,MII_PR_Seltene_ClinicalDiagnosis,Condition.subject,mapping,MII_PR_Diagnose_Condition,https://www.medizininformatik-initiative.de/fhir/ext/modul-seltene/StructureDefinition/mii-pr-seltene-clinical-diagnosis
seltene,MII_PR_Seltene_ClinicalDiagnosis,Condition.encounter,mapping,MII_PR_Diagnose_Condition,https://www.medizininformatik-initiative.de/fhir/ext/modul-seltene/StructureDefinition/mii-pr-seltene-clinical-diagnosis
seltene,MII_PR_Seltene_ClinicalDiagnosis,Condition.onset[x],mapping,MII_PR_Diagnose_Condition,https://www.medizininformatik-initiative.de/fhir/ext/modul-seltene/StructureDefinition/mii-pr-seltene-clinical-diagnosis
seltene,MII_PR_Seltene_ClinicalDiagnosis,Condition.onset[x]:onsetDateTime,"mapping,type",MII_PR_Diagnose_Condition,https://www.medizininformatik-initiative.de/fhir/ext/modul-seltene/StructureDefinition/mii-pr-seltene-clinical-diagnosis
seltene,MII_PR_Seltene_GeneticDiagnosis,Condition.extension:Feststellungsdatum.value[x],mapping,MII_PR_Diagnose_Condition,https://www.medizininformatik-initiative.de/fhir/ext/modul-seltene/StructureDefinition/mii-pr-seltene-genetic-diagnosis
seltene,MII_PR_Seltene_GeneticDiagnosis,Condition.verificationStatus,comment,MII_PR_Diagnose_Condition,https://www.medizininformatik-initiative.de/fhir/ext/modul-seltene/StructureDefinition/mii-pr-seltene-genetic-diagnosis
seltene,MII_PR_Seltene_GeneticDiagnosis,Condition.code.coding:icd10-gm,mapping,MII_PR_Diagnose_Condition,https://www.medizininformatik-initiative.de/fhir/ext/modul-seltene/StructureDefinition/mii-pr-seltene-genetic-diagnosis
seltene,MII_PR_Seltene_GeneticDiagnosis,Condition.code.coding:orphanet,mapping,MII_PR_Diagnose_Condition,https://www.medizininformatik-initiative.de/fhir/ext/modul-seltene/StructureDefinition/mii-pr-seltene-genetic-diagnosis
seltene,MII_PR_Seltene_GeneticDiagnosis,Condition.subject,mapping,MII_PR_Diagnose_Condition,https://www.medizininformatik-initiative.de/fhir/ext/modul-seltene/StructureDefinition/mii-pr-seltene-genetic-diagnosis
seltene,MII_PR_Seltene_GeneticDiagnosis,Condition.encounter,mapping,MII_PR_Diagnose_Condition,https://www.medizininformatik-initiative.de/fhir/ext/modul-seltene/StructureDefinition/mii-pr-seltene-genetic-diagnosis
seltene,MII_PR_Seltene_GeneticDiagnosis,Condition.onset[x],mapping,MII_PR_Diagnose_Condition,https://www.medizininformatik-initiative.de/fhir/ext/modul-seltene/StructureDefinition/mii-pr-seltene-genetic-diagnosis
seltene,MII_PR_Seltene_GeneticDiagnosis,Condition.onset[x]:onsetDateTime,"mapping,type",MII_PR_Diagnose_Condition,https://www.medizininformatik-initiative.de/fhir/ext/modul-seltene/StructureDefinition/mii-pr-seltene-genetic-diagnosis
mtb,MII_PR_MTB_Immunohistochemistry_PDL1,Observation.effective[x],type,MII_PR_MTB_Immunohistochemistry,https://www.medizininformatik-initiative.de/fhir/ext/modul-mtb/StructureDefinition/mii-pr-mtb-immunohistochemistry-pdl1
mtb,MII_PR_MTB_Immunohistochemistry_PDL1,Observation.specimen,"_definition,_short,definition,short",MII_PR_MTB_Immunohistochemistry,https://www.medizininformatik-initiative.de/fhir/ext/modul-mtb/StructureDefinition/mii-pr-mtb-immunohistochemistry-pdl1
mtb,MII_PR_MTB_Immunohistochemistry_PDL1,Observation.component,slicing,MII_PR_MTB_Immunohistochemistry,https://www.medizininformatik-initiative.de/fhir/ext/modul-mtb/StructureDefinition/mii-pr-mtb-immunohistochemistry-pdl1
mtb,MII_PR_MTB_Immunohistochemistry_MMR,Observation.component,slicing,MII_PR_MTB_Molekularer_Biomarker,https://www.medizininformatik-initiative.de/fhir/ext/modul-mtb/StructureDefinition/mii-pr-mtb-immunohistochemistry-mmr
mtb,MII_PR_MTB_Copy_Number_Variant,Observation.component:gene-studied,"_definition,_short,definition,short",MII_PR_MolGen_Variante,https://www.medizininformatik-initiative.de/fhir/ext/modul-mtb/StructureDefinition/mii-pr-mtb-copy-number-variant
mtb,MII_PR_MTB_Copy_Number_Variant,Observation.component:chromosome-identifier,"_definition,definition",MII_PR_MolGen_Variante,https://www.medizininformatik-initiative.de/fhir/ext/modul-mtb/StructureDefinition/mii-pr-mtb-copy-number-variant
mtb,MII_PR_MTB_Copy_Number_Variant,Observation.component:exact-start-end,"_definition,_short,definition,short",MII_PR_MolGen_Variante,https://www.medizininformatik-initiative.de/fhir/ext/modul-mtb/StructureDefinition/mii-pr-mtb-copy-number-variant
mtb,MII_PR_MTB_Copy_Number_Variant,Observation.component:copy-number,"_definition,_short,definition,short",MII_PR_MolGen_Variante,https://www.medizininformatik-initiative.de/fhir/ext/modul-mtb/StructureDefinition/mii-pr-mtb-copy-number-variant
mtb,MII_PR_MTB_Mutationslast,Observation.subject,"min,type",MII_PR_MTB_Molekularer_Biomarker,https://www.medizininformatik-initiative.de/fhir/ext/modul-mtb/StructureDefinition/mii-pr-mtb-mutationslast
mtb,MII_PR_MTB_Ploidie,Observation.code,"_definition,_short,definition,short",MII_PR_MTB_Molekularer_Biomarker,https://www.medizininformatik-initiative.de/fhir/ext/modul-mtb/StructureDefinition/mii-pr-mtb-ploidie
mtb,MII_PR_MTB_Response_Befund,Observation.focus,type,MII_PR_Onko_Verlauf,https://www.medizininformatik-initiative.de/fhir/ext/modul-mtb/StructureDefinition/mii-pr-mtb-response-befund
mtb,MII_PR_MTB_Response_Befund,Observation.effective[x]:effectiveDateTime,"_definition,_short,definition,short,type",MII_PR_Onko_Verlauf,https://www.medizininformatik-initiative.de/fhir/ext/modul-mtb/StructureDefinition/mii-pr-mtb-response-befund
mtb,MII_PR_MTB_Response_Befund,Observation.value[x]:valueCodeableConcept.coding:oBDS.system,"min,patternUri",MII_PR_Onko_Verlauf,https://www.medizininformatik-initiative.de/fhir/ext/modul-mtb/StructureDefinition/mii-pr-mtb-response-befund
mtb,MII_PR_MTB_Response_Befund,Observation.value[x]:valueCodeableConcept.coding:oBDS.code,binding,MII_PR_Onko_Verlauf,https://www.medizininformatik-initiative.de/fhir/ext/modul-mtb/StructureDefinition/mii-pr-mtb-response-befund
mtb,MII_PR_MTB_Response_Befund,Observation.value[x]:valueCodeableConcept.coding:MTB.system,"min,patternUri",MII_PR_Onko_Verlauf,https://www.medizininformatik-initiative.de/fhir/ext/modul-mtb/StructureDefinition/mii-pr-mtb-response-befund
mtb,MII_PR_MTB_Response_Befund,Observation.value[x]:valueCodeableConcept.coding:MTB.code,binding,MII_PR_Onko_Verlauf,https://www.medizininformatik-initiative.de/fhir/ext/modul-mtb/StructureDefinition/mii-pr-mtb-response-befund
mtb,MII_PR_MTB_RNA_Fusion,Observation.component:allelic-read-depth,"_short,short",MII_PR_MolGen_Variante,https://www.medizininformatik-initiative.de/fhir/ext/modul-mtb/StructureDefinition/mii-pr-mtb-rna-fusion
mtb,MII_PR_MTB_RNA_Fusion,Observation.component:variation-code,"_short,short",MII_PR_MolGen_Variante,https://www.medizininformatik-initiative.de/fhir/ext/modul-mtb/StructureDefinition/mii-pr-mtb-rna-fusion
mtb,MII_PR_MTB_Systemische_Therapie,Procedure.basedOn,"_definition,_short,definition,max,short",MII_PR_Onko_Systemische_Therapie,https://www.medizininformatik-initiative.de/fhir/ext/modul-mtb/StructureDefinition/mii-pr-mtb-systemische-therapie
mtb,MII_PR_MTB_Systemische_Therapie,Procedure.basedOn:tumorkonferenz,type,MII_PR_Onko_Systemische_Therapie,https://www.medizininformatik-initiative.de/fhir/ext/modul-mtb/StructureDefinition/mii-pr-mtb-systemische-therapie
mtb,MII_PR_MTB_Systemische_Therapie,Procedure.status,"_definition,_short,binding,comment,definition,short",MII_PR_Onko_Systemische_Therapie,https://www.medizininformatik-initiative.de/fhir/ext/modul-mtb/StructureDefinition/mii-pr-mtb-systemische-therapie
mtb,MII_PR_MTB_Systemische_Therapie,Procedure.note,"_short,max,short",MII_PR_Onko_Systemische_Therapie,https://www.medizininformatik-initiative.de/fhir/ext/modul-mtb/StructureDefinition/mii-pr-mtb-systemische-therapie
mtb,MII_PR_MTB_Einfache_Variante,Observation.category,slicing,MII_PR_MolGen_Variante,https://www.medizininformatik-initiative.de/fhir/ext/modul-mtb/StructureDefinition/mii-pr-mtb-einfache-variante
mtb,MII_PR_MTB_Einfache_Variante,Observation.component:gene-studied,"_definition,definition",MII_PR_MolGen_Variante,https://www.medizininformatik-initiative.de/fhir/ext/modul-mtb/StructureDefinition/mii-pr-mtb-einfache-variante
mtb,MII_PR_MTB_Einfache_Variante,Observation.component:chromosome-identifier,"_definition,definition",MII_PR_MolGen_Variante,https://www.medizininformatik-initiative.de/fhir/ext/modul-mtb/StructureDefinition/mii-pr-mtb-einfache-variante
mtb,MII_PR_MTB_Einfache_Variante,Observation.component:representative-coding-hgvs,"_definition,definition",MII_PR_MolGen_Variante,https://www.medizininformatik-initiative.de/fhir/ext/modul-mtb/StructureDefinition/mii-pr-mtb-einfache-variante
mtb,MII_PR_MTB_Einfache_Variante,Observation.component:representative-transcript-ref-seq,"_definition,_short,definition,short",MII_PR_MolGen_Variante,https://www.medizininformatik-initiative.de/fhir/ext/modul-mtb/StructureDefinition/mii-pr-mtb-einfache-variante
mtb,MII_PR_MTB_Einfache_Variante,Observation.component:exact-start-end,"_definition,_short,definition,short",MII_PR_MolGen_Variante,https://www.medizininformatik-initiative.de/fhir/ext/modul-mtb/StructureDefinition/mii-pr-mtb-einfache-variante
mtb,MII_PR_MTB_Einfache_Variante,Observation.component:ref-allele,"_definition,definition",MII_PR_MolGen_Variante,https://www.medizininformatik-initiative.de/fhir/ext/modul-mtb/StructureDefinition/mii-pr-mtb-einfache-variante
mtb,MII_PR_MTB_Einfache_Variante,Observation.component:alt-allele,"_definition,definition",MII_PR_MolGen_Variante,https://www.medizininformatik-initiative.de/fhir/ext/modul-mtb/StructureDefinition/mii-pr-mtb-einfache-variante
mtb,MII_PR_MTB_Einfache_Variante,Observation.component:sample-allelic-frequency,"_definition,definition",MII_PR_MolGen_Variante,https://www.medizininformatik-initiative.de/fhir/ext/modul-mtb/StructureDefinition/mii-pr-mtb-einfache-variante
mtb,MII_PR_MTB_Einfache_Variante,Observation.component:allelic-read-depth,"_definition,definition",MII_PR_MolGen_Variante,https://www.medizininformatik-initiative.de/fhir/ext/modul-mtb/StructureDefinition/mii-pr-mtb-einfache-variante
mtb,MII_PR_MTB_Einfache_Variante,Observation.component:variation-code,"_definition,definition",MII_PR_MolGen_Variante,https://www.medizininformatik-initiative.de/fhir/ext/modul-mtb/StructureDefinition/mii-pr-mtb-einfache-variante
mtb,MII_PR_MTB_Einfache_Variante,Observation.component:representative-protein-hgvs,"_definition,definition",MII_PR_MolGen_Variante,https://www.medizininformatik-initiative.de/fhir/ext/modul-mtb/StructureDefinition/mii-pr-mtb-einfache-variante
mtb,MII_PR_MTB_Einfache_Variante,Observation.component:dna-region,"_definition,_short,definition,short",MII_PR_MolGen_Variante,https://www.medizininformatik-initiative.de/fhir/ext/modul-mtb/StructureDefinition/mii-pr-mtb-einfache-variante
mtb,MII_PR_MTB_RNA_Seq,Observation.value[x],slicing,MII_PR_MolGen_Variante,https://www.medizininformatik-initiative.de/fhir/ext/modul-mtb/StructureDefinition/mii-pr-mtb-rna-seq
mtb,MII_PR_MTB_RNA_Seq,Observation.component:gene-studied,"_short,short",MII_PR_MolGen_Variante,https://www.medizininformatik-initiative.de/fhir/ext/modul-mtb/StructureDefinition/mii-pr-mtb-rna-seq
mtb,MII_PR_MTB_RNA_Seq,Observation.component:variation-code,"_short,max,short",MII_PR_MolGen_Variante,https://www.medizininformatik-initiative.de/fhir/ext/modul-mtb/StructureDefinition/mii-pr-mtb-rna-seq
mtb,MII_PR_MTB_DNA_Fusion,Observation.component:allelic-read-depth,"_short,short",MII_PR_MolGen_Variante,https://www.medizininformatik-initiative.de/fhir/ext/modul-mtb/StructureDefinition/mii-pr-mtb-dna-fusion
mtb,MII_PR_MTB_INSITUHYBRIDIZATION_HER2,Observation.code.coding,min,MII_PR_MTB_Biomarker_InSituHybridization,https://www.medizininformatik-initiative.de/fhir/ext/modul-mtb/StructureDefinition/mii-pr-mtb-insituhybridization-her2
mtb,MII_PR_MTB_INSITUHYBRIDIZATION_HER2,Observation.value[x]:valueRatio,"_short,short,type",MII_PR_MTB_Biomarker_InSituHybridization,https://www.medizininformatik-initiative.de/fhir/ext/modul-mtb/StructureDefinition/mii-pr-mtb-insituhybridization-her2
mtb,MII_PR_MTB_INSITUHYBRIDIZATION_HER2,Observation.method,patternCodeableConcept,MII_PR_MTB_Biomarker_InSituHybridization,https://www.medizininformatik-initiative.de/fhir/ext/modul-mtb/StructureDefinition/mii-pr-mtb-insituhybridization-her2
mtb,MII_PR_MTB_Diagnostische_Implikation,Observation.component:clinical-significance,"_definition,definition",MII_PR_MolGen_DiagnostischeImplikation,https://www.medizininformatik-initiative.de/fhir/ext/modul-mtb/StructureDefinition/mii-pr-mtb-diagnostische-implikation
mtb,MII_PR_MTB_HRD_Score,Observation.code,patternCodeableConcept,MII_PR_MTB_Molekularer_Biomarker,https://www.medizininformatik-initiative.de/fhir/ext/modul-mtb/StructureDefinition/mii-pr-mtb-hrd-score
mtb,MII_PR_MTB_HRD_Score,Observation.subject,min,MII_PR_MTB_Molekularer_Biomarker,https://www.medizininformatik-initiative.de/fhir/ext/modul-mtb/StructureDefinition/mii-pr-mtb-hrd-score
mtb,MII_PR_MTB_HRD_Score,Observation.component,slicing,MII_PR_MTB_Molekularer_Biomarker,https://www.medizininformatik-initiative.de/fhir/ext/modul-mtb/StructureDefinition/mii-pr-mtb-hrd-score
mtb,MII_PR_MTB_Systemische_Vortherapie,Procedure.basedOn:tumorkonferenz,"_definition,_short,definition,short,type",MII_PR_Onko_Systemische_Therapie,https://www.medizininformatik-initiative.de/fhir/ext/modul-mtb/StructureDefinition/mii-pr-mtb-systemische-vortherapie
mtb,MII_PR_MTB_Systemische_Vortherapie,Procedure.statusReason.coding:Therapiestatusgrund.system,fixedUri,MII_PR_Onko_Systemische_Therapie,https://www.medizininformatik-initiative.de/fhir/ext/modul-mtb/StructureDefinition/mii-pr-mtb-systemische-vortherapie
mtb,MII_PR_MTB_Therapieempfehlung_Kombination,RequestGroup.status,"_definition,_short,comment,definition",MII_PR_Onko_Therapieempfehlung_Kombinationstherapie,https://www.medizininformatik-initiative.de/fhir/ext/modul-mtb/StructureDefinition/mii-pr-mtb-therapieempfehlung-kombination
mtb,MII_PR_MTB_Therapieempfehlung_Kombination,RequestGroup.intent,"_definition,_short,definition,short",MII_PR_Onko_Therapieempfehlung_Kombinationstherapie,https://www.medizininformatik-initiative.de/fhir/ext/modul-mtb/StructureDefinition/mii-pr-mtb-therapieempfehlung-kombination
mtb,MII_PR_MTB_Therapieempfehlung_Kombination,RequestGroup.action,min,MII_PR_Onko_Therapieempfehlung_Kombinationstherapie,https://www.medizininformatik-initiative.de/fhir/ext/modul-mtb/StructureDefinition/mii-pr-mtb-therapieempfehlung-kombination
mtb,MII_PR_MTB_Therapieempfehlung_Kombination,RequestGroup.action.action,max,MII_PR_Onko_Therapieempfehlung_Kombinationstherapie,https://www.medizininformatik-initiative.de/fhir/ext/modul-mtb/StructureDefinition/mii-pr-mtb-therapieempfehlung-kombination
mtb,MII_PR_MTB_Systemische_Therapie_Medication_Statement,MedicationStatement.dosage,max,MII_PR_Onko_Systemische_Therapie_Medikation,https://www.medizininformatik-initiative.de/fhir/ext/modul-mtb/StructureDefinition/mii-pr-mtb-systemtherapie-medication-statement
mtb,MII_PR_MTB_Biomarker_InSituHybridization,Observation.code,"_definition,_short,definition,short",MII_PR_MTB_Molekularer_Biomarker,https://www.medizininformatik-initiative.de/fhir/ext/modul-mtb/StructureDefinition/mii-pr-mtb-insituhybridization
mtb,MII_PR_MTB_Biomarker_InSituHybridization,Observation.focus,type,MII_PR_MTB_Molekularer_Biomarker,https://www.medizininformatik-initiative.de/fhir/ext/modul-mtb/StructureDefinition/mii-pr-mtb-insituhybridization
mtb,MII_PR_MTB_Biomarker_InSituHybridization,Observation.component:gene-studied,"_definition,_short,definition",MII_PR_MTB_Molekularer_Biomarker,https://www.medizininformatik-initiative.de/fhir/ext/modul-mtb/StructureDefinition/mii-pr-mtb-insituhybridization
mtb,MII_PR_MTB_Immunohistochemistry,Observation.code,"_definition,_short,definition,short",MII_PR_MTB_Molekularer_Biomarker,https://www.medizininformatik-initiative.de/fhir/ext/modul-mtb/StructureDefinition/mii-pr-mtb-immunohistochemistry
mtb,MII_PR_MTB_Immunohistochemistry,Observation.component:gene-studied,max,MII_PR_MTB_Molekularer_Biomarker,https://www.medizininformatik-initiative.de/fhir/ext/modul-mtb/StructureDefinition/mii-pr-mtb-immunohistochemistry
mtb,MII_PR_MTB_Studie,ResearchStudy.identifier,slicing,MII_PR_Studie_Studie,https://www.medizininformatik-initiative.de/fhir/ext/modul-mtb/StructureDefinition/mii-pr-mtb-studie
mtb,MII_PR_MTB_Studie,ResearchStudy.identifier:NCT,"max,min",MII_PR_Studie_Studie,https://www.medizininformatik-initiative.de/fhir/ext/modul-mtb/StructureDefinition/mii-pr-mtb-studie
mtb,MII_PR_MTB_Studie,ResearchStudy.identifier:NCT.system,"min,patternUri",MII_PR_Studie_Studie,https://www.medizininformatik-initiative.de/fhir/ext/modul-mtb/StructureDefinition/mii-pr-mtb-studie
mtb,MII_PR_MTB_Studie,ResearchStudy.identifier:NCT.value,min,MII_PR_Studie_Studie,https://www.medizininformatik-initiative.de/fhir/ext/modul-mtb/StructureDefinition/mii-pr-mtb-studie
mtb,MII_PR_MTB_Studie,ResearchStudy.identifier:DRKS,"max,min",MII_PR_Studie_Studie,https://www.medizininformatik-initiative.de/fhir/ext/modul-mtb/StructureDefinition/mii-pr-mtb-studie
mtb,MII_PR_MTB_Studie,ResearchStudy.identifier:DRKS.system,"min,patternUri",MII_PR_Studie_Studie,https://www.medizininformatik-initiative.de/fhir/ext/modul-mtb/StructureDefinition/mii-pr-mtb-studie
mtb,MII_PR_MTB_Studie,ResearchStudy.identifier:DRKS.value,min,MII_PR_Studie_Studie,https://www.medizininformatik-initiative.de/fhir/ext/modul-mtb/StructureDefinition/mii-pr-mtb-studie
mtb,MII_PR_MTB_Studie,ResearchStudy.identifier:EudraCT,"max,min",MII_PR_Studie_Studie,https://www.medizininformatik-initiative.de/fhir/ext/modul-mtb/StructureDefinition/mii-pr-mtb-studie
mtb,MII_PR_MTB_Studie,ResearchStudy.identifier:EudraCT.system,"min,patternUri",MII_PR_Studie_Studie,https://www.medizininformatik-initiative.de/fhir/ext/modul-mtb/StructureDefinition/mii-pr-mtb-studie
mtb,MII_PR_MTB_Studie,ResearchStudy.identifier:EudraCT.value,min,MII_PR_Studie_Studie,https://www.medizininformatik-initiative.de/fhir/ext/modul-mtb/StructureDefinition/mii-pr-mtb-studie
mtb,MII_PR_MTB_IMMUNOHISTOCHEMISTRY_HER2,Observation.code.coding,min,MII_PR_MTB_Immunohistochemistry,https://www.medizininformatik-initiative.de/fhir/ext/modul-mtb/StructureDefinition/mii-pr-mtb-immunohistochemistry-her2
mtb,MII_PR_MTB_IMMUNOHISTOCHEMISTRY_HER2,Observation.value[x]:valueCodeableConcept,type,MII_PR_MTB_Immunohistochemistry,https://www.medizininformatik-initiative.de/fhir/ext/modul-mtb/StructureDefinition/mii-pr-mtb-immunohistochemistry-her2
mtb,MII_PR_MTB_Mikrosatelliteninstabilitaet,Observation.subject,min,MII_PR_MTB_Molekularer_Biomarker,https://www.medizininformatik-initiative.de/fhir/ext/modul-mtb/StructureDefinition/mii-pr-mtb-mikrosatelliteninstabilitaet
mtb,MII_PR_MTB_BRCAness,Observation.code,"_definition,_short,definition,patternCodeableConcept,short",MII_PR_MTB_Molekularer_Biomarker,https://www.medizininformatik-initiative.de/fhir/ext/modul-mtb/StructureDefinition/mii-pr-mtb-brcaness
mtb,MII_PR_MTB_BRCAness,Observation.subject,min,MII_PR_MTB_Molekularer_Biomarker,https://www.medizininformatik-initiative.de/fhir/ext/modul-mtb/StructureDefinition/mii-pr-mtb-brcaness
mtb,MII_PR_MTB_Therapieempfehlung,MedicationRequest.status,"_definition,_short,comment,definition,short",MII_PR_Onko_Therapieempfehlung_Medikation,https://www.medizininformatik-initiative.de/fhir/ext/modul-mtb/StructureDefinition/mii-pr-mtb-therapieempfehlung
mtb,MII_PR_MTB_Therapieempfehlung,MedicationRequest.intent,"_definition,_short,definition",MII_PR_Onko_Therapieempfehlung_Medikation,https://www.medizininformatik-initiative.de/fhir/ext/modul-mtb/StructureDefinition/mii-pr-mtb-therapieempfehlung
mtb,MII_PR_MTB_Therapieempfehlung,MedicationRequest.reasonReference,slicing,MII_PR_Onko_Therapieempfehlung_Medikation,https://www.medizininformatik-initiative.de/fhir/ext/modul-mtb/StructureDefinition/mii-pr-mtb-therapieempfehlung
mtb,MII_PR_MTB_Molekularer_Biomarker,Observation.code,binding,MII_PR_MolGen_MolekularerBiomarker,https://www.medizininformatik-initiative.de/fhir/ext/modul-mtb/StructureDefinition/mii-pr-mtb-molekularer-biomarker
mtb,MII_PR_MTB_Therapieplan,CarePlan.status,"_definition,_short,comment,definition",MII_PR_Onko_Tumorkonferenz,https://www.medizininformatik-initiative.de/fhir/ext/modul-mtb/StructureDefinition/mii-pr-mtb-therapieplan
mtb,MII_PR_MTB_Therapieplan,CarePlan.created,"_definition,_short,definition,short",MII_PR_Onko_Tumorkonferenz,https://www.medizininformatik-initiative.de/fhir/ext/modul-mtb/StructureDefinition/mii-pr-mtb-therapieplan
mtb,MII_PR_MTB_Therapieplan,CarePlan.supportingInfo,slicing,MII_PR_Onko_Tumorkonferenz,https://www.medizininformatik-initiative.de/fhir/ext/modul-mtb/StructureDefinition/mii-pr-mtb-therapieplan
pros,MII_PR_PRO_PROMIS_29_Social_Function_TScore,Observation.code,patternCodeableConcept,MII_PR_PRO_Score_Instance,https://www.medizininformatik-initiative.de/fhir/ext/modul-pro/StructureDefinition/mii-pr-pro-promis-29-social-function-tscore
pros,MII_PR_PRO_PROMIS_29_Social_Function_TScore,Observation.value[x],type,MII_PR_PRO_Score_Instance,https://www.medizininformatik-initiative.de/fhir/ext/modul-pro/StructureDefinition/mii-pr-pro-promis-29-social-function-tscore
pros,MII_PR_PRO_PROMIS_29_Physical_Function_TScore,Observation.code,patternCodeableConcept,MII_PR_PRO_Score_Instance,https://www.medizininformatik-initiative.de/fhir/ext/modul-pro/StructureDefinition/mii-pr-pro-promis-29-physical-function-tscore
pros,MII_PR_PRO_PROMIS_29_Physical_Function_TScore,Observation.value[x],type,MII_PR_PRO_Score_Instance,https://www.medizininformatik-initiative.de/fhir/ext/modul-pro/StructureDefinition/mii-pr-pro-promis-29-physical-function-tscore
pros,MII_PR_PRO_PROMIS_29_Pain_Interference_TScore,Observation.code,patternCodeableConcept,MII_PR_PRO_Score_Instance,https://www.medizininformatik-initiative.de/fhir/ext/modul-pro/StructureDefinition/mii-pr-pro-promis-29-pain-interference-tscore
pros,MII_PR_PRO_PROMIS_29_Pain_Interference_TScore,Observation.value[x],type,MII_PR_PRO_Score_Instance,https://www.medizininformatik-initiative.de/fhir/ext/modul-pro/StructureDefinition/mii-pr-pro-promis-29-pain-interference-tscore
pros,MII_PR_PRO_PROMIS_29_Pain_Intensity,Observation.code,patternCodeableConcept,MII_PR_PRO_Score_Instance,https://www.medizininformatik-initiative.de/fhir/ext/modul-pro/StructureDefinition/mii-pr-pro-promis-29-pain-intensity
pros,MII_PR_PRO_PROMIS_29_Pain_Intensity,Observation.value[x],type,MII_PR_PRO_Score_Instance,https://www.medizininformatik-initiative.de/fhir/ext/modul-pro/StructureDefinition/mii-pr-pro-promis-29-pain-intensity
pros,MII_PR_PRO_Observation_PHQ_15,Observation.code,patternCodeableConcept,MII_PR_PRO_Score_Instance,https://www.medizininformatik-initiative.de/fhir/ext/modul-pro/StructureDefinition/mii-pr-pro-observation-phq-15
pros,MII_PR_PRO_Observation_PHQ_15,Observation.value[x],type,MII_PR_PRO_Score_Instance,https://www.medizininformatik-initiative.de/fhir/ext/modul-pro/StructureDefinition/mii-pr-pro-observation-phq-15
pros,MII_PR_PRO_Observation_EQ5D5L_Index,Observation.code,patternCodeableConcept,MII_PR_PRO_Score_Instance,https://www.medizininformatik-initiative.de/fhir/ext/modul-pro/StructureDefinition/mii-pr-pro-observation-eq5d5l-index
pros,MII_PR_PRO_Observation_EQ5D5L_Index,Observation.value[x],type,MII_PR_PRO_Score_Instance,https://www.medizininformatik-initiative.de/fhir/ext/modul-pro/StructureDefinition/mii-pr-pro-observation-eq5d5l-index
pros,MII_PR_PRO_Observation_EQ5D5L_Index,Observation.note,slicing,MII_PR_PRO_Score_Instance,https://www.medizininformatik-initiative.de/fhir/ext/modul-pro/StructureDefinition/mii-pr-pro-observation-eq5d5l-index
pros,MII_PR_PRO_Observation_EQ5D5L_Index,Observation.method,patternCodeableConcept,MII_PR_PRO_Score_Instance,https://www.medizininformatik-initiative.de/fhir/ext/modul-pro/StructureDefinition/mii-pr-pro-observation-eq5d5l-index
pros,MII_PR_PRO_PROMIS_29_Depression_TScore,Observation.code,patternCodeableConcept,MII_PR_PRO_Score_Instance,https://www.medizininformatik-initiative.de/fhir/ext/modul-pro/StructureDefinition/mii-pr-pro-promis-29-depression-tscore
pros,MII_PR_PRO_PROMIS_29_Depression_TScore,Observation.value[x],type,MII_PR_PRO_Score_Instance,https://www.medizininformatik-initiative.de/fhir/ext/modul-pro/StructureDefinition/mii-pr-pro-promis-29-depression-tscore
pros,MII_PR_PRO_Observation_EQ5D5L_VAS,Observation.code,patternCodeableConcept,MII_PR_PRO_Score_Instance,https://www.medizininformatik-initiative.de/fhir/ext/modul-pro/StructureDefinition/mii-pr-pro-observation-eq5d5l-vas
pros,MII_PR_PRO_Observation_EQ5D5L_VAS,Observation.value[x],type,MII_PR_PRO_Score_Instance,https://www.medizininformatik-initiative.de/fhir/ext/modul-pro/StructureDefinition/mii-pr-pro-observation-eq5d5l-vas
pros,MII_PR_PRO_Observation_EQ5D5L_VAS,Observation.method,patternCodeableConcept,MII_PR_PRO_Score_Instance,https://www.medizininformatik-initiative.de/fhir/ext/modul-pro/StructureDefinition/mii-pr-pro-observation-eq5d5l-vas
pros,MII_PR_PRO_PROMIS_29_Fatigue_TScore,Observation.code,patternCodeableConcept,MII_PR_PRO_Score_Instance,https://www.medizininformatik-initiative.de/fhir/ext/modul-pro/StructureDefinition/mii-pr-pro-promis-29-fatigue-tscore
pros,MII_PR_PRO_PROMIS_29_Fatigue_TScore,Observation.value[x],type,MII_PR_PRO_Score_Instance,https://www.medizininformatik-initiative.de/fhir/ext/modul-pro/StructureDefinition/mii-pr-pro-promis-29-fatigue-tscore
pros,MII_PR_PRO_Observation_EQ5D5L_Profile,Observation.code,patternCodeableConcept,MII_PR_PRO_Score_Instance,https://www.medizininformatik-initiative.de/fhir/ext/modul-pro/StructureDefinition/mii-pr-pro-observation-eq5d5l-profile
pros,MII_PR_PRO_Observation_EQ5D5L_Profile,Observation.value[x],"definition,min,short,type",MII_PR_PRO_Score_Instance,https://www.medizininformatik-initiative.de/fhir/ext/modul-pro/StructureDefinition/mii-pr-pro-observation-eq5d5l-profile
pros,MII_PR_PRO_Observation_EQ5D5L_Profile,Observation.method,patternCodeableConcept,MII_PR_PRO_Score_Instance,https://www.medizininformatik-initiative.de/fhir/ext/modul-pro/StructureDefinition/mii-pr-pro-observation-eq5d5l-profile
pros,MII_PR_PRO_Observation_WHODAS_12,Observation.value[x],type,MII_PR_PRO_Score_Instance,https://www.medizininformatik-initiative.de/fhir/ext/modul-pro/StructureDefinition/mii-pr-pro-observation-whodas12
pros,MII_PR_PRO_Observation_PHQ_9,Observation.code,patternCodeableConcept,MII_PR_PRO_Score_Instance,https://www.medizininformatik-initiative.de/fhir/ext/modul-pro/StructureDefinition/mii-pr-pro-observation-phq-9
pros,MII_PR_PRO_Observation_PHQ_9,Observation.value[x],type,MII_PR_PRO_Score_Instance,https://www.medizininformatik-initiative.de/fhir/ext/modul-pro/StructureDefinition/mii-pr-pro-observation-phq-9
pros,MII_PR_PRO_PROMIS_29_Anxiety_TScore,Observation.code,patternCodeableConcept,MII_PR_PRO_Score_Instance,https://www.medizininformatik-initiative.de/fhir/ext/modul-pro/StructureDefinition/mii-pr-pro-promis-29-anxiety-tscore
pros,MII_PR_PRO_PROMIS_29_Anxiety_TScore,Observation.value[x],type,MII_PR_PRO_Score_Instance,https://www.medizininformatik-initiative.de/fhir/ext/modul-pro/StructureDefinition/mii-pr-pro-promis-29-anxiety-tscore
pros,MII_PR_PRO_PROMIS_Cognitive_Function_SF4a_Raw_Score,Observation.code,patternCodeableConcept,MII_PR_PRO_Score_Instance,https://www.medizininformatik-initiative.de/fhir/ext/modul-pro/StructureDefinition/mii-pr-pro-promis-cognitive-function-sf4a-raw-score
pros,MII_PR_PRO_PROMIS_Cognitive_Function_SF4a_Raw_Score,Observation.value[x],type,MII_PR_PRO_Score_Instance,https://www.medizininformatik-initiative.de/fhir/ext/modul-pro/StructureDefinition/mii-pr-pro-promis-cognitive-function-sf4a-raw-score
pros,MII_PR_PRO_Observation_BDI_II,Observation.code,patternCodeableConcept,MII_PR_PRO_Score_Instance,https://www.medizininformatik-initiative.de/fhir/ext/modul-pro/StructureDefinition/mii-pr-pro-observation-bdi-ii
pros,MII_PR_PRO_Observation_BDI_II,Observation.value[x],type,MII_PR_PRO_Score_Instance,https://www.medizininformatik-initiative.de/fhir/ext/modul-pro/StructureDefinition/mii-pr-pro-observation-bdi-ii
pros,MII_PR_PRO_PROMIS_Cognitive_Function_SF4a_TScore,Observation.code,patternCodeableConcept,MII_PR_PRO_Score_Instance,https://www.medizininformatik-initiative.de/fhir/ext/modul-pro/StructureDefinition/mii-pr-pro-promis-cognitive-function-sf4a-tscore
pros,MII_PR_PRO_PROMIS_Cognitive_Function_SF4a_TScore,Observation.value[x],type,MII_PR_PRO_Score_Instance,https://www.medizininformatik-initiative.de/fhir/ext/modul-pro/StructureDefinition/mii-pr-pro-promis-cognitive-function-sf4a-tscore
pros,MII_PR_PRO_PROMIS_29_Sleep_Disturbance_TScore,Observation.code,patternCodeableConcept,MII_PR_PRO_Score_Instance,https://www.medizininformatik-initiative.de/fhir/ext/modul-pro/StructureDefinition/mii-pr-pro-promis-29-sleep-disturbance-tscore
pros,MII_PR_PRO_PROMIS_29_Sleep_Disturbance_TScore,Observation.value[x],type,MII_PR_PRO_Score_Instance,https://www.medizininformatik-initiative.de/fhir/ext/modul-pro/StructureDefinition/mii-pr-pro-promis-29-sleep-disturbance-tscore
kardiologie,MII_PR_Kardio_Diagnose,Condition.code.coding,slicing,MII_PR_Diagnose_Condition,https://www.medizininformatik-initiative.de/fhir/ext/modul-kardio/StructureDefinition/mii-pr-kardio-diagnose
kardiologie,MII_PR_Kardio_Diagnose,Condition.code.coding:sct.version,min,MII_PR_Diagnose_Condition,https://www.medizininformatik-initiative.de/fhir/ext/modul-kardio/StructureDefinition/mii-pr-kardio-diagnose
kardiologie,MII_PR_Kardio_Diagnose,Condition.subject,type,MII_PR_Diagnose_Condition,https://www.medizininformatik-initiative.de/fhir/ext/modul-kardio/StructureDefinition/mii-pr-kardio-diagnose
kardiologie,MII_PR_Kardio_Kardiale_Deviceimplantation,Procedure.code,comment,MII_PR_Prozedur_Procedure,https://www.medizininformatik-initiative.de/fhir/ext/modul-kardio/StructureDefinition/mii-pr-kardio-kardiale-deviceimplantation
kardiologie,MII_PR_Kardio_Kardiale_Deviceimplantation,Procedure.code.coding,slicing,MII_PR_Prozedur_Procedure,https://www.medizininformatik-initiative.de/fhir/ext/modul-kardio/StructureDefinition/mii-pr-kardio-kardiale-deviceimplantation
kardiologie,MII_PR_Kardio_Kardiale_Deviceimplantation,Procedure.code.coding:ops,binding,MII_PR_Prozedur_Procedure,https://www.medizininformatik-initiative.de/fhir/ext/modul-kardio/StructureDefinition/mii-pr-kardio-kardiale-deviceimplantation
kardiologie,MII_PR_Kardio_Kardiale_Deviceimplantation,Procedure.code.coding:sct,binding,MII_PR_Prozedur_Procedure,https://www.medizininformatik-initiative.de/fhir/ext/modul-kardio/StructureDefinition/mii-pr-kardio-kardiale-deviceimplantation
kardiologie,MII_PR_Kardio_Kardiale_Deviceimplantation,Procedure.subject,type,MII_PR_Prozedur_Procedure,https://www.medizininformatik-initiative.de/fhir/ext/modul-kardio/StructureDefinition/mii-pr-kardio-kardiale-deviceimplantation
kardiologie,MII_PR_Kardio_Kardiale_Deviceimplantation,Procedure.bodySite,"comment,min",MII_PR_Prozedur_Procedure,https://www.medizininformatik-initiative.de/fhir/ext/modul-kardio/StructureDefinition/mii-pr-kardio-kardiale-deviceimplantation
kardiologie,MII_PR_Kardio_Kardiale_Deviceimplantation,Procedure.bodySite.coding,min,MII_PR_Prozedur_Procedure,https://www.medizininformatik-initiative.de/fhir/ext/modul-kardio/StructureDefinition/mii-pr-kardio-kardiale-deviceimplantation
kardiologie,MII_PR_Kardio_Kardiale_Deviceimplantation,Procedure.bodySite.coding:snomed-ct,"binding,min",MII_PR_Prozedur_Procedure,https://www.medizininformatik-initiative.de/fhir/ext/modul-kardio/StructureDefinition/mii-pr-kardio-kardiale-deviceimplantation
kardiologie,MII_PR_Kardio_Kardiale_Deviceimplantation,Procedure.bodySite.coding:snomed-ct.version,min,MII_PR_Prozedur_Procedure,https://www.medizininformatik-initiative.de/fhir/ext/modul-kardio/StructureDefinition/mii-pr-kardio-kardiale-deviceimplantation
kardiologie,MII_PR_Kardio_Klappenvitium,Condition.severity,"binding,comment",MII_PR_Kardio_Diagnose,https://www.medizininformatik-initiative.de/fhir/ext/modul-kardio/StructureDefinition/mii-pr-kardio-klappenvitium
kardiologie,MII_PR_Kardio_Klappenvitium,Condition.code.coding:icd10-gm,binding,MII_PR_Kardio_Diagnose,https://www.medizininformatik-initiative.de/fhir/ext/modul-kardio/StructureDefinition/mii-pr-kardio-klappenvitium
kardiologie,MII_PR_Kardio_Klappenvitium,Condition.code.coding:alpha-id,binding,MII_PR_Kardio_Diagnose,https://www.medizininformatik-initiative.de/fhir/ext/modul-kardio/StructureDefinition/mii-pr-kardio-klappenvitium
kardiologie,MII_PR_Kardio_Klappenvitium,Condition.code.coding:sct,binding,MII_PR_Kardio_Diagnose,https://www.medizininformatik-initiative.de/fhir/ext/modul-kardio/StructureDefinition/mii-pr-kardio-klappenvitium
kardiologie,MII_PR_Kardio_Klappenvitium,Condition.code.coding:orphanet,max,MII_PR_Kardio_Diagnose,https://www.medizininformatik-initiative.de/fhir/ext/modul-kardio/StructureDefinition/mii-pr-kardio-klappenvitium
kardiologie,MII_PR_Kardio_Klappenvitium,Condition.code.coding:kardio,max,MII_PR_Kardio_Diagnose,https://www.medizininformatik-initiative.de/fhir/ext/modul-kardio/StructureDefinition/mii-pr-kardio-klappenvitium
lungenfunktion,MII_PR_Lungenfunktion_KCOc,Observation.partOf,type,MII_PR_Lungenfunktion_Transferkoeffizient,https://www.medizininformatik-initiative.de/fhir/ext/modul-lungenfunktion/StructureDefinition/mii-pr-lungenfunktion-kcoc
lungenfunktion,MII_PR_Lungenfunktion_KCOc,Observation.method,binding,MII_PR_Lungenfunktion_Transferkoeffizient,https://www.medizininformatik-initiative.de/fhir/ext/modul-lungenfunktion/StructureDefinition/mii-pr-lungenfunktion-kcoc
lungenfunktion,MII_PR_Lungenfunktion_KCOc,Observation.derivedFrom,type,MII_PR_Lungenfunktion_Transferkoeffizient,https://www.medizininformatik-initiative.de/fhir/ext/modul-lungenfunktion/StructureDefinition/mii-pr-lungenfunktion-kcoc
lungenfunktion,MII_PR_Lungenfunktion_KCOc,Observation.component:predicted.code.coding:sct,patternCoding,MII_PR_Lungenfunktion_Transferkoeffizient,https://www.medizininformatik-initiative.de/fhir/ext/modul-lungenfunktion/StructureDefinition/mii-pr-lungenfunktion-kcoc
lungenfunktion,MII_PR_Lungenfunktion_KCOc,Observation.component:predicted.code.coding:loinc,patternCoding,MII_PR_Lungenfunktion_Transferkoeffizient,https://www.medizininformatik-initiative.de/fhir/ext/modul-lungenfunktion/StructureDefinition/mii-pr-lungenfunktion-kcoc
lungenfunktion,MII_PR_Lungenfunktion_KCOc,Observation.component:percentPredicted.code.coding:sct,patternCoding,MII_PR_Lungenfunktion_Transferkoeffizient,https://www.medizininformatik-initiative.de/fhir/ext/modul-lungenfunktion/StructureDefinition/mii-pr-lungenfunktion-kcoc
lungenfunktion,MII_PR_Lungenfunktion_KCOc,Observation.component:percentPredicted.code.coding:loinc,patternCoding,MII_PR_Lungenfunktion_Transferkoeffizient,https://www.medizininformatik-initiative.de/fhir/ext/modul-lungenfunktion/StructureDefinition/mii-pr-lungenfunktion-kcoc
lungenfunktion,MII_PR_Lungenfunktion_PEF,Observation.partOf,type,MII_PR_Lungenfunktion_Fluss,https://www.medizininformatik-initiative.de/fhir/ext/modul-lungenfunktion/StructureDefinition/mii-pr-lungenfunktion-pef
lungenfunktion,MII_PR_Lungenfunktion_PEF,Observation.component:predicted.code.coding:sct,binding,MII_PR_Lungenfunktion_Fluss,https://www.medizininformatik-initiative.de/fhir/ext/modul-lungenfunktion/StructureDefinition/mii-pr-lungenfunktion-pef
lungenfunktion,MII_PR_Lungenfunktion_PEF,Observation.component:predicted.code.coding:loinc,binding,MII_PR_Lungenfunktion_Fluss,https://www.medizininformatik-initiative.de/fhir/ext/modul-lungenfunktion/StructureDefinition/mii-pr-lungenfunktion-pef
lungenfunktion,MII_PR_Lungenfunktion_PEF,Observation.component:percentPredicted.code.coding:sct,binding,MII_PR_Lungenfunktion_Fluss,https://www.medizininformatik-initiative.de/fhir/ext/modul-lungenfunktion/StructureDefinition/mii-pr-lungenfunktion-pef
lungenfunktion,MII_PR_Lungenfunktion_PEF,Observation.component:percentPredicted.code.coding:loinc,binding,MII_PR_Lungenfunktion_Fluss,https://www.medizininformatik-initiative.de/fhir/ext/modul-lungenfunktion/StructureDefinition/mii-pr-lungenfunktion-pef
lungenfunktion,MII_PR_Lungenfunktion_Diffusion,DiagnosticReport.code.coding:sct,patternCoding,MII_PR_Lungenfunktion_Befund,https://www.medizininformatik-initiative.de/fhir/ext/modul-lungenfunktion/StructureDefinition/mii-pr-lungenfunktion-diffusion
lungenfunktion,MII_PR_Lungenfunktion_Diffusion,DiagnosticReport.code.coding:loinc,patternCoding,MII_PR_Lungenfunktion_Befund,https://www.medizininformatik-initiative.de/fhir/ext/modul-lungenfunktion/StructureDefinition/mii-pr-lungenfunktion-diffusion
lungenfunktion,MII_PR_Lungenfunktion_Diffusion,DiagnosticReport.result,slicing,MII_PR_Lungenfunktion_Befund,https://www.medizininformatik-initiative.de/fhir/ext/modul-lungenfunktion/StructureDefinition/mii-pr-lungenfunktion-diffusion
lungenfunktion,MII_PR_Lungenfunktion_RV_TLC,Observation.partOf,type,MII_PR_Lungenfunktion_Prozent,https://www.medizininformatik-initiative.de/fhir/ext/modul-lungenfunktion/StructureDefinition/mii-pr-lungenfunktion-rvl-tlc
lungenfunktion,MII_PR_Lungenfunktion_RV_TLC,Observation.component:predicted.code.coding:sct,patternCoding,MII_PR_Lungenfunktion_Prozent,https://www.medizininformatik-initiative.de/fhir/ext/modul-lungenfunktion/StructureDefinition/mii-pr-lungenfunktion-rvl-tlc
lungenfunktion,MII_PR_Lungenfunktion_RV_TLC,Observation.component:predicted.code.coding:loinc,binding,MII_PR_Lungenfunktion_Prozent,https://www.medizininformatik-initiative.de/fhir/ext/modul-lungenfunktion/StructureDefinition/mii-pr-lungenfunktion-rvl-tlc
lungenfunktion,MII_PR_Lungenfunktion_RV_TLC,Observation.component:percentPredicted.code.coding:sct,patternCoding,MII_PR_Lungenfunktion_Prozent,https://www.medizininformatik-initiative.de/fhir/ext/modul-lungenfunktion/StructureDefinition/mii-pr-lungenfunktion-rvl-tlc
lungenfunktion,MII_PR_Lungenfunktion_RV_TLC,Observation.component:percentPredicted.code.coding:loinc,patternCoding,MII_PR_Lungenfunktion_Prozent,https://www.medizininformatik-initiative.de/fhir/ext/modul-lungenfunktion/StructureDefinition/mii-pr-lungenfunktion-rvl-tlc
lungenfunktion,MII_PR_Lungenfunktion_FEV_FVC,Observation.partOf,type,MII_PR_Lungenfunktion_Prozent,https://www.medizininformatik-initiative.de/fhir/ext/modul-lungenfunktion/StructureDefinition/mii-pr-lungenfunktion-fev-fvc
lungenfunktion,MII_PR_Lungenfunktion_FEV_FVC,Observation.derivedFrom,type,MII_PR_Lungenfunktion_Prozent,https://www.medizininformatik-initiative.de/fhir/ext/modul-lungenfunktion/StructureDefinition/mii-pr-lungenfunktion-fev-fvc
lungenfunktion,MII_PR_Lungenfunktion_FEV_FVC,Observation.component:predicted.code.coding:sct,binding,MII_PR_Lungenfunktion_Prozent,https://www.medizininformatik-initiative.de/fhir/ext/modul-lungenfunktion/StructureDefinition/mii-pr-lungenfunktion-fev-fvc
lungenfunktion,MII_PR_Lungenfunktion_FEV_FVC,Observation.component:predicted.code.coding:loinc,binding,MII_PR_Lungenfunktion_Prozent,https://www.medizininformatik-initiative.de/fhir/ext/modul-lungenfunktion/StructureDefinition/mii-pr-lungenfunktion-fev-fvc
lungenfunktion,MII_PR_Lungenfunktion_FEV_FVC,Observation.component:percentPredicted.code.coding:sct,binding,MII_PR_Lungenfunktion_Prozent,https://www.medizininformatik-initiative.de/fhir/ext/modul-lungenfunktion/StructureDefinition/mii-pr-lungenfunktion-fev-fvc
lungenfunktion,MII_PR_Lungenfunktion_FEV_FVC,Observation.component:percentPredicted.code.coding:loinc,binding,MII_PR_Lungenfunktion_Prozent,https://www.medizininformatik-initiative.de/fhir/ext/modul-lungenfunktion/StructureDefinition/mii-pr-lungenfunktion-fev-fvc
lungenfunktion,MII_PR_Lungenfunktion_Bodyplethysmographie_Messung,Procedure.category.coding:sct,patternCoding,MII_PR_Prozedur_Procedure,https://www.medizininformatik-initiative.de/fhir/ext/modul-lungenfunktion/StructureDefinition/mii-pr-lungenfunktion-bodyplethysmographie-messung
lungenfunktion,MII_PR_Lungenfunktion_Bodyplethysmographie_Messung,Procedure.code.coding:sct,patternCoding,MII_PR_Prozedur_Procedure,https://www.medizininformatik-initiative.de/fhir/ext/modul-lungenfunktion/StructureDefinition/mii-pr-lungenfunktion-bodyplethysmographie-messung
lungenfunktion,MII_PR_Lungenfunktion_Bodyplethysmographie_Messung,Procedure.subject,type,MII_PR_Prozedur_Procedure,https://www.medizininformatik-initiative.de/fhir/ext/modul-lungenfunktion/StructureDefinition/mii-pr-lungenfunktion-bodyplethysmographie-messung
lungenfunktion,MII_PR_Lungenfunktion_KCO,Observation.partOf,type,MII_PR_Lungenfunktion_Transferkoeffizient,https://www.medizininformatik-initiative.de/fhir/ext/modul-lungenfunktion/StructureDefinition/mii-pr-lungenfunktion-kco
lungenfunktion,MII_PR_Lungenfunktion_KCO,Observation.method,binding,MII_PR_Lungenfunktion_Transferkoeffizient,https://www.medizininformatik-initiative.de/fhir/ext/modul-lungenfunktion/StructureDefinition/mii-pr-lungenfunktion-kco
lungenfunktion,MII_PR_Lungenfunktion_KCO,Observation.derivedFrom,type,MII_PR_Lungenfunktion_Transferkoeffizient,https://www.medizininformatik-initiative.de/fhir/ext/modul-lungenfunktion/StructureDefinition/mii-pr-lungenfunktion-kco
lungenfunktion,MII_PR_Lungenfunktion_KCO,Observation.component:predicted.code.coding:sct,patternCoding,MII_PR_Lungenfunktion_Transferkoeffizient,https://www.medizininformatik-initiative.de/fhir/ext/modul-lungenfunktion/StructureDefinition/mii-pr-lungenfunktion-kco
lungenfunktion,MII_PR_Lungenfunktion_KCO,Observation.component:predicted.code.coding:loinc,binding,MII_PR_Lungenfunktion_Transferkoeffizient,https://www.medizininformatik-initiative.de/fhir/ext/modul-lungenfunktion/StructureDefinition/mii-pr-lungenfunktion-kco
lungenfunktion,MII_PR_Lungenfunktion_KCO,Observation.component:percentPredicted.code.coding:sct,patternCoding,MII_PR_Lungenfunktion_Transferkoeffizient,https://www.medizininformatik-initiative.de/fhir/ext/modul-lungenfunktion/StructureDefinition/mii-pr-lungenfunktion-kco
lungenfunktion,MII_PR_Lungenfunktion_KCO,Observation.component:percentPredicted.code.coding:loinc,binding,MII_PR_Lungenfunktion_Transferkoeffizient,https://www.medizininformatik-initiative.de/fhir/ext/modul-lungenfunktion/StructureDefinition/mii-pr-lungenfunktion-kco
lungenfunktion,MII_PR_Lungenfunktion_sG_Total,Observation.partOf,type,MII_PR_Lungenfunktion_1_Viskositaet,https://www.medizininformatik-initiative.de/fhir/ext/modul-lungenfunktion/StructureDefinition/mii-pr-lungenfunktion-sg-total
lungenfunktion,MII_PR_Lungenfunktion_sG_Total,Observation.component:predicted.code.coding:sct,patternCoding,MII_PR_Lungenfunktion_1_Viskositaet,https://www.medizininformatik-initiative.de/fhir/ext/modul-lungenfunktion/StructureDefinition/mii-pr-lungenfunktion-sg-total
lungenfunktion,MII_PR_Lungenfunktion_sG_Total,Observation.component:predicted.code.coding:loinc,patternCoding,MII_PR_Lungenfunktion_1_Viskositaet,https://www.medizininformatik-initiative.de/fhir/ext/modul-lungenfunktion/StructureDefinition/mii-pr-lungenfunktion-sg-total
lungenfunktion,MII_PR_Lungenfunktion_sG_Total,Observation.component:percentPredicted.code.coding:sct,patternCoding,MII_PR_Lungenfunktion_1_Viskositaet,https://www.medizininformatik-initiative.de/fhir/ext/modul-lungenfunktion/StructureDefinition/mii-pr-lungenfunktion-sg-total
lungenfunktion,MII_PR_Lungenfunktion_sG_Total,Observation.component:percentPredicted.code.coding:loinc,patternCoding,MII_PR_Lungenfunktion_1_Viskositaet,https://www.medizininformatik-initiative.de/fhir/ext/modul-lungenfunktion/StructureDefinition/mii-pr-lungenfunktion-sg-total
lungenfunktion,MII_PR_Lungenfunktion_DLCOc,Observation.partOf,type,MII_PR_Lungenfunktion_Diffusionskapzitaet,https://www.medizininformatik-initiative.de/fhir/ext/modul-lungenfunktion/StructureDefinition/mii-pr-lungenfunktion-dlcoc
lungenfunktion,MII_PR_Lungenfunktion_DLCOc,Observation.method,binding,MII_PR_Lungenfunktion_Diffusionskapzitaet,https://www.medizininformatik-initiative.de/fhir/ext/modul-lungenfunktion/StructureDefinition/mii-pr-lungenfunktion-dlcoc
lungenfunktion,MII_PR_Lungenfunktion_DLCOc,Observation.derivedFrom,type,MII_PR_Lungenfunktion_Diffusionskapzitaet,https://www.medizininformatik-initiative.de/fhir/ext/modul-lungenfunktion/StructureDefinition/mii-pr-lungenfunktion-dlcoc
lungenfunktion,MII_PR_Lungenfunktion_DLCOc,Observation.component:predicted.code.coding:sct,patternCoding,MII_PR_Lungenfunktion_Diffusionskapzitaet,https://www.medizininformatik-initiative.de/fhir/ext/modul-lungenfunktion/StructureDefinition/mii-pr-lungenfunktion-dlcoc
lungenfunktion,MII_PR_Lungenfunktion_DLCOc,Observation.component:predicted.code.coding:loinc,patternCoding,MII_PR_Lungenfunktion_Diffusionskapzitaet,https://www.medizininformatik-initiative.de/fhir/ext/modul-lungenfunktion/StructureDefinition/mii-pr-lungenfunktion-dlcoc
lungenfunktion,MII_PR_Lungenfunktion_DLCOc,Observation.component:percentPredicted.code.coding:sct,patternCoding,MII_PR_Lungenfunktion_Diffusionskapzitaet,https://www.medizininformatik-initiative.de/fhir/ext/modul-lungenfunktion/StructureDefinition/mii-pr-lungenfunktion-dlcoc
lungenfunktion,MII_PR_Lungenfunktion_DLCOc,Observation.component:percentPredicted.code.coding:loinc,patternCoding,MII_PR_Lungenfunktion_Diffusionskapzitaet,https://www.medizininformatik-initiative.de/fhir/ext/modul-lungenfunktion/StructureDefinition/mii-pr-lungenfunktion-dlcoc
lungenfunktion,MII_PR_Lungenfunktion_VA,Observation.partOf,type,MII_PR_Lungenfunktion_Volumen,https://www.medizininformatik-initiative.de/fhir/ext/modul-lungenfunktion/StructureDefinition/mii-pr-lungenfunktion-va
lungenfunktion,MII_PR_Lungenfunktion_VA,Observation.method,binding,MII_PR_Lungenfunktion_Volumen,https://www.medizininformatik-initiative.de/fhir/ext/modul-lungenfunktion/StructureDefinition/mii-pr-lungenfunktion-va
lungenfunktion,MII_PR_Lungenfunktion_VA,Observation.component:predicted.code.coding:sct,patternCoding,MII_PR_Lungenfunktion_Volumen,https://www.medizininformatik-initiative.de/fhir/ext/modul-lungenfunktion/StructureDefinition/mii-pr-lungenfunktion-va
lungenfunktion,MII_PR_Lungenfunktion_VA,Observation.component:predicted.code.coding:loinc,patternCoding,MII_PR_Lungenfunktion_Volumen,https://www.medizininformatik-initiative.de/fhir/ext/modul-lungenfunktion/StructureDefinition/mii-pr-lungenfunktion-va
lungenfunktion,MII_PR_Lungenfunktion_VA,Observation.component:percentPredicted.code.coding:sct,patternCoding,MII_PR_Lungenfunktion_Volumen,https://www.medizininformatik-initiative.de/fhir/ext/modul-lungenfunktion/StructureDefinition/mii-pr-lungenfunktion-va
lungenfunktion,MII_PR_Lungenfunktion_VA,Observation.component:percentPredicted.code.coding:loinc,patternCoding,MII_PR_Lungenfunktion_Volumen,https://www.medizininformatik-initiative.de/fhir/ext/modul-lungenfunktion/StructureDefinition/mii-pr-lungenfunktion-va
lungenfunktion,MII_PR_Lungenfunktion_TLC,Observation.partOf,type,MII_PR_Lungenfunktion_Volumen,https://www.medizininformatik-initiative.de/fhir/ext/modul-lungenfunktion/StructureDefinition/mii-pr-lungenfunktion-tlc
lungenfunktion,MII_PR_Lungenfunktion_TLC,Observation.component:predicted.code.coding:sct,patternCoding,MII_PR_Lungenfunktion_Volumen,https://www.medizininformatik-initiative.de/fhir/ext/modul-lungenfunktion/StructureDefinition/mii-pr-lungenfunktion-tlc
lungenfunktion,MII_PR_Lungenfunktion_TLC,Observation.component:predicted.code.coding:loinc,binding,MII_PR_Lungenfunktion_Volumen,https://www.medizininformatik-initiative.de/fhir/ext/modul-lungenfunktion/StructureDefinition/mii-pr-lungenfunktion-tlc
lungenfunktion,MII_PR_Lungenfunktion_TLC,Observation.component:percentPredicted.code.coding:sct,patternCoding,MII_PR_Lungenfunktion_Volumen,https://www.medizininformatik-initiative.de/fhir/ext/modul-lungenfunktion/StructureDefinition/mii-pr-lungenfunktion-tlc
lungenfunktion,MII_PR_Lungenfunktion_TLC,Observation.component:percentPredicted.code.coding:loinc,binding,MII_PR_Lungenfunktion_Volumen,https://www.medizininformatik-initiative.de/fhir/ext/modul-lungenfunktion/StructureDefinition/mii-pr-lungenfunktion-tlc
lungenfunktion,MII_PR_Lungenfunktion_Methacholine,Medication.code.coding:Pharmazentralnummer,patternCoding,MII_PR_Medikation_Medication,https://www.medizininformatik-initiative.de/fhir/ext/modul-lungenfunktion/StructureDefinition/mii-pr-lungenfunktion-methacholine
lungenfunktion,MII_PR_Lungenfunktion_Methacholine,Medication.code.coding:atcClassDe,patternCoding,MII_PR_Medikation_Medication,https://www.medizininformatik-initiative.de/fhir/ext/modul-lungenfunktion/StructureDefinition/mii-pr-lungenfunktion-methacholine
lungenfunktion,MII_PR_Lungenfunktion_Methacholine,Medication.ingredient,slicing,MII_PR_Medikation_Medication,https://www.medizininformatik-initiative.de/fhir/ext/modul-lungenfunktion/StructureDefinition/mii-pr-lungenfunktion-methacholine
lungenfunktion,MII_PR_Lungenfunktion_Methacholine,Medication.ingredient:Wirkstoff,"max,min",MII_PR_Medikation_Medication,https://www.medizininformatik-initiative.de/fhir/ext/modul-lungenfunktion/StructureDefinition/mii-pr-lungenfunktion-methacholine
lungenfunktion,MII_PR_Lungenfunktion_Methacholine,Medication.ingredient:Wirkstoff.item[x]:itemCodeableConcept,type,MII_PR_Medikation_Medication,https://www.medizininformatik-initiative.de/fhir/ext/modul-lungenfunktion/StructureDefinition/mii-pr-lungenfunktion-methacholine
lungenfunktion,MII_PR_Lungenfunktion_Methacholine,Medication.ingredient:Wirkstoff.item[x]:itemCodeableConcept.coding:SNOMED,patternCoding,MII_PR_Medikation_Medication,https://www.medizininformatik-initiative.de/fhir/ext/modul-lungenfunktion/StructureDefinition/mii-pr-lungenfunktion-methacholine
lungenfunktion,MII_PR_Lungenfunktion_Methacholine,Medication.ingredient:Wirkstoff.strength.numerator,patternQuantity,MII_PR_Medikation_Medication,https://www.medizininformatik-initiative.de/fhir/ext/modul-lungenfunktion/StructureDefinition/mii-pr-lungenfunktion-methacholine
lungenfunktion,MII_PR_Lungenfunktion_Methacholine,Medication.ingredient:Wirkstoff.strength.denominator,patternQuantity,MII_PR_Medikation_Medication,https://www.medizininformatik-initiative.de/fhir/ext/modul-lungenfunktion/StructureDefinition/mii-pr-lungenfunktion-methacholine
lungenfunktion,MII_PR_Lungenfunktion_Methacholine,Medication.ingredient:Loesung,"max,min",MII_PR_Medikation_Medication,https://www.medizininformatik-initiative.de/fhir/ext/modul-lungenfunktion/StructureDefinition/mii-pr-lungenfunktion-methacholine
lungenfunktion,MII_PR_Lungenfunktion_Methacholine,Medication.ingredient:Loesung.item[x]:itemCodeableConcept,type,MII_PR_Medikation_Medication,https://www.medizininformatik-initiative.de/fhir/ext/modul-lungenfunktion/StructureDefinition/mii-pr-lungenfunktion-methacholine
lungenfunktion,MII_PR_Lungenfunktion_Methacholine,Medication.ingredient:Loesung.item[x]:itemCodeableConcept.coding:SNOMED,patternCoding,MII_PR_Medikation_Medication,https://www.medizininformatik-initiative.de/fhir/ext/modul-lungenfunktion/StructureDefinition/mii-pr-lungenfunktion-methacholine
lungenfunktion,MII_PR_Lungenfunktion_FVC,Observation.partOf,type,MII_PR_Lungenfunktion_Volumen,https://www.medizininformatik-initiative.de/fhir/ext/modul-lungenfunktion/StructureDefinition/mii-pr-lungenfunktion-fvc
lungenfunktion,MII_PR_Lungenfunktion_FVC,Observation.component:predicted.code.coding:sct,binding,MII_PR_Lungenfunktion_Volumen,https://www.medizininformatik-initiative.de/fhir/ext/modul-lungenfunktion/StructureDefinition/mii-pr-lungenfunktion-fvc
lungenfunktion,MII_PR_Lungenfunktion_FVC,Observation.component:predicted.code.coding:loinc,binding,MII_PR_Lungenfunktion_Volumen,https://www.medizininformatik-initiative.de/fhir/ext/modul-lungenfunktion/StructureDefinition/mii-pr-lungenfunktion-fvc
lungenfunktion,MII_PR_Lungenfunktion_FVC,Observation.component:percentPredicted.code.coding:sct,binding,MII_PR_Lungenfunktion_Volumen,https://www.medizininformatik-initiative.de/fhir/ext/modul-lungenfunktion/StructureDefinition/mii-pr-lungenfunktion-fvc
lungenfunktion,MII_PR_Lungenfunktion_FVC,Observation.component:percentPredicted.code.coding:loinc,binding,MII_PR_Lungenfunktion_Volumen,https://www.medizininformatik-initiative.de/fhir/ext/modul-lungenfunktion/StructureDefinition/mii-pr-lungenfunktion-fvc
lungenfunktion,MII_PR_Lungenfunktion_IRV_ERV,Observation.partOf,type,MII_PR_Lungenfunktion_Volumen,https://www.medizininformatik-initiative.de/fhir/ext/modul-lungenfunktion/StructureDefinition/mii-pr-lungenfunktion-irv-erv
lungenfunktion,MII_PR_Lungenfunktion_IRV_ERV,Observation.component:predicted.code.coding:sct,patternCoding,MII_PR_Lungenfunktion_Volumen,https://www.medizininformatik-initiative.de/fhir/ext/modul-lungenfunktion/StructureDefinition/mii-pr-lungenfunktion-irv-erv
lungenfunktion,MII_PR_Lungenfunktion_IRV_ERV,Observation.component:predicted.code.coding:loinc,binding,MII_PR_Lungenfunktion_Volumen,https://www.medizininformatik-initiative.de/fhir/ext/modul-lungenfunktion/StructureDefinition/mii-pr-lungenfunktion-irv-erv
lungenfunktion,MII_PR_Lungenfunktion_IRV_ERV,Observation.component:percentPredicted.code.coding:sct,patternCoding,MII_PR_Lungenfunktion_Volumen,https://www.medizininformatik-initiative.de/fhir/ext/modul-lungenfunktion/StructureDefinition/mii-pr-lungenfunktion-irv-erv
lungenfunktion,MII_PR_Lungenfunktion_IRV_ERV,Observation.component:percentPredicted.code.coding:loinc,patternCoding,MII_PR_Lungenfunktion_Volumen,https://www.medizininformatik-initiative.de/fhir/ext/modul-lungenfunktion/StructureDefinition/mii-pr-lungenfunktion-irv-erv
lungenfunktion,MII_PR_Lungenfunktion_FRC,Observation.partOf,type,MII_PR_Lungenfunktion_Volumen,https://www.medizininformatik-initiative.de/fhir/ext/modul-lungenfunktion/StructureDefinition/mii-pr-lungenfunktion-frc
lungenfunktion,MII_PR_Lungenfunktion_FRC,Observation.component:predicted.code.coding:sct,patternCoding,MII_PR_Lungenfunktion_Volumen,https://www.medizininformatik-initiative.de/fhir/ext/modul-lungenfunktion/StructureDefinition/mii-pr-lungenfunktion-frc
lungenfunktion,MII_PR_Lungenfunktion_FRC,Observation.component:predicted.code.coding:loinc,binding,MII_PR_Lungenfunktion_Volumen,https://www.medizininformatik-initiative.de/fhir/ext/modul-lungenfunktion/StructureDefinition/mii-pr-lungenfunktion-frc
lungenfunktion,MII_PR_Lungenfunktion_FRC,Observation.component:percentPredicted.code.coding:sct,patternCoding,MII_PR_Lungenfunktion_Volumen,https://www.medizininformatik-initiative.de/fhir/ext/modul-lungenfunktion/StructureDefinition/mii-pr-lungenfunktion-frc
lungenfunktion,MII_PR_Lungenfunktion_FRC,Observation.component:percentPredicted.code.coding:loinc,patternCoding,MII_PR_Lungenfunktion_Volumen,https://www.medizininformatik-initiative.de/fhir/ext/modul-lungenfunktion/StructureDefinition/mii-pr-lungenfunktion-frc
lungenfunktion,MII_PR_Lungenfunktion_R,Observation.partOf,type,MII_PR_Lungenfunktion_Widerstand,https://www.medizininformatik-initiative.de/fhir/ext/modul-lungenfunktion/StructureDefinition/mii-pr-lungenfunktion-r
lungenfunktion,MII_PR_Lungenfunktion_R,Observation.component:predicted.code.coding:sct,patternCoding,MII_PR_Lungenfunktion_Widerstand,https://www.medizininformatik-initiative.de/fhir/ext/modul-lungenfunktion/StructureDefinition/mii-pr-lungenfunktion-r
lungenfunktion,MII_PR_Lungenfunktion_R,Observation.component:predicted.code.coding:loinc,patternCoding,MII_PR_Lungenfunktion_Widerstand,https://www.medizininformatik-initiative.de/fhir/ext/modul-lungenfunktion/StructureDefinition/mii-pr-lungenfunktion-r
lungenfunktion,MII_PR_Lungenfunktion_R,Observation.component:percentPredicted.code.coding:sct,patternCoding,MII_PR_Lungenfunktion_Widerstand,https://www.medizininformatik-initiative.de/fhir/ext/modul-lungenfunktion/StructureDefinition/mii-pr-lungenfunktion-r
lungenfunktion,MII_PR_Lungenfunktion_R,Observation.component:percentPredicted.code.coding:loinc,binding,MII_PR_Lungenfunktion_Widerstand,https://www.medizininformatik-initiative.de/fhir/ext/modul-lungenfunktion/StructureDefinition/mii-pr-lungenfunktion-r
lungenfunktion,MII_PR_Lungenfunktion_VC,Observation.partOf,type,MII_PR_Lungenfunktion_Volumen,https://www.medizininformatik-initiative.de/fhir/ext/modul-lungenfunktion/StructureDefinition/mii-pr-lungenfunktion-vc
lungenfunktion,MII_PR_Lungenfunktion_VC,Observation.component:predicted.code.coding:sct,patternCoding,MII_PR_Lungenfunktion_Volumen,https://www.medizininformatik-initiative.de/fhir/ext/modul-lungenfunktion/StructureDefinition/mii-pr-lungenfunktion-vc
lungenfunktion,MII_PR_Lungenfunktion_VC,Observation.component:predicted.code.coding:loinc,binding,MII_PR_Lungenfunktion_Volumen,https://www.medizininformatik-initiative.de/fhir/ext/modul-lungenfunktion/StructureDefinition/mii-pr-lungenfunktion-vc
lungenfunktion,MII_PR_Lungenfunktion_VC,Observation.component:percentPredicted.code.coding:sct,binding,MII_PR_Lungenfunktion_Volumen,https://www.medizininformatik-initiative.de/fhir/ext/modul-lungenfunktion/StructureDefinition/mii-pr-lungenfunktion-vc
lungenfunktion,MII_PR_Lungenfunktion_VC,Observation.component:percentPredicted.code.coding:loinc,binding,MII_PR_Lungenfunktion_Volumen,https://www.medizininformatik-initiative.de/fhir/ext/modul-lungenfunktion/StructureDefinition/mii-pr-lungenfunktion-vc
lungenfunktion,MII_PR_Lungenfunktion_FEV,Observation.partOf,type,MII_PR_Lungenfunktion_Volumen,https://www.medizininformatik-initiative.de/fhir/ext/modul-lungenfunktion/StructureDefinition/mii-pr-lungenfunktion-fev
lungenfunktion,MII_PR_Lungenfunktion_FEV,Observation.component:predicted.code.coding:sct,binding,MII_PR_Lungenfunktion_Volumen,https://www.medizininformatik-initiative.de/fhir/ext/modul-lungenfunktion/StructureDefinition/mii-pr-lungenfunktion-fev
lungenfunktion,MII_PR_Lungenfunktion_FEV,Observation.component:predicted.code.coding:loinc,binding,MII_PR_Lungenfunktion_Volumen,https://www.medizininformatik-initiative.de/fhir/ext/modul-lungenfunktion/StructureDefinition/mii-pr-lungenfunktion-fev
lungenfunktion,MII_PR_Lungenfunktion_FEV,Observation.component:percentPredicted.code.coding:sct,binding,MII_PR_Lungenfunktion_Volumen,https://www.medizininformatik-initiative.de/fhir/ext/modul-lungenfunktion/StructureDefinition/mii-pr-lungenfunktion-fev
lungenfunktion,MII_PR_Lungenfunktion_FEV,Observation.component:percentPredicted.code.coding:loinc,binding,MII_PR_Lungenfunktion_Volumen,https://www.medizininformatik-initiative.de/fhir/ext/modul-lungenfunktion/StructureDefinition/mii-pr-lungenfunktion-fev
lungenfunktion,MII_PR_Lungenfunktion_R_Effektiv,Observation.partOf,type,MII_PR_Lungenfunktion_Viskositaet,https://www.medizininformatik-initiative.de/fhir/ext/modul-lungenfunktion/StructureDefinition/mii-pr-lungenfunktion-r-effektiv
lungenfunktion,MII_PR_Lungenfunktion_R_Effektiv,Observation.component:predicted.code.coding:sct,patternCoding,MII_PR_Lungenfunktion_Viskositaet,https://www.medizininformatik-initiative.de/fhir/ext/modul-lungenfunktion/StructureDefinition/mii-pr-lungenfunktion-r-effektiv
lungenfunktion,MII_PR_Lungenfunktion_R_Effektiv,Observation.component:predicted.code.coding:loinc,patternCoding,MII_PR_Lungenfunktion_Viskositaet,https://www.medizininformatik-initiative.de/fhir/ext/modul-lungenfunktion/StructureDefinition/mii-pr-lungenfunktion-r-effektiv
lungenfunktion,MII_PR_Lungenfunktion_R_Effektiv,Observation.component:percentPredicted.code.coding:sct,patternCoding,MII_PR_Lungenfunktion_Viskositaet,https://www.medizininformatik-initiative.de/fhir/ext/modul-lungenfunktion/StructureDefinition/mii-pr-lungenfunktion-r-effektiv
lungenfunktion,MII_PR_Lungenfunktion_R_Effektiv,Observation.component:percentPredicted.code.coding:loinc,binding,MII_PR_Lungenfunktion_Viskositaet,https://www.medizininformatik-initiative.de/fhir/ext/modul-lungenfunktion/StructureDefinition/mii-pr-lungenfunktion-r-effektiv
lungenfunktion,MII_PR_Lungenfunktion_Provokationstest_Messung,Procedure.category.coding:sct,patternCoding,MII_PR_Prozedur_Procedure,https://www.medizininformatik-initiative.de/fhir/ext/modul-lungenfunktion/StructureDefinition/mii-pr-lungenfunktion-provokationstest-messung
lungenfunktion,MII_PR_Lungenfunktion_Provokationstest_Messung,Procedure.code.coding:sct,patternCoding,MII_PR_Prozedur_Procedure,https://www.medizininformatik-initiative.de/fhir/ext/modul-lungenfunktion/StructureDefinition/mii-pr-lungenfunktion-provokationstest-messung
lungenfunktion,MII_PR_Lungenfunktion_Provokationstest_Messung,Procedure.subject,type,MII_PR_Prozedur_Procedure,https://www.medizininformatik-initiative.de/fhir/ext/modul-lungenfunktion/StructureDefinition/mii-pr-lungenfunktion-provokationstest-messung
lungenfunktion,MII_PR_Lungenfunktion_Provokationstest,DiagnosticReport.code.coding:sct,patternCoding,MII_PR_Lungenfunktion_Befund,https://www.medizininformatik-initiative.de/fhir/ext/modul-lungenfunktion/StructureDefinition/mii-pr-lungenfunktion-provokationstest
lungenfunktion,MII_PR_Lungenfunktion_Provokationstest,DiagnosticReport.code.coding:loinc,patternCoding,MII_PR_Lungenfunktion_Befund,https://www.medizininformatik-initiative.de/fhir/ext/modul-lungenfunktion/StructureDefinition/mii-pr-lungenfunktion-provokationstest
lungenfunktion,MII_PR_Lungenfunktion_Provokationstest,DiagnosticReport.result,"min,slicing",MII_PR_Lungenfunktion_Befund,https://www.medizininformatik-initiative.de/fhir/ext/modul-lungenfunktion/StructureDefinition/mii-pr-lungenfunktion-provokationstest
lungenfunktion,MII_PR_Lungenfunktion_RV,Observation.partOf,type,MII_PR_Lungenfunktion_Volumen,https://www.medizininformatik-initiative.de/fhir/ext/modul-lungenfunktion/StructureDefinition/mii-pr-lungenfunktion-rv
lungenfunktion,MII_PR_Lungenfunktion_RV,Observation.component:predicted.code.coding:sct,patternCoding,MII_PR_Lungenfunktion_Volumen,https://www.medizininformatik-initiative.de/fhir/ext/modul-lungenfunktion/StructureDefinition/mii-pr-lungenfunktion-rv
lungenfunktion,MII_PR_Lungenfunktion_RV,Observation.component:predicted.code.coding:loinc,binding,MII_PR_Lungenfunktion_Volumen,https://www.medizininformatik-initiative.de/fhir/ext/modul-lungenfunktion/StructureDefinition/mii-pr-lungenfunktion-rv
lungenfunktion,MII_PR_Lungenfunktion_RV,Observation.component:percentPredicted.code.coding:sct,patternCoding,MII_PR_Lungenfunktion_Volumen,https://www.medizininformatik-initiative.de/fhir/ext/modul-lungenfunktion/StructureDefinition/mii-pr-lungenfunktion-rv
lungenfunktion,MII_PR_Lungenfunktion_RV,Observation.component:percentPredicted.code.coding:loinc,binding,MII_PR_Lungenfunktion_Volumen,https://www.medizininformatik-initiative.de/fhir/ext/modul-lungenfunktion/StructureDefinition/mii-pr-lungenfunktion-rv
lungenfunktion,MII_PR_Lungenfunktion_IC,Observation.partOf,type,MII_PR_Lungenfunktion_Volumen,https://www.medizininformatik-initiative.de/fhir/ext/modul-lungenfunktion/StructureDefinition/mii-pr-lungenfunktion-ic
lungenfunktion,MII_PR_Lungenfunktion_IC,Observation.component:predicted.code.coding:sct,patternCoding,MII_PR_Lungenfunktion_Volumen,https://www.medizininformatik-initiative.de/fhir/ext/modul-lungenfunktion/StructureDefinition/mii-pr-lungenfunktion-ic
lungenfunktion,MII_PR_Lungenfunktion_IC,Observation.component:predicted.code.coding:loinc,binding,MII_PR_Lungenfunktion_Volumen,https://www.medizininformatik-initiative.de/fhir/ext/modul-lungenfunktion/StructureDefinition/mii-pr-lungenfunktion-ic
lungenfunktion,MII_PR_Lungenfunktion_IC,Observation.component:percentPredicted.code.coding:sct,patternCoding,MII_PR_Lungenfunktion_Volumen,https://www.medizininformatik-initiative.de/fhir/ext/modul-lungenfunktion/StructureDefinition/mii-pr-lungenfunktion-ic
lungenfunktion,MII_PR_Lungenfunktion_IC,Observation.component:percentPredicted.code.coding:loinc,binding,MII_PR_Lungenfunktion_Volumen,https://www.medizininformatik-initiative.de/fhir/ext/modul-lungenfunktion/StructureDefinition/mii-pr-lungenfunktion-ic
lungenfunktion,MII_PR_Lungenfunktion_R_Spezifisch,Observation.partOf,type,MII_PR_Lungenfunktion_Viskositaet,https://www.medizininformatik-initiative.de/fhir/ext/modul-lungenfunktion/StructureDefinition/mii-pr-lungenfunktion-r-spezifisch
lungenfunktion,MII_PR_Lungenfunktion_R_Spezifisch,Observation.component:predicted.code.coding:sct,patternCoding,MII_PR_Lungenfunktion_Viskositaet,https://www.medizininformatik-initiative.de/fhir/ext/modul-lungenfunktion/StructureDefinition/mii-pr-lungenfunktion-r-spezifisch
lungenfunktion,MII_PR_Lungenfunktion_R_Spezifisch,Observation.component:predicted.code.coding:loinc,patternCoding,MII_PR_Lungenfunktion_Viskositaet,https://www.medizininformatik-initiative.de/fhir/ext/modul-lungenfunktion/StructureDefinition/mii-pr-lungenfunktion-r-spezifisch
lungenfunktion,MII_PR_Lungenfunktion_R_Spezifisch,Observation.component:percentPredicted.code.coding:sct,patternCoding,MII_PR_Lungenfunktion_Viskositaet,https://www.medizininformatik-initiative.de/fhir/ext/modul-lungenfunktion/StructureDefinition/mii-pr-lungenfunktion-r-spezifisch
lungenfunktion,MII_PR_Lungenfunktion_R_Spezifisch,Observation.component:percentPredicted.code.coding:loinc,binding,MII_PR_Lungenfunktion_Viskositaet,https://www.medizininformatik-initiative.de/fhir/ext/modul-lungenfunktion/StructureDefinition/mii-pr-lungenfunktion-r-spezifisch
lungenfunktion,MII_PR_Lungenfunktion_Bodyplethysmographie,DiagnosticReport.code.coding:sct,patternCoding,MII_PR_Lungenfunktion_Befund,https://www.medizininformatik-initiative.de/fhir/ext/modul-lungenfunktion/StructureDefinition/mii-pr-lungenfunktion-bodyplethysmographie
lungenfunktion,MII_PR_Lungenfunktion_Bodyplethysmographie,DiagnosticReport.code.coding:loinc,patternCoding,MII_PR_Lungenfunktion_Befund,https://www.medizininformatik-initiative.de/fhir/ext/modul-lungenfunktion/StructureDefinition/mii-pr-lungenfunktion-bodyplethysmographie
lungenfunktion,MII_PR_Lungenfunktion_Bodyplethysmographie,DiagnosticReport.result,slicing,MII_PR_Lungenfunktion_Befund,https://www.medizininformatik-initiative.de/fhir/ext/modul-lungenfunktion/StructureDefinition/mii-pr-lungenfunktion-bodyplethysmographie
lungenfunktion,MII_PR_Lungenfunktion_Diffusion_Messung,Procedure.category.coding:sct,patternCoding,MII_PR_Prozedur_Procedure,https://www.medizininformatik-initiative.de/fhir/ext/modul-lungenfunktion/StructureDefinition/mii-pr-lungenfunktion-diffusion-messung
lungenfunktion,MII_PR_Lungenfunktion_Diffusion_Messung,Procedure.code.coding:sct,patternCoding,MII_PR_Prozedur_Procedure,https://www.medizininformatik-initiative.de/fhir/ext/modul-lungenfunktion/StructureDefinition/mii-pr-lungenfunktion-diffusion-messung
lungenfunktion,MII_PR_Lungenfunktion_Diffusion_Messung,Procedure.subject,type,MII_PR_Prozedur_Procedure,https://www.medizininformatik-initiative.de/fhir/ext/modul-lungenfunktion/StructureDefinition/mii-pr-lungenfunktion-diffusion-messung
lungenfunktion,MII_PR_Lungenfunktion_Spirometrie_Messung,Procedure.category.coding:sct,patternCoding,MII_PR_Prozedur_Procedure,https://www.medizininformatik-initiative.de/fhir/ext/modul-lungenfunktion/StructureDefinition/mii-pr-lungenfunktion-spirometrie-messung
lungenfunktion,MII_PR_Lungenfunktion_Spirometrie_Messung,Procedure.code.coding:sct,patternCoding,MII_PR_Prozedur_Procedure,https://www.medizininformatik-initiative.de/fhir/ext/modul-lungenfunktion/StructureDefinition/mii-pr-lungenfunktion-spirometrie-messung
lungenfunktion,MII_PR_Lungenfunktion_Spirometrie_Messung,Procedure.subject,type,MII_PR_Prozedur_Procedure,https://www.medizininformatik-initiative.de/fhir/ext/modul-lungenfunktion/StructureDefinition/mii-pr-lungenfunktion-spirometrie-messung
lungenfunktion,MII_PR_Lungenfunktion_Spirometrie,DiagnosticReport.code.coding:sct,patternCoding,MII_PR_Lungenfunktion_Befund,https://www.medizininformatik-initiative.de/fhir/ext/modul-lungenfunktion/StructureDefinition/mii-pr-lungenfunktion-spirometrie
lungenfunktion,MII_PR_Lungenfunktion_Spirometrie,DiagnosticReport.code.coding:loinc,patternCoding,MII_PR_Lungenfunktion_Befund,https://www.medizininformatik-initiative.de/fhir/ext/modul-lungenfunktion/StructureDefinition/mii-pr-lungenfunktion-spirometrie
lungenfunktion,MII_PR_Lungenfunktion_Spirometrie,DiagnosticReport.result,slicing,MII_PR_Lungenfunktion_Befund,https://www.medizininformatik-initiative.de/fhir/ext/modul-lungenfunktion/StructureDefinition/mii-pr-lungenfunktion-spirometrie
lungenfunktion,MII_PR_Lungenfunktion_MEF,Observation.partOf,type,MII_PR_Lungenfunktion_Fluss,https://www.medizininformatik-initiative.de/fhir/ext/modul-lungenfunktion/StructureDefinition/mii-pr-lungenfunktion-mef
lungenfunktion,MII_PR_Lungenfunktion_MEF,Observation.component:predicted.code.coding:sct,patternCoding,MII_PR_Lungenfunktion_Fluss,https://www.medizininformatik-initiative.de/fhir/ext/modul-lungenfunktion/StructureDefinition/mii-pr-lungenfunktion-mef
lungenfunktion,MII_PR_Lungenfunktion_MEF,Observation.component:predicted.code.coding:loinc,patternCoding,MII_PR_Lungenfunktion_Fluss,https://www.medizininformatik-initiative.de/fhir/ext/modul-lungenfunktion/StructureDefinition/mii-pr-lungenfunktion-mef
lungenfunktion,MII_PR_Lungenfunktion_MEF,Observation.component:percentPredicted.code.coding:sct,patternCoding,MII_PR_Lungenfunktion_Fluss,https://www.medizininformatik-initiative.de/fhir/ext/modul-lungenfunktion/StructureDefinition/mii-pr-lungenfunktion-mef
lungenfunktion,MII_PR_Lungenfunktion_MEF,Observation.component:percentPredicted.code.coding:loinc,patternCoding,MII_PR_Lungenfunktion_Fluss,https://www.medizininformatik-initiative.de/fhir/ext/modul-lungenfunktion/StructureDefinition/mii-pr-lungenfunktion-mef
lungenfunktion,MII_PR_Lungenfunktion_Dosis_Gabe,MedicationAdministration.partOf,type,MII_PR_Medikation_MedicationAdministration,https://www.medizininformatik-initiative.de/fhir/ext/modul-lungenfunktion/StructureDefinition/mii-pr-lungenfunktion-dosis-gabe
lungenfunktion,MII_PR_Lungenfunktion_Dosis_Gabe,MedicationAdministration.medication[x]:medicationReference,type,MII_PR_Medikation_MedicationAdministration,https://www.medizininformatik-initiative.de/fhir/ext/modul-lungenfunktion/StructureDefinition/mii-pr-lungenfunktion-dosis-gabe
lungenfunktion,MII_PR_Lungenfunktion_Dosis_Gabe,MedicationAdministration.dosage,min,MII_PR_Medikation_MedicationAdministration,https://www.medizininformatik-initiative.de/fhir/ext/modul-lungenfunktion/StructureDefinition/mii-pr-lungenfunktion-dosis-gabe
lungenfunktion,MII_PR_Lungenfunktion_Dosis_Gabe,MedicationAdministration.dosage.dose,min,MII_PR_Medikation_MedicationAdministration,https://www.medizininformatik-initiative.de/fhir/ext/modul-lungenfunktion/StructureDefinition/mii-pr-lungenfunktion-dosis-gabe
lungenfunktion,MII_PR_Lungenfunktion_Dosis_Gabe,MedicationAdministration.dosage.dose.unit,patternString,MII_PR_Medikation_MedicationAdministration,https://www.medizininformatik-initiative.de/fhir/ext/modul-lungenfunktion/StructureDefinition/mii-pr-lungenfunktion-dosis-gabe
lungenfunktion,MII_PR_Lungenfunktion_Dosis_Gabe,MedicationAdministration.dosage.dose.system,patternUri,MII_PR_Medikation_MedicationAdministration,https://www.medizininformatik-initiative.de/fhir/ext/modul-lungenfunktion/StructureDefinition/mii-pr-lungenfunktion-dosis-gabe
lungenfunktion,MII_PR_Lungenfunktion_Dosis_Gabe,MedicationAdministration.dosage.dose.code,patternCode,MII_PR_Medikation_MedicationAdministration,https://www.medizininformatik-initiative.de/fhir/ext/modul-lungenfunktion/StructureDefinition/mii-pr-lungenfunktion-dosis-gabe
lungenfunktion,MII_PR_Lungenfunktion_DLCO,Observation.partOf,type,MII_PR_Lungenfunktion_Diffusionskapzitaet,https://www.medizininformatik-initiative.de/fhir/ext/modul-lungenfunktion/StructureDefinition/mii-pr-lungenfunktion-dlco
lungenfunktion,MII_PR_Lungenfunktion_DLCO,Observation.method,binding,MII_PR_Lungenfunktion_Diffusionskapzitaet,https://www.medizininformatik-initiative.de/fhir/ext/modul-lungenfunktion/StructureDefinition/mii-pr-lungenfunktion-dlco
lungenfunktion,MII_PR_Lungenfunktion_DLCO,Observation.component:predicted.code.coding:sct,patternCoding,MII_PR_Lungenfunktion_Diffusionskapzitaet,https://www.medizininformatik-initiative.de/fhir/ext/modul-lungenfunktion/StructureDefinition/mii-pr-lungenfunktion-dlco
lungenfunktion,MII_PR_Lungenfunktion_DLCO,Observation.component:predicted.code.coding:loinc,binding,MII_PR_Lungenfunktion_Diffusionskapzitaet,https://www.medizininformatik-initiative.de/fhir/ext/modul-lungenfunktion/StructureDefinition/mii-pr-lungenfunktion-dlco
lungenfunktion,MII_PR_Lungenfunktion_DLCO,Observation.component:percentPredicted.code.coding:sct,patternCoding,MII_PR_Lungenfunktion_Diffusionskapzitaet,https://www.medizininformatik-initiative.de/fhir/ext/modul-lungenfunktion/StructureDefinition/mii-pr-lungenfunktion-dlco
lungenfunktion,MII_PR_Lungenfunktion_DLCO,Observation.component:percentPredicted.code.coding:loinc,binding,MII_PR_Lungenfunktion_Diffusionskapzitaet,https://www.medizininformatik-initiative.de/fhir/ext/modul-lungenfunktion/StructureDefinition/mii-pr-lungenfunktion-dlco
