package,package_short,profile_url,profile_name,resource_type,compatibility_group,group_category,versions,version_count,is_latest_group,breaking_from_previous
de.medizininformatikinitiative.kerndatensatz.base,base,https://www.medizininformatik-initiative.de/fhir/core/modul-diagnose/StructureDefinition/Diagnose,MII_PR_Diagnose_Condition,Condition,1,identical,2026.0.0,1,False,
de.medizininformatikinitiative.kerndatensatz.base,base,https://www.medizininformatik-initiative.de/fhir/core/modul-diagnose/StructureDefinition/Diagnose,MII_PR_Diagnose_Condition,Condition,2,identical,2026.0.1,1,False,False
de.medizininformatikinitiative.kerndatensatz.base,base,https://www.medizininformatik-initiative.de/fhir/core/modul-diagnose/StructureDefinition/Diagnose,MII_PR_Diagnose_Condition,Condition,3,identical,2027.0.0-ballot,1,True,True
de.medizininformatikinitiative.kerndatensatz.base,base,https://www.medizininformatik-initiative.de/fhir/core/modul-fall/StructureDefinition/KontaktGesundheitseinrichtung,MII_PR_Fall_KontaktGesundheitseinrichtung,Encounter,1,identical,2026.0.0,1,False,
de.medizininformatikinitiative.kerndatensatz.base,base,https://www.medizininformatik-initiative.de/fhir/core/modul-fall/StructureDefinition/KontaktGesundheitseinrichtung,MII_PR_Fall_KontaktGesundheitseinrichtung,Encounter,2,identical,2026.0.1|2027.0.0-ballot,2,True,False
de.medizininformatikinitiative.kerndatensatz.base,base,https://www.medizininformatik-initiative.de/fhir/core/modul-person/StructureDefinition/Patient,MII_PR_Person_Patient,Patient,1,identical,2026.0.0,1,False,
de.medizininformatikinitiative.kerndatensatz.base,base,https://www.medizininformatik-initiative.de/fhir/core/modul-person/StructureDefinition/Patient,MII_PR_Person_Patient,Patient,2,identical,2026.0.1,1,False,False
de.medizininformatikinitiative.kerndatensatz.base,base,https://www.medizininformatik-initiative.de/fhir/core/modul-person/StructureDefinition/Patient,MII_PR_Person_Patient,Patient,3,identical,2027.0.0-ballot,1,True,False
de.medizininformatikinitiative.kerndatensatz.base,base,https://www.medizininformatik-initiative.de/fhir/core/modul-person/StructureDefinition/PatientPseudonymisiert,MII_PR_Person_PatientPseudonymisiert,Patient,1,identical,2026.0.0,1,False,
de.medizininformatikinitiative.kerndatensatz.base,base,https://www.medizininformatik-initiative.de/fhir/core/modul-person/StructureDefinition/PatientPseudonymisiert,MII_PR_Person_PatientPseudonymisiert,Patient,2,identical,2026.0.1,1,False,False
de.medizininformatikinitiative.kerndatensatz.base,base,https://www.medizininformatik-initiative.de/fhir/core/modul-person/StructureDefinition/PatientPseudonymisiert,MII_PR_Person_PatientPseudonymisiert,Patient,3,identical,2027.0.0-ballot,1,True,False
de.medizininformatikinitiative.kerndatensatz.base,base,https://www.medizininformatik-initiative.de/fhir/core/modul-person/StructureDefinition/Todesursache,MII_PR_Person_Todesursache,Condition,1,identical,2026.0.0,1,False,
de.medizininformatikinitiative.kerndatensatz.base,base,https://www.medizininformatik-initiative.de/fhir/core/modul-person/StructureDefinition/Todesursache,MII_PR_Person_Todesursache,Condition,2,identical,2026.0.1|2027.0.0-ballot,2,True,False
de.medizininformatikinitiative.kerndatensatz.base,base,https://www.medizininformatik-initiative.de/fhir/core/modul-person/StructureDefinition/Vitalstatus,MII_PR_Person_Vitalstatus,Observation,1,identical,2026.0.0,1,False,
de.medizininformatikinitiative.kerndatensatz.base,base,https://www.medizininformatik-initiative.de/fhir/core/modul-person/StructureDefinition/Vitalstatus,MII_PR_Person_Vitalstatus,Observation,2,identical,2026.0.1|2027.0.0-ballot,2,True,False
de.medizininformatikinitiative.kerndatensatz.base,base,https://www.medizininformatik-initiative.de/fhir/core/modul-prozedur/StructureDefinition/Procedure,MII_PR_Prozedur_Procedure,Procedure,1,identical,2026.0.0,1,False,
de.medizininformatikinitiative.kerndatensatz.base,base,https://www.medizininformatik-initiative.de/fhir/core/modul-prozedur/StructureDefinition/Procedure,MII_PR_Prozedur_Procedure,Procedure,2,identical,2026.0.1,1,False,False
de.medizininformatikinitiative.kerndatensatz.base,base,https://www.medizininformatik-initiative.de/fhir/core/modul-prozedur/StructureDefinition/Procedure,MII_PR_Prozedur_Procedure,Procedure,3,identical,2027.0.0-ballot,1,True,False
de.medizininformatikinitiative.kerndatensatz.base,base,https://www.medizininformatik-initiative.de/fhir/modul-person/StructureDefinition/AllergieUnvertraeglichkeit,MII_PR_Person_AllergieUnvertraeglichkeit,AllergyIntolerance,1,sole-version,2027.0.0-ballot,1,True,
de.medizininformatikinitiative.kerndatensatz.bildgebung,bildgebung,https://www.medizininformatik-initiative.de/fhir/ext/modul-bildgebung/StructureDefinition/mii-pr-bildgebung-anforderung-bildgebung,MII_PR_Bildgebung_Anforderung_Bildgebung,ServiceRequest,1,identical,2025.0.0|2025.0.1|2025.0.2,3,False,
de.medizininformatikinitiative.kerndatensatz.bildgebung,bildgebung,https://www.medizininformatik-initiative.de/fhir/ext/modul-bildgebung/StructureDefinition/mii-pr-bildgebung-anforderung-bildgebung,MII_PR_Bildgebung_Anforderung_Bildgebung,ServiceRequest,2,canonical-only,2026.0.0|2027.0.0-ballot.1,2,True,True
de.medizininformatikinitiative.kerndatensatz.bildgebung,bildgebung,https://www.medizininformatik-initiative.de/fhir/ext/modul-bildgebung/StructureDefinition/mii-pr-bildgebung-behandlungsempfehlung,MII_PR_Bildgebung_Behandlungsempfehlung,CarePlan,1,identical,2025.0.0|2025.0.1|2025.0.2|2026.0.0|2027.0.0-ballot.1,5,True,
de.medizininformatikinitiative.kerndatensatz.bildgebung,bildgebung,https://www.medizininformatik-initiative.de/fhir/ext/modul-bildgebung/StructureDefinition/mii-pr-bildgebung-bildgebungsprozedur,MII_PR_Bildgebung_Bildgebungsprozedur,Procedure,1,identical,2025.0.0|2025.0.1|2025.0.2,3,False,
de.medizininformatikinitiative.kerndatensatz.bildgebung,bildgebung,https://www.medizininformatik-initiative.de/fhir/ext/modul-bildgebung/StructureDefinition/mii-pr-bildgebung-bildgebungsprozedur,MII_PR_Bildgebung_Bildgebungsprozedur,Procedure,2,identical,2026.0.0,1,False,True
de.medizininformatikinitiative.kerndatensatz.bildgebung,bildgebung,https://www.medizininformatik-initiative.de/fhir/ext/modul-bildgebung/StructureDefinition/mii-pr-bildgebung-bildgebungsprozedur,MII_PR_Bildgebung_Bildgebungsprozedur,Procedure,3,identical,2027.0.0-ballot.1,1,True,True
de.medizininformatikinitiative.kerndatensatz.bildgebung,bildgebung,https://www.medizininformatik-initiative.de/fhir/ext/modul-bildgebung/StructureDefinition/mii-pr-bildgebung-bildgebungsstudie,MII_PR_Bildgebung_Bildgebungsstudie,ImagingStudy,1,identical,2025.0.0,1,False,
de.medizininformatikinitiative.kerndatensatz.bildgebung,bildgebung,https://www.medizininformatik-initiative.de/fhir/ext/modul-bildgebung/StructureDefinition/mii-pr-bildgebung-bildgebungsstudie,MII_PR_Bildgebung_Bildgebungsstudie,ImagingStudy,2,identical,2025.0.1|2025.0.2,2,False,True
de.medizininformatikinitiative.kerndatensatz.bildgebung,bildgebung,https://www.medizininformatik-initiative.de/fhir/ext/modul-bildgebung/StructureDefinition/mii-pr-bildgebung-bildgebungsstudie,MII_PR_Bildgebung_Bildgebungsstudie,ImagingStudy,3,identical,2026.0.0,1,False,True
de.medizininformatikinitiative.kerndatensatz.bildgebung,bildgebung,https://www.medizininformatik-initiative.de/fhir/ext/modul-bildgebung/StructureDefinition/mii-pr-bildgebung-bildgebungsstudie,MII_PR_Bildgebung_Bildgebungsstudie,ImagingStudy,4,identical,2027.0.0-ballot.1,1,True,False
de.medizininformatikinitiative.kerndatensatz.bildgebung,bildgebung,https://www.medizininformatik-initiative.de/fhir/ext/modul-bildgebung/StructureDefinition/mii-pr-bildgebung-geraet,MII_PR_Bildgebung_Geraet,Device,1,identical,2025.0.0|2025.0.1|2025.0.2|2026.0.0|2027.0.0-ballot.1,5,True,
de.medizininformatikinitiative.kerndatensatz.bildgebung,bildgebung,https://www.medizininformatik-initiative.de/fhir/ext/modul-bildgebung/StructureDefinition/mii-pr-bildgebung-koerperstruktur,MII_PR_Bildgebung_Koerperstruktur,BodyStructure,1,identical,2025.0.0|2025.0.1|2025.0.2,3,False,
de.medizininformatikinitiative.kerndatensatz.bildgebung,bildgebung,https://www.medizininformatik-initiative.de/fhir/ext/modul-bildgebung/StructureDefinition/mii-pr-bildgebung-koerperstruktur,MII_PR_Bildgebung_Koerperstruktur,BodyStructure,2,identical,2026.0.0|2027.0.0-ballot.1,2,True,True
de.medizininformatikinitiative.kerndatensatz.bildgebung,bildgebung,https://www.medizininformatik-initiative.de/fhir/ext/modul-bildgebung/StructureDefinition/mii-pr-bildgebung-kontrastmittelgabe,MII_PR_Bildgebung_Kontrastmittelgabe,MedicationAdministration,1,identical,2025.0.0|2025.0.1|2025.0.2|2026.0.0|2027.0.0-ballot.1,5,True,
de.medizininformatikinitiative.kerndatensatz.bildgebung,bildgebung,https://www.medizininformatik-initiative.de/fhir/ext/modul-bildgebung/StructureDefinition/mii-pr-bildgebung-radiologische-befundungsprozedur,MII_PR_Bildgebung_Radiologische_Befundungsprozedur,Procedure,1,identical,2025.0.0|2025.0.1|2025.0.2,3,False,
de.medizininformatikinitiative.kerndatensatz.bildgebung,bildgebung,https://www.medizininformatik-initiative.de/fhir/ext/modul-bildgebung/StructureDefinition/mii-pr-bildgebung-radiologische-befundungsprozedur,MII_PR_Bildgebung_Radiologische_Befundungsprozedur,Procedure,2,identical,2026.0.0,1,False,True
de.medizininformatikinitiative.kerndatensatz.bildgebung,bildgebung,https://www.medizininformatik-initiative.de/fhir/ext/modul-bildgebung/StructureDefinition/mii-pr-bildgebung-radiologische-befundungsprozedur,MII_PR_Bildgebung_Radiologische_Befundungsprozedur,Procedure,3,identical,2027.0.0-ballot.1,1,True,True
de.medizininformatikinitiative.kerndatensatz.bildgebung,bildgebung,https://www.medizininformatik-initiative.de/fhir/ext/modul-bildgebung/StructureDefinition/mii-pr-bildgebung-radiologische-beobachtung,MII_PR_Bildgebung_Radiologische_Beobachtung,Observation,1,identical,2025.0.0,1,False,
de.medizininformatikinitiative.kerndatensatz.bildgebung,bildgebung,https://www.medizininformatik-initiative.de/fhir/ext/modul-bildgebung/StructureDefinition/mii-pr-bildgebung-radiologische-beobachtung,MII_PR_Bildgebung_Radiologische_Beobachtung,Observation,2,identical,2025.0.1|2025.0.2,2,False,True
de.medizininformatikinitiative.kerndatensatz.bildgebung,bildgebung,https://www.medizininformatik-initiative.de/fhir/ext/modul-bildgebung/StructureDefinition/mii-pr-bildgebung-radiologische-beobachtung,MII_PR_Bildgebung_Radiologische_Beobachtung,Observation,3,identical,2026.0.0,1,False,True
de.medizininformatikinitiative.kerndatensatz.bildgebung,bildgebung,https://www.medizininformatik-initiative.de/fhir/ext/modul-bildgebung/StructureDefinition/mii-pr-bildgebung-radiologische-beobachtung,MII_PR_Bildgebung_Radiologische_Beobachtung,Observation,4,identical,2027.0.0-ballot.1,1,True,False
de.medizininformatikinitiative.kerndatensatz.bildgebung,bildgebung,https://www.medizininformatik-initiative.de/fhir/ext/modul-bildgebung/StructureDefinition/mii-pr-bildgebung-radiologische-messung,MII_PR_Bildgebung_Radiologische_Messung,Observation,1,sole-version,2027.0.0-ballot.1,1,True,
de.medizininformatikinitiative.kerndatensatz.bildgebung,bildgebung,https://www.medizininformatik-initiative.de/fhir/ext/modul-bildgebung/StructureDefinition/mii-pr-bildgebung-radiologischer-befund,MII_PR_Bildgebung_Radiologischer_Befund,DiagnosticReport,1,identical,2025.0.0,1,False,
de.medizininformatikinitiative.kerndatensatz.bildgebung,bildgebung,https://www.medizininformatik-initiative.de/fhir/ext/modul-bildgebung/StructureDefinition/mii-pr-bildgebung-radiologischer-befund,MII_PR_Bildgebung_Radiologischer_Befund,DiagnosticReport,2,identical,2025.0.1|2025.0.2,2,False,True
de.medizininformatikinitiative.kerndatensatz.bildgebung,bildgebung,https://www.medizininformatik-initiative.de/fhir/ext/modul-bildgebung/StructureDefinition/mii-pr-bildgebung-radiologischer-befund,MII_PR_Bildgebung_Radiologischer_Befund,DiagnosticReport,3,identical,2026.0.0,1,False,True
de.medizininformatikinitiative.kerndatensatz.bildgebung,bildgebung,https://www.medizininformatik-initiative.de/fhir/ext/modul-bildgebung/StructureDefinition/mii-pr-bildgebung-radiologischer-befund,MII_PR_Bildgebung_Radiologischer_Befund,DiagnosticReport,4,identical,2027.0.0-ballot.1,1,True,True
de.medizininformatikinitiative.kerndatensatz.bildgebung,bildgebung,https://www.medizininformatik-initiative.de/fhir/ext/modul-bildgebung/StructureDefinition/mii-pr-bildgebung-semistrukt-befundbericht,MII_PR_Bildgebung_Semistrukt_Befundbericht,Composition,1,identical,2025.0.0|2025.0.1|2025.0.2,3,False,
de.medizininformatikinitiative.kerndatensatz.bildgebung,bildgebung,https://www.medizininformatik-initiative.de/fhir/ext/modul-bildgebung/StructureDefinition/mii-pr-bildgebung-semistrukt-befundbericht,MII_PR_Bildgebung_Semistrukt_Befundbericht,Composition,2,identical,2026.0.0|2027.0.0-ballot.1,2,True,True
de.medizininformatikinitiative.kerndatensatz.biobank,biobank,https://www.medizininformatik-initiative.de/fhir/ext/modul-biobank/StructureDefinition/Organization,ProfileOrganizationSammlungBiobank,Organization,1,identical,0.9.0,1,False,
de.medizininformatikinitiative.kerndatensatz.biobank,biobank,https://www.medizininformatik-initiative.de/fhir/ext/modul-biobank/StructureDefinition/Organization,ProfileOrganizationSammlungBiobank,Organization,2,canonical-only,1.0.0|1.0.1|1.0.2|1.0.3|1.0.4|1.0.5|1.0.6|1.0.7|1.0.8|2024.0.4|2025.0.0|2025.0.1|2025.0.2|2025.0.3|2025.0.4,15,False,True
de.medizininformatikinitiative.kerndatensatz.biobank,biobank,https://www.medizininformatik-initiative.de/fhir/ext/modul-biobank/StructureDefinition/Organization,ProfileOrganizationSammlungBiobank,Organization,3,identical,2026.0.0|2026.0.1,2,False,True
de.medizininformatikinitiative.kerndatensatz.biobank,biobank,https://www.medizininformatik-initiative.de/fhir/ext/modul-biobank/StructureDefinition/Organization,ProfileOrganizationSammlungBiobank,Organization,4,identical,2027.0.0-ballot,1,True,False
de.medizininformatikinitiative.kerndatensatz.biobank,biobank,https://www.medizininformatik-initiative.de/fhir/ext/modul-biobank/StructureDefinition/Specimen,ProfileSpecimenBioprobe,Specimen,1,identical,0.9.0,1,False,
de.medizininformatikinitiative.kerndatensatz.biobank,biobank,https://www.medizininformatik-initiative.de/fhir/ext/modul-biobank/StructureDefinition/Specimen,ProfileSpecimenBioprobe,Specimen,2,canonical-only,1.0.0|1.0.1|1.0.2|1.0.3|1.0.4|1.0.5|1.0.6|1.0.7|1.0.8|2024.0.4|2025.0.0|2025.0.1|2025.0.2|2025.0.3|2025.0.4,15,False,True
de.medizininformatikinitiative.kerndatensatz.biobank,biobank,https://www.medizininformatik-initiative.de/fhir/ext/modul-biobank/StructureDefinition/Specimen,ProfileSpecimenBioprobe,Specimen,3,identical,2026.0.0|2026.0.1,2,False,True
de.medizininformatikinitiative.kerndatensatz.biobank,biobank,https://www.medizininformatik-initiative.de/fhir/ext/modul-biobank/StructureDefinition/Specimen,ProfileSpecimenBioprobe,Specimen,4,identical,2027.0.0-ballot,1,True,False
de.medizininformatikinitiative.kerndatensatz.biobank,biobank,https://www.medizininformatik-initiative.de/fhir/ext/modul-biobank/StructureDefinition/SpecimenCore,ProfileSpecimenBioprobeCore,Specimen,1,identical,1.0.0|1.0.1|1.0.2,3,False,
de.medizininformatikinitiative.kerndatensatz.biobank,biobank,https://www.medizininformatik-initiative.de/fhir/ext/modul-biobank/StructureDefinition/SpecimenCore,ProfileSpecimenBioprobeCore,Specimen,2,identical,1.0.3|1.0.4|1.0.5,3,False,True
de.medizininformatikinitiative.kerndatensatz.biobank,biobank,https://www.medizininformatik-initiative.de/fhir/ext/modul-biobank/StructureDefinition/SpecimenCore,ProfileSpecimenBioprobeCore,Specimen,3,identical,1.0.6,1,False,False
de.medizininformatikinitiative.kerndatensatz.biobank,biobank,https://www.medizininformatik-initiative.de/fhir/ext/modul-biobank/StructureDefinition/SpecimenCore,ProfileSpecimenBioprobeCore,Specimen,4,identical,1.0.7,1,False,True
de.medizininformatikinitiative.kerndatensatz.biobank,biobank,https://www.medizininformatik-initiative.de/fhir/ext/modul-biobank/StructureDefinition/SpecimenCore,ProfileSpecimenBioprobeCore,Specimen,5,canonical-only,1.0.8|2024.0.4|2025.0.0|2025.0.1|2025.0.2|2025.0.3|2025.0.4,7,False,True
de.medizininformatikinitiative.kerndatensatz.biobank,biobank,https://www.medizininformatik-initiative.de/fhir/ext/modul-biobank/StructureDefinition/SpecimenCore,ProfileSpecimenBioprobeCore,Specimen,6,identical,2026.0.0|2026.0.1,2,False,True
de.medizininformatikinitiative.kerndatensatz.biobank,biobank,https://www.medizininformatik-initiative.de/fhir/ext/modul-biobank/StructureDefinition/SpecimenCore,ProfileSpecimenBioprobeCore,Specimen,7,identical,2027.0.0-ballot,1,True,True
de.medizininformatikinitiative.kerndatensatz.biobank,biobank,https://www.medizininformatik-initiative.de/fhir/ext/modul-biobank/StructureDefinition/Substance,ProfileSubstanceAdditiv,Substance,1,identical,0.9.0,1,False,
de.medizininformatikinitiative.kerndatensatz.biobank,biobank,https://www.medizininformatik-initiative.de/fhir/ext/modul-biobank/StructureDefinition/Substance,ProfileSubstanceAdditiv,Substance,2,identical,1.0.0|1.0.1|1.0.2|1.0.3|1.0.4|1.0.5|1.0.6|1.0.7|1.0.8|2024.0.4|2025.0.0|2025.0.1|2025.0.2|2025.0.3|2025.0.4,15,False,False
de.medizininformatikinitiative.kerndatensatz.biobank,biobank,https://www.medizininformatik-initiative.de/fhir/ext/modul-biobank/StructureDefinition/Substance,ProfileSubstanceAdditiv,Substance,3,identical,2026.0.0|2026.0.1,2,False,False
de.medizininformatikinitiative.kerndatensatz.biobank,biobank,https://www.medizininformatik-initiative.de/fhir/ext/modul-biobank/StructureDefinition/Substance,ProfileSubstanceAdditiv,Substance,4,identical,2027.0.0-ballot,1,True,False
de.medizininformatikinitiative.kerndatensatz.biobank,biobank,https://www.medizininformatik-initiative.de/fhir/ext/modul-biobank/StructureDefinition/mii-pr-biobank-observation-dna-konzentration,MII_PR_Biobank_Observation_DNA_Konzentration,Observation,1,identical,2026.0.0|2026.0.1,2,False,
de.medizininformatikinitiative.kerndatensatz.biobank,biobank,https://www.medizininformatik-initiative.de/fhir/ext/modul-biobank/StructureDefinition/mii-pr-biobank-observation-dna-konzentration,MII_PR_Biobank_Observation_DNA_Konzentration,Observation,2,identical,2027.0.0-ballot,1,True,False
de.medizininformatikinitiative.kerndatensatz.biobank,biobank,https://www.medizininformatik-initiative.de/fhir/ext/modul-biobank/StructureDefinition/mii-pr-biobank-observation-karyotyp,MII_PR_Biobank_Observation_Karyotyp,Observation,1,identical,2026.0.0|2026.0.1,2,False,
de.medizininformatikinitiative.kerndatensatz.biobank,biobank,https://www.medizininformatik-initiative.de/fhir/ext/modul-biobank/StructureDefinition/mii-pr-biobank-observation-karyotyp,MII_PR_Biobank_Observation_Karyotyp,Observation,2,identical,2027.0.0-ballot,1,True,False
de.medizininformatikinitiative.kerndatensatz.biobank,biobank,https://www.medizininformatik-initiative.de/fhir/ext/modul-biobank/StructureDefinition/mii-pr-biobank-observation-morphologie,MII_PR_Biobank_Observation_Morphologie,Observation,1,identical,2026.0.0|2026.0.1,2,False,
de.medizininformatikinitiative.kerndatensatz.biobank,biobank,https://www.medizininformatik-initiative.de/fhir/ext/modul-biobank/StructureDefinition/mii-pr-biobank-observation-morphologie,MII_PR_Biobank_Observation_Morphologie,Observation,2,identical,2027.0.0-ballot,1,True,False
de.medizininformatikinitiative.kerndatensatz.biobank,biobank,https://www.medizininformatik-initiative.de/fhir/ext/modul-biobank/StructureDefinition/mii-pr-biobank-observation-proliferation,MII_PR_Biobank_Observation_Proliferation,Observation,1,identical,2026.0.0|2026.0.1,2,False,
de.medizininformatikinitiative.kerndatensatz.biobank,biobank,https://www.medizininformatik-initiative.de/fhir/ext/modul-biobank/StructureDefinition/mii-pr-biobank-observation-proliferation,MII_PR_Biobank_Observation_Proliferation,Observation,2,identical,2027.0.0-ballot,1,True,False
de.medizininformatikinitiative.kerndatensatz.biobank,biobank,https://www.medizininformatik-initiative.de/fhir/ext/modul-biobank/StructureDefinition/mii-pr-biobank-observation-qualitaetspruefung,MII_PR_Biobank_Observation_Qualitaetspruefung,Observation,1,identical,2026.0.0|2026.0.1,2,False,
de.medizininformatikinitiative.kerndatensatz.biobank,biobank,https://www.medizininformatik-initiative.de/fhir/ext/modul-biobank/StructureDefinition/mii-pr-biobank-observation-qualitaetspruefung,MII_PR_Biobank_Observation_Qualitaetspruefung,Observation,2,identical,2027.0.0-ballot,1,True,False
de.medizininformatikinitiative.kerndatensatz.biobank,biobank,https://www.medizininformatik-initiative.de/fhir/ext/modul-biobank/StructureDefinition/mii-pr-biobank-observation-wachstumstyp,MII_PR_Biobank_Observation_Wachstumstyp,Observation,1,identical,2026.0.0|2026.0.1,2,False,
de.medizininformatikinitiative.kerndatensatz.biobank,biobank,https://www.medizininformatik-initiative.de/fhir/ext/modul-biobank/StructureDefinition/mii-pr-biobank-observation-wachstumstyp,MII_PR_Biobank_Observation_Wachstumstyp,Observation,2,identical,2027.0.0-ballot,1,True,False
de.medizininformatikinitiative.kerndatensatz.biobank,biobank,https://www.medizininformatik-initiative.de/fhir/ext/modul-biobank/StructureDefinition/mii-pr-biobank-zellinie-organoid,MII_PR_Biobank_Specimen_Zellinie_Organoid,Specimen,1,identical,2026.0.0|2026.0.1,2,False,
de.medizininformatikinitiative.kerndatensatz.biobank,biobank,https://www.medizininformatik-initiative.de/fhir/ext/modul-biobank/StructureDefinition/mii-pr-biobank-zellinie-organoid,MII_PR_Biobank_Specimen_Zellinie_Organoid,Specimen,2,identical,2027.0.0-ballot,1,True,False
de.medizininformatikinitiative.kerndatensatz.consent,consent,https://www.medizininformatik-initiative.de/fhir/modul-consent/StructureDefinition/mii-pr-consent-documentreference,MII_PR_Consent_DocumentReference,DocumentReference,1,identical,1.0.1|1.0.2|1.0.3|1.0.4|1.0.5|1.0.6|1.0.7|2025.0.0|2025.0.1|2025.0.2|2025.0.3|2025.0.4|2026.0.0,13,False,
de.medizininformatikinitiative.kerndatensatz.consent,consent,https://www.medizininformatik-initiative.de/fhir/modul-consent/StructureDefinition/mii-pr-consent-documentreference,MII_PR_Consent_DocumentReference,DocumentReference,2,identical,2027.0.0-ballot,1,True,False
de.medizininformatikinitiative.kerndatensatz.consent,consent,https://www.medizininformatik-initiative.de/fhir/modul-consent/StructureDefinition/mii-pr-consent-einwilligung,MII_PR_Consent_Einwilligung,Consent,1,identical,1.0.1|1.0.2|1.0.3|1.0.4|1.0.5|1.0.6|1.0.7,7,False,
de.medizininformatikinitiative.kerndatensatz.consent,consent,https://www.medizininformatik-initiative.de/fhir/modul-consent/StructureDefinition/mii-pr-consent-einwilligung,MII_PR_Consent_Einwilligung,Consent,2,identical,2025.0.0|2025.0.1|2025.0.2|2025.0.3|2025.0.4,5,False,False
de.medizininformatikinitiative.kerndatensatz.consent,consent,https://www.medizininformatik-initiative.de/fhir/modul-consent/StructureDefinition/mii-pr-consent-einwilligung,MII_PR_Consent_Einwilligung,Consent,3,identical,2026.0.0,1,False,False
de.medizininformatikinitiative.kerndatensatz.consent,consent,https://www.medizininformatik-initiative.de/fhir/modul-consent/StructureDefinition/mii-pr-consent-einwilligung,MII_PR_Consent_Einwilligung,Consent,4,identical,2027.0.0-ballot,1,True,True
de.medizininformatikinitiative.kerndatensatz.consent,consent,https://www.medizininformatik-initiative.de/fhir/modul-consent/StructureDefinition/mii-pr-consent-provenance,MII_PR_Consent_Provenance,Provenance,1,identical,1.0.1|1.0.2|1.0.3|1.0.4|1.0.5|1.0.6|1.0.7|2025.0.0|2025.0.1|2025.0.2|2025.0.3|2025.0.4|2026.0.0,13,False,
de.medizininformatikinitiative.kerndatensatz.consent,consent,https://www.medizininformatik-initiative.de/fhir/modul-consent/StructureDefinition/mii-pr-consent-provenance,MII_PR_Consent_Provenance,Provenance,2,identical,2027.0.0-ballot,1,True,False
de.medizininformatikinitiative.kerndatensatz.diagnose,diagnose,https://www.medizininformatik-initiative.de/fhir/core/StructureDefinition/Diagnose,Diagnose,Condition,1,canonical-only,0.9.0|0.9.1|0.9.2,3,True,
de.medizininformatikinitiative.kerndatensatz.diagnose,diagnose,https://www.medizininformatik-initiative.de/fhir/core/modul-diagnose/StructureDefinition/Diagnose,Diagnose,Condition,1,identical,0.9.3,1,False,
de.medizininformatikinitiative.kerndatensatz.diagnose,diagnose,https://www.medizininformatik-initiative.de/fhir/core/modul-diagnose/StructureDefinition/Diagnose,Diagnose,Condition,2,identical,0.9.4|0.9.5,2,False,False
de.medizininformatikinitiative.kerndatensatz.diagnose,diagnose,https://www.medizininformatik-initiative.de/fhir/core/modul-diagnose/StructureDefinition/Diagnose,Diagnose,Condition,3,identical,0.9.6,1,False,True
de.medizininformatikinitiative.kerndatensatz.diagnose,diagnose,https://www.medizininformatik-initiative.de/fhir/core/modul-diagnose/StructureDefinition/Diagnose,Diagnose,Condition,4,canonical-only,1.0.0|1.0.1|1.0.2|1.0.3|1.0.4,5,False,True
de.medizininformatikinitiative.kerndatensatz.diagnose,diagnose,https://www.medizininformatik-initiative.de/fhir/core/modul-diagnose/StructureDefinition/Diagnose,Diagnose,Condition,5,identical,2024.0.0,1,False,True
de.medizininformatikinitiative.kerndatensatz.diagnose,diagnose,https://www.medizininformatik-initiative.de/fhir/core/modul-diagnose/StructureDefinition/Diagnose,Diagnose,Condition,6,identical,2025.0.0,1,False,True
de.medizininformatikinitiative.kerndatensatz.diagnose,diagnose,https://www.medizininformatik-initiative.de/fhir/core/modul-diagnose/StructureDefinition/Diagnose,Diagnose,Condition,7,identical,2025.0.1,1,True,False
de.medizininformatikinitiative.kerndatensatz.dokument,dokument,https://www.medizininformatik-initiative.de/fhir/ext/modul-dokument/StructureDefinition/mii-pr-dokument-dokument,MII_PR_Dokument_Dokument,DocumentReference,1,identical,2026.0.0,1,False,
de.medizininformatikinitiative.kerndatensatz.dokument,dokument,https://www.medizininformatik-initiative.de/fhir/ext/modul-dokument/StructureDefinition/mii-pr-dokument-dokument,MII_PR_Dokument_Dokument,DocumentReference,2,identical,2026.0.1,1,False,False
de.medizininformatikinitiative.kerndatensatz.dokument,dokument,https://www.medizininformatik-initiative.de/fhir/ext/modul-dokument/StructureDefinition/mii-pr-dokument-dokument,MII_PR_Dokument_Dokument,DocumentReference,3,identical,2027.0.0-ballot.2,1,True,False
de.medizininformatikinitiative.kerndatensatz.fall,fall,https://www.medizininformatik-initiative.de/fhir/core/StructureDefinition/Account/Abrechnungsfall,Abrechnungsfall,Account,1,identical,0.9.0|0.9.1,2,True,
de.medizininformatikinitiative.kerndatensatz.fall,fall,https://www.medizininformatik-initiative.de/fhir/core/StructureDefinition/Encounter/Abteilungsfall,Abteilungsfall,Encounter,1,identical,0.9.0|0.9.1,2,True,
de.medizininformatikinitiative.kerndatensatz.fall,fall,https://www.medizininformatik-initiative.de/fhir/core/StructureDefinition/Encounter/Versorgungsfall,Versorgungsfall,Encounter,1,identical,0.9.0|0.9.1,2,True,
de.medizininformatikinitiative.kerndatensatz.fall,fall,https://www.medizininformatik-initiative.de/fhir/core/StructureDefinition/Encounter/Verwaltungsfall,Verwaltungsfall,Encounter,1,identical,0.9.0|0.9.1,2,True,
de.medizininformatikinitiative.kerndatensatz.fall,fall,https://www.medizininformatik-initiative.de/fhir/core/modul-fall/StructureDefinition/KontaktGesundheitseinrichtung,KontaktGesundheitseinrichtung,Encounter,1,canonical-only,0.9.2|0.9.3|0.9.4|1.0.0|1.0.1,5,False,
de.medizininformatikinitiative.kerndatensatz.fall,fall,https://www.medizininformatik-initiative.de/fhir/core/modul-fall/StructureDefinition/KontaktGesundheitseinrichtung,KontaktGesundheitseinrichtung,Encounter,2,identical,2024.0.0|2024.0.1,2,False,True
de.medizininformatikinitiative.kerndatensatz.fall,fall,https://www.medizininformatik-initiative.de/fhir/core/modul-fall/StructureDefinition/KontaktGesundheitseinrichtung,KontaktGesundheitseinrichtung,Encounter,3,identical,2025.0.0,1,False,True
de.medizininformatikinitiative.kerndatensatz.fall,fall,https://www.medizininformatik-initiative.de/fhir/core/modul-fall/StructureDefinition/KontaktGesundheitseinrichtung,KontaktGesundheitseinrichtung,Encounter,4,identical,2025.0.1,1,True,False
de.medizininformatikinitiative.kerndatensatz.icu,icu,https://example.org/fhir/StructureDefinition/mii-pr-icu-score-rass,MII_PR_ICU_Score_RASS,Observation,1,sole-version,2026.0.0,1,True,
de.medizininformatikinitiative.kerndatensatz.icu,icu,https://gematik.de/fhir/isik/StructureDefinition/mii-pr-icu-muv-zerebraler-perfusionsdruck,MII_PR_ICU_MUV_zerebraler_Perfusionsdruck,Observation,1,sole-version,2026.0.0,1,True,
de.medizininformatikinitiative.kerndatensatz.icu,icu,https://www.medizininformatik-initiative.de/fhir/ext/modul-icu/StructureDefinition/arterieller-blutdruck,SD_MII_ICU_Arterieller_Blutdruck,Observation,1,identical,2025.0.0|2025.0.1|2025.0.2|2025.0.3|2025.0.4,5,True,
de.medizininformatikinitiative.kerndatensatz.icu,icu,https://www.medizininformatik-initiative.de/fhir/ext/modul-icu/StructureDefinition/arterieller-druck,SD_MII_ICU_Arterieller_Druck,Observation,1,identical,1.0.0,1,False,
de.medizininformatikinitiative.kerndatensatz.icu,icu,https://www.medizininformatik-initiative.de/fhir/ext/modul-icu/StructureDefinition/arterieller-druck,SD_MII_ICU_Arterieller_Druck,Observation,2,identical,2025.0.0|2025.0.1|2025.0.2|2025.0.3|2025.0.4,5,True,True
de.medizininformatikinitiative.kerndatensatz.icu,icu,https://www.medizininformatik-initiative.de/fhir/ext/modul-icu/StructureDefinition/atemfrequenz,SD_MII_ICU_Atemfrequenz,Observation,1,identical,1.0.0,1,False,
de.medizininformatikinitiative.kerndatensatz.icu,icu,https://www.medizininformatik-initiative.de/fhir/ext/modul-icu/StructureDefinition/atemfrequenz,SD_MII_ICU_Atemfrequenz,Observation,2,canonical-only,2025.0.0|2025.0.1|2025.0.2|2025.0.3|2025.0.4,5,True,True
de.medizininformatikinitiative.kerndatensatz.icu,icu,https://www.medizininformatik-initiative.de/fhir/ext/modul-icu/StructureDefinition/atemwegsdruck-bei-mitl-exspiratorischem-gasfluss,SD_MII_ICU_Atemwegsdruck_Bei_Mitl_Exspiratorischem_Gasfluss,Observation,1,identical,2025.0.0|2025.0.1|2025.0.2|2025.0.3|2025.0.4,5,True,
de.medizininformatikinitiative.kerndatensatz.icu,icu,https://www.medizininformatik-initiative.de/fhir/ext/modul-icu/StructureDefinition/atemwegsdruck-bei-mittlerem-expiratorischem-gasfluss,SD_MII_ICU_Atemwegsdruck_Bei_Mittlerem_Expiratorischem_Gasfluss,Observation,1,sole-version,1.0.0,1,True,
de.medizininformatikinitiative.kerndatensatz.icu,icu,https://www.medizininformatik-initiative.de/fhir/ext/modul-icu/StructureDefinition/atemwegsdruck-bei-null-expiratorischem-gasfluss,SD_MII_ICU_Atemwegsdruck_Bei_Null_Expiratorischem_Gasfluss,Observation,1,sole-version,1.0.0,1,True,
de.medizininformatikinitiative.kerndatensatz.icu,icu,https://www.medizininformatik-initiative.de/fhir/ext/modul-icu/StructureDefinition/atemwegsdruck-bei-null-exspiratorischem-gasfluss,SD_MII_ICU_Atemwegsdruck_Bei_Null_Exspiratorischem_Gasfluss,Observation,1,identical,2025.0.0|2025.0.1|2025.0.2|2025.0.3|2025.0.4,5,True,
de.medizininformatikinitiative.kerndatensatz.icu,icu,https://www.medizininformatik-initiative.de/fhir/ext/modul-icu/StructureDefinition/atemzugvolumen-einstellung,SD_MII_ICU_Atemzugvolumen_Einstellung,Observation,1,identical,1.0.0,1,False,
de.medizininformatikinitiative.kerndatensatz.icu,icu,https://www.medizininformatik-initiative.de/fhir/ext/modul-icu/StructureDefinition/atemzugvolumen-einstellung,SD_MII_ICU_Atemzugvolumen_Einstellung,Observation,2,identical,2025.0.0|2025.0.1|2025.0.2|2025.0.3|2025.0.4,5,True,True
de.medizininformatikinitiative.kerndatensatz.icu,icu,https://www.medizininformatik-initiative.de/fhir/ext/modul-icu/StructureDefinition/atemzugvolumen-waehrend-beatmung,SD_MII_ICU_Atemzugvolumen_Waehrend_Beatmung,Observation,1,identical,1.0.0,1,False,
de.medizininformatikinitiative.kerndatensatz.icu,icu,https://www.medizininformatik-initiative.de/fhir/ext/modul-icu/StructureDefinition/atemzugvolumen-waehrend-beatmung,SD_MII_ICU_Atemzugvolumen_Waehrend_Beatmung,Observation,2,identical,2025.0.0|2025.0.1|2025.0.2|2025.0.3|2025.0.4,5,True,True
de.medizininformatikinitiative.kerndatensatz.icu,icu,https://www.medizininformatik-initiative.de/fhir/ext/modul-icu/StructureDefinition/beatmung,SD_MII_ICU_Beatmung,Procedure,1,identical,1.0.0,1,False,
de.medizininformatikinitiative.kerndatensatz.icu,icu,https://www.medizininformatik-initiative.de/fhir/ext/modul-icu/StructureDefinition/beatmung,SD_MII_ICU_Beatmung,Procedure,2,canonical-only,2025.0.0|2025.0.1|2025.0.2|2025.0.3|2025.0.4,5,True,True
de.medizininformatikinitiative.kerndatensatz.icu,icu,https://www.medizininformatik-initiative.de/fhir/ext/modul-icu/StructureDefinition/beatmungsvolumen-pro-minute-maschineller,SD_MII_ICU_Beatmungsvolumen_Pro_Minute_Maschineller,Observation,1,identical,2025.0.0|2025.0.1|2025.0.2|2025.0.3|2025.0.4,5,True,
de.medizininformatikinitiative.kerndatensatz.icu,icu,https://www.medizininformatik-initiative.de/fhir/ext/modul-icu/StructureDefinition/beatmungsvolumen-pro-minute-maschineller-beatmung,SD_MII_ICU_Beatmungsvolumen_Pro_Minute_Maschineller_Beatmung,Observation,1,sole-version,1.0.0,1,True,
de.medizininformatikinitiative.kerndatensatz.icu,icu,https://www.medizininformatik-initiative.de/fhir/ext/modul-icu/StructureDefinition/beatmungszeit-hohem-druck,SD_MII_ICU_Beatmungszeit_Hohem_Druck,Observation,1,identical,1.0.0,1,False,
de.medizininformatikinitiative.kerndatensatz.icu,icu,https://www.medizininformatik-initiative.de/fhir/ext/modul-icu/StructureDefinition/beatmungszeit-hohem-druck,SD_MII_ICU_Beatmungszeit_Hohem_Druck,Observation,2,identical,2025.0.0|2025.0.1|2025.0.2|2025.0.3|2025.0.4,5,True,True
de.medizininformatikinitiative.kerndatensatz.icu,icu,https://www.medizininformatik-initiative.de/fhir/ext/modul-icu/StructureDefinition/beatmungszeit-niedrigem-druck,SD_MII_ICU_Beatmungszeit_Niedrigem_Druck,Observation,1,identical,1.0.0,1,False,
de.medizininformatikinitiative.kerndatensatz.icu,icu,https://www.medizininformatik-initiative.de/fhir/ext/modul-icu/StructureDefinition/beatmungszeit-niedrigem-druck,SD_MII_ICU_Beatmungszeit_Niedrigem_Druck,Observation,2,identical,2025.0.0|2025.0.1|2025.0.2|2025.0.3|2025.0.4,5,True,True
de.medizininformatikinitiative.kerndatensatz.icu,icu,https://www.medizininformatik-initiative.de/fhir/ext/modul-icu/StructureDefinition/bilanz,SD_MII_ICU_Bilanz,Observation,1,canonical-only,2025.0.0|2025.0.1|2025.0.2|2025.0.3,4,False,
de.medizininformatikinitiative.kerndatensatz.icu,icu,https://www.medizininformatik-initiative.de/fhir/ext/modul-icu/StructureDefinition/bilanz,SD_MII_ICU_Bilanz,Observation,2,identical,2025.0.4,1,True,True
de.medizininformatikinitiative.kerndatensatz.icu,icu,https://www.medizininformatik-initiative.de/fhir/ext/modul-icu/StructureDefinition/bilanz-abnahme-haemofiltration-einzelmesswerte,SD_MII_ICU_Bilanz_Abnahme_Haemofiltration_Einzelmesswerte,Observation,1,canonical-only,2025.0.0|2025.0.1|2025.0.2|2025.0.3|2025.0.4,5,True,
de.medizininformatikinitiative.kerndatensatz.icu,icu,https://www.medizininformatik-initiative.de/fhir/ext/modul-icu/StructureDefinition/bilanz-ausfuhr-drainage-generisch,SD_MII_ICU_Bilanz_Ausfuhr_Drainage_Generisch,Observation,1,canonical-only,2025.0.0|2025.0.1|2025.0.2|2025.0.3|2025.0.4,5,True,
de.medizininformatikinitiative.kerndatensatz.icu,icu,https://www.medizininformatik-initiative.de/fhir/ext/modul-icu/StructureDefinition/bilanz-ausfuhr-drainage-op,SD_MII_ICU_Bilanz_Ausfuhr_Drainage_OP,Observation,1,canonical-only,2025.0.0|2025.0.1|2025.0.2|2025.0.3|2025.0.4,5,True,
de.medizininformatikinitiative.kerndatensatz.icu,icu,https://www.medizininformatik-initiative.de/fhir/ext/modul-icu/StructureDefinition/bilanz-ausfuhr-drainage-wund,SD_MII_ICU_Bilanz_Ausfuhr_Drainage_Wund,Observation,1,canonical-only,2025.0.0|2025.0.1|2025.0.2|2025.0.3|2025.0.4,5,True,
de.medizininformatikinitiative.kerndatensatz.icu,icu,https://www.medizininformatik-initiative.de/fhir/ext/modul-icu/StructureDefinition/bilanz-ausfuhr-fluessigkeit-gesamt,SD_MII_ICU_Bilanz_Ausfuhr_Fluessigkeit_Gesamt,Observation,1,canonical-only,2025.0.0|2025.0.1|2025.0.2|2025.0.3|2025.0.4,5,True,
de.medizininformatikinitiative.kerndatensatz.icu,icu,https://www.medizininformatik-initiative.de/fhir/ext/modul-icu/StructureDefinition/bilanz-ausfuhr-gallenfluessigkeit,SD_MII_ICU_Bilanz_Ausfuhr_Gallenfluessigkeit,Observation,1,canonical-only,2025.0.0|2025.0.1|2025.0.2|2025.0.3|2025.0.4,5,True,
de.medizininformatikinitiative.kerndatensatz.icu,icu,https://www.medizininformatik-initiative.de/fhir/ext/modul-icu/StructureDefinition/bilanz-ausfuhr-gallengang,SD_MII_ICU_Bilanz_Ausfuhr_Gallengang,Observation,1,canonical-only,2025.0.0|2025.0.1|2025.0.2|2025.0.3|2025.0.4,5,True,
de.medizininformatikinitiative.kerndatensatz.icu,icu,https://www.medizininformatik-initiative.de/fhir/ext/modul-icu/StructureDefinition/bilanz-ausfuhr-magensonde,SD_MII_ICU_Bilanz_Ausfuhr_Magensonde,Observation,1,canonical-only,2025.0.0|2025.0.1|2025.0.2|2025.0.3|2025.0.4,5,True,
de.medizininformatikinitiative.kerndatensatz.icu,icu,https://www.medizininformatik-initiative.de/fhir/ext/modul-icu/StructureDefinition/bilanz-ausfuhr-opdrainage,SD_MII_ICU_Bilanz_Ausfuhr_Opdrainage,Observation,1,canonical-only,2025.0.0|2025.0.1|2025.0.2|2025.0.3|2025.0.4,5,True,
de.medizininformatikinitiative.kerndatensatz.icu,icu,https://www.medizininformatik-initiative.de/fhir/ext/modul-icu/StructureDefinition/bilanz-ausfuhr-pankreasdrainage,SD_MII_ICU_Bilanz_Ausfuhr_Pankreasdrainage,Observation,1,canonical-only,2025.0.0|2025.0.1|2025.0.2|2025.0.3|2025.0.4,5,True,
de.medizininformatikinitiative.kerndatensatz.icu,icu,https://www.medizininformatik-initiative.de/fhir/ext/modul-icu/StructureDefinition/bilanz-ausfuhr-stuhlgang,SD_MII_ICU_Bilanz_Ausfuhr_Stuhlgang,Observation,1,canonical-only,2025.0.0|2025.0.1|2025.0.2|2025.0.3|2025.0.4,5,True,
de.medizininformatikinitiative.kerndatensatz.icu,icu,https://www.medizininformatik-initiative.de/fhir/ext/modul-icu/StructureDefinition/bilanz-ausfuhr-urin,SD_MII_ICU_Bilanz_Ausfuhr_Urin,Observation,1,canonical-only,2025.0.0|2025.0.1|2025.0.2|2025.0.3|2025.0.4,5,True,
de.medizininformatikinitiative.kerndatensatz.icu,icu,https://www.medizininformatik-initiative.de/fhir/ext/modul-icu/StructureDefinition/bilanz-ausfuhr-wunddrainage,SD_MII_ICU_Bilanz_Ausfuhr_Wunddrainage,Observation,1,canonical-only,2025.0.0|2025.0.1|2025.0.2|2025.0.3|2025.0.4,5,True,
de.medizininformatikinitiative.kerndatensatz.icu,icu,https://www.medizininformatik-initiative.de/fhir/ext/modul-icu/StructureDefinition/bilanz-blutverlust,SD_MII_ICU_Bilanz_Blutverlust,Observation,1,canonical-only,2025.0.0|2025.0.1|2025.0.2|2025.0.3|2025.0.4,5,True,
de.medizininformatikinitiative.kerndatensatz.icu,icu,https://www.medizininformatik-initiative.de/fhir/ext/modul-icu/StructureDefinition/bilanz-einfuhr-enterale-fluesse,SD_MII_ICU_Bilanz_Einfuhr_Enterale_Fluesse,Observation,1,canonical-only,2025.0.0|2025.0.1|2025.0.2|2025.0.3|2025.0.4,5,True,
de.medizininformatikinitiative.kerndatensatz.icu,icu,https://www.medizininformatik-initiative.de/fhir/ext/modul-icu/StructureDefinition/bilanz-einfuhr-enterale-fluessigkeit,SD_MII_ICU_Bilanz_Einfuhr_Enterale_Fluessigkeit,Observation,1,canonical-only,2025.0.0|2025.0.1|2025.0.2|2025.0.3|2025.0.4,5,True,
de.medizininformatikinitiative.kerndatensatz.icu,icu,https://www.medizininformatik-initiative.de/fhir/ext/modul-icu/StructureDefinition/bilanz-einfuhr-fluessigkeit-gesamt,SD_MII_ICU_Bilanz_Einfuhr_Fluessigkeit_Gesamt,Observation,1,canonical-only,2025.0.0|2025.0.1|2025.0.2|2025.0.3|2025.0.4,5,True,
de.medizininformatikinitiative.kerndatensatz.icu,icu,https://www.medizininformatik-initiative.de/fhir/ext/modul-icu/StructureDefinition/bilanz-einfuhr-oraler-fluesse,SD_MII_ICU_Bilanz_Einfuhr_Oraler_Fluesse,Observation,1,canonical-only,2025.0.0|2025.0.1|2025.0.2|2025.0.3|2025.0.4,5,True,
de.medizininformatikinitiative.kerndatensatz.icu,icu,https://www.medizininformatik-initiative.de/fhir/ext/modul-icu/StructureDefinition/bilanz-einfuhr-oraler-fluessigkeit,SD_MII_ICU_Bilanz_Einfuhr_Oraler_Fluessigkeit,Observation,1,canonical-only,2025.0.0|2025.0.1|2025.0.2|2025.0.3|2025.0.4,5,True,
de.medizininformatikinitiative.kerndatensatz.icu,icu,https://www.medizininformatik-initiative.de/fhir/ext/modul-icu/StructureDefinition/bilanz-gesamte-ausfuhr,SD_MII_ICU_Bilanz_Gesamte_Ausfuhr,Observation,1,canonical-only,2025.0.0|2025.0.1|2025.0.2|2025.0.3|2025.0.4,5,True,
de.medizininformatikinitiative.kerndatensatz.icu,icu,https://www.medizininformatik-initiative.de/fhir/ext/modul-icu/StructureDefinition/bilanz-gesamte-einfuhr,SD_MII_ICU_Bilanz_Gesamte_Einfuhr,Observation,1,canonical-only,2025.0.0|2025.0.1|2025.0.2|2025.0.3|2025.0.4,5,True,
de.medizininformatikinitiative.kerndatensatz.icu,icu,https://www.medizininformatik-initiative.de/fhir/ext/modul-icu/StructureDefinition/bilanz-gesamte-tages-bilanz,SD_MII_ICU_Bilanz_Gesamte_Tages_Bilanz,Observation,1,canonical-only,2025.0.0|2025.0.1|2025.0.2|2025.0.3|2025.0.4,5,True,
de.medizininformatikinitiative.kerndatensatz.icu,icu,https://www.medizininformatik-initiative.de/fhir/ext/modul-icu/StructureDefinition/bilanzen-generisch,SD_MII_ICU_Bilanzen_Generisch,Observation,1,sole-version,1.0.0,1,True,
de.medizininformatikinitiative.kerndatensatz.icu,icu,https://www.medizininformatik-initiative.de/fhir/ext/modul-icu/StructureDefinition/blutdruck,SD_MII_ICU_Blutdruck,Observation,1,sole-version,1.0.0,1,True,
de.medizininformatikinitiative.kerndatensatz.icu,icu,https://www.medizininformatik-initiative.de/fhir/ext/modul-icu/StructureDefinition/blutdruck-generisch,SD_MII_ICU_Blutdruck_Generisch,Observation,1,sole-version,1.0.0,1,True,
de.medizininformatikinitiative.kerndatensatz.icu,icu,https://www.medizininformatik-initiative.de/fhir/ext/modul-icu/StructureDefinition/blutfluss-cardiovasculaeres-geraet,SD_MII_ICU_Blutfluss_Cardiovasculaeres_Geraet,Observation,1,identical,1.0.0,1,False,
de.medizininformatikinitiative.kerndatensatz.icu,icu,https://www.medizininformatik-initiative.de/fhir/ext/modul-icu/StructureDefinition/blutfluss-cardiovasculaeres-geraet,SD_MII_ICU_Blutfluss_Cardiovasculaeres_Geraet,Observation,2,identical,2025.0.0|2025.0.1|2025.0.2|2025.0.3|2025.0.4,5,True,True
de.medizininformatikinitiative.kerndatensatz.icu,icu,https://www.medizininformatik-initiative.de/fhir/ext/modul-icu/StructureDefinition/blutfluss-extrakorporaler-gasaustausch,SD_MII_ICU_Blutfluss_Extrakorporaler_Gasaustausch,Observation,1,identical,1.0.0,1,False,
de.medizininformatikinitiative.kerndatensatz.icu,icu,https://www.medizininformatik-initiative.de/fhir/ext/modul-icu/StructureDefinition/blutfluss-extrakorporaler-gasaustausch,SD_MII_ICU_Blutfluss_Extrakorporaler_Gasaustausch,Observation,2,identical,2025.0.0|2025.0.1|2025.0.2|2025.0.3|2025.0.4,5,True,True
de.medizininformatikinitiative.kerndatensatz.icu,icu,https://www.medizininformatik-initiative.de/fhir/ext/modul-icu/StructureDefinition/blutflussindex-extrakorporaler-gasaustausch,SD_MII_ICU_Blutflussindex_Extrakorporaler_Gasaustausch,Observation,1,identical,1.0.0,1,False,
de.medizininformatikinitiative.kerndatensatz.icu,icu,https://www.medizininformatik-initiative.de/fhir/ext/modul-icu/StructureDefinition/blutflussindex-extrakorporaler-gasaustausch,SD_MII_ICU_Blutflussindex_Extrakorporaler_Gasaustausch,Observation,2,identical,2025.0.0|2025.0.1|2025.0.2|2025.0.3|2025.0.4,5,True,True
de.medizininformatikinitiative.kerndatensatz.icu,icu,https://www.medizininformatik-initiative.de/fhir/ext/modul-icu/StructureDefinition/dauer-extrakorporaler-gasaustausch,SD_MII_ICU_Dauer_Extrakorporaler_Gasaustausch,Observation,1,identical,1.0.0,1,False,
de.medizininformatikinitiative.kerndatensatz.icu,icu,https://www.medizininformatik-initiative.de/fhir/ext/modul-icu/StructureDefinition/dauer-extrakorporaler-gasaustausch,SD_MII_ICU_Dauer_Extrakorporaler_Gasaustausch,Observation,2,identical,2025.0.0|2025.0.1|2025.0.2|2025.0.3|2025.0.4,5,True,True
de.medizininformatikinitiative.kerndatensatz.icu,icu,https://www.medizininformatik-initiative.de/fhir/ext/modul-icu/StructureDefinition/dauer-haemodialysesitzung,SD_MII_ICU_Dauer_Haemodialysesitzung,Observation,1,identical,1.0.0,1,False,
de.medizininformatikinitiative.kerndatensatz.icu,icu,https://www.medizininformatik-initiative.de/fhir/ext/modul-icu/StructureDefinition/dauer-haemodialysesitzung,SD_MII_ICU_Dauer_Haemodialysesitzung,Observation,2,identical,2025.0.0|2025.0.1|2025.0.2|2025.0.3|2025.0.4,5,True,True
de.medizininformatikinitiative.kerndatensatz.icu,icu,https://www.medizininformatik-initiative.de/fhir/ext/modul-icu/StructureDefinition/devicemetric-eingestellte-gemessene-parameter-beatmung,SD_MII_ICU_Devicemetric_Eingestellte_Gemessene_Parameter_Beatmung,DeviceMetric,1,canonical-only,1.0.0|2025.0.0|2025.0.1|2025.0.2|2025.0.3|2025.0.4,6,True,
de.medizininformatikinitiative.kerndatensatz.icu,icu,https://www.medizininformatik-initiative.de/fhir/ext/modul-icu/StructureDefinition/devicemetric-eingestellte-gemessene-parameter-extrakorporale-verfahren,SD_MII_ICU_Devicemetric_Eingestellte_Gemessene_Parameter_Extrakorporale_Verfahren,DeviceMetric,1,canonical-only,1.0.0|2025.0.0|2025.0.1|2025.0.2|2025.0.3|2025.0.4,6,True,
de.medizininformatikinitiative.kerndatensatz.icu,icu,https://www.medizininformatik-initiative.de/fhir/ext/modul-icu/StructureDefinition/druckdifferenz-beatmung,SD_MII_ICU_Druckdifferenz_Beatmung,Observation,1,identical,1.0.0,1,False,
de.medizininformatikinitiative.kerndatensatz.icu,icu,https://www.medizininformatik-initiative.de/fhir/ext/modul-icu/StructureDefinition/druckdifferenz-beatmung,SD_MII_ICU_Druckdifferenz_Beatmung,Observation,2,identical,2025.0.0|2025.0.1|2025.0.2|2025.0.3|2025.0.4,5,True,True
de.medizininformatikinitiative.kerndatensatz.icu,icu,https://www.medizininformatik-initiative.de/fhir/ext/modul-icu/StructureDefinition/dynamische-kompliance,SD_MII_ICU_Dynamische_Kompliance,Observation,1,identical,1.0.0,1,False,
de.medizininformatikinitiative.kerndatensatz.icu,icu,https://www.medizininformatik-initiative.de/fhir/ext/modul-icu/StructureDefinition/dynamische-kompliance,SD_MII_ICU_Dynamische_Kompliance,Observation,2,identical,2025.0.0|2025.0.1|2025.0.2|2025.0.3|2025.0.4,5,True,True
de.medizininformatikinitiative.kerndatensatz.icu,icu,https://www.medizininformatik-initiative.de/fhir/ext/modul-icu/StructureDefinition/eingestellter-inspiratorischer-gasfluss,SD_MII_ICU_Eingestellter_Inspiratorischer_Gasfluss,Observation,1,identical,1.0.0,1,False,
de.medizininformatikinitiative.kerndatensatz.icu,icu,https://www.medizininformatik-initiative.de/fhir/ext/modul-icu/StructureDefinition/eingestellter-inspiratorischer-gasfluss,SD_MII_ICU_Eingestellter_Inspiratorischer_Gasfluss,Observation,2,identical,2025.0.0|2025.0.1|2025.0.2|2025.0.3|2025.0.4,5,True,True
de.medizininformatikinitiative.kerndatensatz.icu,icu,https://www.medizininformatik-initiative.de/fhir/ext/modul-icu/StructureDefinition/einstellung-ausatmungszeit-beatmung,SD_MII_ICU_Einstellung_Ausatmungszeit_Beatmung,Observation,1,identical,1.0.0,1,False,
de.medizininformatikinitiative.kerndatensatz.icu,icu,https://www.medizininformatik-initiative.de/fhir/ext/modul-icu/StructureDefinition/einstellung-ausatmungszeit-beatmung,SD_MII_ICU_Einstellung_Ausatmungszeit_Beatmung,Observation,2,identical,2025.0.0|2025.0.1|2025.0.2|2025.0.3|2025.0.4,5,True,True
de.medizininformatikinitiative.kerndatensatz.icu,icu,https://www.medizininformatik-initiative.de/fhir/ext/modul-icu/StructureDefinition/einstellung-einatmungszeit-beatmung,SD_MII_ICU_Einstellung_Einatmungszeit_Beatmung,Observation,1,identical,1.0.0,1,False,
de.medizininformatikinitiative.kerndatensatz.icu,icu,https://www.medizininformatik-initiative.de/fhir/ext/modul-icu/StructureDefinition/einstellung-einatmungszeit-beatmung,SD_MII_ICU_Einstellung_Einatmungszeit_Beatmung,Observation,2,identical,2025.0.0|2025.0.1|2025.0.2|2025.0.3|2025.0.4,5,True,True
de.medizininformatikinitiative.kerndatensatz.icu,icu,https://www.medizininformatik-initiative.de/fhir/ext/modul-icu/StructureDefinition/endexpiratorischer-kohlendioxidpartialdruck,SD_MII_ICU_Endexpiratorischer_Kohlendioxidpartialdruck,Observation,1,sole-version,1.0.0,1,True,
de.medizininformatikinitiative.kerndatensatz.icu,icu,https://www.medizininformatik-initiative.de/fhir/ext/modul-icu/StructureDefinition/endexspiratorischer-kohlendioxidpartialdruck,SD_MII_ICU_Endexspiratorischer_Kohlendioxidpartialdruck,Observation,1,identical,2025.0.0|2025.0.1|2025.0.2|2025.0.3|2025.0.4,5,True,
de.medizininformatikinitiative.kerndatensatz.icu,icu,https://www.medizininformatik-initiative.de/fhir/ext/modul-icu/StructureDefinition/exspiratorischer-gasfluss,SD_MII_ICU_Exspiratorischer_Gasfluss,Observation,1,identical,1.0.0,1,False,
de.medizininformatikinitiative.kerndatensatz.icu,icu,https://www.medizininformatik-initiative.de/fhir/ext/modul-icu/StructureDefinition/exspiratorischer-gasfluss,SD_MII_ICU_Exspiratorischer_Gasfluss,Observation,2,identical,2025.0.0|2025.0.1|2025.0.2|2025.0.3|2025.0.4,5,True,True
de.medizininformatikinitiative.kerndatensatz.icu,icu,https://www.medizininformatik-initiative.de/fhir/ext/modul-icu/StructureDefinition/exspiratorischer-sauerstoffpartialdruck,SD_MII_ICU_Exspiratorischer_Sauerstoffpartialdruck,Observation,1,identical,1.0.0,1,False,
de.medizininformatikinitiative.kerndatensatz.icu,icu,https://www.medizininformatik-initiative.de/fhir/ext/modul-icu/StructureDefinition/exspiratorischer-sauerstoffpartialdruck,SD_MII_ICU_Exspiratorischer_Sauerstoffpartialdruck,Observation,2,identical,2025.0.0|2025.0.1|2025.0.2|2025.0.3|2025.0.4,5,True,True
de.medizininformatikinitiative.kerndatensatz.icu,icu,https://www.medizininformatik-initiative.de/fhir/ext/modul-icu/StructureDefinition/extrakorporales-verfahren,SD_MII_ICU_Extrakorporales_Verfahren,Procedure,1,canonical-only,1.0.0|2025.0.0|2025.0.1|2025.0.2|2025.0.3|2025.0.4,6,True,
de.medizininformatikinitiative.kerndatensatz.icu,icu,https://www.medizininformatik-initiative.de/fhir/ext/modul-icu/StructureDefinition/gasfluss,SD_MII_ICU_Gasfluss,Observation,1,identical,2025.0.0|2025.0.1|2025.0.2|2025.0.3|2025.0.4,5,True,
de.medizininformatikinitiative.kerndatensatz.icu,icu,https://www.medizininformatik-initiative.de/fhir/ext/modul-icu/StructureDefinition/haemodialyse-blutfluss,SD_MII_ICU_Haemodialyse_Blutfluss,Observation,1,identical,1.0.0,1,False,
de.medizininformatikinitiative.kerndatensatz.icu,icu,https://www.medizininformatik-initiative.de/fhir/ext/modul-icu/StructureDefinition/haemodialyse-blutfluss,SD_MII_ICU_Haemodialyse_Blutfluss,Observation,2,identical,2025.0.0|2025.0.1|2025.0.2|2025.0.3|2025.0.4,5,True,True
de.medizininformatikinitiative.kerndatensatz.icu,icu,https://www.medizininformatik-initiative.de/fhir/ext/modul-icu/StructureDefinition/herzfrequenz,SD_MII_ICU_Herzfrequenz,Observation,1,identical,1.0.0,1,False,
de.medizininformatikinitiative.kerndatensatz.icu,icu,https://www.medizininformatik-initiative.de/fhir/ext/modul-icu/StructureDefinition/herzfrequenz,SD_MII_ICU_Herzfrequenz,Observation,2,canonical-only,2025.0.0|2025.0.1|2025.0.2|2025.0.3|2025.0.4,5,True,True
de.medizininformatikinitiative.kerndatensatz.icu,icu,https://www.medizininformatik-initiative.de/fhir/ext/modul-icu/StructureDefinition/herzzeitvolumen,SD_MII_ICU_Herzzeitvolumen,Observation,1,sole-version,1.0.0,1,True,
de.medizininformatikinitiative.kerndatensatz.icu,icu,https://www.medizininformatik-initiative.de/fhir/ext/modul-icu/StructureDefinition/horowitz-in-arteriellem-blut,SD_MII_ICU_Horowitz_In_Arteriellem_Blut,Observation,1,identical,1.0.0,1,False,
de.medizininformatikinitiative.kerndatensatz.icu,icu,https://www.medizininformatik-initiative.de/fhir/ext/modul-icu/StructureDefinition/horowitz-in-arteriellem-blut,SD_MII_ICU_Horowitz_In_Arteriellem_Blut,Observation,2,identical,2025.0.0|2025.0.1|2025.0.2|2025.0.3|2025.0.4,5,True,True
de.medizininformatikinitiative.kerndatensatz.icu,icu,https://www.medizininformatik-initiative.de/fhir/ext/modul-icu/StructureDefinition/icu-device,SD_MII_ICU_Icu_Device,Device,1,identical,1.0.0|2025.0.0|2025.0.1|2025.0.2|2025.0.3|2025.0.4,6,True,
de.medizininformatikinitiative.kerndatensatz.icu,icu,https://www.medizininformatik-initiative.de/fhir/ext/modul-icu/StructureDefinition/ideales-koerpergewicht,SD_MII_ICU_Ideales_Koerpergewicht,Observation,1,sole-version,1.0.0,1,True,
de.medizininformatikinitiative.kerndatensatz.icu,icu,https://www.medizininformatik-initiative.de/fhir/ext/modul-icu/StructureDefinition/inspiratorische-sauerstofffraktion,SD_MII_ICU_Inspiratorische_Sauerstofffraktion,Observation,1,identical,1.0.0,1,False,
de.medizininformatikinitiative.kerndatensatz.icu,icu,https://www.medizininformatik-initiative.de/fhir/ext/modul-icu/StructureDefinition/inspiratorische-sauerstofffraktion,SD_MII_ICU_Inspiratorische_Sauerstofffraktion,Observation,2,identical,2025.0.0|2025.0.1|2025.0.2|2025.0.3|2025.0.4,5,True,True
de.medizininformatikinitiative.kerndatensatz.icu,icu,https://www.medizininformatik-initiative.de/fhir/ext/modul-icu/StructureDefinition/inspiratorische-sauerstofffraktion-eingestellt,SD_MII_ICU_Inspiratorische_Sauerstofffraktion_Eingestellt,Observation,1,identical,1.0.0,1,False,
de.medizininformatikinitiative.kerndatensatz.icu,icu,https://www.medizininformatik-initiative.de/fhir/ext/modul-icu/StructureDefinition/inspiratorische-sauerstofffraktion-eingestellt,SD_MII_ICU_Inspiratorische_Sauerstofffraktion_Eingestellt,Observation,2,identical,2025.0.0|2025.0.1|2025.0.2|2025.0.3|2025.0.4,5,True,True
de.medizininformatikinitiative.kerndatensatz.icu,icu,https://www.medizininformatik-initiative.de/fhir/ext/modul-icu/StructureDefinition/inspiratorische-sauerstofffraktion-gemessen,SD_MII_ICU_Inspiratorische_Sauerstofffraktion_Gemessen,Observation,1,identical,2025.0.0|2025.0.1|2025.0.2|2025.0.3|2025.0.4,5,True,
de.medizininformatikinitiative.kerndatensatz.icu,icu,https://www.medizininformatik-initiative.de/fhir/ext/modul-icu/StructureDefinition/inspiratorischer-gasfluss,SD_MII_ICU_Inspiratorischer_Gasfluss,Observation,1,identical,1.0.0,1,False,
de.medizininformatikinitiative.kerndatensatz.icu,icu,https://www.medizininformatik-initiative.de/fhir/ext/modul-icu/StructureDefinition/inspiratorischer-gasfluss,SD_MII_ICU_Inspiratorischer_Gasfluss,Observation,2,identical,2025.0.0|2025.0.1|2025.0.2|2025.0.3|2025.0.4,5,True,True
de.medizininformatikinitiative.kerndatensatz.icu,icu,https://www.medizininformatik-initiative.de/fhir/ext/modul-icu/StructureDefinition/intrakranieller-druck-icp,SD_MII_ICU_Intrakranieller_Druck_Icp,Observation,1,sole-version,1.0.0,1,True,
de.medizininformatikinitiative.kerndatensatz.icu,icu,https://www.medizininformatik-initiative.de/fhir/ext/modul-icu/StructureDefinition/ionisiertes-kalzium-nierenersatzverfahren,SD_MII_ICU_Ionisiertes_Kalzium_Nierenersatzverfahren,Observation,1,identical,1.0.0,1,False,
de.medizininformatikinitiative.kerndatensatz.icu,icu,https://www.medizininformatik-initiative.de/fhir/ext/modul-icu/StructureDefinition/ionisiertes-kalzium-nierenersatzverfahren,SD_MII_ICU_Ionisiertes_Kalzium_Nierenersatzverfahren,Observation,2,identical,2025.0.0|2025.0.1|2025.0.2|2025.0.3|2025.0.4,5,True,True
de.medizininformatikinitiative.kerndatensatz.icu,icu,https://www.medizininformatik-initiative.de/fhir/ext/modul-icu/StructureDefinition/koerpergewicht,SD_MII_ICU_Koerpergewicht,Observation,1,identical,1.0.0,1,False,
de.medizininformatikinitiative.kerndatensatz.icu,icu,https://www.medizininformatik-initiative.de/fhir/ext/modul-icu/StructureDefinition/koerpergewicht,SD_MII_ICU_Koerpergewicht,Observation,2,identical,2025.0.0|2025.0.1|2025.0.2|2025.0.3|2025.0.4,5,True,True
de.medizininformatikinitiative.kerndatensatz.icu,icu,https://www.medizininformatik-initiative.de/fhir/ext/modul-icu/StructureDefinition/koerpergewicht-percentil-altersabhaengig,SD_MII_ICU_Koerpergewicht_Percentil_Altersabhaengig,Observation,1,sole-version,1.0.0,1,True,
de.medizininformatikinitiative.kerndatensatz.icu,icu,https://www.medizininformatik-initiative.de/fhir/ext/modul-icu/StructureDefinition/koerpergroesse,SD_MII_ICU_Koerpergroesse,Observation,1,identical,1.0.0,1,False,
de.medizininformatikinitiative.kerndatensatz.icu,icu,https://www.medizininformatik-initiative.de/fhir/ext/modul-icu/StructureDefinition/koerpergroesse,SD_MII_ICU_Koerpergroesse,Observation,2,identical,2025.0.0|2025.0.1|2025.0.2|2025.0.3|2025.0.4,5,True,True
de.medizininformatikinitiative.kerndatensatz.icu,icu,https://www.medizininformatik-initiative.de/fhir/ext/modul-icu/StructureDefinition/koerpergroesse-percentil,SD_MII_ICU_Koerpergroesse_Percentil,Observation,1,sole-version,1.0.0,1,True,
de.medizininformatikinitiative.kerndatensatz.icu,icu,https://www.medizininformatik-initiative.de/fhir/ext/modul-icu/StructureDefinition/koerpertemperatur-achsel,SD_MII_ICU_Koerpertemperatur_Achsel,Observation,1,sole-version,1.0.0,1,True,
de.medizininformatikinitiative.kerndatensatz.icu,icu,https://www.medizininformatik-initiative.de/fhir/ext/modul-icu/StructureDefinition/koerpertemperatur-atemwege,SD_MII_ICU_Koerpertemperatur_Atemwege,Observation,1,sole-version,1.0.0,1,True,
de.medizininformatikinitiative.kerndatensatz.icu,icu,https://www.medizininformatik-initiative.de/fhir/ext/modul-icu/StructureDefinition/koerpertemperatur-blut,SD_MII_ICU_Koerpertemperatur_Blut,Observation,1,sole-version,1.0.0,1,True,
de.medizininformatikinitiative.kerndatensatz.icu,icu,https://www.medizininformatik-initiative.de/fhir/ext/modul-icu/StructureDefinition/koerpertemperatur-brust,SD_MII_ICU_Koerpertemperatur_Brust,Observation,1,sole-version,1.0.0,1,True,
de.medizininformatikinitiative.kerndatensatz.icu,icu,https://www.medizininformatik-initiative.de/fhir/ext/modul-icu/StructureDefinition/koerpertemperatur-brustwirbelsaeule,SD_MII_ICU_Koerpertemperatur_Brustwirbelsaeule,Observation,1,sole-version,1.0.0,1,True,
de.medizininformatikinitiative.kerndatensatz.icu,icu,https://www.medizininformatik-initiative.de/fhir/ext/modul-icu/StructureDefinition/koerpertemperatur-gelenk,SD_MII_ICU_Koerpertemperatur_Gelenk,Observation,1,sole-version,1.0.0,1,True,
de.medizininformatikinitiative.kerndatensatz.icu,icu,https://www.medizininformatik-initiative.de/fhir/ext/modul-icu/StructureDefinition/koerpertemperatur-generisch,SD_MII_ICU_Koerpertemperatur_Generisch,Observation,1,sole-version,1.0.0,1,True,
de.medizininformatikinitiative.kerndatensatz.icu,icu,https://www.medizininformatik-initiative.de/fhir/ext/modul-icu/StructureDefinition/koerpertemperatur-halswirbelsaeule,SD_MII_ICU_Koerpertemperatur_Halswirbelsaeule,Observation,1,sole-version,1.0.0,1,True,
de.medizininformatikinitiative.kerndatensatz.icu,icu,https://www.medizininformatik-initiative.de/fhir/ext/modul-icu/StructureDefinition/koerpertemperatur-harnblase,SD_MII_ICU_Koerpertemperatur_Harnblase,Observation,1,sole-version,1.0.0,1,True,
de.medizininformatikinitiative.kerndatensatz.icu,icu,https://www.medizininformatik-initiative.de/fhir/ext/modul-icu/StructureDefinition/koerpertemperatur-kern,SD_MII_ICU_Koerpertemperatur_Kern,Observation,1,sole-version,1.0.0,1,True,
de.medizininformatikinitiative.kerndatensatz.icu,icu,https://www.medizininformatik-initiative.de/fhir/ext/modul-icu/StructureDefinition/koerpertemperatur-leiste,SD_MII_ICU_Koerpertemperatur_Leiste,Observation,1,sole-version,1.0.0,1,True,
de.medizininformatikinitiative.kerndatensatz.icu,icu,https://www.medizininformatik-initiative.de/fhir/ext/modul-icu/StructureDefinition/koerpertemperatur-lendenwirbelsaeule,SD_MII_ICU_Koerpertemperatur_Lendenwirbelsaeule,Observation,1,sole-version,1.0.0,1,True,
de.medizininformatikinitiative.kerndatensatz.icu,icu,https://www.medizininformatik-initiative.de/fhir/ext/modul-icu/StructureDefinition/koerpertemperatur-myokard,SD_MII_ICU_Koerpertemperatur_Myokard,Observation,1,sole-version,1.0.0,1,True,
de.medizininformatikinitiative.kerndatensatz.icu,icu,https://www.medizininformatik-initiative.de/fhir/ext/modul-icu/StructureDefinition/koerpertemperatur-nasal,SD_MII_ICU_Koerpertemperatur_Nasal,Observation,1,sole-version,1.0.0,1,True,
de.medizininformatikinitiative.kerndatensatz.icu,icu,https://www.medizininformatik-initiative.de/fhir/ext/modul-icu/StructureDefinition/koerpertemperatur-nasen-rachen-raum,SD_MII_ICU_Koerpertemperatur_Nasen_Rachen_Raum,Observation,1,sole-version,1.0.0,1,True,
de.medizininformatikinitiative.kerndatensatz.icu,icu,https://www.medizininformatik-initiative.de/fhir/ext/modul-icu/StructureDefinition/koerpertemperatur-rektal,SD_MII_ICU_Koerpertemperatur_Rektal,Observation,1,sole-version,1.0.0,1,True,
de.medizininformatikinitiative.kerndatensatz.icu,icu,https://www.medizininformatik-initiative.de/fhir/ext/modul-icu/StructureDefinition/koerpertemperatur-speiseroehre,SD_MII_ICU_Koerpertemperatur_Speiseroehre,Observation,1,sole-version,1.0.0,1,True,
de.medizininformatikinitiative.kerndatensatz.icu,icu,https://www.medizininformatik-initiative.de/fhir/ext/modul-icu/StructureDefinition/koerpertemperatur-stirn,SD_MII_ICU_Koerpertemperatur_Stirn,Observation,1,sole-version,1.0.0,1,True,
de.medizininformatikinitiative.kerndatensatz.icu,icu,https://www.medizininformatik-initiative.de/fhir/ext/modul-icu/StructureDefinition/koerpertemperatur-trommelfell,SD_MII_ICU_Koerpertemperatur_Trommelfell,Observation,1,sole-version,1.0.0,1,True,
de.medizininformatikinitiative.kerndatensatz.icu,icu,https://www.medizininformatik-initiative.de/fhir/ext/modul-icu/StructureDefinition/koerpertemperatur-unter-der-zunge,SD_MII_ICU_Koerpertemperatur_Unter_Der_Zunge,Observation,1,sole-version,1.0.0,1,True,
de.medizininformatikinitiative.kerndatensatz.icu,icu,https://www.medizininformatik-initiative.de/fhir/ext/modul-icu/StructureDefinition/koerpertemperatur-vaginal,SD_MII_ICU_Koerpertemperatur_Vaginal,Observation,1,sole-version,1.0.0,1,True,
de.medizininformatikinitiative.kerndatensatz.icu,icu,https://www.medizininformatik-initiative.de/fhir/ext/modul-icu/StructureDefinition/kopfumfang,SD_MII_ICU_Kopfumfang,Observation,1,identical,1.0.0,1,False,
de.medizininformatikinitiative.kerndatensatz.icu,icu,https://www.medizininformatik-initiative.de/fhir/ext/modul-icu/StructureDefinition/kopfumfang,SD_MII_ICU_Kopfumfang,Observation,2,identical,2025.0.0|2025.0.1|2025.0.2|2025.0.3,4,False,True
de.medizininformatikinitiative.kerndatensatz.icu,icu,https://www.medizininformatik-initiative.de/fhir/ext/modul-icu/StructureDefinition/kopfumfang,SD_MII_ICU_Kopfumfang,Observation,3,identical,2025.0.4,1,True,True
de.medizininformatikinitiative.kerndatensatz.icu,icu,https://www.medizininformatik-initiative.de/fhir/ext/modul-icu/StructureDefinition/linksatrialer-druck,SD_MII_ICU_Linksatrialer_Druck,Observation,1,sole-version,1.0.0,1,True,
de.medizininformatikinitiative.kerndatensatz.icu,icu,https://www.medizininformatik-initiative.de/fhir/ext/modul-icu/StructureDefinition/linksventrikulaerer-druck,SD_MII_ICU_Linksventrikulaerer_Druck,Observation,1,sole-version,1.0.0,1,True,
de.medizininformatikinitiative.kerndatensatz.icu,icu,https://www.medizininformatik-initiative.de/fhir/ext/modul-icu/StructureDefinition/linksventrikulaerer-herzindex,SD_MII_ICU_Linksventrikulaerer_Herzindex,Observation,1,sole-version,1.0.0,1,True,
de.medizininformatikinitiative.kerndatensatz.icu,icu,https://www.medizininformatik-initiative.de/fhir/ext/modul-icu/StructureDefinition/linksventrikulaerer-herzindex-durch-indikatorverduennung,SD_MII_ICU_Linksventrikulaerer_Herzindex_Durch_Indikatorverduennung,Observation,1,sole-version,1.0.0,1,True,
de.medizininformatikinitiative.kerndatensatz.icu,icu,https://www.medizininformatik-initiative.de/fhir/ext/modul-icu/StructureDefinition/linksventrikulaerer-schlagvolumenindex-durch-indikatorverduennung,SD_MII_ICU_Linksventrikulaerer_Schlagvolumenindex_Durch_Indikatorverduennung,Observation,1,sole-version,1.0.0,1,True,
de.medizininformatikinitiative.kerndatensatz.icu,icu,https://www.medizininformatik-initiative.de/fhir/ext/modul-icu/StructureDefinition/linksventrikulaeres-herzzeitvolumen-durch-indikatorverduennung,SD_MII_ICU_Linksventrikulaeres_Herzzeitvolumen_Durch_Indikatorverduennung,Observation,1,sole-version,1.0.0,1,True,
de.medizininformatikinitiative.kerndatensatz.icu,icu,https://www.medizininformatik-initiative.de/fhir/ext/modul-icu/StructureDefinition/linksventrikulaeres-schlagvolumen,SD_MII_ICU_Linksventrikulaeres_Schlagvolumen,Observation,1,sole-version,1.0.0,1,True,
de.medizininformatikinitiative.kerndatensatz.icu,icu,https://www.medizininformatik-initiative.de/fhir/ext/modul-icu/StructureDefinition/linksventrikulaeres-schlagvolumen-durch-indikatorverduennung,SD_MII_ICU_Linksventrikulaeres_Schlagvolumen_Durch_Indikatorverduennung,Observation,1,sole-version,1.0.0,1,True,
de.medizininformatikinitiative.kerndatensatz.icu,icu,https://www.medizininformatik-initiative.de/fhir/ext/modul-icu/StructureDefinition/linksventrikulaeres-schlagvolumenindex,SD_MII_ICU_Linksventrikulaeres_Schlagvolumenindex,Observation,1,sole-version,1.0.0,1,True,
de.medizininformatikinitiative.kerndatensatz.icu,icu,https://www.medizininformatik-initiative.de/fhir/ext/modul-icu/StructureDefinition/maximaler-beatmungsdruck,SD_MII_ICU_Maximaler_Beatmungsdruck,Observation,1,identical,1.0.0,1,False,
de.medizininformatikinitiative.kerndatensatz.icu,icu,https://www.medizininformatik-initiative.de/fhir/ext/modul-icu/StructureDefinition/maximaler-beatmungsdruck,SD_MII_ICU_Maximaler_Beatmungsdruck,Observation,2,identical,2025.0.0|2025.0.1|2025.0.2|2025.0.3|2025.0.4,5,True,True
de.medizininformatikinitiative.kerndatensatz.icu,icu,https://www.medizininformatik-initiative.de/fhir/ext/modul-icu/StructureDefinition/mechanische-atemfrequenz-beatmet,SD_MII_ICU_Mechanische_Atemfrequenz_Beatmet,Observation,1,identical,1.0.0,1,False,
de.medizininformatikinitiative.kerndatensatz.icu,icu,https://www.medizininformatik-initiative.de/fhir/ext/modul-icu/StructureDefinition/mechanische-atemfrequenz-beatmet,SD_MII_ICU_Mechanische_Atemfrequenz_Beatmet,Observation,2,identical,2025.0.0|2025.0.1|2025.0.2|2025.0.3|2025.0.4,5,True,True
de.medizininformatikinitiative.kerndatensatz.icu,icu,https://www.medizininformatik-initiative.de/fhir/ext/modul-icu/StructureDefinition/mii-pr-icu-arterieller-blutdruck,MII_PR_ICU_Arterieller_Blutdruck,Observation,1,identical,2026.0.0|2026.0.1,2,True,
de.medizininformatikinitiative.kerndatensatz.icu,icu,https://www.medizininformatik-initiative.de/fhir/ext/modul-icu/StructureDefinition/mii-pr-icu-arterieller-druck,MII_PR_ICU_Arterieller_Druck,Observation,1,identical,2026.0.0|2026.0.1|2026.0.2,3,True,
de.medizininformatikinitiative.kerndatensatz.icu,icu,https://www.medizininformatik-initiative.de/fhir/ext/modul-icu/StructureDefinition/mii-pr-icu-assessment-pupillary-examination,MII_PR_ICU_Assessment_Pupillary_Examination,Observation,1,sole-version,2026.0.0,1,True,
de.medizininformatikinitiative.kerndatensatz.icu,icu,https://www.medizininformatik-initiative.de/fhir/ext/modul-icu/StructureDefinition/mii-pr-icu-atemfrequenz,MII_PR_ICU_Atemfrequenz,Observation,1,identical,2026.0.0|2026.0.1,2,True,
de.medizininformatikinitiative.kerndatensatz.icu,icu,https://www.medizininformatik-initiative.de/fhir/ext/modul-icu/StructureDefinition/mii-pr-icu-atemwegsdruck-bei-mittlerem-expiratorischem-gasfluss,MII_PR_ICU_Atemwegsdruck_Bei_Mittlerem_Expiratorischem_Gasfluss,Observation,1,identical,2026.0.0|2026.0.1|2026.0.2,3,True,
de.medizininformatikinitiative.kerndatensatz.icu,icu,https://www.medizininformatik-initiative.de/fhir/ext/modul-icu/StructureDefinition/mii-pr-icu-atemwegsdruck-bei-null-expiratorischem-gasfluss,MII_PR_ICU_Atemwegsdruck_Bei_Null_Expiratorischem_Gasfluss,Observation,1,identical,2026.0.0|2026.0.1|2026.0.2,3,True,
de.medizininformatikinitiative.kerndatensatz.icu,icu,https://www.medizininformatik-initiative.de/fhir/ext/modul-icu/StructureDefinition/mii-pr-icu-atemzugvolumen-einstellung,MII_PR_ICU_Atemzugvolumen_Einstellung,Observation,1,identical,2026.0.0|2026.0.1|2026.0.2,3,True,
de.medizininformatikinitiative.kerndatensatz.icu,icu,https://www.medizininformatik-initiative.de/fhir/ext/modul-icu/StructureDefinition/mii-pr-icu-atemzugvolumen-waehrend-beatmung,MII_PR_ICU_Atemzugvolumen_Waehrend_Beatmung,Observation,1,identical,2026.0.0|2026.0.1|2026.0.2,3,True,
de.medizininformatikinitiative.kerndatensatz.icu,icu,https://www.medizininformatik-initiative.de/fhir/ext/modul-icu/StructureDefinition/mii-pr-icu-beatmung,MII_PR_ICU_Beatmung,Procedure,1,identical,2026.0.0|2026.0.1|2026.0.2|2026.0.3,4,False,
de.medizininformatikinitiative.kerndatensatz.icu,icu,https://www.medizininformatik-initiative.de/fhir/ext/modul-icu/StructureDefinition/mii-pr-icu-beatmung,MII_PR_ICU_Beatmung,Procedure,2,identical,2027.0.0,1,False,False
de.medizininformatikinitiative.kerndatensatz.icu,icu,https://www.medizininformatik-initiative.de/fhir/ext/modul-icu/StructureDefinition/mii-pr-icu-beatmung,MII_PR_ICU_Beatmung,Procedure,3,identical,2027.0.0-ballot.3,1,True,False
de.medizininformatikinitiative.kerndatensatz.icu,icu,https://www.medizininformatik-initiative.de/fhir/ext/modul-icu/StructureDefinition/mii-pr-icu-beatmungsvolumen-pro-minute-maschineller-beatmung,MII_PR_ICU_Beatmungsvolumen_Pro_Minute_Maschineller_Beatmung,Observation,1,identical,2026.0.0|2026.0.1|2026.0.2,3,True,
de.medizininformatikinitiative.kerndatensatz.icu,icu,https://www.medizininformatik-initiative.de/fhir/ext/modul-icu/StructureDefinition/mii-pr-icu-beatmungszeit-hohem-druck,MII_PR_ICU_Beatmungszeit_Hohem_Druck,Observation,1,identical,2026.0.0|2026.0.1|2026.0.2,3,True,
de.medizininformatikinitiative.kerndatensatz.icu,icu,https://www.medizininformatik-initiative.de/fhir/ext/modul-icu/StructureDefinition/mii-pr-icu-beatmungszeit-niedrigem-druck,MII_PR_ICU_Beatmungszeit_Niedrigem_Druck,Observation,1,identical,2026.0.0|2026.0.1|2026.0.2,3,True,
de.medizininformatikinitiative.kerndatensatz.icu,icu,https://www.medizininformatik-initiative.de/fhir/ext/modul-icu/StructureDefinition/mii-pr-icu-bilanz,MII_PR_ICU_Bilanz,Observation,1,identical,2026.0.0|2026.0.1,2,False,
de.medizininformatikinitiative.kerndatensatz.icu,icu,https://www.medizininformatik-initiative.de/fhir/ext/modul-icu/StructureDefinition/mii-pr-icu-bilanz,MII_PR_ICU_Bilanz,Observation,2,canonical-only,2026.0.2|2026.0.3|2027.0.0,3,False,False
de.medizininformatikinitiative.kerndatensatz.icu,icu,https://www.medizininformatik-initiative.de/fhir/ext/modul-icu/StructureDefinition/mii-pr-icu-bilanz,MII_PR_ICU_Bilanz,Observation,3,identical,2027.0.0-ballot.3,1,True,False
de.medizininformatikinitiative.kerndatensatz.icu,icu,https://www.medizininformatik-initiative.de/fhir/ext/modul-icu/StructureDefinition/mii-pr-icu-bilanz-abnahme-haemofiltration-einzelmesswerte,MII_PR_ICU_Bilanz_Abnahme_Haemofiltration_Einzelmesswerte,Observation,1,identical,2026.0.0|2026.0.1,2,True,
de.medizininformatikinitiative.kerndatensatz.icu,icu,https://www.medizininformatik-initiative.de/fhir/ext/modul-icu/StructureDefinition/mii-pr-icu-bilanz-ausfuhr-blutverlust,MII_PR_ICU_Bilanz_Ausfuhr_Blutverlust,Observation,1,identical,2026.0.2|2026.0.3|2027.0.0,3,False,
de.medizininformatikinitiative.kerndatensatz.icu,icu,https://www.medizininformatik-initiative.de/fhir/ext/modul-icu/StructureDefinition/mii-pr-icu-bilanz-ausfuhr-blutverlust,MII_PR_ICU_Bilanz_Ausfuhr_Blutverlust,Observation,2,identical,2027.0.0-ballot.3,1,True,False
de.medizininformatikinitiative.kerndatensatz.icu,icu,https://www.medizininformatik-initiative.de/fhir/ext/modul-icu/StructureDefinition/mii-pr-icu-bilanz-ausfuhr-drainage-generisch,MII_PR_ICU_Bilanz_Ausfuhr_Drainage_Generisch,Observation,1,identical,2026.0.0|2026.0.1,2,False,
de.medizininformatikinitiative.kerndatensatz.icu,icu,https://www.medizininformatik-initiative.de/fhir/ext/modul-icu/StructureDefinition/mii-pr-icu-bilanz-ausfuhr-drainage-generisch,MII_PR_ICU_Bilanz_Ausfuhr_Drainage_Generisch,Observation,2,canonical-only,2026.0.2|2026.0.3|2027.0.0,3,False,True
de.medizininformatikinitiative.kerndatensatz.icu,icu,https://www.medizininformatik-initiative.de/fhir/ext/modul-icu/StructureDefinition/mii-pr-icu-bilanz-ausfuhr-drainage-generisch,MII_PR_ICU_Bilanz_Ausfuhr_Drainage_Generisch,Observation,3,identical,2027.0.0-ballot.3,1,True,False
de.medizininformatikinitiative.kerndatensatz.icu,icu,https://www.medizininformatik-initiative.de/fhir/ext/modul-icu/StructureDefinition/mii-pr-icu-bilanz-ausfuhr-drainage-op,MII_PR_ICU_Bilanz_Ausfuhr_Drainage_OP,Observation,1,identical,2026.0.0|2026.0.1,2,True,
de.medizininformatikinitiative.kerndatensatz.icu,icu,https://www.medizininformatik-initiative.de/fhir/ext/modul-icu/StructureDefinition/mii-pr-icu-bilanz-ausfuhr-drainage-wund,MII_PR_ICU_Bilanz_Ausfuhr_Drainage_Wund,Observation,1,identical,2026.0.0|2026.0.1,2,True,
de.medizininformatikinitiative.kerndatensatz.icu,icu,https://www.medizininformatik-initiative.de/fhir/ext/modul-icu/StructureDefinition/mii-pr-icu-bilanz-ausfuhr-fluessigkeit-gesamt,MII_PR_ICU_Bilanz_Ausfuhr_Fluessigkeit_Gesamt,Observation,1,identical,2026.0.0|2026.0.1,2,False,
de.medizininformatikinitiative.kerndatensatz.icu,icu,https://www.medizininformatik-initiative.de/fhir/ext/modul-icu/StructureDefinition/mii-pr-icu-bilanz-ausfuhr-fluessigkeit-gesamt,MII_PR_ICU_Bilanz_Ausfuhr_Fluessigkeit_Gesamt,Observation,2,identical,2026.0.2|2026.0.3|2027.0.0,3,False,True
de.medizininformatikinitiative.kerndatensatz.icu,icu,https://www.medizininformatik-initiative.de/fhir/ext/modul-icu/StructureDefinition/mii-pr-icu-bilanz-ausfuhr-fluessigkeit-gesamt,MII_PR_ICU_Bilanz_Ausfuhr_Fluessigkeit_Gesamt,Observation,3,identical,2027.0.0-ballot.3,1,True,False
de.medizininformatikinitiative.kerndatensatz.icu,icu,https://www.medizininformatik-initiative.de/fhir/ext/modul-icu/StructureDefinition/mii-pr-icu-bilanz-ausfuhr-gallenfluessigkeit,MII_PR_ICU_Bilanz_Ausfuhr_Gallenfluessigkeit,Observation,1,identical,2026.0.0|2026.0.1,2,False,
de.medizininformatikinitiative.kerndatensatz.icu,icu,https://www.medizininformatik-initiative.de/fhir/ext/modul-icu/StructureDefinition/mii-pr-icu-bilanz-ausfuhr-gallenfluessigkeit,MII_PR_ICU_Bilanz_Ausfuhr_Gallenfluessigkeit,Observation,2,identical,2026.0.2|2026.0.3|2027.0.0,3,False,True
de.medizininformatikinitiative.kerndatensatz.icu,icu,https://www.medizininformatik-initiative.de/fhir/ext/modul-icu/StructureDefinition/mii-pr-icu-bilanz-ausfuhr-gallenfluessigkeit,MII_PR_ICU_Bilanz_Ausfuhr_Gallenfluessigkeit,Observation,3,identical,2027.0.0-ballot.3,1,True,False
de.medizininformatikinitiative.kerndatensatz.icu,icu,https://www.medizininformatik-initiative.de/fhir/ext/modul-icu/StructureDefinition/mii-pr-icu-bilanz-ausfuhr-gallengang,MII_PR_ICU_Bilanz_Ausfuhr_Gallengang,Observation,1,identical,2026.0.0|2026.0.1,2,True,
de.medizininformatikinitiative.kerndatensatz.icu,icu,https://www.medizininformatik-initiative.de/fhir/ext/modul-icu/StructureDefinition/mii-pr-icu-bilanz-ausfuhr-haemofiltration-einzelmesswerte,MII_PR_ICU_Bilanz_Ausfuhr_Haemofiltration_Einzelmesswerte,Observation,1,identical,2026.0.2|2026.0.3|2027.0.0,3,False,
de.medizininformatikinitiative.kerndatensatz.icu,icu,https://www.medizininformatik-initiative.de/fhir/ext/modul-icu/StructureDefinition/mii-pr-icu-bilanz-ausfuhr-haemofiltration-einzelmesswerte,MII_PR_ICU_Bilanz_Ausfuhr_Haemofiltration_Einzelmesswerte,Observation,2,identical,2027.0.0-ballot.3,1,True,False
de.medizininformatikinitiative.kerndatensatz.icu,icu,https://www.medizininformatik-initiative.de/fhir/ext/modul-icu/StructureDefinition/mii-pr-icu-bilanz-ausfuhr-magensonde,MII_PR_ICU_Bilanz_Ausfuhr_Magensonde,Observation,1,identical,2026.0.0|2026.0.1,2,False,
de.medizininformatikinitiative.kerndatensatz.icu,icu,https://www.medizininformatik-initiative.de/fhir/ext/modul-icu/StructureDefinition/mii-pr-icu-bilanz-ausfuhr-magensonde,MII_PR_ICU_Bilanz_Ausfuhr_Magensonde,Observation,2,identical,2026.0.2|2026.0.3|2027.0.0,3,False,True
de.medizininformatikinitiative.kerndatensatz.icu,icu,https://www.medizininformatik-initiative.de/fhir/ext/modul-icu/StructureDefinition/mii-pr-icu-bilanz-ausfuhr-magensonde,MII_PR_ICU_Bilanz_Ausfuhr_Magensonde,Observation,3,identical,2027.0.0-ballot.3,1,True,False
de.medizininformatikinitiative.kerndatensatz.icu,icu,https://www.medizininformatik-initiative.de/fhir/ext/modul-icu/StructureDefinition/mii-pr-icu-bilanz-ausfuhr-op-drainage,MII_PR_ICU_Bilanz_Ausfuhr_OP_Drainage,Observation,1,identical,2026.0.2|2026.0.3|2027.0.0,3,False,
de.medizininformatikinitiative.kerndatensatz.icu,icu,https://www.medizininformatik-initiative.de/fhir/ext/modul-icu/StructureDefinition/mii-pr-icu-bilanz-ausfuhr-op-drainage,MII_PR_ICU_Bilanz_Ausfuhr_OP_Drainage,Observation,2,identical,2027.0.0-ballot.3,1,True,False
de.medizininformatikinitiative.kerndatensatz.icu,icu,https://www.medizininformatik-initiative.de/fhir/ext/modul-icu/StructureDefinition/mii-pr-icu-bilanz-ausfuhr-opdrainage,MII_PR_ICU_Bilanz_Ausfuhr_Opdrainage,Observation,1,identical,2026.0.0|2026.0.1,2,True,
de.medizininformatikinitiative.kerndatensatz.icu,icu,https://www.medizininformatik-initiative.de/fhir/ext/modul-icu/StructureDefinition/mii-pr-icu-bilanz-ausfuhr-pankreasdrainage,MII_PR_ICU_Bilanz_Ausfuhr_Pankreasdrainage,Observation,1,identical,2026.0.0|2026.0.1,2,False,
de.medizininformatikinitiative.kerndatensatz.icu,icu,https://www.medizininformatik-initiative.de/fhir/ext/modul-icu/StructureDefinition/mii-pr-icu-bilanz-ausfuhr-pankreasdrainage,MII_PR_ICU_Bilanz_Ausfuhr_Pankreasdrainage,Observation,2,identical,2026.0.2|2026.0.3|2027.0.0,3,False,True
de.medizininformatikinitiative.kerndatensatz.icu,icu,https://www.medizininformatik-initiative.de/fhir/ext/modul-icu/StructureDefinition/mii-pr-icu-bilanz-ausfuhr-pankreasdrainage,MII_PR_ICU_Bilanz_Ausfuhr_Pankreasdrainage,Observation,3,identical,2027.0.0-ballot.3,1,True,False
de.medizininformatikinitiative.kerndatensatz.icu,icu,https://www.medizininformatik-initiative.de/fhir/ext/modul-icu/StructureDefinition/mii-pr-icu-bilanz-ausfuhr-stuhlgang,MII_PR_ICU_Bilanz_Ausfuhr_Stuhlgang,Observation,1,identical,2026.0.0|2026.0.1,2,False,
de.medizininformatikinitiative.kerndatensatz.icu,icu,https://www.medizininformatik-initiative.de/fhir/ext/modul-icu/StructureDefinition/mii-pr-icu-bilanz-ausfuhr-stuhlgang,MII_PR_ICU_Bilanz_Ausfuhr_Stuhlgang,Observation,2,identical,2026.0.2|2026.0.3|2027.0.0,3,False,True
de.medizininformatikinitiative.kerndatensatz.icu,icu,https://www.medizininformatik-initiative.de/fhir/ext/modul-icu/StructureDefinition/mii-pr-icu-bilanz-ausfuhr-stuhlgang,MII_PR_ICU_Bilanz_Ausfuhr_Stuhlgang,Observation,3,identical,2027.0.0-ballot.3,1,True,False
de.medizininformatikinitiative.kerndatensatz.icu,icu,https://www.medizininformatik-initiative.de/fhir/ext/modul-icu/StructureDefinition/mii-pr-icu-bilanz-ausfuhr-urin,MII_PR_ICU_Bilanz_Ausfuhr_Urin,Observation,1,identical,2026.0.0|2026.0.1,2,False,
de.medizininformatikinitiative.kerndatensatz.icu,icu,https://www.medizininformatik-initiative.de/fhir/ext/modul-icu/StructureDefinition/mii-pr-icu-bilanz-ausfuhr-urin,MII_PR_ICU_Bilanz_Ausfuhr_Urin,Observation,2,identical,2026.0.2|2026.0.3|2027.0.0,3,False,True
de.medizininformatikinitiative.kerndatensatz.icu,icu,https://www.medizininformatik-initiative.de/fhir/ext/modul-icu/StructureDefinition/mii-pr-icu-bilanz-ausfuhr-urin,MII_PR_ICU_Bilanz_Ausfuhr_Urin,Observation,3,identical,2027.0.0-ballot.3,1,True,False
de.medizininformatikinitiative.kerndatensatz.icu,icu,https://www.medizininformatik-initiative.de/fhir/ext/modul-icu/StructureDefinition/mii-pr-icu-bilanz-ausfuhr-wunddrainage,MII_PR_ICU_Bilanz_Ausfuhr_Wunddrainage,Observation,1,identical,2026.0.0|2026.0.1,2,False,
de.medizininformatikinitiative.kerndatensatz.icu,icu,https://www.medizininformatik-initiative.de/fhir/ext/modul-icu/StructureDefinition/mii-pr-icu-bilanz-ausfuhr-wunddrainage,MII_PR_ICU_Bilanz_Ausfuhr_Wunddrainage,Observation,2,identical,2026.0.2|2026.0.3|2027.0.0,3,False,True
de.medizininformatikinitiative.kerndatensatz.icu,icu,https://www.medizininformatik-initiative.de/fhir/ext/modul-icu/StructureDefinition/mii-pr-icu-bilanz-ausfuhr-wunddrainage,MII_PR_ICU_Bilanz_Ausfuhr_Wunddrainage,Observation,3,identical,2027.0.0-ballot.3,1,True,False
de.medizininformatikinitiative.kerndatensatz.icu,icu,https://www.medizininformatik-initiative.de/fhir/ext/modul-icu/StructureDefinition/mii-pr-icu-bilanz-blutverlust,MII_PR_ICU_Bilanz_Blutverlust,Observation,1,identical,2026.0.0|2026.0.1,2,True,
de.medizininformatikinitiative.kerndatensatz.icu,icu,https://www.medizininformatik-initiative.de/fhir/ext/modul-icu/StructureDefinition/mii-pr-icu-bilanz-einfuhr-abgepumpte-muttermilch,MII_PR_ICU_Bilanz_Einfuhr_Abgepumpte_Muttermilch,Observation,1,sole-version,2027.0.0-ballot.3,1,True,
de.medizininformatikinitiative.kerndatensatz.icu,icu,https://www.medizininformatik-initiative.de/fhir/ext/modul-icu/StructureDefinition/mii-pr-icu-bilanz-einfuhr-enterale-fluesse,MII_PR_ICU_Bilanz_Einfuhr_Enterale_Fluesse,Observation,1,identical,2026.0.0|2026.0.1,2,True,
de.medizininformatikinitiative.kerndatensatz.icu,icu,https://www.medizininformatik-initiative.de/fhir/ext/modul-icu/StructureDefinition/mii-pr-icu-bilanz-einfuhr-enterale-fluessigkeit,MII_PR_ICU_Bilanz_Einfuhr_Enterale_Fluessigkeit,Observation,1,identical,2026.0.0|2026.0.1,2,False,
de.medizininformatikinitiative.kerndatensatz.icu,icu,https://www.medizininformatik-initiative.de/fhir/ext/modul-icu/StructureDefinition/mii-pr-icu-bilanz-einfuhr-enterale-fluessigkeit,MII_PR_ICU_Bilanz_Einfuhr_Enterale_Fluessigkeit,Observation,2,identical,2026.0.2|2026.0.3|2027.0.0,3,False,True
de.medizininformatikinitiative.kerndatensatz.icu,icu,https://www.medizininformatik-initiative.de/fhir/ext/modul-icu/StructureDefinition/mii-pr-icu-bilanz-einfuhr-enterale-fluessigkeit,MII_PR_ICU_Bilanz_Einfuhr_Enterale_Fluessigkeit,Observation,3,identical,2027.0.0-ballot.3,1,True,False
de.medizininformatikinitiative.kerndatensatz.icu,icu,https://www.medizininformatik-initiative.de/fhir/ext/modul-icu/StructureDefinition/mii-pr-icu-bilanz-einfuhr-fluessigkeit-gesamt,MII_PR_ICU_Bilanz_Einfuhr_Fluessigkeit_Gesamt,Observation,1,identical,2026.0.0|2026.0.1,2,False,
de.medizininformatikinitiative.kerndatensatz.icu,icu,https://www.medizininformatik-initiative.de/fhir/ext/modul-icu/StructureDefinition/mii-pr-icu-bilanz-einfuhr-fluessigkeit-gesamt,MII_PR_ICU_Bilanz_Einfuhr_Fluessigkeit_Gesamt,Observation,2,identical,2026.0.2|2026.0.3|2027.0.0,3,False,True
de.medizininformatikinitiative.kerndatensatz.icu,icu,https://www.medizininformatik-initiative.de/fhir/ext/modul-icu/StructureDefinition/mii-pr-icu-bilanz-einfuhr-fluessigkeit-gesamt,MII_PR_ICU_Bilanz_Einfuhr_Fluessigkeit_Gesamt,Observation,3,identical,2027.0.0-ballot.3,1,True,False
de.medizininformatikinitiative.kerndatensatz.icu,icu,https://www.medizininformatik-initiative.de/fhir/ext/modul-icu/StructureDefinition/mii-pr-icu-bilanz-einfuhr-muttermilch,MII_PR_ICU_Bilanz_Einfuhr_Muttermilch,Observation,1,sole-version,2027.0.0-ballot.3,1,True,
de.medizininformatikinitiative.kerndatensatz.icu,icu,https://www.medizininformatik-initiative.de/fhir/ext/modul-icu/StructureDefinition/mii-pr-icu-bilanz-einfuhr-orale-fluessigkeit,MII_PR_ICU_Bilanz_Einfuhr_Orale_Fluessigkeit,Observation,1,sole-version,2027.0.0-ballot.3,1,True,
de.medizininformatikinitiative.kerndatensatz.icu,icu,https://www.medizininformatik-initiative.de/fhir/ext/modul-icu/StructureDefinition/mii-pr-icu-bilanz-einfuhr-oraler-fluesse,MII_PR_ICU_Bilanz_Einfuhr_Oraler_Fluesse,Observation,1,identical,2026.0.0|2026.0.1,2,True,
de.medizininformatikinitiative.kerndatensatz.icu,icu,https://www.medizininformatik-initiative.de/fhir/ext/modul-icu/StructureDefinition/mii-pr-icu-bilanz-einfuhr-oraler-fluessigkeit,MII_PR_ICU_Bilanz_Einfuhr_Oraler_Fluessigkeit,Observation,1,identical,2026.0.0|2026.0.1,2,True,
de.medizininformatikinitiative.kerndatensatz.icu,icu,https://www.medizininformatik-initiative.de/fhir/ext/modul-icu/StructureDefinition/mii-pr-icu-bilanz-einfuhr-saeuglingsnahrung,MII_PR_ICU_Bilanz_Einfuhr_Saeuglingsnahrung,Observation,1,sole-version,2027.0.0-ballot.3,1,True,
de.medizininformatikinitiative.kerndatensatz.icu,icu,https://www.medizininformatik-initiative.de/fhir/ext/modul-icu/StructureDefinition/mii-pr-icu-bilanz-einfuhr-spendermilch,MII_PR_ICU_Bilanz_Einfuhr_Spendermilch,Observation,1,sole-version,2027.0.0-ballot.3,1,True,
de.medizininformatikinitiative.kerndatensatz.icu,icu,https://www.medizininformatik-initiative.de/fhir/ext/modul-icu/StructureDefinition/mii-pr-icu-bilanz-gesamte-ausfuhr,MII_PR_ICU_Bilanz_Gesamte_Ausfuhr,Observation,1,identical,2026.0.0|2026.0.1,2,True,
de.medizininformatikinitiative.kerndatensatz.icu,icu,https://www.medizininformatik-initiative.de/fhir/ext/modul-icu/StructureDefinition/mii-pr-icu-bilanz-gesamte-einfuhr,MII_PR_ICU_Bilanz_Gesamte_Einfuhr,Observation,1,identical,2026.0.0|2026.0.1,2,True,
de.medizininformatikinitiative.kerndatensatz.icu,icu,https://www.medizininformatik-initiative.de/fhir/ext/modul-icu/StructureDefinition/mii-pr-icu-bilanz-gesamte-tages-bilanz,MII_PR_ICU_Bilanz_Gesamte_Tages_Bilanz,Observation,1,identical,2026.0.0|2026.0.1,2,True,
de.medizininformatikinitiative.kerndatensatz.icu,icu,https://www.medizininformatik-initiative.de/fhir/ext/modul-icu/StructureDefinition/mii-pr-icu-bilanz-tagesbilanz-fluessigkeit,MII_PR_ICU_Bilanz_Tagesbilanz_Fluessigkeit,Observation,1,identical,2026.0.2|2026.0.3|2027.0.0,3,False,
de.medizininformatikinitiative.kerndatensatz.icu,icu,https://www.medizininformatik-initiative.de/fhir/ext/modul-icu/StructureDefinition/mii-pr-icu-bilanz-tagesbilanz-fluessigkeit,MII_PR_ICU_Bilanz_Tagesbilanz_Fluessigkeit,Observation,2,identical,2027.0.0-ballot.3,1,True,False
de.medizininformatikinitiative.kerndatensatz.icu,icu,https://www.medizininformatik-initiative.de/fhir/ext/modul-icu/StructureDefinition/mii-pr-icu-blutfluss-cardiovasculaeres-geraet,MII_PR_ICU_Blutfluss_Cardiovasculaeres_Geraet,Observation,1,identical,2026.0.0|2026.0.1|2026.0.2,3,True,
de.medizininformatikinitiative.kerndatensatz.icu,icu,https://www.medizininformatik-initiative.de/fhir/ext/modul-icu/StructureDefinition/mii-pr-icu-blutfluss-extrakorporaler-gasaustausch,MII_PR_ICU_Blutfluss_Extrakorporaler_Gasaustausch,Observation,1,identical,2026.0.0|2026.0.1|2026.0.2,3,True,
de.medizininformatikinitiative.kerndatensatz.icu,icu,https://www.medizininformatik-initiative.de/fhir/ext/modul-icu/StructureDefinition/mii-pr-icu-blutflussindex-extrakorporaler-gasaustausch,MII_PR_ICU_Blutflussindex_Extrakorporaler_Gasaustausch,Observation,1,identical,2026.0.0|2026.0.1|2026.0.2,3,True,
de.medizininformatikinitiative.kerndatensatz.icu,icu,https://www.medizininformatik-initiative.de/fhir/ext/modul-icu/StructureDefinition/mii-pr-icu-dauer-extrakorporaler-gasaustausch,MII_PR_ICU_Dauer_Extrakorporaler_Gasaustausch,Observation,1,identical,2026.0.0|2026.0.1|2026.0.2,3,True,
de.medizininformatikinitiative.kerndatensatz.icu,icu,https://www.medizininformatik-initiative.de/fhir/ext/modul-icu/StructureDefinition/mii-pr-icu-dauer-haemodialysesitzung,MII_PR_ICU_Dauer_Haemodialysesitzung,Observation,1,identical,2026.0.0|2026.0.1|2026.0.2,3,True,
de.medizininformatikinitiative.kerndatensatz.icu,icu,https://www.medizininformatik-initiative.de/fhir/ext/modul-icu/StructureDefinition/mii-pr-icu-device,MII_PR_ICU_Device,Device,1,identical,2026.0.3|2027.0.0,2,False,
de.medizininformatikinitiative.kerndatensatz.icu,icu,https://www.medizininformatik-initiative.de/fhir/ext/modul-icu/StructureDefinition/mii-pr-icu-device,MII_PR_ICU_Device,Device,2,identical,2027.0.0-ballot.3,1,True,False
de.medizininformatikinitiative.kerndatensatz.icu,icu,https://www.medizininformatik-initiative.de/fhir/ext/modul-icu/StructureDefinition/mii-pr-icu-devicemetric-eingestellte-gemessene-parameter-beatmung,MII_PR_ICU_Devicemetric_Eingestellte_Gemessene_Parameter_Beatmung,DeviceMetric,1,identical,2026.0.0|2026.0.1|2026.0.2,3,True,
de.medizininformatikinitiative.kerndatensatz.icu,icu,https://www.medizininformatik-initiative.de/fhir/ext/modul-icu/StructureDefinition/mii-pr-icu-devicemetric-eingestellte-gemessene-parameter-extrakorporale-verfahren,MII_PR_ICU_Devicemetric_Eingestellte_Gemessene_Parameter_Extrakorporale_Verfahren,DeviceMetric,1,identical,2026.0.0|2026.0.1|2026.0.2,3,True,
de.medizininformatikinitiative.kerndatensatz.icu,icu,https://www.medizininformatik-initiative.de/fhir/ext/modul-icu/StructureDefinition/mii-pr-icu-dm-eingest-gem-parameter-extrakorporale-verfahren,MII_PR_ICU_Devicemetric_Eingestellte_Gemessene_Parameter_Extrakorporale_Verfahren,DeviceMetric,1,identical,2026.0.3|2027.0.0,2,False,
de.medizininformatikinitiative.kerndatensatz.icu,icu,https://www.medizininformatik-initiative.de/fhir/ext/modul-icu/StructureDefinition/mii-pr-icu-dm-eingest-gem-parameter-extrakorporale-verfahren,MII_PR_ICU_Devicemetric_Eingestellte_Gemessene_Parameter_Extrakorporale_Verfahren,DeviceMetric,2,identical,2027.0.0-ballot.3,1,True,False
de.medizininformatikinitiative.kerndatensatz.icu,icu,https://www.medizininformatik-initiative.de/fhir/ext/modul-icu/StructureDefinition/mii-pr-icu-dm-eingestellte-gemessene-parameter-beatmung,MII_PR_ICU_Devicemetric_Eingestellte_Gemessene_Parameter_Beatmung,DeviceMetric,1,identical,2026.0.3|2027.0.0,2,False,
de.medizininformatikinitiative.kerndatensatz.icu,icu,https://www.medizininformatik-initiative.de/fhir/ext/modul-icu/StructureDefinition/mii-pr-icu-dm-eingestellte-gemessene-parameter-beatmung,MII_PR_ICU_Devicemetric_Eingestellte_Gemessene_Parameter_Beatmung,DeviceMetric,2,identical,2027.0.0-ballot.3,1,True,False
de.medizininformatikinitiative.kerndatensatz.icu,icu,https://www.medizininformatik-initiative.de/fhir/ext/modul-icu/StructureDefinition/mii-pr-icu-druckdifferenz-beatmung,MII_PR_ICU_Druckdifferenz_Beatmung,Observation,1,identical,2026.0.0|2026.0.1|2026.0.2,3,True,
de.medizininformatikinitiative.kerndatensatz.icu,icu,https://www.medizininformatik-initiative.de/fhir/ext/modul-icu/StructureDefinition/mii-pr-icu-dynamische-kompliance,MII_PR_ICU_Dynamische_Kompliance,Observation,1,identical,2026.0.0|2026.0.1|2026.0.2,3,True,
de.medizininformatikinitiative.kerndatensatz.icu,icu,https://www.medizininformatik-initiative.de/fhir/ext/modul-icu/StructureDefinition/mii-pr-icu-ect-arterieller-druck,MII_PR_ICU_ECT_Arterieller_Druck,Observation,1,canonical-only,2026.0.0|2026.0.1|2026.0.3|2027.0.0,4,False,
de.medizininformatikinitiative.kerndatensatz.icu,icu,https://www.medizininformatik-initiative.de/fhir/ext/modul-icu/StructureDefinition/mii-pr-icu-ect-arterieller-druck,MII_PR_ICU_ECT_Arterieller_Druck,Observation,2,identical,2027.0.0-ballot.3,1,True,False
de.medizininformatikinitiative.kerndatensatz.icu,icu,https://www.medizininformatik-initiative.de/fhir/ext/modul-icu/StructureDefinition/mii-pr-icu-ect-blutfluss-cardiovasculaeres-geraet,MII_PR_ICU_ECT_Blutfluss_Cardiovasculaeres_Geraet,Observation,1,identical,2026.0.0|2026.0.1,2,False,
de.medizininformatikinitiative.kerndatensatz.icu,icu,https://www.medizininformatik-initiative.de/fhir/ext/modul-icu/StructureDefinition/mii-pr-icu-ect-blutfluss-cardiovasculaeres-geraet,MII_PR_ICU_ECT_Blutfluss_Cardiovasculaeres_Geraet,Observation,2,identical,2026.0.3|2027.0.0,2,False,True
de.medizininformatikinitiative.kerndatensatz.icu,icu,https://www.medizininformatik-initiative.de/fhir/ext/modul-icu/StructureDefinition/mii-pr-icu-ect-blutfluss-cardiovasculaeres-geraet,MII_PR_ICU_ECT_Blutfluss_Cardiovasculaeres_Geraet,Observation,3,identical,2027.0.0-ballot.3,1,True,False
de.medizininformatikinitiative.kerndatensatz.icu,icu,https://www.medizininformatik-initiative.de/fhir/ext/modul-icu/StructureDefinition/mii-pr-icu-ect-blutfluss-extrakorporaler-gasaustausch,MII_PR_ICU_ECT_Blutfluss_Extrakorporaler_Gasaustausch,Observation,1,identical,2026.0.0|2026.0.1,2,False,
de.medizininformatikinitiative.kerndatensatz.icu,icu,https://www.medizininformatik-initiative.de/fhir/ext/modul-icu/StructureDefinition/mii-pr-icu-ect-blutfluss-extrakorporaler-gasaustausch,MII_PR_ICU_ECT_Blutfluss_Extrakorporaler_Gasaustausch,Observation,2,identical,2026.0.3|2027.0.0,2,False,True
de.medizininformatikinitiative.kerndatensatz.icu,icu,https://www.medizininformatik-initiative.de/fhir/ext/modul-icu/StructureDefinition/mii-pr-icu-ect-blutfluss-extrakorporaler-gasaustausch,MII_PR_ICU_ECT_Blutfluss_Extrakorporaler_Gasaustausch,Observation,3,identical,2027.0.0-ballot.3,1,True,False
de.medizininformatikinitiative.kerndatensatz.icu,icu,https://www.medizininformatik-initiative.de/fhir/ext/modul-icu/StructureDefinition/mii-pr-icu-ect-blutflussindex-extrakorporaler-gasaustausch,MII_PR_ICU_ECT_Blutflussindex_Extrakorporaler_Gasaustausch,Observation,1,identical,2026.0.0|2026.0.1,2,False,
de.medizininformatikinitiative.kerndatensatz.icu,icu,https://www.medizininformatik-initiative.de/fhir/ext/modul-icu/StructureDefinition/mii-pr-icu-ect-blutflussindex-extrakorporaler-gasaustausch,MII_PR_ICU_ECT_Blutflussindex_Extrakorporaler_Gasaustausch,Observation,2,identical,2026.0.3|2027.0.0,2,False,True
de.medizininformatikinitiative.kerndatensatz.icu,icu,https://www.medizininformatik-initiative.de/fhir/ext/modul-icu/StructureDefinition/mii-pr-icu-ect-blutflussindex-extrakorporaler-gasaustausch,MII_PR_ICU_ECT_Blutflussindex_Extrakorporaler_Gasaustausch,Observation,3,identical,2027.0.0-ballot.3,1,True,False
de.medizininformatikinitiative.kerndatensatz.icu,icu,https://www.medizininformatik-initiative.de/fhir/ext/modul-icu/StructureDefinition/mii-pr-icu-ect-dauer-extrakorporaler-gasaustausch,MII_PR_ICU_ECT_Dauer_Extrakorporaler_Gasaustausch,Observation,1,identical,2026.0.0|2026.0.1,2,False,
de.medizininformatikinitiative.kerndatensatz.icu,icu,https://www.medizininformatik-initiative.de/fhir/ext/modul-icu/StructureDefinition/mii-pr-icu-ect-dauer-extrakorporaler-gasaustausch,MII_PR_ICU_ECT_Dauer_Extrakorporaler_Gasaustausch,Observation,2,identical,2026.0.3|2027.0.0,2,False,True
de.medizininformatikinitiative.kerndatensatz.icu,icu,https://www.medizininformatik-initiative.de/fhir/ext/modul-icu/StructureDefinition/mii-pr-icu-ect-dauer-extrakorporaler-gasaustausch,MII_PR_ICU_ECT_Dauer_Extrakorporaler_Gasaustausch,Observation,3,identical,2027.0.0-ballot.3,1,True,False
de.medizininformatikinitiative.kerndatensatz.icu,icu,https://www.medizininformatik-initiative.de/fhir/ext/modul-icu/StructureDefinition/mii-pr-icu-ect-dauer-haemodialysesitzung,MII_PR_ICU_ECT_Dauer_Haemodialysesitzung,Observation,1,identical,2026.0.0|2026.0.1,2,False,
de.medizininformatikinitiative.kerndatensatz.icu,icu,https://www.medizininformatik-initiative.de/fhir/ext/modul-icu/StructureDefinition/mii-pr-icu-ect-dauer-haemodialysesitzung,MII_PR_ICU_ECT_Dauer_Haemodialysesitzung,Observation,2,identical,2026.0.3|2027.0.0,2,False,True
de.medizininformatikinitiative.kerndatensatz.icu,icu,https://www.medizininformatik-initiative.de/fhir/ext/modul-icu/StructureDefinition/mii-pr-icu-ect-dauer-haemodialysesitzung,MII_PR_ICU_ECT_Dauer_Haemodialysesitzung,Observation,3,identical,2027.0.0-ballot.3,1,True,False
de.medizininformatikinitiative.kerndatensatz.icu,icu,https://www.medizininformatik-initiative.de/fhir/ext/modul-icu/StructureDefinition/mii-pr-icu-ect-devicemetric-eingestellte-gemessene-parameter-extrakorporale-verfahren,MII_PR_ICU_ECT_Devicemetric_Eingestellte_Gemessene_Parameter_Extrakorporale_Verfahren,DeviceMetric,1,identical,2026.0.0|2026.0.1,2,True,
de.medizininformatikinitiative.kerndatensatz.icu,icu,https://www.medizininformatik-initiative.de/fhir/ext/modul-icu/StructureDefinition/mii-pr-icu-ect-extrakorporales-verfahren,MII_PR_ICU_ECT_Extrakorporales_Verfahren,Procedure,1,identical,2026.0.0|2026.0.1,2,True,
de.medizininformatikinitiative.kerndatensatz.icu,icu,https://www.medizininformatik-initiative.de/fhir/ext/modul-icu/StructureDefinition/mii-pr-icu-ect-gasfluss,MII_PR_ICU_ECT_Gasfluss,Observation,1,canonical-only,2026.0.0|2026.0.1|2026.0.3|2027.0.0,4,False,
de.medizininformatikinitiative.kerndatensatz.icu,icu,https://www.medizininformatik-initiative.de/fhir/ext/modul-icu/StructureDefinition/mii-pr-icu-ect-gasfluss,MII_PR_ICU_ECT_Gasfluss,Observation,2,identical,2027.0.0-ballot.3,1,True,False
de.medizininformatikinitiative.kerndatensatz.icu,icu,https://www.medizininformatik-initiative.de/fhir/ext/modul-icu/StructureDefinition/mii-pr-icu-ect-haemodialyse-blutfluss,MII_PR_ICU_ECT_Haemodialyse_Blutfluss,Observation,1,identical,2026.0.0|2026.0.1,2,False,
de.medizininformatikinitiative.kerndatensatz.icu,icu,https://www.medizininformatik-initiative.de/fhir/ext/modul-icu/StructureDefinition/mii-pr-icu-ect-haemodialyse-blutfluss,MII_PR_ICU_ECT_Haemodialyse_Blutfluss,Observation,2,identical,2026.0.3|2027.0.0,2,False,True
de.medizininformatikinitiative.kerndatensatz.icu,icu,https://www.medizininformatik-initiative.de/fhir/ext/modul-icu/StructureDefinition/mii-pr-icu-ect-haemodialyse-blutfluss,MII_PR_ICU_ECT_Haemodialyse_Blutfluss,Observation,3,identical,2027.0.0-ballot.3,1,True,False
de.medizininformatikinitiative.kerndatensatz.icu,icu,https://www.medizininformatik-initiative.de/fhir/ext/modul-icu/StructureDefinition/mii-pr-icu-ect-ionisiertes-kalzium-nierenersatzverfahren,MII_PR_ICU_ECT_Ionisiertes_Kalzium_Nierenersatzverfahren,Observation,1,identical,2026.0.0|2026.0.1,2,False,
de.medizininformatikinitiative.kerndatensatz.icu,icu,https://www.medizininformatik-initiative.de/fhir/ext/modul-icu/StructureDefinition/mii-pr-icu-ect-ionisiertes-kalzium-nierenersatzverfahren,MII_PR_ICU_ECT_Ionisiertes_Kalzium_Nierenersatzverfahren,Observation,2,identical,2026.0.3|2027.0.0,2,False,True
de.medizininformatikinitiative.kerndatensatz.icu,icu,https://www.medizininformatik-initiative.de/fhir/ext/modul-icu/StructureDefinition/mii-pr-icu-ect-ionisiertes-kalzium-nierenersatzverfahren,MII_PR_ICU_ECT_Ionisiertes_Kalzium_Nierenersatzverfahren,Observation,3,identical,2027.0.0-ballot.3,1,True,False
de.medizininformatikinitiative.kerndatensatz.icu,icu,https://www.medizininformatik-initiative.de/fhir/ext/modul-icu/StructureDefinition/mii-pr-icu-ect-parameter-von-extrakorporalen-verfahren,MII_PR_ICU_ECT_Parameter_Von_Extrakorporalen_Verfahren,Observation,1,identical,2026.0.0|2026.0.1,2,True,
de.medizininformatikinitiative.kerndatensatz.icu,icu,https://www.medizininformatik-initiative.de/fhir/ext/modul-icu/StructureDefinition/mii-pr-icu-ect-substituatfluss,MII_PR_ICU_ECT_Substituatfluss,Observation,1,identical,2026.0.0|2026.0.1,2,False,
de.medizininformatikinitiative.kerndatensatz.icu,icu,https://www.medizininformatik-initiative.de/fhir/ext/modul-icu/StructureDefinition/mii-pr-icu-ect-substituatfluss,MII_PR_ICU_ECT_Substituatfluss,Observation,2,identical,2026.0.3|2027.0.0,2,False,True
de.medizininformatikinitiative.kerndatensatz.icu,icu,https://www.medizininformatik-initiative.de/fhir/ext/modul-icu/StructureDefinition/mii-pr-icu-ect-substituatfluss,MII_PR_ICU_ECT_Substituatfluss,Observation,3,identical,2027.0.0-ballot.3,1,True,False
de.medizininformatikinitiative.kerndatensatz.icu,icu,https://www.medizininformatik-initiative.de/fhir/ext/modul-icu/StructureDefinition/mii-pr-icu-ect-substituatvolumen,MII_PR_ICU_ECT_Substituatvolumen,Observation,1,identical,2026.0.0|2026.0.1,2,False,
de.medizininformatikinitiative.kerndatensatz.icu,icu,https://www.medizininformatik-initiative.de/fhir/ext/modul-icu/StructureDefinition/mii-pr-icu-ect-substituatvolumen,MII_PR_ICU_ECT_Substituatvolumen,Observation,2,identical,2026.0.3|2027.0.0,2,False,True
de.medizininformatikinitiative.kerndatensatz.icu,icu,https://www.medizininformatik-initiative.de/fhir/ext/modul-icu/StructureDefinition/mii-pr-icu-ect-substituatvolumen,MII_PR_ICU_ECT_Substituatvolumen,Observation,3,identical,2027.0.0-ballot.3,1,True,False
de.medizininformatikinitiative.kerndatensatz.icu,icu,https://www.medizininformatik-initiative.de/fhir/ext/modul-icu/StructureDefinition/mii-pr-icu-ect-venoeser-druck,MII_PR_ICU_ECT_Venoeser_Druck,Observation,1,identical,2026.0.0|2026.0.1,2,False,
de.medizininformatikinitiative.kerndatensatz.icu,icu,https://www.medizininformatik-initiative.de/fhir/ext/modul-icu/StructureDefinition/mii-pr-icu-ect-venoeser-druck,MII_PR_ICU_ECT_Venoeser_Druck,Observation,2,identical,2026.0.3|2027.0.0,2,False,True
de.medizininformatikinitiative.kerndatensatz.icu,icu,https://www.medizininformatik-initiative.de/fhir/ext/modul-icu/StructureDefinition/mii-pr-icu-ect-venoeser-druck,MII_PR_ICU_ECT_Venoeser_Druck,Observation,3,identical,2027.0.0-ballot.3,1,True,False
de.medizininformatikinitiative.kerndatensatz.icu,icu,https://www.medizininformatik-initiative.de/fhir/ext/modul-icu/StructureDefinition/mii-pr-icu-eingestellter-inspiratorischer-gasfluss,MII_PR_ICU_Eingestellter_Inspiratorischer_Gasfluss,Observation,1,identical,2026.0.0|2026.0.1|2026.0.2,3,True,
de.medizininformatikinitiative.kerndatensatz.icu,icu,https://www.medizininformatik-initiative.de/fhir/ext/modul-icu/StructureDefinition/mii-pr-icu-einstellung-ausatmungszeit-beatmung,MII_PR_ICU_Einstellung_Ausatmungszeit_Beatmung,Observation,1,identical,2026.0.0|2026.0.1|2026.0.2,3,True,
de.medizininformatikinitiative.kerndatensatz.icu,icu,https://www.medizininformatik-initiative.de/fhir/ext/modul-icu/StructureDefinition/mii-pr-icu-einstellung-einatmungszeit-beatmung,MII_PR_ICU_Einstellung_Einatmungszeit_Beatmung,Observation,1,identical,2026.0.0|2026.0.1|2026.0.2,3,True,
de.medizininformatikinitiative.kerndatensatz.icu,icu,https://www.medizininformatik-initiative.de/fhir/ext/modul-icu/StructureDefinition/mii-pr-icu-endexpiratorischer-kohlendioxidpartialdruck,MII_PR_ICU_Endexpiratorischer_Kohlendioxidpartialdruck,Observation,1,identical,2026.0.0|2026.0.1|2026.0.2,3,True,
de.medizininformatikinitiative.kerndatensatz.icu,icu,https://www.medizininformatik-initiative.de/fhir/ext/modul-icu/StructureDefinition/mii-pr-icu-exspiratorischer-gasfluss,MII_PR_ICU_Exspiratorischer_Gasfluss,Observation,1,identical,2026.0.0|2026.0.1|2026.0.2,3,True,
de.medizininformatikinitiative.kerndatensatz.icu,icu,https://www.medizininformatik-initiative.de/fhir/ext/modul-icu/StructureDefinition/mii-pr-icu-exspiratorischer-sauerstoffpartialdruck,MII_PR_ICU_Exspiratorischer_Sauerstoffpartialdruck,Observation,1,identical,2026.0.0|2026.0.1|2026.0.2,3,True,
de.medizininformatikinitiative.kerndatensatz.icu,icu,https://www.medizininformatik-initiative.de/fhir/ext/modul-icu/StructureDefinition/mii-pr-icu-extrakorporales-verfahren,MII_PR_ICU_Extrakorporales_Verfahren,Procedure,1,identical,2026.0.0|2026.0.1|2026.0.2|2026.0.3,4,False,
de.medizininformatikinitiative.kerndatensatz.icu,icu,https://www.medizininformatik-initiative.de/fhir/ext/modul-icu/StructureDefinition/mii-pr-icu-extrakorporales-verfahren,MII_PR_ICU_Extrakorporales_Verfahren,Procedure,2,identical,2027.0.0,1,False,False
de.medizininformatikinitiative.kerndatensatz.icu,icu,https://www.medizininformatik-initiative.de/fhir/ext/modul-icu/StructureDefinition/mii-pr-icu-extrakorporales-verfahren,MII_PR_ICU_Extrakorporales_Verfahren,Procedure,3,identical,2027.0.0-ballot.3,1,True,False
de.medizininformatikinitiative.kerndatensatz.icu,icu,https://www.medizininformatik-initiative.de/fhir/ext/modul-icu/StructureDefinition/mii-pr-icu-gasfluss,MII_PR_ICU_Gasfluss,Observation,1,identical,2026.0.0|2026.0.1|2026.0.2,3,True,
de.medizininformatikinitiative.kerndatensatz.icu,icu,https://www.medizininformatik-initiative.de/fhir/ext/modul-icu/StructureDefinition/mii-pr-icu-haemodialyse-blutfluss,MII_PR_ICU_Haemodialyse_Blutfluss,Observation,1,identical,2026.0.0|2026.0.1|2026.0.2,3,True,
de.medizininformatikinitiative.kerndatensatz.icu,icu,https://www.medizininformatik-initiative.de/fhir/ext/modul-icu/StructureDefinition/mii-pr-icu-herzfrequenz,MII_PR_ICU_Herzfrequenz,Observation,1,identical,2026.0.0|2026.0.1,2,True,
de.medizininformatikinitiative.kerndatensatz.icu,icu,https://www.medizininformatik-initiative.de/fhir/ext/modul-icu/StructureDefinition/mii-pr-icu-horowitz-in-arteriellem-blut,MII_PR_ICU_Horowitz_In_Arteriellem_Blut,Observation,1,identical,2026.0.0|2026.0.1|2026.0.2,3,True,
de.medizininformatikinitiative.kerndatensatz.icu,icu,https://www.medizininformatik-initiative.de/fhir/ext/modul-icu/StructureDefinition/mii-pr-icu-icu-device,MII_PR_ICU_Device,Device,1,identical,2026.0.0|2026.0.1|2026.0.2,3,True,
de.medizininformatikinitiative.kerndatensatz.icu,icu,https://www.medizininformatik-initiative.de/fhir/ext/modul-icu/StructureDefinition/mii-pr-icu-inspiratorische-sauerstofffraktion-eingestellt,MII_PR_ICU_Inspiratorische_Sauerstofffraktion_Eingestellt,Observation,1,identical,2026.0.0|2026.0.1|2026.0.2,3,True,
de.medizininformatikinitiative.kerndatensatz.icu,icu,https://www.medizininformatik-initiative.de/fhir/ext/modul-icu/StructureDefinition/mii-pr-icu-inspiratorische-sauerstofffraktion-gemessen,MII_PR_ICU_Inspiratorische_Sauerstofffraktion_Gemessen,Observation,1,identical,2026.0.0|2026.0.1|2026.0.2,3,True,
de.medizininformatikinitiative.kerndatensatz.icu,icu,https://www.medizininformatik-initiative.de/fhir/ext/modul-icu/StructureDefinition/mii-pr-icu-inspiratorischer-gasfluss,MII_PR_ICU_Inspiratorischer_Gasfluss,Observation,1,identical,2026.0.0|2026.0.1|2026.0.2,3,True,
de.medizininformatikinitiative.kerndatensatz.icu,icu,https://www.medizininformatik-initiative.de/fhir/ext/modul-icu/StructureDefinition/mii-pr-icu-ionisiertes-kalzium-nierenersatzverfahren,MII_PR_ICU_Ionisiertes_Kalzium_Nierenersatzverfahren,Observation,1,identical,2026.0.0|2026.0.1|2026.0.2,3,True,
de.medizininformatikinitiative.kerndatensatz.icu,icu,https://www.medizininformatik-initiative.de/fhir/ext/modul-icu/StructureDefinition/mii-pr-icu-koerpergewicht,MII_PR_ICU_Koerpergewicht,Observation,1,identical,2026.0.0|2026.0.1,2,True,
de.medizininformatikinitiative.kerndatensatz.icu,icu,https://www.medizininformatik-initiative.de/fhir/ext/modul-icu/StructureDefinition/mii-pr-icu-koerpergroesse,MII_PR_ICU_Koerpergroesse,Observation,1,identical,2026.0.0|2026.0.1,2,True,
de.medizininformatikinitiative.kerndatensatz.icu,icu,https://www.medizininformatik-initiative.de/fhir/ext/modul-icu/StructureDefinition/mii-pr-icu-kopfumfang,MII_PR_ICU_Kopfumfang,Observation,1,identical,2026.0.0|2026.0.1,2,True,
de.medizininformatikinitiative.kerndatensatz.icu,icu,https://www.medizininformatik-initiative.de/fhir/ext/modul-icu/StructureDefinition/mii-pr-icu-maximaler-beatmungsdruck,MII_PR_ICU_Maximaler_Beatmungsdruck,Observation,1,identical,2026.0.0|2026.0.1|2026.0.2,3,True,
de.medizininformatikinitiative.kerndatensatz.icu,icu,https://www.medizininformatik-initiative.de/fhir/ext/modul-icu/StructureDefinition/mii-pr-icu-mechanische-atemfrequenz-beatmet,MII_PR_ICU_Mechanische_Atemfrequenz_Beatmet,Observation,1,identical,2026.0.0|2026.0.1|2026.0.2,3,True,
de.medizininformatikinitiative.kerndatensatz.icu,icu,https://www.medizininformatik-initiative.de/fhir/ext/modul-icu/StructureDefinition/mii-pr-icu-mittlerer-beatmungsdruck,MII_PR_ICU_Mittlerer_Beatmungsdruck,Observation,1,identical,2026.0.0|2026.0.1|2026.0.2,3,True,
de.medizininformatikinitiative.kerndatensatz.icu,icu,https://www.medizininformatik-initiative.de/fhir/ext/modul-icu/StructureDefinition/mii-pr-icu-muv-arterieller-blutdruck,MII_PR_ICU_MUV_Arterieller_Blutdruck,Observation,1,identical,2026.0.0|2026.0.1,2,False,
de.medizininformatikinitiative.kerndatensatz.icu,icu,https://www.medizininformatik-initiative.de/fhir/ext/modul-icu/StructureDefinition/mii-pr-icu-muv-arterieller-blutdruck,MII_PR_ICU_MUV_Arterieller_Blutdruck,Observation,2,identical,2026.0.2|2026.0.3|2027.0.0,3,False,True
de.medizininformatikinitiative.kerndatensatz.icu,icu,https://www.medizininformatik-initiative.de/fhir/ext/modul-icu/StructureDefinition/mii-pr-icu-muv-arterieller-blutdruck,MII_PR_ICU_MUV_Arterieller_Blutdruck,Observation,3,identical,2027.0.0-ballot.3,1,True,False
de.medizininformatikinitiative.kerndatensatz.icu,icu,https://www.medizininformatik-initiative.de/fhir/ext/modul-icu/StructureDefinition/mii-pr-icu-muv-atemfrequenz,MII_PR_ICU_MUV_Atemfrequenz,Observation,1,identical,2026.0.0|2026.0.1,2,False,
de.medizininformatikinitiative.kerndatensatz.icu,icu,https://www.medizininformatik-initiative.de/fhir/ext/modul-icu/StructureDefinition/mii-pr-icu-muv-atemfrequenz,MII_PR_ICU_MUV_Atemfrequenz,Observation,2,identical,2026.0.2|2026.0.3|2027.0.0,3,False,True
de.medizininformatikinitiative.kerndatensatz.icu,icu,https://www.medizininformatik-initiative.de/fhir/ext/modul-icu/StructureDefinition/mii-pr-icu-muv-atemfrequenz,MII_PR_ICU_MUV_Atemfrequenz,Observation,3,identical,2027.0.0-ballot.3,1,True,False
de.medizininformatikinitiative.kerndatensatz.icu,icu,https://www.medizininformatik-initiative.de/fhir/ext/modul-icu/StructureDefinition/mii-pr-icu-muv-herzfrequenz,MII_PR_ICU_MUV_Herzfrequenz,Observation,1,identical,2026.0.0|2026.0.1|2026.0.2|2026.0.3|2027.0.0,5,False,
de.medizininformatikinitiative.kerndatensatz.icu,icu,https://www.medizininformatik-initiative.de/fhir/ext/modul-icu/StructureDefinition/mii-pr-icu-muv-herzfrequenz,MII_PR_ICU_MUV_Herzfrequenz,Observation,2,identical,2027.0.0-ballot.3,1,True,False
de.medizininformatikinitiative.kerndatensatz.icu,icu,https://www.medizininformatik-initiative.de/fhir/ext/modul-icu/StructureDefinition/mii-pr-icu-muv-koerpergewicht,MII_PR_ICU_MUV_Koerpergewicht,Observation,1,identical,2026.0.0|2026.0.1,2,False,
de.medizininformatikinitiative.kerndatensatz.icu,icu,https://www.medizininformatik-initiative.de/fhir/ext/modul-icu/StructureDefinition/mii-pr-icu-muv-koerpergewicht,MII_PR_ICU_MUV_Koerpergewicht,Observation,2,canonical-only,2026.0.2|2026.0.3|2027.0.0|2027.0.0-ballot.3,4,True,True
de.medizininformatikinitiative.kerndatensatz.icu,icu,https://www.medizininformatik-initiative.de/fhir/ext/modul-icu/StructureDefinition/mii-pr-icu-muv-koerpergroesse,MII_PR_ICU_MUV_Koerpergroesse,Observation,1,identical,2026.0.0|2026.0.1,2,False,
de.medizininformatikinitiative.kerndatensatz.icu,icu,https://www.medizininformatik-initiative.de/fhir/ext/modul-icu/StructureDefinition/mii-pr-icu-muv-koerpergroesse,MII_PR_ICU_MUV_Koerpergroesse,Observation,2,identical,2026.0.2|2026.0.3|2027.0.0,3,False,True
de.medizininformatikinitiative.kerndatensatz.icu,icu,https://www.medizininformatik-initiative.de/fhir/ext/modul-icu/StructureDefinition/mii-pr-icu-muv-koerpergroesse,MII_PR_ICU_MUV_Koerpergroesse,Observation,3,identical,2027.0.0-ballot.3,1,True,False
de.medizininformatikinitiative.kerndatensatz.icu,icu,https://www.medizininformatik-initiative.de/fhir/ext/modul-icu/StructureDefinition/mii-pr-icu-muv-koerperlaenge,MII_PR_ICU_MUV_Koerperlaenge,Observation,1,identical,2026.0.3|2027.0.0|2027.0.0-ballot.3,3,True,
de.medizininformatikinitiative.kerndatensatz.icu,icu,https://www.medizininformatik-initiative.de/fhir/ext/modul-icu/StructureDefinition/mii-pr-icu-muv-kopfumfang,MII_PR_ICU_MUV_Kopfumfang,Observation,1,identical,2026.0.0|2026.0.1,2,False,
de.medizininformatikinitiative.kerndatensatz.icu,icu,https://www.medizininformatik-initiative.de/fhir/ext/modul-icu/StructureDefinition/mii-pr-icu-muv-kopfumfang,MII_PR_ICU_MUV_Kopfumfang,Observation,2,identical,2026.0.2|2026.0.3|2027.0.0,3,False,True
de.medizininformatikinitiative.kerndatensatz.icu,icu,https://www.medizininformatik-initiative.de/fhir/ext/modul-icu/StructureDefinition/mii-pr-icu-muv-kopfumfang,MII_PR_ICU_MUV_Kopfumfang,Observation,3,identical,2027.0.0-ballot.3,1,True,False
de.medizininformatikinitiative.kerndatensatz.icu,icu,https://www.medizininformatik-initiative.de/fhir/ext/modul-icu/StructureDefinition/mii-pr-icu-muv-zerebraler-perfusionsdruck,MII_PR_ICU_MUV_zerebraler_Perfusionsdruck,Observation,1,sole-version,2026.0.0,1,True,
de.medizininformatikinitiative.kerndatensatz.icu,icu,https://www.medizininformatik-initiative.de/fhir/ext/modul-icu/StructureDefinition/mii-pr-icu-parameter-von-beatmung,MII_PR_ICU_Parameter_Von_Beatmung,Observation,1,identical,2026.0.0|2026.0.1|2026.0.2,3,False,
de.medizininformatikinitiative.kerndatensatz.icu,icu,https://www.medizininformatik-initiative.de/fhir/ext/modul-icu/StructureDefinition/mii-pr-icu-parameter-von-beatmung,MII_PR_ICU_Parameter_Von_Beatmung,Observation,2,canonical-only,2026.0.3|2027.0.0|2027.0.0-ballot.3,3,True,True
de.medizininformatikinitiative.kerndatensatz.icu,icu,https://www.medizininformatik-initiative.de/fhir/ext/modul-icu/StructureDefinition/mii-pr-icu-parameter-von-extrakorporalen-verfahren,MII_PR_ICU_Parameter_Von_Extrakorporalen_Verfahren,Observation,1,identical,2026.0.0|2026.0.1|2026.0.2,3,False,
de.medizininformatikinitiative.kerndatensatz.icu,icu,https://www.medizininformatik-initiative.de/fhir/ext/modul-icu/StructureDefinition/mii-pr-icu-parameter-von-extrakorporalen-verfahren,MII_PR_ICU_Parameter_Von_Extrakorporalen_Verfahren,Observation,2,identical,2026.0.3|2027.0.0|2027.0.0-ballot.3,3,True,False
de.medizininformatikinitiative.kerndatensatz.icu,icu,https://www.medizininformatik-initiative.de/fhir/ext/modul-icu/StructureDefinition/mii-pr-icu-positiv-endexpiratorischer-druck,MII_PR_ICU_Positiv_Endexpiratorischer_Druck,Observation,1,identical,2026.0.0|2026.0.1|2026.0.2,3,True,
de.medizininformatikinitiative.kerndatensatz.icu,icu,https://www.medizininformatik-initiative.de/fhir/ext/modul-icu/StructureDefinition/mii-pr-icu-score,MII_PR_ICU_Score,Observation,1,identical,2026.0.0,1,False,
de.medizininformatikinitiative.kerndatensatz.icu,icu,https://www.medizininformatik-initiative.de/fhir/ext/modul-icu/StructureDefinition/mii-pr-icu-score,MII_PR_ICU_Score,Observation,2,identical,2027.0.0-ballot.3,1,True,True
de.medizininformatikinitiative.kerndatensatz.icu,icu,https://www.medizininformatik-initiative.de/fhir/ext/modul-icu/StructureDefinition/mii-pr-icu-score-cam-icu,MII_PR_ICU_Score_CAM_ICU,Observation,1,identical,2026.0.0,1,False,
de.medizininformatikinitiative.kerndatensatz.icu,icu,https://www.medizininformatik-initiative.de/fhir/ext/modul-icu/StructureDefinition/mii-pr-icu-score-cam-icu,MII_PR_ICU_Score_CAM_ICU,Observation,2,identical,2027.0.0-ballot.3,1,True,False
de.medizininformatikinitiative.kerndatensatz.icu,icu,https://www.medizininformatik-initiative.de/fhir/ext/modul-icu/StructureDefinition/mii-pr-icu-score-faces-pain-scale-revised,MII_PR_ICU_Score_Faces_Pain_Scale_Revised,Observation,1,sole-version,2027.0.0-ballot.3,1,True,
de.medizininformatikinitiative.kerndatensatz.icu,icu,https://www.medizininformatik-initiative.de/fhir/ext/modul-icu/StructureDefinition/mii-pr-icu-score-gcs,MII_PR_ICU_Score_GCS,Observation,1,sole-version,2027.0.0-ballot.3,1,True,
de.medizininformatikinitiative.kerndatensatz.icu,icu,https://www.medizininformatik-initiative.de/fhir/ext/modul-icu/StructureDefinition/mii-pr-icu-score-icdsc,MII_PR_ICU_Score_ICDSC,Observation,1,identical,2026.0.0,1,False,
de.medizininformatikinitiative.kerndatensatz.icu,icu,https://www.medizininformatik-initiative.de/fhir/ext/modul-icu/StructureDefinition/mii-pr-icu-score-icdsc,MII_PR_ICU_Score_ICDSC,Observation,2,identical,2027.0.0-ballot.3,1,True,False
de.medizininformatikinitiative.kerndatensatz.icu,icu,https://www.medizininformatik-initiative.de/fhir/ext/modul-icu/StructureDefinition/mii-pr-icu-score-numerische-ratingskala,MII_PR_ICU_Score_Numerische_Ratingskala,Observation,1,sole-version,2027.0.0-ballot.3,1,True,
de.medizininformatikinitiative.kerndatensatz.icu,icu,https://www.medizininformatik-initiative.de/fhir/ext/modul-icu/StructureDefinition/mii-pr-icu-score-rass,MII_PR_ICU_Score_RASS,Observation,1,identical,2026.0.0,1,False,
de.medizininformatikinitiative.kerndatensatz.icu,icu,https://www.medizininformatik-initiative.de/fhir/ext/modul-icu/StructureDefinition/mii-pr-icu-score-rass,MII_PR_ICU_Score_RASS,Observation,2,identical,2027.0.0-ballot.3,1,True,True
de.medizininformatikinitiative.kerndatensatz.icu,icu,https://www.medizininformatik-initiative.de/fhir/ext/modul-icu/StructureDefinition/mii-pr-icu-score-sofa,MII_PR_ICU_Score_SOFA,Observation,1,identical,2026.0.0,1,False,
de.medizininformatikinitiative.kerndatensatz.icu,icu,https://www.medizininformatik-initiative.de/fhir/ext/modul-icu/StructureDefinition/mii-pr-icu-score-sofa,MII_PR_ICU_Score_SOFA,Observation,2,identical,2027.0.0-ballot.3,1,True,False
de.medizininformatikinitiative.kerndatensatz.icu,icu,https://www.medizininformatik-initiative.de/fhir/ext/modul-icu/StructureDefinition/mii-pr-icu-score-visuelle-analogskala,MII_PR_ICU_Score_Visuelle_Analogskala,Observation,1,sole-version,2027.0.0-ballot.3,1,True,
de.medizininformatikinitiative.kerndatensatz.icu,icu,https://www.medizininformatik-initiative.de/fhir/ext/modul-icu/StructureDefinition/mii-pr-icu-score-wong-baker-faces-schmerzskala,MII_PR_ICU_Score_Wong_Baker_Faces_Schmerzskala,Observation,1,sole-version,2027.0.0-ballot.3,1,True,
de.medizininformatikinitiative.kerndatensatz.icu,icu,https://www.medizininformatik-initiative.de/fhir/ext/modul-icu/StructureDefinition/mii-pr-icu-score-zopa,MII_PR_ICU_Score_ZOPA,Observation,1,sole-version,2027.0.0-ballot.3,1,True,
de.medizininformatikinitiative.kerndatensatz.icu,icu,https://www.medizininformatik-initiative.de/fhir/ext/modul-icu/StructureDefinition/mii-pr-icu-spontane-atemfrequenz-beatmet,MII_PR_ICU_Spontane_Atemfrequenz_Beatmet,Observation,1,identical,2026.0.0|2026.0.1|2026.0.2,3,True,
de.medizininformatikinitiative.kerndatensatz.icu,icu,https://www.medizininformatik-initiative.de/fhir/ext/modul-icu/StructureDefinition/mii-pr-icu-spontane-mechanische-atemfrequenz-beatmet,MII_PR_ICU_Spontane_Mechanische_Atemfrequenz_Beatmet,Observation,1,identical,2026.0.0|2026.0.1|2026.0.2,3,True,
de.medizininformatikinitiative.kerndatensatz.icu,icu,https://www.medizininformatik-initiative.de/fhir/ext/modul-icu/StructureDefinition/mii-pr-icu-spontanes-atemzugvolumen,MII_PR_ICU_Spontanes_Atemzugvolumen,Observation,1,identical,2026.0.0|2026.0.1|2026.0.2,3,True,
de.medizininformatikinitiative.kerndatensatz.icu,icu,https://www.medizininformatik-initiative.de/fhir/ext/modul-icu/StructureDefinition/mii-pr-icu-spontanes-mechanisches-atemzugvolumen-waehrend-beatmung,MII_PR_ICU_Spontanes_Plus_Mechanisches_Atemzugvolumen,Observation,1,identical,2026.0.0|2026.0.1|2026.0.2,3,True,
de.medizininformatikinitiative.kerndatensatz.icu,icu,https://www.medizininformatik-initiative.de/fhir/ext/modul-icu/StructureDefinition/mii-pr-icu-substituatfluss,MII_PR_ICU_Substituatfluss,Observation,1,identical,2026.0.0|2026.0.1|2026.0.2,3,True,
de.medizininformatikinitiative.kerndatensatz.icu,icu,https://www.medizininformatik-initiative.de/fhir/ext/modul-icu/StructureDefinition/mii-pr-icu-substituatvolumen,MII_PR_ICU_Substituatvolumen,Observation,1,identical,2026.0.0|2026.0.1|2026.0.2,3,True,
de.medizininformatikinitiative.kerndatensatz.icu,icu,https://www.medizininformatik-initiative.de/fhir/ext/modul-icu/StructureDefinition/mii-pr-icu-unterstuetzungsdruck-beatmung,MII_PR_ICU_Unterstuezungsdruck_Beatmung,Observation,1,identical,2026.0.0|2026.0.1|2026.0.2,3,True,
de.medizininformatikinitiative.kerndatensatz.icu,icu,https://www.medizininformatik-initiative.de/fhir/ext/modul-icu/StructureDefinition/mii-pr-icu-untersuchung-pupillenbefund,MII_PR_ICU_Untersuchung_Pupillenbefund,Observation,1,sole-version,2027.0.0-ballot.3,1,True,
de.medizininformatikinitiative.kerndatensatz.icu,icu,https://www.medizininformatik-initiative.de/fhir/ext/modul-icu/StructureDefinition/mii-pr-icu-untersuchung-pupillenform,MII_PR_ICU_Untersuchung_Pupillenform,Observation,1,sole-version,2027.0.0-ballot.3,1,True,
de.medizininformatikinitiative.kerndatensatz.icu,icu,https://www.medizininformatik-initiative.de/fhir/ext/modul-icu/StructureDefinition/mii-pr-icu-untersuchung-pupillengroesse,MII_PR_ICU_Untersuchung_Pupillengroesse,Observation,1,sole-version,2027.0.0-ballot.3,1,True,
de.medizininformatikinitiative.kerndatensatz.icu,icu,https://www.medizininformatik-initiative.de/fhir/ext/modul-icu/StructureDefinition/mii-pr-icu-untersuchung-pupillenlichtreaktion-direkt,MII_PR_ICU_Untersuchung_Pupillenlichtreaktion_Direkt,Observation,1,sole-version,2027.0.0-ballot.3,1,True,
de.medizininformatikinitiative.kerndatensatz.icu,icu,https://www.medizininformatik-initiative.de/fhir/ext/modul-icu/StructureDefinition/mii-pr-icu-untersuchung-pupillenlichtreaktion-indirekt,MII_PR_ICU_Untersuchung_Pupillenlichtreaktion_Indirekt,Observation,1,sole-version,2027.0.0-ballot.3,1,True,
de.medizininformatikinitiative.kerndatensatz.icu,icu,https://www.medizininformatik-initiative.de/fhir/ext/modul-icu/StructureDefinition/mii-pr-icu-untersuchung-pupillensymmetrie,MII_PR_ICU_Untersuchung_Pupillensymmetrie,Observation,1,sole-version,2027.0.0-ballot.3,1,True,
de.medizininformatikinitiative.kerndatensatz.icu,icu,https://www.medizininformatik-initiative.de/fhir/ext/modul-icu/StructureDefinition/mii-pr-icu-venoeser-druck,MII_PR_ICU_Venoeser_Druck,Observation,1,identical,2026.0.0|2026.0.1|2026.0.2,3,True,
de.medizininformatikinitiative.kerndatensatz.icu,icu,https://www.medizininformatik-initiative.de/fhir/ext/modul-icu/StructureDefinition/mii-pr-icu-vent-atemwegsdruck-bei-mitl-exspiratorischem-gasfluss,MII_PR_ICU_VENT_Atemwegsdruck_Bei_Mitl_Exspiratorischem_Gasfluss,Observation,1,identical,2026.0.0|2026.0.1,2,True,
de.medizininformatikinitiative.kerndatensatz.icu,icu,https://www.medizininformatik-initiative.de/fhir/ext/modul-icu/StructureDefinition/mii-pr-icu-vent-atemwegsdruck-bei-mittlerem-expiratorischem-gasfluss,MII_PR_ICU_VENT_Atemwegsdruck_Bei_Mittlerem_Expiratorischem_Gasfluss,Observation,1,identical,2026.0.3|2027.0.0,2,False,
de.medizininformatikinitiative.kerndatensatz.icu,icu,https://www.medizininformatik-initiative.de/fhir/ext/modul-icu/StructureDefinition/mii-pr-icu-vent-atemwegsdruck-bei-mittlerem-expiratorischem-gasfluss,MII_PR_ICU_VENT_Atemwegsdruck_Bei_Mittlerem_Expiratorischem_Gasfluss,Observation,2,identical,2027.0.0-ballot.3,1,True,False
de.medizininformatikinitiative.kerndatensatz.icu,icu,https://www.medizininformatik-initiative.de/fhir/ext/modul-icu/StructureDefinition/mii-pr-icu-vent-atemwegsdruck-bei-null-expiratorischem-gasfluss,MII_PR_ICU_VENT_Atemwegsdruck_Bei_Null_Expiratorischem_Gasfluss,Observation,1,identical,2026.0.3|2027.0.0,2,False,
de.medizininformatikinitiative.kerndatensatz.icu,icu,https://www.medizininformatik-initiative.de/fhir/ext/modul-icu/StructureDefinition/mii-pr-icu-vent-atemwegsdruck-bei-null-expiratorischem-gasfluss,MII_PR_ICU_VENT_Atemwegsdruck_Bei_Null_Expiratorischem_Gasfluss,Observation,2,identical,2027.0.0-ballot.3,1,True,False
de.medizininformatikinitiative.kerndatensatz.icu,icu,https://www.medizininformatik-initiative.de/fhir/ext/modul-icu/StructureDefinition/mii-pr-icu-vent-atemwegsdruck-bei-null-exspiratorischem-gasfluss,MII_PR_ICU_VENT_Atemwegsdruck_Bei_Null_Exspiratorischem_Gasfluss,Observation,1,identical,2026.0.0|2026.0.1,2,True,
de.medizininformatikinitiative.kerndatensatz.icu,icu,https://www.medizininformatik-initiative.de/fhir/ext/modul-icu/StructureDefinition/mii-pr-icu-vent-atemzugvolumen-einstellung,MII_PR_ICU_VENT_Atemzugvolumen_Einstellung,Observation,1,identical,2026.0.0|2026.0.1,2,False,
de.medizininformatikinitiative.kerndatensatz.icu,icu,https://www.medizininformatik-initiative.de/fhir/ext/modul-icu/StructureDefinition/mii-pr-icu-vent-atemzugvolumen-einstellung,MII_PR_ICU_VENT_Atemzugvolumen_Einstellung,Observation,2,identical,2026.0.3|2027.0.0,2,False,True
de.medizininformatikinitiative.kerndatensatz.icu,icu,https://www.medizininformatik-initiative.de/fhir/ext/modul-icu/StructureDefinition/mii-pr-icu-vent-atemzugvolumen-einstellung,MII_PR_ICU_VENT_Atemzugvolumen_Einstellung,Observation,3,identical,2027.0.0-ballot.3,1,True,False
de.medizininformatikinitiative.kerndatensatz.icu,icu,https://www.medizininformatik-initiative.de/fhir/ext/modul-icu/StructureDefinition/mii-pr-icu-vent-atemzugvolumen-waehrend-beatmung,MII_PR_ICU_VENT_Atemzugvolumen_Waehrend_Beatmung,Observation,1,identical,2026.0.0|2026.0.1,2,False,
de.medizininformatikinitiative.kerndatensatz.icu,icu,https://www.medizininformatik-initiative.de/fhir/ext/modul-icu/StructureDefinition/mii-pr-icu-vent-atemzugvolumen-waehrend-beatmung,MII_PR_ICU_VENT_Atemzugvolumen_Waehrend_Beatmung,Observation,2,identical,2026.0.3|2027.0.0,2,False,True
de.medizininformatikinitiative.kerndatensatz.icu,icu,https://www.medizininformatik-initiative.de/fhir/ext/modul-icu/StructureDefinition/mii-pr-icu-vent-atemzugvolumen-waehrend-beatmung,MII_PR_ICU_VENT_Atemzugvolumen_Waehrend_Beatmung,Observation,3,identical,2027.0.0-ballot.3,1,True,False
de.medizininformatikinitiative.kerndatensatz.icu,icu,https://www.medizininformatik-initiative.de/fhir/ext/modul-icu/StructureDefinition/mii-pr-icu-vent-beatmung,MII_PR_ICU_VENT_Beatmung,Procedure,1,identical,2026.0.0|2026.0.1,2,True,
de.medizininformatikinitiative.kerndatensatz.icu,icu,https://www.medizininformatik-initiative.de/fhir/ext/modul-icu/StructureDefinition/mii-pr-icu-vent-beatmungsvolumen-pro-minute-maschineller,MII_PR_ICU_VENT_Beatmungsvolumen_Pro_Minute_Maschineller,Observation,1,identical,2026.0.0|2026.0.1,2,True,
de.medizininformatikinitiative.kerndatensatz.icu,icu,https://www.medizininformatik-initiative.de/fhir/ext/modul-icu/StructureDefinition/mii-pr-icu-vent-beatmungsvolumen-pro-minute-maschineller-beatmung,MII_PR_ICU_VENT_Beatmungsvolumen_Pro_Minute_Maschineller_Beatmung,Observation,1,identical,2026.0.3|2027.0.0,2,False,
de.medizininformatikinitiative.kerndatensatz.icu,icu,https://www.medizininformatik-initiative.de/fhir/ext/modul-icu/StructureDefinition/mii-pr-icu-vent-beatmungsvolumen-pro-minute-maschineller-beatmung,MII_PR_ICU_VENT_Beatmungsvolumen_Pro_Minute_Maschineller_Beatmung,Observation,2,identical,2027.0.0-ballot.3,1,True,False
de.medizininformatikinitiative.kerndatensatz.icu,icu,https://www.medizininformatik-initiative.de/fhir/ext/modul-icu/StructureDefinition/mii-pr-icu-vent-beatmungszeit-hohem-druck,MII_PR_ICU_VENT_Beatmungszeit_Hohem_Druck,Observation,1,identical,2026.0.0|2026.0.1,2,False,
de.medizininformatikinitiative.kerndatensatz.icu,icu,https://www.medizininformatik-initiative.de/fhir/ext/modul-icu/StructureDefinition/mii-pr-icu-vent-beatmungszeit-hohem-druck,MII_PR_ICU_VENT_Beatmungszeit_Hohem_Druck,Observation,2,identical,2026.0.3|2027.0.0,2,False,True
de.medizininformatikinitiative.kerndatensatz.icu,icu,https://www.medizininformatik-initiative.de/fhir/ext/modul-icu/StructureDefinition/mii-pr-icu-vent-beatmungszeit-hohem-druck,MII_PR_ICU_VENT_Beatmungszeit_Hohem_Druck,Observation,3,identical,2027.0.0-ballot.3,1,True,False
de.medizininformatikinitiative.kerndatensatz.icu,icu,https://www.medizininformatik-initiative.de/fhir/ext/modul-icu/StructureDefinition/mii-pr-icu-vent-beatmungszeit-niedrigem-druck,MII_PR_ICU_VENT_Beatmungszeit_Niedrigem_Druck,Observation,1,identical,2026.0.0|2026.0.1,2,False,
de.medizininformatikinitiative.kerndatensatz.icu,icu,https://www.medizininformatik-initiative.de/fhir/ext/modul-icu/StructureDefinition/mii-pr-icu-vent-beatmungszeit-niedrigem-druck,MII_PR_ICU_VENT_Beatmungszeit_Niedrigem_Druck,Observation,2,identical,2026.0.3|2027.0.0,2,False,True
de.medizininformatikinitiative.kerndatensatz.icu,icu,https://www.medizininformatik-initiative.de/fhir/ext/modul-icu/StructureDefinition/mii-pr-icu-vent-beatmungszeit-niedrigem-druck,MII_PR_ICU_VENT_Beatmungszeit_Niedrigem_Druck,Observation,3,identical,2027.0.0-ballot.3,1,True,False
de.medizininformatikinitiative.kerndatensatz.icu,icu,https://www.medizininformatik-initiative.de/fhir/ext/modul-icu/StructureDefinition/mii-pr-icu-vent-devicemetric-eingestellte-gemessene-parameter-beatmung,MII_PR_ICU_VENT_Devicemetric_Eingestellte_Gemessene_Parameter_Beatmung,DeviceMetric,1,identical,2026.0.0|2026.0.1,2,True,
de.medizininformatikinitiative.kerndatensatz.icu,icu,https://www.medizininformatik-initiative.de/fhir/ext/modul-icu/StructureDefinition/mii-pr-icu-vent-druckdifferenz-beatmung,MII_PR_ICU_VENT_Druckdifferenz_Beatmung,Observation,1,identical,2026.0.0|2026.0.1,2,False,
de.medizininformatikinitiative.kerndatensatz.icu,icu,https://www.medizininformatik-initiative.de/fhir/ext/modul-icu/StructureDefinition/mii-pr-icu-vent-druckdifferenz-beatmung,MII_PR_ICU_VENT_Druckdifferenz_Beatmung,Observation,2,identical,2026.0.3|2027.0.0,2,False,True
de.medizininformatikinitiative.kerndatensatz.icu,icu,https://www.medizininformatik-initiative.de/fhir/ext/modul-icu/StructureDefinition/mii-pr-icu-vent-druckdifferenz-beatmung,MII_PR_ICU_VENT_Druckdifferenz_Beatmung,Observation,3,identical,2027.0.0-ballot.3,1,True,False
de.medizininformatikinitiative.kerndatensatz.icu,icu,https://www.medizininformatik-initiative.de/fhir/ext/modul-icu/StructureDefinition/mii-pr-icu-vent-dynamische-kompliance,MII_PR_ICU_VENT_Dynamische_Kompliance,Observation,1,identical,2026.0.0|2026.0.1,2,False,
de.medizininformatikinitiative.kerndatensatz.icu,icu,https://www.medizininformatik-initiative.de/fhir/ext/modul-icu/StructureDefinition/mii-pr-icu-vent-dynamische-kompliance,MII_PR_ICU_VENT_Dynamische_Kompliance,Observation,2,identical,2026.0.3|2027.0.0,2,False,True
de.medizininformatikinitiative.kerndatensatz.icu,icu,https://www.medizininformatik-initiative.de/fhir/ext/modul-icu/StructureDefinition/mii-pr-icu-vent-dynamische-kompliance,MII_PR_ICU_VENT_Dynamische_Kompliance,Observation,3,identical,2027.0.0-ballot.3,1,True,False
de.medizininformatikinitiative.kerndatensatz.icu,icu,https://www.medizininformatik-initiative.de/fhir/ext/modul-icu/StructureDefinition/mii-pr-icu-vent-eingestellter-inspiratorischer-gasfluss,MII_PR_ICU_VENT_Eingestellter_Inspiratorischer_Gasfluss,Observation,1,identical,2026.0.0|2026.0.1,2,False,
de.medizininformatikinitiative.kerndatensatz.icu,icu,https://www.medizininformatik-initiative.de/fhir/ext/modul-icu/StructureDefinition/mii-pr-icu-vent-eingestellter-inspiratorischer-gasfluss,MII_PR_ICU_VENT_Eingestellter_Inspiratorischer_Gasfluss,Observation,2,identical,2026.0.3|2027.0.0,2,False,True
de.medizininformatikinitiative.kerndatensatz.icu,icu,https://www.medizininformatik-initiative.de/fhir/ext/modul-icu/StructureDefinition/mii-pr-icu-vent-eingestellter-inspiratorischer-gasfluss,MII_PR_ICU_VENT_Eingestellter_Inspiratorischer_Gasfluss,Observation,3,identical,2027.0.0-ballot.3,1,True,False
de.medizininformatikinitiative.kerndatensatz.icu,icu,https://www.medizininformatik-initiative.de/fhir/ext/modul-icu/StructureDefinition/mii-pr-icu-vent-einstellung-ausatmungszeit-beatmung,MII_PR_ICU_VENT_Einstellung_Ausatmungszeit_Beatmung,Observation,1,identical,2026.0.0|2026.0.1,2,False,
de.medizininformatikinitiative.kerndatensatz.icu,icu,https://www.medizininformatik-initiative.de/fhir/ext/modul-icu/StructureDefinition/mii-pr-icu-vent-einstellung-ausatmungszeit-beatmung,MII_PR_ICU_VENT_Einstellung_Ausatmungszeit_Beatmung,Observation,2,identical,2026.0.3|2027.0.0,2,False,True
de.medizininformatikinitiative.kerndatensatz.icu,icu,https://www.medizininformatik-initiative.de/fhir/ext/modul-icu/StructureDefinition/mii-pr-icu-vent-einstellung-ausatmungszeit-beatmung,MII_PR_ICU_VENT_Einstellung_Ausatmungszeit_Beatmung,Observation,3,identical,2027.0.0-ballot.3,1,True,False
de.medizininformatikinitiative.kerndatensatz.icu,icu,https://www.medizininformatik-initiative.de/fhir/ext/modul-icu/StructureDefinition/mii-pr-icu-vent-einstellung-einatmungszeit-beatmung,MII_PR_ICU_VENT_Einstellung_Einatmungszeit_Beatmung,Observation,1,identical,2026.0.0|2026.0.1,2,False,
de.medizininformatikinitiative.kerndatensatz.icu,icu,https://www.medizininformatik-initiative.de/fhir/ext/modul-icu/StructureDefinition/mii-pr-icu-vent-einstellung-einatmungszeit-beatmung,MII_PR_ICU_VENT_Einstellung_Einatmungszeit_Beatmung,Observation,2,identical,2026.0.3|2027.0.0,2,False,True
de.medizininformatikinitiative.kerndatensatz.icu,icu,https://www.medizininformatik-initiative.de/fhir/ext/modul-icu/StructureDefinition/mii-pr-icu-vent-einstellung-einatmungszeit-beatmung,MII_PR_ICU_VENT_Einstellung_Einatmungszeit_Beatmung,Observation,3,identical,2027.0.0-ballot.3,1,True,False
de.medizininformatikinitiative.kerndatensatz.icu,icu,https://www.medizininformatik-initiative.de/fhir/ext/modul-icu/StructureDefinition/mii-pr-icu-vent-endexpiratorischer-kohlendioxidpartialdruck,MII_PR_ICU_VENT_Endexpiratorischer_Kohlendioxidpartialdruck,Observation,1,identical,2026.0.3|2027.0.0,2,False,
de.medizininformatikinitiative.kerndatensatz.icu,icu,https://www.medizininformatik-initiative.de/fhir/ext/modul-icu/StructureDefinition/mii-pr-icu-vent-endexpiratorischer-kohlendioxidpartialdruck,MII_PR_ICU_VENT_Endexpiratorischer_Kohlendioxidpartialdruck,Observation,2,identical,2027.0.0-ballot.3,1,True,False
de.medizininformatikinitiative.kerndatensatz.icu,icu,https://www.medizininformatik-initiative.de/fhir/ext/modul-icu/StructureDefinition/mii-pr-icu-vent-endexspiratorischer-kohlendioxidpartialdruck,MII_PR_ICU_VENT_Endexspiratorischer_Kohlendioxidpartialdruck,Observation,1,identical,2026.0.0|2026.0.1,2,True,
de.medizininformatikinitiative.kerndatensatz.icu,icu,https://www.medizininformatik-initiative.de/fhir/ext/modul-icu/StructureDefinition/mii-pr-icu-vent-exspiratorischer-gasfluss,MII_PR_ICU_VENT_Exspiratorischer_Gasfluss,Observation,1,identical,2026.0.0|2026.0.1,2,False,
de.medizininformatikinitiative.kerndatensatz.icu,icu,https://www.medizininformatik-initiative.de/fhir/ext/modul-icu/StructureDefinition/mii-pr-icu-vent-exspiratorischer-gasfluss,MII_PR_ICU_VENT_Exspiratorischer_Gasfluss,Observation,2,identical,2026.0.3|2027.0.0,2,False,True
de.medizininformatikinitiative.kerndatensatz.icu,icu,https://www.medizininformatik-initiative.de/fhir/ext/modul-icu/StructureDefinition/mii-pr-icu-vent-exspiratorischer-gasfluss,MII_PR_ICU_VENT_Exspiratorischer_Gasfluss,Observation,3,identical,2027.0.0-ballot.3,1,True,False
de.medizininformatikinitiative.kerndatensatz.icu,icu,https://www.medizininformatik-initiative.de/fhir/ext/modul-icu/StructureDefinition/mii-pr-icu-vent-exspiratorischer-sauerstoffpartialdruck,MII_PR_ICU_VENT_Exspiratorischer_Sauerstoffpartialdruck,Observation,1,identical,2026.0.0|2026.0.1,2,False,
de.medizininformatikinitiative.kerndatensatz.icu,icu,https://www.medizininformatik-initiative.de/fhir/ext/modul-icu/StructureDefinition/mii-pr-icu-vent-exspiratorischer-sauerstoffpartialdruck,MII_PR_ICU_VENT_Exspiratorischer_Sauerstoffpartialdruck,Observation,2,identical,2026.0.3|2027.0.0,2,False,True
de.medizininformatikinitiative.kerndatensatz.icu,icu,https://www.medizininformatik-initiative.de/fhir/ext/modul-icu/StructureDefinition/mii-pr-icu-vent-exspiratorischer-sauerstoffpartialdruck,MII_PR_ICU_VENT_Exspiratorischer_Sauerstoffpartialdruck,Observation,3,identical,2027.0.0-ballot.3,1,True,False
de.medizininformatikinitiative.kerndatensatz.icu,icu,https://www.medizininformatik-initiative.de/fhir/ext/modul-icu/StructureDefinition/mii-pr-icu-vent-horowitz-in-arteriellem-blut,MII_PR_ICU_VENT_Horowitz_In_Arteriellem_Blut,Observation,1,identical,2026.0.0|2026.0.1,2,False,
de.medizininformatikinitiative.kerndatensatz.icu,icu,https://www.medizininformatik-initiative.de/fhir/ext/modul-icu/StructureDefinition/mii-pr-icu-vent-horowitz-in-arteriellem-blut,MII_PR_ICU_VENT_Horowitz_In_Arteriellem_Blut,Observation,2,identical,2026.0.3|2027.0.0,2,False,True
de.medizininformatikinitiative.kerndatensatz.icu,icu,https://www.medizininformatik-initiative.de/fhir/ext/modul-icu/StructureDefinition/mii-pr-icu-vent-horowitz-in-arteriellem-blut,MII_PR_ICU_VENT_Horowitz_In_Arteriellem_Blut,Observation,3,identical,2027.0.0-ballot.3,1,True,False
de.medizininformatikinitiative.kerndatensatz.icu,icu,https://www.medizininformatik-initiative.de/fhir/ext/modul-icu/StructureDefinition/mii-pr-icu-vent-inspiratorische-sauerstofffraktion,MII_PR_ICU_VENT_Inspiratorische_Sauerstofffraktion,Observation,1,identical,2026.0.0|2026.0.1,2,False,
de.medizininformatikinitiative.kerndatensatz.icu,icu,https://www.medizininformatik-initiative.de/fhir/ext/modul-icu/StructureDefinition/mii-pr-icu-vent-inspiratorische-sauerstofffraktion,MII_PR_ICU_VENT_Inspiratorische_Sauerstofffraktion,Observation,2,identical,2026.0.3|2027.0.0,2,False,True
de.medizininformatikinitiative.kerndatensatz.icu,icu,https://www.medizininformatik-initiative.de/fhir/ext/modul-icu/StructureDefinition/mii-pr-icu-vent-inspiratorische-sauerstofffraktion,MII_PR_ICU_VENT_Inspiratorische_Sauerstofffraktion,Observation,3,identical,2027.0.0-ballot.3,1,True,False
de.medizininformatikinitiative.kerndatensatz.icu,icu,https://www.medizininformatik-initiative.de/fhir/ext/modul-icu/StructureDefinition/mii-pr-icu-vent-inspiratorische-sauerstofffraktion-eingestellt,MII_PR_ICU_VENT_Inspiratorische_Sauerstofffraktion_Eingestellt,Observation,1,identical,2026.0.0|2026.0.1,2,True,
de.medizininformatikinitiative.kerndatensatz.icu,icu,https://www.medizininformatik-initiative.de/fhir/ext/modul-icu/StructureDefinition/mii-pr-icu-vent-inspiratorische-sauerstofffraktion-gemessen,MII_PR_ICU_VENT_Inspiratorische_Sauerstofffraktion_Gemessen,Observation,1,identical,2026.0.0|2026.0.1,2,True,
de.medizininformatikinitiative.kerndatensatz.icu,icu,https://www.medizininformatik-initiative.de/fhir/ext/modul-icu/StructureDefinition/mii-pr-icu-vent-inspiratorischer-gasfluss,MII_PR_ICU_VENT_Inspiratorischer_Gasfluss,Observation,1,identical,2026.0.0|2026.0.1,2,False,
de.medizininformatikinitiative.kerndatensatz.icu,icu,https://www.medizininformatik-initiative.de/fhir/ext/modul-icu/StructureDefinition/mii-pr-icu-vent-inspiratorischer-gasfluss,MII_PR_ICU_VENT_Inspiratorischer_Gasfluss,Observation,2,identical,2026.0.3|2027.0.0,2,False,True
de.medizininformatikinitiative.kerndatensatz.icu,icu,https://www.medizininformatik-initiative.de/fhir/ext/modul-icu/StructureDefinition/mii-pr-icu-vent-inspiratorischer-gasfluss,MII_PR_ICU_VENT_Inspiratorischer_Gasfluss,Observation,3,identical,2027.0.0-ballot.3,1,True,False
de.medizininformatikinitiative.kerndatensatz.icu,icu,https://www.medizininformatik-initiative.de/fhir/ext/modul-icu/StructureDefinition/mii-pr-icu-vent-maximaler-beatmungsdruck,MII_PR_ICU_VENT_Maximaler_Beatmungsdruck,Observation,1,identical,2026.0.0|2026.0.1,2,False,
de.medizininformatikinitiative.kerndatensatz.icu,icu,https://www.medizininformatik-initiative.de/fhir/ext/modul-icu/StructureDefinition/mii-pr-icu-vent-maximaler-beatmungsdruck,MII_PR_ICU_VENT_Maximaler_Beatmungsdruck,Observation,2,identical,2026.0.3|2027.0.0,2,False,True
de.medizininformatikinitiative.kerndatensatz.icu,icu,https://www.medizininformatik-initiative.de/fhir/ext/modul-icu/StructureDefinition/mii-pr-icu-vent-maximaler-beatmungsdruck,MII_PR_ICU_VENT_Maximaler_Beatmungsdruck,Observation,3,identical,2027.0.0-ballot.3,1,True,False
de.medizininformatikinitiative.kerndatensatz.icu,icu,https://www.medizininformatik-initiative.de/fhir/ext/modul-icu/StructureDefinition/mii-pr-icu-vent-maximaler-inspiratorischer-beatmungsdruck,MII_PR_ICU_VENT_Maximaler_Inspiratorischer_Beatmungsdruck,Observation,1,sole-version,2027.0.0-ballot.3,1,True,
de.medizininformatikinitiative.kerndatensatz.icu,icu,https://www.medizininformatik-initiative.de/fhir/ext/modul-icu/StructureDefinition/mii-pr-icu-vent-mechanische-atemfrequenz-beatmet,MII_PR_ICU_VENT_Mechanische_Atemfrequenz_Beatmet,Observation,1,identical,2026.0.0|2026.0.1,2,False,
de.medizininformatikinitiative.kerndatensatz.icu,icu,https://www.medizininformatik-initiative.de/fhir/ext/modul-icu/StructureDefinition/mii-pr-icu-vent-mechanische-atemfrequenz-beatmet,MII_PR_ICU_VENT_Mechanische_Atemfrequenz_Beatmet,Observation,2,identical,2026.0.3|2027.0.0,2,False,True
de.medizininformatikinitiative.kerndatensatz.icu,icu,https://www.medizininformatik-initiative.de/fhir/ext/modul-icu/StructureDefinition/mii-pr-icu-vent-mechanische-atemfrequenz-beatmet,MII_PR_ICU_VENT_Mechanische_Atemfrequenz_Beatmet,Observation,3,identical,2027.0.0-ballot.3,1,True,False
de.medizininformatikinitiative.kerndatensatz.icu,icu,https://www.medizininformatik-initiative.de/fhir/ext/modul-icu/StructureDefinition/mii-pr-icu-vent-mittlerer-beatmungsdruck,MII_PR_ICU_VENT_Mittlerer_Beatmungsdruck,Observation,1,identical,2026.0.0|2026.0.1,2,False,
de.medizininformatikinitiative.kerndatensatz.icu,icu,https://www.medizininformatik-initiative.de/fhir/ext/modul-icu/StructureDefinition/mii-pr-icu-vent-mittlerer-beatmungsdruck,MII_PR_ICU_VENT_Mittlerer_Beatmungsdruck,Observation,2,identical,2027.0.0-ballot.3,1,True,True
de.medizininformatikinitiative.kerndatensatz.icu,icu,https://www.medizininformatik-initiative.de/fhir/ext/modul-icu/StructureDefinition/mii-pr-icu-vent-mittlerer-inspiratorischer-beatmungsdruck,MII_PR_ICU_VENT_Mittlerer_Inspiratorischer_Beatmungsdruck,Observation,1,identical,2026.0.3|2027.0.0,2,False,
de.medizininformatikinitiative.kerndatensatz.icu,icu,https://www.medizininformatik-initiative.de/fhir/ext/modul-icu/StructureDefinition/mii-pr-icu-vent-mittlerer-inspiratorischer-beatmungsdruck,MII_PR_ICU_VENT_Mittlerer_Inspiratorischer_Beatmungsdruck,Observation,2,identical,2027.0.0-ballot.3,1,True,False
de.medizininformatikinitiative.kerndatensatz.icu,icu,https://www.medizininformatik-initiative.de/fhir/ext/modul-icu/StructureDefinition/mii-pr-icu-vent-parameter-von-beatmung,MII_PR_ICU_VENT_Parameter_Von_Beatmung,Observation,1,identical,2026.0.0|2026.0.1,2,True,
de.medizininformatikinitiative.kerndatensatz.icu,icu,https://www.medizininformatik-initiative.de/fhir/ext/modul-icu/StructureDefinition/mii-pr-icu-vent-plateau-beatmungsdruck,MII_PR_ICU_VENT_Plateau_Beatmungsdruck,Observation,1,identical,2026.0.3|2027.0.0,2,False,
de.medizininformatikinitiative.kerndatensatz.icu,icu,https://www.medizininformatik-initiative.de/fhir/ext/modul-icu/StructureDefinition/mii-pr-icu-vent-plateau-beatmungsdruck,MII_PR_ICU_VENT_Plateau_Beatmungsdruck,Observation,2,identical,2027.0.0-ballot.3,1,True,False
de.medizininformatikinitiative.kerndatensatz.icu,icu,https://www.medizininformatik-initiative.de/fhir/ext/modul-icu/StructureDefinition/mii-pr-icu-vent-positiv-endexpiratorischer-druck,MII_PR_ICU_VENT_Positiv_Endexpiratorischer_Druck,Observation,1,identical,2026.0.3|2027.0.0,2,False,
de.medizininformatikinitiative.kerndatensatz.icu,icu,https://www.medizininformatik-initiative.de/fhir/ext/modul-icu/StructureDefinition/mii-pr-icu-vent-positiv-endexpiratorischer-druck,MII_PR_ICU_VENT_Positiv_Endexpiratorischer_Druck,Observation,2,identical,2027.0.0-ballot.3,1,True,False
de.medizininformatikinitiative.kerndatensatz.icu,icu,https://www.medizininformatik-initiative.de/fhir/ext/modul-icu/StructureDefinition/mii-pr-icu-vent-positiv-endexspiratorischer-druck,MII_PR_ICU_VENT_Positiv_Endexspiratorischer_Druck,Observation,1,identical,2026.0.0|2026.0.1,2,True,
de.medizininformatikinitiative.kerndatensatz.icu,icu,https://www.medizininformatik-initiative.de/fhir/ext/modul-icu/StructureDefinition/mii-pr-icu-vent-spontane-atemfrequenz-beatmet,MII_PR_ICU_VENT_Spontane_Atemfrequenz_Beatmet,Observation,1,identical,2026.0.0|2026.0.1,2,False,
de.medizininformatikinitiative.kerndatensatz.icu,icu,https://www.medizininformatik-initiative.de/fhir/ext/modul-icu/StructureDefinition/mii-pr-icu-vent-spontane-atemfrequenz-beatmet,MII_PR_ICU_VENT_Spontane_Atemfrequenz_Beatmet,Observation,2,identical,2026.0.3|2027.0.0,2,False,True
de.medizininformatikinitiative.kerndatensatz.icu,icu,https://www.medizininformatik-initiative.de/fhir/ext/modul-icu/StructureDefinition/mii-pr-icu-vent-spontane-atemfrequenz-beatmet,MII_PR_ICU_VENT_Spontane_Atemfrequenz_Beatmet,Observation,3,identical,2027.0.0-ballot.3,1,True,False
de.medizininformatikinitiative.kerndatensatz.icu,icu,https://www.medizininformatik-initiative.de/fhir/ext/modul-icu/StructureDefinition/mii-pr-icu-vent-spontane-mechanische-atemfrequenz-beatmet,MII_PR_ICU_VENT_Spontane_Mechanische_Atemfrequenz_Beatmet,Observation,1,identical,2026.0.0|2026.0.1,2,False,
de.medizininformatikinitiative.kerndatensatz.icu,icu,https://www.medizininformatik-initiative.de/fhir/ext/modul-icu/StructureDefinition/mii-pr-icu-vent-spontane-mechanische-atemfrequenz-beatmet,MII_PR_ICU_VENT_Spontane_Mechanische_Atemfrequenz_Beatmet,Observation,2,identical,2026.0.3|2027.0.0,2,False,True
de.medizininformatikinitiative.kerndatensatz.icu,icu,https://www.medizininformatik-initiative.de/fhir/ext/modul-icu/StructureDefinition/mii-pr-icu-vent-spontane-mechanische-atemfrequenz-beatmet,MII_PR_ICU_VENT_Spontane_Mechanische_Atemfrequenz_Beatmet,Observation,3,identical,2027.0.0-ballot.3,1,True,False
de.medizininformatikinitiative.kerndatensatz.icu,icu,https://www.medizininformatik-initiative.de/fhir/ext/modul-icu/StructureDefinition/mii-pr-icu-vent-spontanes-atemzugvolumen,MII_PR_ICU_VENT_Spontanes_Atemzugvolumen,Observation,1,identical,2026.0.0|2026.0.1,2,False,
de.medizininformatikinitiative.kerndatensatz.icu,icu,https://www.medizininformatik-initiative.de/fhir/ext/modul-icu/StructureDefinition/mii-pr-icu-vent-spontanes-atemzugvolumen,MII_PR_ICU_VENT_Spontanes_Atemzugvolumen,Observation,2,identical,2026.0.3|2027.0.0,2,False,True
de.medizininformatikinitiative.kerndatensatz.icu,icu,https://www.medizininformatik-initiative.de/fhir/ext/modul-icu/StructureDefinition/mii-pr-icu-vent-spontanes-atemzugvolumen,MII_PR_ICU_VENT_Spontanes_Atemzugvolumen,Observation,3,identical,2027.0.0-ballot.3,1,True,False
de.medizininformatikinitiative.kerndatensatz.icu,icu,https://www.medizininformatik-initiative.de/fhir/ext/modul-icu/StructureDefinition/mii-pr-icu-vent-spontanes-mechanisches-atemzugvolumen-waehrend,MII_PR_ICU_VENT_Spontanes_Mechanisches_Atemzugvolumen_Waehrend,Observation,1,identical,2026.0.0|2026.0.1,2,True,
de.medizininformatikinitiative.kerndatensatz.icu,icu,https://www.medizininformatik-initiative.de/fhir/ext/modul-icu/StructureDefinition/mii-pr-icu-vent-spontanes-mechanisches-atemzugvolumen-waehrend-beatmung,MII_PR_ICU_VENT_Spontanes_Plus_Mechanisches_Atemzugvolumen,Observation,1,identical,2026.0.3|2027.0.0,2,False,
de.medizininformatikinitiative.kerndatensatz.icu,icu,https://www.medizininformatik-initiative.de/fhir/ext/modul-icu/StructureDefinition/mii-pr-icu-vent-spontanes-mechanisches-atemzugvolumen-waehrend-beatmung,MII_PR_ICU_VENT_Spontanes_Plus_Mechanisches_Atemzugvolumen,Observation,2,identical,2027.0.0-ballot.3,1,True,False
de.medizininformatikinitiative.kerndatensatz.icu,icu,https://www.medizininformatik-initiative.de/fhir/ext/modul-icu/StructureDefinition/mii-pr-icu-vent-unterstuetzungsdruck-beatmung,MII_PR_ICU_VENT_Unterstuezungsdruck_Beatmung,Observation,1,identical,2026.0.0|2026.0.1,2,False,
de.medizininformatikinitiative.kerndatensatz.icu,icu,https://www.medizininformatik-initiative.de/fhir/ext/modul-icu/StructureDefinition/mii-pr-icu-vent-unterstuetzungsdruck-beatmung,MII_PR_ICU_VENT_Unterstuezungsdruck_Beatmung,Observation,2,identical,2026.0.3|2027.0.0,2,False,True
de.medizininformatikinitiative.kerndatensatz.icu,icu,https://www.medizininformatik-initiative.de/fhir/ext/modul-icu/StructureDefinition/mii-pr-icu-vent-unterstuetzungsdruck-beatmung,MII_PR_ICU_VENT_Unterstuezungsdruck_Beatmung,Observation,3,identical,2027.0.0-ballot.3,1,True,False
de.medizininformatikinitiative.kerndatensatz.icu,icu,https://www.medizininformatik-initiative.de/fhir/ext/modul-icu/StructureDefinition/mii-pr-icu-vent-zeitverhaeltnis-ein-ausatmung,MII_PR_ICU_VENT_Zeitverhaeltnis_Ein_Ausatmung,Observation,1,identical,2026.0.0|2026.0.1,2,False,
de.medizininformatikinitiative.kerndatensatz.icu,icu,https://www.medizininformatik-initiative.de/fhir/ext/modul-icu/StructureDefinition/mii-pr-icu-vent-zeitverhaeltnis-ein-ausatmung,MII_PR_ICU_VENT_Zeitverhaeltnis_Ein_Ausatmung,Observation,2,identical,2026.0.3|2027.0.0,2,False,True
de.medizininformatikinitiative.kerndatensatz.icu,icu,https://www.medizininformatik-initiative.de/fhir/ext/modul-icu/StructureDefinition/mii-pr-icu-vent-zeitverhaeltnis-ein-ausatmung,MII_PR_ICU_VENT_Zeitverhaeltnis_Ein_Ausatmung,Observation,3,identical,2027.0.0-ballot.3,1,True,False
de.medizininformatikinitiative.kerndatensatz.icu,icu,https://www.medizininformatik-initiative.de/fhir/ext/modul-icu/StructureDefinition/mii-pr-icu-zeitverhaeltnis-ein-ausatmung,MIIPR_ICU_Zeitverhaeltnis_Ein_Ausatmung,Observation,1,identical,2026.0.0|2026.0.1|2026.0.2,3,True,
de.medizininformatikinitiative.kerndatensatz.icu,icu,https://www.medizininformatik-initiative.de/fhir/ext/modul-icu/StructureDefinition/mittlerer-beatmungsdruck,SD_MII_ICU_Mittlerer_Beatmungsdruck,Observation,1,identical,1.0.0,1,False,
de.medizininformatikinitiative.kerndatensatz.icu,icu,https://www.medizininformatik-initiative.de/fhir/ext/modul-icu/StructureDefinition/mittlerer-beatmungsdruck,SD_MII_ICU_Mittlerer_Beatmungsdruck,Observation,2,identical,2025.0.0|2025.0.1|2025.0.2|2025.0.3|2025.0.4,5,True,True
de.medizininformatikinitiative.kerndatensatz.icu,icu,https://www.medizininformatik-initiative.de/fhir/ext/modul-icu/StructureDefinition/monitoring-und-vitaldaten,SD_MII_ICU_Monitoring_Und_Vitaldaten,Observation,1,sole-version,1.0.0,1,True,
de.medizininformatikinitiative.kerndatensatz.icu,icu,https://www.medizininformatik-initiative.de/fhir/ext/modul-icu/StructureDefinition/parameter-von-beatmung,SD_MII_ICU_Parameter_Von_Beatmung,Observation,1,canonical-only,1.0.0|2025.0.0|2025.0.1|2025.0.2|2025.0.3|2025.0.4,6,True,
de.medizininformatikinitiative.kerndatensatz.icu,icu,https://www.medizininformatik-initiative.de/fhir/ext/modul-icu/StructureDefinition/parameter-von-extrakorporalen-verfahren,SD_MII_ICU_Parameter_Von_Extrakorporalen_Verfahren,Observation,1,canonical-only,1.0.0|2025.0.0|2025.0.1|2025.0.2|2025.0.3|2025.0.4,6,True,
de.medizininformatikinitiative.kerndatensatz.icu,icu,https://www.medizininformatik-initiative.de/fhir/ext/modul-icu/StructureDefinition/periphere-artierielle-sauerstoffsaettigung,SD_MII_ICU_Periphere_Artierielle_Sauerstoffsaettigung,Observation,1,sole-version,1.0.0,1,True,
de.medizininformatikinitiative.kerndatensatz.icu,icu,https://www.medizininformatik-initiative.de/fhir/ext/modul-icu/StructureDefinition/positiv-endexpiratorischer-druck,SD_MII_ICU_Positiv_Endexpiratorischer_Druck,Observation,1,sole-version,1.0.0,1,True,
de.medizininformatikinitiative.kerndatensatz.icu,icu,https://www.medizininformatik-initiative.de/fhir/ext/modul-icu/StructureDefinition/positiv-endexspiratorischer-druck,SD_MII_ICU_Positiv_Endexspiratorischer_Druck,Observation,1,identical,2025.0.0|2025.0.1|2025.0.2|2025.0.3|2025.0.4,5,True,
de.medizininformatikinitiative.kerndatensatz.icu,icu,https://www.medizininformatik-initiative.de/fhir/ext/modul-icu/StructureDefinition/pulmonalarterieller-blutdruck,SD_MII_ICU_Pulmonalarterieller_Blutdruck,Observation,1,sole-version,1.0.0,1,True,
de.medizininformatikinitiative.kerndatensatz.icu,icu,https://www.medizininformatik-initiative.de/fhir/ext/modul-icu/StructureDefinition/pulmonalarterieller-wedge-druck,SD_MII_ICU_Pulmonalarterieller_Wedge_Druck,Observation,1,sole-version,1.0.0,1,True,
de.medizininformatikinitiative.kerndatensatz.icu,icu,https://www.medizininformatik-initiative.de/fhir/ext/modul-icu/StructureDefinition/pulmonalvaskulaerer-widerstandsindex,SD_MII_ICU_Pulmonalvaskulaerer_Widerstandsindex,Observation,1,sole-version,1.0.0,1,True,
de.medizininformatikinitiative.kerndatensatz.icu,icu,https://www.medizininformatik-initiative.de/fhir/ext/modul-icu/StructureDefinition/puls,SD_MII_ICU_Puls,Observation,1,sole-version,1.0.0,1,True,
de.medizininformatikinitiative.kerndatensatz.icu,icu,https://www.medizininformatik-initiative.de/fhir/ext/modul-icu/StructureDefinition/rechtsatrialer-druck,SD_MII_ICU_Rechtsatrialer_Druck,Observation,1,sole-version,1.0.0,1,True,
de.medizininformatikinitiative.kerndatensatz.icu,icu,https://www.medizininformatik-initiative.de/fhir/ext/modul-icu/StructureDefinition/rechtsventrikulaerer-druck,SD_MII_ICU_Rechtsventrikulaerer_Druck,Observation,1,sole-version,1.0.0,1,True,
de.medizininformatikinitiative.kerndatensatz.icu,icu,https://www.medizininformatik-initiative.de/fhir/ext/modul-icu/StructureDefinition/sauerstoffgasfluss,SD_MII_ICU_Sauerstoffgasfluss,Observation,1,sole-version,1.0.0,1,True,
de.medizininformatikinitiative.kerndatensatz.icu,icu,https://www.medizininformatik-initiative.de/fhir/ext/modul-icu/StructureDefinition/sauerstoffsaettigung-im-arteriellen-blut-durch-pulsoxymetrie,SD_MII_ICU_Sauerstoffsaettigung_Im_Arteriellen_Blut_Durch_Pulsoxymetrie,Observation,1,sole-version,1.0.0,1,True,
de.medizininformatikinitiative.kerndatensatz.icu,icu,https://www.medizininformatik-initiative.de/fhir/ext/modul-icu/StructureDefinition/sauerstoffsaettigung-im-blut-postduktal-durch-pulsoxymetrie,SD_MII_ICU_Sauerstoffsaettigung_Im_Blut_Postduktal_Durch_Pulsoxymetrie,Observation,1,sole-version,1.0.0,1,True,
de.medizininformatikinitiative.kerndatensatz.icu,icu,https://www.medizininformatik-initiative.de/fhir/ext/modul-icu/StructureDefinition/sauerstoffsaettigung-im-blut-preduktal-durch-pulsoxymetrie,SD_MII_ICU_Sauerstoffsaettigung_Im_Blut_Preduktal_Durch_Pulsoxymetrie,Observation,1,sole-version,1.0.0,1,True,
de.medizininformatikinitiative.kerndatensatz.icu,icu,https://www.medizininformatik-initiative.de/fhir/ext/modul-icu/StructureDefinition/score,SD_MII_ICU_Score,Observation,1,identical,2025.0.0|2025.0.1|2025.0.2|2025.0.3,4,True,
de.medizininformatikinitiative.kerndatensatz.icu,icu,https://www.medizininformatik-initiative.de/fhir/ext/modul-icu/StructureDefinition/score-apgar-1-min,SD_MII_ICU_Score_Apgar_1_Min,Observation,1,canonical-only,2025.0.0|2025.0.1|2025.0.2|2025.0.3,4,True,
de.medizininformatikinitiative.kerndatensatz.icu,icu,https://www.medizininformatik-initiative.de/fhir/ext/modul-icu/StructureDefinition/score-apgar-10-min,SD_MII_ICU_Score_Apgar_10_Min,Observation,1,canonical-only,2025.0.0|2025.0.1|2025.0.2|2025.0.3,4,True,
de.medizininformatikinitiative.kerndatensatz.icu,icu,https://www.medizininformatik-initiative.de/fhir/ext/modul-icu/StructureDefinition/score-apgar-5-min,SD_MII_ICU_Score_Apgar_5_Min,Observation,1,canonical-only,2025.0.0|2025.0.1|2025.0.2|2025.0.3,4,True,
de.medizininformatikinitiative.kerndatensatz.icu,icu,https://www.medizininformatik-initiative.de/fhir/ext/modul-icu/StructureDefinition/score-cha2ds2-vasc,SD_MII_ICU_Score_CHA2DS2_VASc,Observation,1,canonical-only,2025.0.0|2025.0.1|2025.0.2|2025.0.3,4,True,
de.medizininformatikinitiative.kerndatensatz.icu,icu,https://www.medizininformatik-initiative.de/fhir/ext/modul-icu/StructureDefinition/score-child-pugh,SD_MII_ICU_Score_Child_Pugh,Observation,1,canonical-only,2025.0.0|2025.0.1|2025.0.2|2025.0.3,4,True,
de.medizininformatikinitiative.kerndatensatz.icu,icu,https://www.medizininformatik-initiative.de/fhir/ext/modul-icu/StructureDefinition/score-frailty-index,SD_MII_ICU_Score_Frailty Index,Observation,1,canonical-only,2025.0.0|2025.0.1|2025.0.2|2025.0.3,4,True,
de.medizininformatikinitiative.kerndatensatz.icu,icu,https://www.medizininformatik-initiative.de/fhir/ext/modul-icu/StructureDefinition/score-glasgow-coma,SD_MII_ICU_Score_Glasgow_Coma,Observation,1,canonical-only,2025.0.0|2025.0.1|2025.0.2|2025.0.3,4,True,
de.medizininformatikinitiative.kerndatensatz.icu,icu,https://www.medizininformatik-initiative.de/fhir/ext/modul-icu/StructureDefinition/score-sofa,SD_MII_ICU_Score_SOFA,Observation,1,canonical-only,2025.0.0|2025.0.1|2025.0.2|2025.0.3,4,True,
de.medizininformatikinitiative.kerndatensatz.icu,icu,https://www.medizininformatik-initiative.de/fhir/ext/modul-icu/StructureDefinition/score-therapeutic-intervention,SD_MII_ICU_Score_Therapeutic_Intervention,Observation,1,canonical-only,2025.0.0|2025.0.1|2025.0.2|2025.0.3,4,True,
de.medizininformatikinitiative.kerndatensatz.icu,icu,https://www.medizininformatik-initiative.de/fhir/ext/modul-icu/StructureDefinition/spontane-atemfrequenz-beatmet,SD_MII_ICU_Spontane_Atemfrequenz_Beatmet,Observation,1,identical,1.0.0,1,False,
de.medizininformatikinitiative.kerndatensatz.icu,icu,https://www.medizininformatik-initiative.de/fhir/ext/modul-icu/StructureDefinition/spontane-atemfrequenz-beatmet,SD_MII_ICU_Spontane_Atemfrequenz_Beatmet,Observation,2,identical,2025.0.0|2025.0.1|2025.0.2|2025.0.3|2025.0.4,5,True,True
de.medizininformatikinitiative.kerndatensatz.icu,icu,https://www.medizininformatik-initiative.de/fhir/ext/modul-icu/StructureDefinition/spontane-mechanische-atemfrequenz-beatmet,SD_MII_ICU_Spontane_Mechanische_Atemfrequenz_Beatmet,Observation,1,identical,1.0.0,1,False,
de.medizininformatikinitiative.kerndatensatz.icu,icu,https://www.medizininformatik-initiative.de/fhir/ext/modul-icu/StructureDefinition/spontane-mechanische-atemfrequenz-beatmet,SD_MII_ICU_Spontane_Mechanische_Atemfrequenz_Beatmet,Observation,2,identical,2025.0.0|2025.0.1|2025.0.2|2025.0.3|2025.0.4,5,True,True
de.medizininformatikinitiative.kerndatensatz.icu,icu,https://www.medizininformatik-initiative.de/fhir/ext/modul-icu/StructureDefinition/spontanes-atemzugvolumen,SD_MII_ICU_Spontanes_Atemzugvolumen,Observation,1,identical,1.0.0,1,False,
de.medizininformatikinitiative.kerndatensatz.icu,icu,https://www.medizininformatik-initiative.de/fhir/ext/modul-icu/StructureDefinition/spontanes-atemzugvolumen,SD_MII_ICU_Spontanes_Atemzugvolumen,Observation,2,identical,2025.0.0|2025.0.1|2025.0.2|2025.0.3|2025.0.4,5,True,True
de.medizininformatikinitiative.kerndatensatz.icu,icu,https://www.medizininformatik-initiative.de/fhir/ext/modul-icu/StructureDefinition/spontanes-mechanisches-atemzugvolumen-waehrend,SD_MII_ICU_Spontanes_Mechanisches_Atemzugvolumen_Waehrend,Observation,1,identical,2025.0.0|2025.0.1|2025.0.2|2025.0.3|2025.0.4,5,True,
de.medizininformatikinitiative.kerndatensatz.icu,icu,https://www.medizininformatik-initiative.de/fhir/ext/modul-icu/StructureDefinition/spontanes-mechanisches-atemzugvolumen-waehrend-beatmung,SD_MII_ICU_Spontanes_Mechanisches_Atemzugvolumen_Waehrend_Beatmung,Observation,1,sole-version,1.0.0,1,True,
de.medizininformatikinitiative.kerndatensatz.icu,icu,https://www.medizininformatik-initiative.de/fhir/ext/modul-icu/StructureDefinition/substituatfluss,SD_MII_ICU_Substituatfluss,Observation,1,identical,1.0.0,1,False,
de.medizininformatikinitiative.kerndatensatz.icu,icu,https://www.medizininformatik-initiative.de/fhir/ext/modul-icu/StructureDefinition/substituatfluss,SD_MII_ICU_Substituatfluss,Observation,2,identical,2025.0.0|2025.0.1|2025.0.2|2025.0.3|2025.0.4,5,True,True
de.medizininformatikinitiative.kerndatensatz.icu,icu,https://www.medizininformatik-initiative.de/fhir/ext/modul-icu/StructureDefinition/substituatvolumen,SD_MII_ICU_Substituatvolumen,Observation,1,identical,1.0.0,1,False,
de.medizininformatikinitiative.kerndatensatz.icu,icu,https://www.medizininformatik-initiative.de/fhir/ext/modul-icu/StructureDefinition/substituatvolumen,SD_MII_ICU_Substituatvolumen,Observation,2,identical,2025.0.0|2025.0.1|2025.0.2|2025.0.3|2025.0.4,5,True,True
de.medizininformatikinitiative.kerndatensatz.icu,icu,https://www.medizininformatik-initiative.de/fhir/ext/modul-icu/StructureDefinition/systemischer-vaskulaerer-widerstandsindex,SD_MII_ICU_Systemischer_Vaskulaerer_Widerstandsindex,Observation,1,sole-version,1.0.0,1,True,
de.medizininformatikinitiative.kerndatensatz.icu,icu,https://www.medizininformatik-initiative.de/fhir/ext/modul-icu/StructureDefinition/unterstuetzungsdruck-beatmung,SD_MII_ICU_Unterstuezungsdruck_Beatmung,Observation,1,identical,1.0.0,1,False,
de.medizininformatikinitiative.kerndatensatz.icu,icu,https://www.medizininformatik-initiative.de/fhir/ext/modul-icu/StructureDefinition/unterstuetzungsdruck-beatmung,SD_MII_ICU_Unterstuezungsdruck_Beatmung,Observation,2,identical,2025.0.0|2025.0.1|2025.0.2|2025.0.3|2025.0.4,5,True,True
de.medizininformatikinitiative.kerndatensatz.icu,icu,https://www.medizininformatik-initiative.de/fhir/ext/modul-icu/StructureDefinition/venoeser-druck,SD_MII_ICU_Venoeser_Druck,Observation,1,identical,1.0.0,1,False,
de.medizininformatikinitiative.kerndatensatz.icu,icu,https://www.medizininformatik-initiative.de/fhir/ext/modul-icu/StructureDefinition/venoeser-druck,SD_MII_ICU_Venoeser_Druck,Observation,2,identical,2025.0.0|2025.0.1|2025.0.2|2025.0.3|2025.0.4,5,True,True
de.medizininformatikinitiative.kerndatensatz.icu,icu,https://www.medizininformatik-initiative.de/fhir/ext/modul-icu/StructureDefinition/zeitverhaeltnis-ein-ausatmung,SD_MII_ICU_Zeitverhaeltnis_Ein_Ausatmung,Observation,1,identical,1.0.0,1,False,
de.medizininformatikinitiative.kerndatensatz.icu,icu,https://www.medizininformatik-initiative.de/fhir/ext/modul-icu/StructureDefinition/zeitverhaeltnis-ein-ausatmung,SD_MII_ICU_Zeitverhaeltnis_Ein_Ausatmung,Observation,2,identical,2025.0.0|2025.0.1|2025.0.2|2025.0.3|2025.0.4,5,True,True
de.medizininformatikinitiative.kerndatensatz.icu,icu,https://www.medizininformatik-initiative.de/fhir/ext/modul-icu/StructureDefinition/zentralvenoeser-blutdruck,SD_MII_ICU_Zentralvenoeser_Blutdruck,Observation,1,sole-version,1.0.0,1,True,
de.medizininformatikinitiative.kerndatensatz.kardiologie,kardiologie,https://www.medizininformatik-initiative.de/fhir/ext/modul-kardio/StructureDefinition/mii-pr-kardio-anzahl-kh-aufenthalte-wg-hf,MII_PR_Kardio_Anzahl_KH_Aufenthalte_wg_HF,Observation,1,sole-version,2027.0.0-ballot,1,True,
de.medizininformatikinitiative.kerndatensatz.kardiologie,kardiologie,https://www.medizininformatik-initiative.de/fhir/ext/modul-kardio/StructureDefinition/mii-pr-kardio-atherosklerotisches-erstereignis,MII_PR_Kardio_Atherosklerotisches_Erstereignis,Observation,1,sole-version,2027.0.0-ballot,1,True,
de.medizininformatikinitiative.kerndatensatz.kardiologie,kardiologie,https://www.medizininformatik-initiative.de/fhir/ext/modul-kardio/StructureDefinition/mii-pr-kardio-device,MII_PR_Kardio_Device,Device,1,sole-version,2027.0.0-ballot,1,True,
de.medizininformatikinitiative.kerndatensatz.kardiologie,kardiologie,https://www.medizininformatik-initiative.de/fhir/ext/modul-kardio/StructureDefinition/mii-pr-kardio-diagnose,MII_PR_Kardio_Diagnose,Condition,1,sole-version,2027.0.0-ballot,1,True,
de.medizininformatikinitiative.kerndatensatz.kardiologie,kardiologie,https://www.medizininformatik-initiative.de/fhir/ext/modul-kardio/StructureDefinition/mii-pr-kardio-diagnose-prozedur-nein-unbekannt,MII_PR_Kardio_Diagnose_Prozedur_Nein_Unbekannt,Observation,1,sole-version,2027.0.0-ballot,1,True,
de.medizininformatikinitiative.kerndatensatz.kardiologie,kardiologie,https://www.medizininformatik-initiative.de/fhir/ext/modul-kardio/StructureDefinition/mii-pr-kardio-geraeteprogrammierung,MII_PR_Kardio_Geraeteprogrammierung,Observation,1,sole-version,2027.0.0-ballot,1,True,
de.medizininformatikinitiative.kerndatensatz.kardiologie,kardiologie,https://www.medizininformatik-initiative.de/fhir/ext/modul-kardio/StructureDefinition/mii-pr-kardio-kardiale-deviceimplantation,MII_PR_Kardio_Kardiale_Deviceimplantation,Procedure,1,sole-version,2027.0.0-ballot,1,True,
de.medizininformatikinitiative.kerndatensatz.kardiologie,kardiologie,https://www.medizininformatik-initiative.de/fhir/ext/modul-kardio/StructureDefinition/mii-pr-kardio-klappenvitium,MII_PR_Kardio_Klappenvitium,Condition,1,sole-version,2027.0.0-ballot,1,True,
de.medizininformatikinitiative.kerndatensatz.kardiologie,kardiologie,https://www.medizininformatik-initiative.de/fhir/ext/modul-kardio/StructureDefinition/mii-pr-kardio-linksventrikulaere-ejektionsfraktion,MII_PR_Kardio_Linksventrikulaere_Ejektionsfraktion,Observation,1,sole-version,2027.0.0-ballot,1,True,
de.medizininformatikinitiative.kerndatensatz.kardiologie,kardiologie,https://www.medizininformatik-initiative.de/fhir/ext/modul-kardio/StructureDefinition/mii-pr-kardio-nbg-schrittmachermodus,MII_PR_Kardio_NBG_Schrittmachermodus,DeviceMetric,1,sole-version,2027.0.0-ballot,1,True,
de.medizininformatikinitiative.kerndatensatz.kardiologie,kardiologie,https://www.medizininformatik-initiative.de/fhir/ext/modul-kardio/StructureDefinition/mii-pr-kardio-observation-rauchen,MII_PR_Kardio_Observation_Rauchen,Observation,1,sole-version,2027.0.0-ballot,1,True,
de.medizininformatikinitiative.kerndatensatz.kardiologie,kardiologie,https://www.medizininformatik-initiative.de/fhir/ext/modul-kardio/StructureDefinition/mii-pr-kardio-score-modifizierte-rankin-skala,MII_PR_Kardio_Score_Modifizierte_Rankin_Skala,Observation,1,sole-version,2027.0.0-ballot,1,True,
de.medizininformatikinitiative.kerndatensatz.kardiologie,kardiologie,https://www.medizininformatik-initiative.de/fhir/ext/modul-kardio/StructureDefinition/mii-pr-kardio-score-nyha,MII_PR_Kardio_Score_NYHA,Observation,1,sole-version,2027.0.0-ballot,1,True,
de.medizininformatikinitiative.kerndatensatz.laborbefund,laborbefund,https://www.medizininformatik-initiative.de/fhir/core/StructureDefinition/DiagnosticReportLab,DiagnosticReportLab,DiagnosticReport,1,canonical-only,0.9.0|0.9.1|0.9.2,3,True,
de.medizininformatikinitiative.kerndatensatz.laborbefund,laborbefund,https://www.medizininformatik-initiative.de/fhir/core/StructureDefinition/ObservationLab,ObservationLab,Observation,1,identical,0.9.0,1,False,
de.medizininformatikinitiative.kerndatensatz.laborbefund,laborbefund,https://www.medizininformatik-initiative.de/fhir/core/StructureDefinition/ObservationLab,ObservationLab,Observation,2,identical,0.9.1,1,False,True
de.medizininformatikinitiative.kerndatensatz.laborbefund,laborbefund,https://www.medizininformatik-initiative.de/fhir/core/StructureDefinition/ObservationLab,ObservationLab,Observation,3,identical,0.9.2,1,True,True
de.medizininformatikinitiative.kerndatensatz.laborbefund,laborbefund,https://www.medizininformatik-initiative.de/fhir/core/StructureDefinition/ServiceRequestLab,ServiceRequestLab,ServiceRequest,1,canonical-only,0.9.0|0.9.1|0.9.2,3,True,
de.medizininformatikinitiative.kerndatensatz.laborbefund,laborbefund,https://www.medizininformatik-initiative.de/fhir/core/modul-labor/StructureDefinition/DiagnosticReportLab,DiagnosticReportLab,DiagnosticReport,1,canonical-only,0.9.9|0.9.10|1.0.0|1.0.1|1.0.2|1.0.3,6,False,
de.medizininformatikinitiative.kerndatensatz.laborbefund,laborbefund,https://www.medizininformatik-initiative.de/fhir/core/modul-labor/StructureDefinition/DiagnosticReportLab,DiagnosticReportLab,DiagnosticReport,2,identical,1.0.4|1.0.5|1.0.6,3,False,True
de.medizininformatikinitiative.kerndatensatz.laborbefund,laborbefund,https://www.medizininformatik-initiative.de/fhir/core/modul-labor/StructureDefinition/DiagnosticReportLab,DiagnosticReportLab,DiagnosticReport,3,identical,2025.0.0|2025.0.1|2025.0.2,3,False,True
de.medizininformatikinitiative.kerndatensatz.laborbefund,laborbefund,https://www.medizininformatik-initiative.de/fhir/core/modul-labor/StructureDefinition/DiagnosticReportLab,DiagnosticReportLab,DiagnosticReport,4,identical,2026.0.0|2026.0.1,2,False,True
de.medizininformatikinitiative.kerndatensatz.laborbefund,laborbefund,https://www.medizininformatik-initiative.de/fhir/core/modul-labor/StructureDefinition/DiagnosticReportLab,DiagnosticReportLab,DiagnosticReport,5,identical,2026.0.2|2026.0.3,2,False,False
de.medizininformatikinitiative.kerndatensatz.laborbefund,laborbefund,https://www.medizininformatik-initiative.de/fhir/core/modul-labor/StructureDefinition/DiagnosticReportLab,DiagnosticReportLab,DiagnosticReport,6,identical,2027.0.0-ballot,1,True,True
de.medizininformatikinitiative.kerndatensatz.laborbefund,laborbefund,https://www.medizininformatik-initiative.de/fhir/core/modul-labor/StructureDefinition/ObservationLab,ObservationLab,Observation,1,canonical-only,0.9.9|0.9.10|1.0.0|1.0.1|1.0.2,5,False,
de.medizininformatikinitiative.kerndatensatz.laborbefund,laborbefund,https://www.medizininformatik-initiative.de/fhir/core/modul-labor/StructureDefinition/ObservationLab,ObservationLab,Observation,2,identical,1.0.3,1,False,False
de.medizininformatikinitiative.kerndatensatz.laborbefund,laborbefund,https://www.medizininformatik-initiative.de/fhir/core/modul-labor/StructureDefinition/ObservationLab,ObservationLab,Observation,3,identical,1.0.4|1.0.5,2,False,True
de.medizininformatikinitiative.kerndatensatz.laborbefund,laborbefund,https://www.medizininformatik-initiative.de/fhir/core/modul-labor/StructureDefinition/ObservationLab,ObservationLab,Observation,4,identical,1.0.6,1,False,False
de.medizininformatikinitiative.kerndatensatz.laborbefund,laborbefund,https://www.medizininformatik-initiative.de/fhir/core/modul-labor/StructureDefinition/ObservationLab,ObservationLab,Observation,5,canonical-only,2025.0.0|2025.0.1|2025.0.2,3,False,True
de.medizininformatikinitiative.kerndatensatz.laborbefund,laborbefund,https://www.medizininformatik-initiative.de/fhir/core/modul-labor/StructureDefinition/ObservationLab,ObservationLab,Observation,6,identical,2026.0.0|2026.0.1,2,False,False
de.medizininformatikinitiative.kerndatensatz.laborbefund,laborbefund,https://www.medizininformatik-initiative.de/fhir/core/modul-labor/StructureDefinition/ObservationLab,ObservationLab,Observation,7,identical,2026.0.2|2026.0.3,2,False,False
de.medizininformatikinitiative.kerndatensatz.laborbefund,laborbefund,https://www.medizininformatik-initiative.de/fhir/core/modul-labor/StructureDefinition/ObservationLab,ObservationLab,Observation,8,identical,2027.0.0-ballot,1,True,True
de.medizininformatikinitiative.kerndatensatz.laborbefund,laborbefund,https://www.medizininformatik-initiative.de/fhir/core/modul-labor/StructureDefinition/ServiceRequestLab,ServiceRequestLab,ServiceRequest,1,identical,0.9.9|0.9.10|1.0.0|1.0.1|1.0.2,5,False,
de.medizininformatikinitiative.kerndatensatz.laborbefund,laborbefund,https://www.medizininformatik-initiative.de/fhir/core/modul-labor/StructureDefinition/ServiceRequestLab,ServiceRequestLab,ServiceRequest,2,identical,1.0.3,1,False,True
de.medizininformatikinitiative.kerndatensatz.laborbefund,laborbefund,https://www.medizininformatik-initiative.de/fhir/core/modul-labor/StructureDefinition/ServiceRequestLab,ServiceRequestLab,ServiceRequest,3,identical,1.0.4|1.0.5|1.0.6,3,False,True
de.medizininformatikinitiative.kerndatensatz.laborbefund,laborbefund,https://www.medizininformatik-initiative.de/fhir/core/modul-labor/StructureDefinition/ServiceRequestLab,ServiceRequestLab,ServiceRequest,4,identical,2025.0.0|2025.0.1|2025.0.2,3,False,True
de.medizininformatikinitiative.kerndatensatz.laborbefund,laborbefund,https://www.medizininformatik-initiative.de/fhir/core/modul-labor/StructureDefinition/ServiceRequestLab,ServiceRequestLab,ServiceRequest,5,identical,2026.0.0|2026.0.1|2026.0.2|2026.0.3,4,False,False
de.medizininformatikinitiative.kerndatensatz.laborbefund,laborbefund,https://www.medizininformatik-initiative.de/fhir/core/modul-labor/StructureDefinition/ServiceRequestLab,ServiceRequestLab,ServiceRequest,6,identical,2027.0.0-ballot,1,True,False
de.medizininformatikinitiative.kerndatensatz.lungenfunktion,lungenfunktion,https://www.medizininformatik-initiative.de/fhir/ext/modul-lungenfunktion/StructureDefinition/mii-pr-lungenfunktion-1-viskositaet,MII_PR_Lungenfunktion_1_Viskositaet,Observation,1,sole-version,2027.0.0-ballot.1,1,True,
de.medizininformatikinitiative.kerndatensatz.lungenfunktion,lungenfunktion,https://www.medizininformatik-initiative.de/fhir/ext/modul-lungenfunktion/StructureDefinition/mii-pr-lungenfunktion-befund,MII_PR_Lungenfunktion_Befund,DiagnosticReport,1,sole-version,2027.0.0-ballot.1,1,True,
de.medizininformatikinitiative.kerndatensatz.lungenfunktion,lungenfunktion,https://www.medizininformatik-initiative.de/fhir/ext/modul-lungenfunktion/StructureDefinition/mii-pr-lungenfunktion-bf,MII_PR_Lungenfunktion_BF,Observation,1,sole-version,2027.0.0-ballot.1,1,True,
de.medizininformatikinitiative.kerndatensatz.lungenfunktion,lungenfunktion,https://www.medizininformatik-initiative.de/fhir/ext/modul-lungenfunktion/StructureDefinition/mii-pr-lungenfunktion-bodyplethysmographie,MII_PR_Lungenfunktion_Bodyplethysmographie,DiagnosticReport,1,sole-version,2027.0.0-ballot.1,1,True,
de.medizininformatikinitiative.kerndatensatz.lungenfunktion,lungenfunktion,https://www.medizininformatik-initiative.de/fhir/ext/modul-lungenfunktion/StructureDefinition/mii-pr-lungenfunktion-bodyplethysmographie-messung,MII_PR_Lungenfunktion_Bodyplethysmographie_Messung,Procedure,1,sole-version,2027.0.0-ballot.1,1,True,
de.medizininformatikinitiative.kerndatensatz.lungenfunktion,lungenfunktion,https://www.medizininformatik-initiative.de/fhir/ext/modul-lungenfunktion/StructureDefinition/mii-pr-lungenfunktion-co2-konzentration,MII_PR_Lungenfunktion_CO2_Konzentration,Observation,1,sole-version,2027.0.0-ballot.1,1,True,
de.medizininformatikinitiative.kerndatensatz.lungenfunktion,lungenfunktion,https://www.medizininformatik-initiative.de/fhir/ext/modul-lungenfunktion/StructureDefinition/mii-pr-lungenfunktion-diffusion,MII_PR_Lungenfunktion_Diffusion,DiagnosticReport,1,sole-version,2027.0.0-ballot.1,1,True,
de.medizininformatikinitiative.kerndatensatz.lungenfunktion,lungenfunktion,https://www.medizininformatik-initiative.de/fhir/ext/modul-lungenfunktion/StructureDefinition/mii-pr-lungenfunktion-diffusion-messung,MII_PR_Lungenfunktion_Diffusion_Messung,Procedure,1,sole-version,2027.0.0-ballot.1,1,True,
de.medizininformatikinitiative.kerndatensatz.lungenfunktion,lungenfunktion,https://www.medizininformatik-initiative.de/fhir/ext/modul-lungenfunktion/StructureDefinition/mii-pr-lungenfunktion-diffusionskapazitaet,MII_PR_Lungenfunktion_Diffusionskapzitaet,Observation,1,sole-version,2027.0.0-ballot.1,1,True,
de.medizininformatikinitiative.kerndatensatz.lungenfunktion,lungenfunktion,https://www.medizininformatik-initiative.de/fhir/ext/modul-lungenfunktion/StructureDefinition/mii-pr-lungenfunktion-dlco,MII_PR_Lungenfunktion_DLCO,Observation,1,sole-version,2027.0.0-ballot.1,1,True,
de.medizininformatikinitiative.kerndatensatz.lungenfunktion,lungenfunktion,https://www.medizininformatik-initiative.de/fhir/ext/modul-lungenfunktion/StructureDefinition/mii-pr-lungenfunktion-dlcoc,MII_PR_Lungenfunktion_DLCOc,Observation,1,sole-version,2027.0.0-ballot.1,1,True,
de.medizininformatikinitiative.kerndatensatz.lungenfunktion,lungenfunktion,https://www.medizininformatik-initiative.de/fhir/ext/modul-lungenfunktion/StructureDefinition/mii-pr-lungenfunktion-dosis,MII_PR_Lungenfunktion_Dosis,Observation,1,sole-version,2027.0.0-ballot.1,1,True,
de.medizininformatikinitiative.kerndatensatz.lungenfunktion,lungenfunktion,https://www.medizininformatik-initiative.de/fhir/ext/modul-lungenfunktion/StructureDefinition/mii-pr-lungenfunktion-dosis-gabe,MII_PR_Lungenfunktion_Dosis_Gabe,MedicationAdministration,1,sole-version,2027.0.0-ballot.1,1,True,
de.medizininformatikinitiative.kerndatensatz.lungenfunktion,lungenfunktion,https://www.medizininformatik-initiative.de/fhir/ext/modul-lungenfunktion/StructureDefinition/mii-pr-lungenfunktion-fev,MII_PR_Lungenfunktion_FEV,Observation,1,sole-version,2027.0.0-ballot.1,1,True,
de.medizininformatikinitiative.kerndatensatz.lungenfunktion,lungenfunktion,https://www.medizininformatik-initiative.de/fhir/ext/modul-lungenfunktion/StructureDefinition/mii-pr-lungenfunktion-fev-fvc,MII_PR_Lungenfunktion_FEV_FVC,Observation,1,sole-version,2027.0.0-ballot.1,1,True,
de.medizininformatikinitiative.kerndatensatz.lungenfunktion,lungenfunktion,https://www.medizininformatik-initiative.de/fhir/ext/modul-lungenfunktion/StructureDefinition/mii-pr-lungenfunktion-fluss,MII_PR_Lungenfunktion_Fluss,Observation,1,sole-version,2027.0.0-ballot.1,1,True,
de.medizininformatikinitiative.kerndatensatz.lungenfunktion,lungenfunktion,https://www.medizininformatik-initiative.de/fhir/ext/modul-lungenfunktion/StructureDefinition/mii-pr-lungenfunktion-frc,MII_PR_Lungenfunktion_FRC,Observation,1,sole-version,2027.0.0-ballot.1,1,True,
de.medizininformatikinitiative.kerndatensatz.lungenfunktion,lungenfunktion,https://www.medizininformatik-initiative.de/fhir/ext/modul-lungenfunktion/StructureDefinition/mii-pr-lungenfunktion-fvc,MII_PR_Lungenfunktion_FVC,Observation,1,sole-version,2027.0.0-ballot.1,1,True,
de.medizininformatikinitiative.kerndatensatz.lungenfunktion,lungenfunktion,https://www.medizininformatik-initiative.de/fhir/ext/modul-lungenfunktion/StructureDefinition/mii-pr-lungenfunktion-gewicht,MII_PR_Lungenfunktion_Gewicht,Observation,1,sole-version,2027.0.0-ballot.1,1,True,
de.medizininformatikinitiative.kerndatensatz.lungenfunktion,lungenfunktion,https://www.medizininformatik-initiative.de/fhir/ext/modul-lungenfunktion/StructureDefinition/mii-pr-lungenfunktion-hb,MII_PR_Lungenfunktion_Hb,Observation,1,sole-version,2027.0.0-ballot.1,1,True,
de.medizininformatikinitiative.kerndatensatz.lungenfunktion,lungenfunktion,https://www.medizininformatik-initiative.de/fhir/ext/modul-lungenfunktion/StructureDefinition/mii-pr-lungenfunktion-ic,MII_PR_Lungenfunktion_IC,Observation,1,sole-version,2027.0.0-ballot.1,1,True,
de.medizininformatikinitiative.kerndatensatz.lungenfunktion,lungenfunktion,https://www.medizininformatik-initiative.de/fhir/ext/modul-lungenfunktion/StructureDefinition/mii-pr-lungenfunktion-irv-erv,MII_PR_Lungenfunktion_IRV_ERV,Observation,1,sole-version,2027.0.0-ballot.1,1,True,
de.medizininformatikinitiative.kerndatensatz.lungenfunktion,lungenfunktion,https://www.medizininformatik-initiative.de/fhir/ext/modul-lungenfunktion/StructureDefinition/mii-pr-lungenfunktion-kco,MII_PR_Lungenfunktion_KCO,Observation,1,sole-version,2027.0.0-ballot.1,1,True,
de.medizininformatikinitiative.kerndatensatz.lungenfunktion,lungenfunktion,https://www.medizininformatik-initiative.de/fhir/ext/modul-lungenfunktion/StructureDefinition/mii-pr-lungenfunktion-kcoc,MII_PR_Lungenfunktion_KCOc,Observation,1,sole-version,2027.0.0-ballot.1,1,True,
de.medizininformatikinitiative.kerndatensatz.lungenfunktion,lungenfunktion,https://www.medizininformatik-initiative.de/fhir/ext/modul-lungenfunktion/StructureDefinition/mii-pr-lungenfunktion-luftfeuchtigkeit,MII_PR_Lungenfunktion_Luftfeuchtigkeit,Observation,1,sole-version,2027.0.0-ballot.1,1,True,
de.medizininformatikinitiative.kerndatensatz.lungenfunktion,lungenfunktion,https://www.medizininformatik-initiative.de/fhir/ext/modul-lungenfunktion/StructureDefinition/mii-pr-lungenfunktion-lufttemperatur,MII_PR_Lungenfunktion_Lufttemperatur,Observation,1,sole-version,2027.0.0-ballot.1,1,True,
de.medizininformatikinitiative.kerndatensatz.lungenfunktion,lungenfunktion,https://www.medizininformatik-initiative.de/fhir/ext/modul-lungenfunktion/StructureDefinition/mii-pr-lungenfunktion-mef,MII_PR_Lungenfunktion_MEF,Observation,1,sole-version,2027.0.0-ballot.1,1,True,
de.medizininformatikinitiative.kerndatensatz.lungenfunktion,lungenfunktion,https://www.medizininformatik-initiative.de/fhir/ext/modul-lungenfunktion/StructureDefinition/mii-pr-lungenfunktion-methacholine,MII_PR_Lungenfunktion_Methacholine,Medication,1,sole-version,2027.0.0-ballot.1,1,True,
de.medizininformatikinitiative.kerndatensatz.lungenfunktion,lungenfunktion,https://www.medizininformatik-initiative.de/fhir/ext/modul-lungenfunktion/StructureDefinition/mii-pr-lungenfunktion-pef,MII_PR_Lungenfunktion_PEF,Observation,1,sole-version,2027.0.0-ballot.1,1,True,
de.medizininformatikinitiative.kerndatensatz.lungenfunktion,lungenfunktion,https://www.medizininformatik-initiative.de/fhir/ext/modul-lungenfunktion/StructureDefinition/mii-pr-lungenfunktion-provokationstest,MII_PR_Lungenfunktion_Provokationstest,DiagnosticReport,1,sole-version,2027.0.0-ballot.1,1,True,
de.medizininformatikinitiative.kerndatensatz.lungenfunktion,lungenfunktion,https://www.medizininformatik-initiative.de/fhir/ext/modul-lungenfunktion/StructureDefinition/mii-pr-lungenfunktion-provokationstest-messung,MII_PR_Lungenfunktion_Provokationstest_Messung,Procedure,1,sole-version,2027.0.0-ballot.1,1,True,
de.medizininformatikinitiative.kerndatensatz.lungenfunktion,lungenfunktion,https://www.medizininformatik-initiative.de/fhir/ext/modul-lungenfunktion/StructureDefinition/mii-pr-lungenfunktion-prozent,MII_PR_Lungenfunktion_Prozent,Observation,1,sole-version,2027.0.0-ballot.1,1,True,
de.medizininformatikinitiative.kerndatensatz.lungenfunktion,lungenfunktion,https://www.medizininformatik-initiative.de/fhir/ext/modul-lungenfunktion/StructureDefinition/mii-pr-lungenfunktion-r,MII_PR_Lungenfunktion_R,Observation,1,sole-version,2027.0.0-ballot.1,1,True,
de.medizininformatikinitiative.kerndatensatz.lungenfunktion,lungenfunktion,https://www.medizininformatik-initiative.de/fhir/ext/modul-lungenfunktion/StructureDefinition/mii-pr-lungenfunktion-r-effektiv,MII_PR_Lungenfunktion_R_Effektiv,Observation,1,sole-version,2027.0.0-ballot.1,1,True,
de.medizininformatikinitiative.kerndatensatz.lungenfunktion,lungenfunktion,https://www.medizininformatik-initiative.de/fhir/ext/modul-lungenfunktion/StructureDefinition/mii-pr-lungenfunktion-r-spezifisch,MII_PR_Lungenfunktion_R_Spezifisch,Observation,1,sole-version,2027.0.0-ballot.1,1,True,
de.medizininformatikinitiative.kerndatensatz.lungenfunktion,lungenfunktion,https://www.medizininformatik-initiative.de/fhir/ext/modul-lungenfunktion/StructureDefinition/mii-pr-lungenfunktion-rv,MII_PR_Lungenfunktion_RV,Observation,1,sole-version,2027.0.0-ballot.1,1,True,
de.medizininformatikinitiative.kerndatensatz.lungenfunktion,lungenfunktion,https://www.medizininformatik-initiative.de/fhir/ext/modul-lungenfunktion/StructureDefinition/mii-pr-lungenfunktion-rvl-tlc,MII_PR_Lungenfunktion_RV_TLC,Observation,1,sole-version,2027.0.0-ballot.1,1,True,
de.medizininformatikinitiative.kerndatensatz.lungenfunktion,lungenfunktion,https://www.medizininformatik-initiative.de/fhir/ext/modul-lungenfunktion/StructureDefinition/mii-pr-lungenfunktion-sg-total,MII_PR_Lungenfunktion_sG_Total,Observation,1,sole-version,2027.0.0-ballot.1,1,True,
de.medizininformatikinitiative.kerndatensatz.lungenfunktion,lungenfunktion,https://www.medizininformatik-initiative.de/fhir/ext/modul-lungenfunktion/StructureDefinition/mii-pr-lungenfunktion-spirometrie,MII_PR_Lungenfunktion_Spirometrie,DiagnosticReport,1,sole-version,2027.0.0-ballot.1,1,True,
de.medizininformatikinitiative.kerndatensatz.lungenfunktion,lungenfunktion,https://www.medizininformatik-initiative.de/fhir/ext/modul-lungenfunktion/StructureDefinition/mii-pr-lungenfunktion-spirometrie-messung,MII_PR_Lungenfunktion_Spirometrie_Messung,Procedure,1,sole-version,2027.0.0-ballot.1,1,True,
de.medizininformatikinitiative.kerndatensatz.lungenfunktion,lungenfunktion,https://www.medizininformatik-initiative.de/fhir/ext/modul-lungenfunktion/StructureDefinition/mii-pr-lungenfunktion-tlc,MII_PR_Lungenfunktion_TLC,Observation,1,sole-version,2027.0.0-ballot.1,1,True,
de.medizininformatikinitiative.kerndatensatz.lungenfunktion,lungenfunktion,https://www.medizininformatik-initiative.de/fhir/ext/modul-lungenfunktion/StructureDefinition/mii-pr-lungenfunktion-transferkoeffizient,MII_PR_Lungenfunktion_Transferkoeffizient,Observation,1,sole-version,2027.0.0-ballot.1,1,True,
de.medizininformatikinitiative.kerndatensatz.lungenfunktion,lungenfunktion,https://www.medizininformatik-initiative.de/fhir/ext/modul-lungenfunktion/StructureDefinition/mii-pr-lungenfunktion-umgebung,MII_PR_Lungenfunktion_Umgebung,Location,1,sole-version,2027.0.0-ballot.1,1,True,
de.medizininformatikinitiative.kerndatensatz.lungenfunktion,lungenfunktion,https://www.medizininformatik-initiative.de/fhir/ext/modul-lungenfunktion/StructureDefinition/mii-pr-lungenfunktion-va,MII_PR_Lungenfunktion_VA,Observation,1,sole-version,2027.0.0-ballot.1,1,True,
de.medizininformatikinitiative.kerndatensatz.lungenfunktion,lungenfunktion,https://www.medizininformatik-initiative.de/fhir/ext/modul-lungenfunktion/StructureDefinition/mii-pr-lungenfunktion-vc,MII_PR_Lungenfunktion_VC,Observation,1,sole-version,2027.0.0-ballot.1,1,True,
de.medizininformatikinitiative.kerndatensatz.lungenfunktion,lungenfunktion,https://www.medizininformatik-initiative.de/fhir/ext/modul-lungenfunktion/StructureDefinition/mii-pr-lungenfunktion-viskositaet,MII_PR_Lungenfunktion_Viskositaet,Observation,1,sole-version,2027.0.0-ballot.1,1,True,
de.medizininformatikinitiative.kerndatensatz.lungenfunktion,lungenfunktion,https://www.medizininformatik-initiative.de/fhir/ext/modul-lungenfunktion/StructureDefinition/mii-pr-lungenfunktion-volumen,MII_PR_Lungenfunktion_Volumen,Observation,1,sole-version,2027.0.0-ballot.1,1,True,
de.medizininformatikinitiative.kerndatensatz.lungenfunktion,lungenfunktion,https://www.medizininformatik-initiative.de/fhir/ext/modul-lungenfunktion/StructureDefinition/mii-pr-lungenfunktion-widerstand,MII_PR_Lungenfunktion_Widerstand,Observation,1,sole-version,2027.0.0-ballot.1,1,True,
de.medizininformatikinitiative.kerndatensatz.medikation,medikation,https://www.medizininformatik-initiative.de/fhir/core/StructureDefinition/Medication,Medication,Medication,1,identical,0.9.0,1,False,
de.medizininformatikinitiative.kerndatensatz.medikation,medikation,https://www.medizininformatik-initiative.de/fhir/core/StructureDefinition/Medication,Medication,Medication,2,canonical-only,1.0.0|1.0.1,2,True,True
de.medizininformatikinitiative.kerndatensatz.medikation,medikation,https://www.medizininformatik-initiative.de/fhir/core/StructureDefinition/MedicationAdministration,MedicationAdministration,MedicationAdministration,1,identical,0.9.0,1,False,
de.medizininformatikinitiative.kerndatensatz.medikation,medikation,https://www.medizininformatik-initiative.de/fhir/core/StructureDefinition/MedicationAdministration,MedicationAdministration,MedicationAdministration,2,canonical-only,1.0.0|1.0.1,2,True,True
de.medizininformatikinitiative.kerndatensatz.medikation,medikation,https://www.medizininformatik-initiative.de/fhir/core/StructureDefinition/MedicationStatement,MedicationStatement,MedicationStatement,1,identical,0.9.0,1,False,
de.medizininformatikinitiative.kerndatensatz.medikation,medikation,https://www.medizininformatik-initiative.de/fhir/core/StructureDefinition/MedicationStatement,MedicationStatement,MedicationStatement,2,canonical-only,1.0.0|1.0.1,2,True,True
de.medizininformatikinitiative.kerndatensatz.medikation,medikation,https://www.medizininformatik-initiative.de/fhir/core/modul-medikation/StructureDefinition/Medication,Medication,Medication,1,canonical-only,1.0.2|1.0.3|1.0.4|1.0.5|1.0.6|1.0.7|1.0.8,7,False,
de.medizininformatikinitiative.kerndatensatz.medikation,medikation,https://www.medizininformatik-initiative.de/fhir/core/modul-medikation/StructureDefinition/Medication,Medication,Medication,2,canonical-only,1.0.9|1.0.10,2,False,False
de.medizininformatikinitiative.kerndatensatz.medikation,medikation,https://www.medizininformatik-initiative.de/fhir/core/modul-medikation/StructureDefinition/Medication,Medication,Medication,3,identical,1.0.11,1,False,True
de.medizininformatikinitiative.kerndatensatz.medikation,medikation,https://www.medizininformatik-initiative.de/fhir/core/modul-medikation/StructureDefinition/Medication,Medication,Medication,4,identical,2.0.0,1,False,True
de.medizininformatikinitiative.kerndatensatz.medikation,medikation,https://www.medizininformatik-initiative.de/fhir/core/modul-medikation/StructureDefinition/Medication,Medication,Medication,5,identical,2025.0.0,1,False,True
de.medizininformatikinitiative.kerndatensatz.medikation,medikation,https://www.medizininformatik-initiative.de/fhir/core/modul-medikation/StructureDefinition/Medication,Medication,Medication,6,canonical-only,2025.0.1|2026.0.0|2026.0.1|2027.0.0-ballot,4,True,True
de.medizininformatikinitiative.kerndatensatz.medikation,medikation,https://www.medizininformatik-initiative.de/fhir/core/modul-medikation/StructureDefinition/MedicationAdministration,MedicationAdministration,MedicationAdministration,1,identical,1.0.2|1.0.3,2,False,
de.medizininformatikinitiative.kerndatensatz.medikation,medikation,https://www.medizininformatik-initiative.de/fhir/core/modul-medikation/StructureDefinition/MedicationAdministration,MedicationAdministration,MedicationAdministration,2,identical,1.0.4|1.0.5,2,False,False
de.medizininformatikinitiative.kerndatensatz.medikation,medikation,https://www.medizininformatik-initiative.de/fhir/core/modul-medikation/StructureDefinition/MedicationAdministration,MedicationAdministration,MedicationAdministration,3,canonical-only,1.0.6|1.0.7|1.0.8|1.0.9|1.0.10,5,False,True
de.medizininformatikinitiative.kerndatensatz.medikation,medikation,https://www.medizininformatik-initiative.de/fhir/core/modul-medikation/StructureDefinition/MedicationAdministration,MedicationAdministration,MedicationAdministration,4,identical,1.0.11,1,False,False
de.medizininformatikinitiative.kerndatensatz.medikation,medikation,https://www.medizininformatik-initiative.de/fhir/core/modul-medikation/StructureDefinition/MedicationAdministration,MedicationAdministration,MedicationAdministration,5,identical,2.0.0,1,False,False
de.medizininformatikinitiative.kerndatensatz.medikation,medikation,https://www.medizininformatik-initiative.de/fhir/core/modul-medikation/StructureDefinition/MedicationAdministration,MedicationAdministration,MedicationAdministration,6,identical,2025.0.0,1,False,True
de.medizininformatikinitiative.kerndatensatz.medikation,medikation,https://www.medizininformatik-initiative.de/fhir/core/modul-medikation/StructureDefinition/MedicationAdministration,MedicationAdministration,MedicationAdministration,7,canonical-only,2025.0.1|2026.0.0|2026.0.1,3,False,False
de.medizininformatikinitiative.kerndatensatz.medikation,medikation,https://www.medizininformatik-initiative.de/fhir/core/modul-medikation/StructureDefinition/MedicationAdministration,MedicationAdministration,MedicationAdministration,8,identical,2027.0.0-ballot,1,True,False
de.medizininformatikinitiative.kerndatensatz.medikation,medikation,https://www.medizininformatik-initiative.de/fhir/core/modul-medikation/StructureDefinition/MedicationRequest,MII_PR_Medikation_MedicationRequest,MedicationRequest,1,identical,2.0.0,1,False,
de.medizininformatikinitiative.kerndatensatz.medikation,medikation,https://www.medizininformatik-initiative.de/fhir/core/modul-medikation/StructureDefinition/MedicationRequest,MII_PR_Medikation_MedicationRequest,MedicationRequest,2,identical,2025.0.0,1,False,True
de.medizininformatikinitiative.kerndatensatz.medikation,medikation,https://www.medizininformatik-initiative.de/fhir/core/modul-medikation/StructureDefinition/MedicationRequest,MII_PR_Medikation_MedicationRequest,MedicationRequest,3,identical,2025.0.1,1,False,False
de.medizininformatikinitiative.kerndatensatz.medikation,medikation,https://www.medizininformatik-initiative.de/fhir/core/modul-medikation/StructureDefinition/MedicationRequest,MII_PR_Medikation_MedicationRequest,MedicationRequest,4,canonical-only,2026.0.0|2026.0.1|2027.0.0-ballot,3,True,True
de.medizininformatikinitiative.kerndatensatz.medikation,medikation,https://www.medizininformatik-initiative.de/fhir/core/modul-medikation/StructureDefinition/MedicationStatement,MedicationStatement,MedicationStatement,1,identical,1.0.2|1.0.3,2,False,
de.medizininformatikinitiative.kerndatensatz.medikation,medikation,https://www.medizininformatik-initiative.de/fhir/core/modul-medikation/StructureDefinition/MedicationStatement,MedicationStatement,MedicationStatement,2,identical,1.0.4|1.0.5,2,False,False
de.medizininformatikinitiative.kerndatensatz.medikation,medikation,https://www.medizininformatik-initiative.de/fhir/core/modul-medikation/StructureDefinition/MedicationStatement,MedicationStatement,MedicationStatement,3,canonical-only,1.0.6|1.0.7|1.0.8|1.0.9|1.0.10,5,False,True
de.medizininformatikinitiative.kerndatensatz.medikation,medikation,https://www.medizininformatik-initiative.de/fhir/core/modul-medikation/StructureDefinition/MedicationStatement,MedicationStatement,MedicationStatement,4,identical,1.0.11,1,False,False
de.medizininformatikinitiative.kerndatensatz.medikation,medikation,https://www.medizininformatik-initiative.de/fhir/core/modul-medikation/StructureDefinition/MedicationStatement,MedicationStatement,MedicationStatement,5,identical,2.0.0,1,False,True
de.medizininformatikinitiative.kerndatensatz.medikation,medikation,https://www.medizininformatik-initiative.de/fhir/core/modul-medikation/StructureDefinition/MedicationStatement,MedicationStatement,MedicationStatement,6,identical,2025.0.0,1,False,True
de.medizininformatikinitiative.kerndatensatz.medikation,medikation,https://www.medizininformatik-initiative.de/fhir/core/modul-medikation/StructureDefinition/MedicationStatement,MedicationStatement,MedicationStatement,7,identical,2025.0.1,1,False,False
de.medizininformatikinitiative.kerndatensatz.medikation,medikation,https://www.medizininformatik-initiative.de/fhir/core/modul-medikation/StructureDefinition/MedicationStatement,MedicationStatement,MedicationStatement,8,identical,2026.0.0|2026.0.1,2,False,True
de.medizininformatikinitiative.kerndatensatz.medikation,medikation,https://www.medizininformatik-initiative.de/fhir/core/modul-medikation/StructureDefinition/MedicationStatement,MedicationStatement,MedicationStatement,9,identical,2027.0.0-ballot,1,True,False
de.medizininformatikinitiative.kerndatensatz.medikation,medikation,https://www.medizininformatik-initiative.de/fhir/core/modul-medikation/StructureDefinition/medikationsliste,MII_PR_Medikation_Medikationsliste,List,1,canonical-only,2.0.0|2025.0.0|2025.0.1|2026.0.0|2026.0.1|2027.0.0-ballot,6,True,
de.medizininformatikinitiative.kerndatensatz.meta,meta,https://www.medizininformatik-initiative.de/fhir/core/StructureDefinition/MII-Reference,MII-Reference,Reference,1,canonical-only,1.0.0|1.0.1|1.0.2|1.0.3,4,True,
de.medizininformatikinitiative.kerndatensatz.meta,meta,https://www.medizininformatik-initiative.de/fhir/modul-meta/StructureDefinition/mii-pr-meta-searchparameter,MII_PR_Meta_SearchParameter,SearchParameter,1,identical,2025.0.0|2025.0.1|2025.0.2|2025.0.3|2026.0.0,5,False,
de.medizininformatikinitiative.kerndatensatz.meta,meta,https://www.medizininformatik-initiative.de/fhir/modul-meta/StructureDefinition/mii-pr-meta-searchparameter,MII_PR_Meta_SearchParameter,SearchParameter,2,identical,2027.0.0-ballot,1,True,False
de.medizininformatikinitiative.kerndatensatz.mikrobiologie,mikrobiologie,https://www.medizininformatik-initiative.de/fhir/modul-mikrobio/StructureDefinition/diagnostic-report,MII_PR_Mikrobio_Diagnostic_Report,DiagnosticReport,1,identical,0.0.1|0.0.2,2,True,
de.medizininformatikinitiative.kerndatensatz.mikrobiologie,mikrobiologie,https://www.medizininformatik-initiative.de/fhir/modul-mikrobio/StructureDefinition/empfindlichkeit,MII_PR_Mikrobio_Empfindlichkeit,Observation,1,identical,0.0.1|0.0.2,2,True,
de.medizininformatikinitiative.kerndatensatz.mikrobiologie,mikrobiologie,https://www.medizininformatik-initiative.de/fhir/modul-mikrobio/StructureDefinition/immunologie-serologie,MII_PR_Mikrobio_Serologie_Immunologie,Observation,1,identical,0.0.1|0.0.2,2,True,
de.medizininformatikinitiative.kerndatensatz.mikrobiologie,mikrobiologie,https://www.medizininformatik-initiative.de/fhir/modul-mikrobio/StructureDefinition/keimzahl,MII_PR_Mikrobio_Keimzahl,Observation,1,identical,0.0.1|0.0.2,2,True,
de.medizininformatikinitiative.kerndatensatz.mikrobiologie,mikrobiologie,https://www.medizininformatik-initiative.de/fhir/modul-mikrobio/StructureDefinition/kultur-nachweis,MII_PR_Mikrobio_Kultur_Nachweis,Observation,1,identical,0.0.1|0.0.2,2,True,
de.medizininformatikinitiative.kerndatensatz.mikrobiologie,mikrobiologie,https://www.medizininformatik-initiative.de/fhir/modul-mikrobio/StructureDefinition/mii-pr-mikrobio-allgemeine-bestimmung,MII_PR_Mikrobio_Allgemeine_Bestimmung,Observation,1,sole-version,2027.0.0-ballot2,1,True,
de.medizininformatikinitiative.kerndatensatz.mikrobiologie,mikrobiologie,https://www.medizininformatik-initiative.de/fhir/modul-mikrobio/StructureDefinition/mii-pr-mikrobio-allgemeine-kultur,MII_PR_Mikrobio_Allgemeine_Kultur,Observation,1,sole-version,2027.0.0-ballot2,1,True,
de.medizininformatikinitiative.kerndatensatz.mikrobiologie,mikrobiologie,https://www.medizininformatik-initiative.de/fhir/modul-mikrobio/StructureDefinition/mii-pr-mikrobio-antigen-antikoerper-quantitativ,MII_PR_Mikrobio_Antigen_Antikoerper_Quantitativ,Observation,1,sole-version,2027.0.0-ballot2,1,True,
de.medizininformatikinitiative.kerndatensatz.mikrobiologie,mikrobiologie,https://www.medizininformatik-initiative.de/fhir/modul-mikrobio/StructureDefinition/mii-pr-mikrobio-aviditaet,MII_PR_Mikrobio_Aviditaet,Observation,1,sole-version,2027.0.0-ballot2,1,True,
de.medizininformatikinitiative.kerndatensatz.mikrobiologie,mikrobiologie,https://www.medizininformatik-initiative.de/fhir/modul-mikrobio/StructureDefinition/mii-pr-mikrobio-bartlett-score,MII_PR_Mikrobio_Bartlett_Score,Observation,1,sole-version,2027.0.0-ballot2,1,True,
de.medizininformatikinitiative.kerndatensatz.mikrobiologie,mikrobiologie,https://www.medizininformatik-initiative.de/fhir/modul-mikrobio/StructureDefinition/mii-pr-mikrobio-ct-wert,MII_PR_Mikrobio_Ct_Wert,Observation,1,sole-version,2027.0.0-ballot2,1,True,
de.medizininformatikinitiative.kerndatensatz.mikrobiologie,mikrobiologie,https://www.medizininformatik-initiative.de/fhir/modul-mikrobio/StructureDefinition/mii-pr-mikrobio-diagnostic-report,MII_PR_Mikrobio_Diagnostic_Report,DiagnosticReport,1,identical,2024.0.0|2025.0.0|2025.0.1,3,False,
de.medizininformatikinitiative.kerndatensatz.mikrobiologie,mikrobiologie,https://www.medizininformatik-initiative.de/fhir/modul-mikrobio/StructureDefinition/mii-pr-mikrobio-diagnostic-report,MII_PR_Mikrobio_Diagnostic_Report,DiagnosticReport,2,identical,2025.0.2,1,False,True
de.medizininformatikinitiative.kerndatensatz.mikrobiologie,mikrobiologie,https://www.medizininformatik-initiative.de/fhir/modul-mikrobio/StructureDefinition/mii-pr-mikrobio-diagnostic-report,MII_PR_Mikrobio_Diagnostic_Report,DiagnosticReport,3,identical,2027.0.0-ballot2,1,True,True
de.medizininformatikinitiative.kerndatensatz.mikrobiologie,mikrobiologie,https://www.medizininformatik-initiative.de/fhir/modul-mikrobio/StructureDefinition/mii-pr-mikrobio-empfindlichkeit,MII_PR_Mikrobio_Empfindlichkeit,Observation,1,identical,2024.0.0|2025.0.0|2025.0.1,3,False,
de.medizininformatikinitiative.kerndatensatz.mikrobiologie,mikrobiologie,https://www.medizininformatik-initiative.de/fhir/modul-mikrobio/StructureDefinition/mii-pr-mikrobio-empfindlichkeit,MII_PR_Mikrobio_Empfindlichkeit,Observation,2,identical,2025.0.2,1,False,True
de.medizininformatikinitiative.kerndatensatz.mikrobiologie,mikrobiologie,https://www.medizininformatik-initiative.de/fhir/modul-mikrobio/StructureDefinition/mii-pr-mikrobio-empfindlichkeit,MII_PR_Mikrobio_Empfindlichkeit,Observation,3,identical,2027.0.0-ballot2,1,True,True
de.medizininformatikinitiative.kerndatensatz.mikrobiologie,mikrobiologie,https://www.medizininformatik-initiative.de/fhir/modul-mikrobio/StructureDefinition/mii-pr-mikrobio-keimzahl,MII_PR_Mikrobio_Keimzahl,Observation,1,identical,2024.0.0|2025.0.0|2025.0.1,3,False,
de.medizininformatikinitiative.kerndatensatz.mikrobiologie,mikrobiologie,https://www.medizininformatik-initiative.de/fhir/modul-mikrobio/StructureDefinition/mii-pr-mikrobio-keimzahl,MII_PR_Mikrobio_Keimzahl,Observation,2,identical,2025.0.2,1,False,True
de.medizininformatikinitiative.kerndatensatz.mikrobiologie,mikrobiologie,https://www.medizininformatik-initiative.de/fhir/modul-mikrobio/StructureDefinition/mii-pr-mikrobio-keimzahl,MII_PR_Mikrobio_Keimzahl,Observation,3,identical,2027.0.0-ballot2,1,True,True
de.medizininformatikinitiative.kerndatensatz.mikrobiologie,mikrobiologie,https://www.medizininformatik-initiative.de/fhir/modul-mikrobio/StructureDefinition/mii-pr-mikrobio-kultur-nachweis,MII_PR_Mikrobio_Kultur_Nachweis,Observation,1,identical,2024.0.0,1,False,
de.medizininformatikinitiative.kerndatensatz.mikrobiologie,mikrobiologie,https://www.medizininformatik-initiative.de/fhir/modul-mikrobio/StructureDefinition/mii-pr-mikrobio-kultur-nachweis,MII_PR_Mikrobio_Kultur_Nachweis,Observation,2,identical,2025.0.0|2025.0.1,2,False,False
de.medizininformatikinitiative.kerndatensatz.mikrobiologie,mikrobiologie,https://www.medizininformatik-initiative.de/fhir/modul-mikrobio/StructureDefinition/mii-pr-mikrobio-kultur-nachweis,MII_PR_Mikrobio_Kultur_Nachweis,Observation,3,identical,2025.0.2,1,True,True
de.medizininformatikinitiative.kerndatensatz.mikrobiologie,mikrobiologie,https://www.medizininformatik-initiative.de/fhir/modul-mikrobio/StructureDefinition/mii-pr-mikrobio-mikroskopie,MII_PR_Mikrobio_Mikroskopie,Observation,1,identical,2024.0.0,1,False,
de.medizininformatikinitiative.kerndatensatz.mikrobiologie,mikrobiologie,https://www.medizininformatik-initiative.de/fhir/modul-mikrobio/StructureDefinition/mii-pr-mikrobio-mikroskopie,MII_PR_Mikrobio_Mikroskopie,Observation,2,identical,2025.0.0|2025.0.1,2,False,False
de.medizininformatikinitiative.kerndatensatz.mikrobiologie,mikrobiologie,https://www.medizininformatik-initiative.de/fhir/modul-mikrobio/StructureDefinition/mii-pr-mikrobio-mikroskopie,MII_PR_Mikrobio_Mikroskopie,Observation,3,identical,2025.0.2,1,False,True
de.medizininformatikinitiative.kerndatensatz.mikrobiologie,mikrobiologie,https://www.medizininformatik-initiative.de/fhir/modul-mikrobio/StructureDefinition/mii-pr-mikrobio-mikroskopie,MII_PR_Mikrobio_Mikroskopie,Observation,4,identical,2027.0.0-ballot2,1,True,True
de.medizininformatikinitiative.kerndatensatz.mikrobiologie,mikrobiologie,https://www.medizininformatik-initiative.de/fhir/modul-mikrobio/StructureDefinition/mii-pr-mikrobio-molekulare-diagnostik,MII_PR_Mikrobio_Molekulare_Diagnostik,Observation,1,identical,2024.0.0,1,False,
de.medizininformatikinitiative.kerndatensatz.mikrobiologie,mikrobiologie,https://www.medizininformatik-initiative.de/fhir/modul-mikrobio/StructureDefinition/mii-pr-mikrobio-molekulare-diagnostik,MII_PR_Mikrobio_Molekulare_Diagnostik,Observation,2,identical,2025.0.0|2025.0.1,2,False,False
de.medizininformatikinitiative.kerndatensatz.mikrobiologie,mikrobiologie,https://www.medizininformatik-initiative.de/fhir/modul-mikrobio/StructureDefinition/mii-pr-mikrobio-molekulare-diagnostik,MII_PR_Mikrobio_Molekulare_Diagnostik,Observation,3,identical,2025.0.2,1,True,True
de.medizininformatikinitiative.kerndatensatz.mikrobiologie,mikrobiologie,https://www.medizininformatik-initiative.de/fhir/modul-mikrobio/StructureDefinition/mii-pr-mikrobio-molekulare-pathogenlast,MII_PR_Mikrobio_Molekulare_Pathogenlast,Observation,1,sole-version,2027.0.0-ballot2,1,True,
de.medizininformatikinitiative.kerndatensatz.mikrobiologie,mikrobiologie,https://www.medizininformatik-initiative.de/fhir/modul-mikrobio/StructureDefinition/mii-pr-mikrobio-mre-klasse,MII_PR_Mikrobio_MRE_Klasse,Observation,1,identical,2024.0.0|2025.0.0|2025.0.1,3,False,
de.medizininformatikinitiative.kerndatensatz.mikrobiologie,mikrobiologie,https://www.medizininformatik-initiative.de/fhir/modul-mikrobio/StructureDefinition/mii-pr-mikrobio-mre-klasse,MII_PR_Mikrobio_MRE_Klasse,Observation,2,identical,2025.0.2,1,True,True
de.medizininformatikinitiative.kerndatensatz.mikrobiologie,mikrobiologie,https://www.medizininformatik-initiative.de/fhir/modul-mikrobio/StructureDefinition/mii-pr-mikrobio-mrgn-klasse,MII_PR_Mikrobio_MRGN_Klasse,Observation,1,identical,2024.0.0|2025.0.0|2025.0.1,3,False,
de.medizininformatikinitiative.kerndatensatz.mikrobiologie,mikrobiologie,https://www.medizininformatik-initiative.de/fhir/modul-mikrobio/StructureDefinition/mii-pr-mikrobio-mrgn-klasse,MII_PR_Mikrobio_MRGN_Klasse,Observation,2,identical,2025.0.2,1,False,True
de.medizininformatikinitiative.kerndatensatz.mikrobiologie,mikrobiologie,https://www.medizininformatik-initiative.de/fhir/modul-mikrobio/StructureDefinition/mii-pr-mikrobio-mrgn-klasse,MII_PR_Mikrobio_MRGN_Klasse,Observation,3,identical,2027.0.0-ballot2,1,True,True
de.medizininformatikinitiative.kerndatensatz.mikrobiologie,mikrobiologie,https://www.medizininformatik-initiative.de/fhir/modul-mikrobio/StructureDefinition/mii-pr-mikrobio-nugent-score,MII_PR_Mikrobio_Nugent_Score,Observation,1,sole-version,2027.0.0-ballot2,1,True,
de.medizininformatikinitiative.kerndatensatz.mikrobiologie,mikrobiologie,https://www.medizininformatik-initiative.de/fhir/modul-mikrobio/StructureDefinition/mii-pr-mikrobio-probe,MII_PR_Mikrobio_Probe,Specimen,1,sole-version,2027.0.0-ballot2,1,True,
de.medizininformatikinitiative.kerndatensatz.mikrobiologie,mikrobiologie,https://www.medizininformatik-initiative.de/fhir/modul-mikrobio/StructureDefinition/mii-pr-mikrobio-resistenzgene,MII_PR_Mikrobio_Resistenzgene,Observation,1,identical,2024.0.0,1,False,
de.medizininformatikinitiative.kerndatensatz.mikrobiologie,mikrobiologie,https://www.medizininformatik-initiative.de/fhir/modul-mikrobio/StructureDefinition/mii-pr-mikrobio-resistenzgene,MII_PR_Mikrobio_Resistenzgene,Observation,2,identical,2025.0.0|2025.0.1,2,False,False
de.medizininformatikinitiative.kerndatensatz.mikrobiologie,mikrobiologie,https://www.medizininformatik-initiative.de/fhir/modul-mikrobio/StructureDefinition/mii-pr-mikrobio-resistenzgene,MII_PR_Mikrobio_Resistenzgene,Observation,3,identical,2025.0.2,1,True,True
de.medizininformatikinitiative.kerndatensatz.mikrobiologie,mikrobiologie,https://www.medizininformatik-initiative.de/fhir/modul-mikrobio/StructureDefinition/mii-pr-mikrobio-resistenzkategorie-status,MII_PR_Mikrobio_Resistenzkategorie_Status,Observation,1,sole-version,2027.0.0-ballot2,1,True,
de.medizininformatikinitiative.kerndatensatz.mikrobiologie,mikrobiologie,https://www.medizininformatik-initiative.de/fhir/modul-mikrobio/StructureDefinition/mii-pr-mikrobio-resistenzmechanismen-determinanten,MII_PR_Mikrobio_Resistenzmechanismen_Determinanten,Observation,1,sole-version,2027.0.0-ballot2,1,True,
de.medizininformatikinitiative.kerndatensatz.mikrobiologie,mikrobiologie,https://www.medizininformatik-initiative.de/fhir/modul-mikrobio/StructureDefinition/mii-pr-mikrobio-resistenzmutation,MII_PR_Mikrobio_Resistenzmutation,Observation,1,identical,2024.0.0,1,False,
de.medizininformatikinitiative.kerndatensatz.mikrobiologie,mikrobiologie,https://www.medizininformatik-initiative.de/fhir/modul-mikrobio/StructureDefinition/mii-pr-mikrobio-resistenzmutation,MII_PR_Mikrobio_Resistenzmutation,Observation,2,identical,2025.0.0|2025.0.1,2,False,False
de.medizininformatikinitiative.kerndatensatz.mikrobiologie,mikrobiologie,https://www.medizininformatik-initiative.de/fhir/modul-mikrobio/StructureDefinition/mii-pr-mikrobio-resistenzmutation,MII_PR_Mikrobio_Resistenzmutation,Observation,3,identical,2025.0.2,1,True,True
de.medizininformatikinitiative.kerndatensatz.mikrobiologie,mikrobiologie,https://www.medizininformatik-initiative.de/fhir/modul-mikrobio/StructureDefinition/mii-pr-mikrobio-serologie-immunologie,MII_PR_Mikrobio_Serologie_Immunologie,Observation,1,identical,2024.0.0,1,False,
de.medizininformatikinitiative.kerndatensatz.mikrobiologie,mikrobiologie,https://www.medizininformatik-initiative.de/fhir/modul-mikrobio/StructureDefinition/mii-pr-mikrobio-serologie-immunologie,MII_PR_Mikrobio_Serologie_Immunologie,Observation,2,identical,2025.0.0|2025.0.1,2,False,False
de.medizininformatikinitiative.kerndatensatz.mikrobiologie,mikrobiologie,https://www.medizininformatik-initiative.de/fhir/modul-mikrobio/StructureDefinition/mii-pr-mikrobio-serologie-immunologie,MII_PR_Mikrobio_Serologie_Immunologie,Observation,3,identical,2025.0.2,1,True,True
de.medizininformatikinitiative.kerndatensatz.mikrobiologie,mikrobiologie,https://www.medizininformatik-initiative.de/fhir/modul-mikrobio/StructureDefinition/mii-pr-mikrobio-spezifische-bestimmung,MII_PR_Mikrobio_Spezifische_Bestimmung,Observation,1,sole-version,2027.0.0-ballot2,1,True,
de.medizininformatikinitiative.kerndatensatz.mikrobiologie,mikrobiologie,https://www.medizininformatik-initiative.de/fhir/modul-mikrobio/StructureDefinition/mii-pr-mikrobio-spezifische-mikroskopie,MII_PR_Mikrobio_Spezifische_Mikroskopie,Observation,1,sole-version,2027.0.0-ballot2,1,True,
de.medizininformatikinitiative.kerndatensatz.mikrobiologie,mikrobiologie,https://www.medizininformatik-initiative.de/fhir/modul-mikrobio/StructureDefinition/mii-pr-mikrobio-titer,MII_PR_Mikrobio_Titer,Observation,1,sole-version,2027.0.0-ballot2,1,True,
de.medizininformatikinitiative.kerndatensatz.mikrobiologie,mikrobiologie,https://www.medizininformatik-initiative.de/fhir/modul-mikrobio/StructureDefinition/mii-pr-mikrobio-virulenzfaktor,MII_PR_Mikrobio_Virulenzfaktor,Observation,1,identical,2024.0.0|2025.0.0|2025.0.1,3,False,
de.medizininformatikinitiative.kerndatensatz.mikrobiologie,mikrobiologie,https://www.medizininformatik-initiative.de/fhir/modul-mikrobio/StructureDefinition/mii-pr-mikrobio-virulenzfaktor,MII_PR_Mikrobio_Virulenzfaktor,Observation,2,identical,2025.0.2,1,False,True
de.medizininformatikinitiative.kerndatensatz.mikrobiologie,mikrobiologie,https://www.medizininformatik-initiative.de/fhir/modul-mikrobio/StructureDefinition/mii-pr-mikrobio-virulenzfaktor,MII_PR_Mikrobio_Virulenzfaktor,Observation,3,identical,2027.0.0-ballot2,1,True,True
de.medizininformatikinitiative.kerndatensatz.mikrobiologie,mikrobiologie,https://www.medizininformatik-initiative.de/fhir/modul-mikrobio/StructureDefinition/mii-pr-mikrobio-voraussichtliche-empfindlichkeit,MII_PR_Mikrobio_voraussichtliche_Empfindlichkeit,Observation,1,identical,0.0.1|0.0.2,2,False,
de.medizininformatikinitiative.kerndatensatz.mikrobiologie,mikrobiologie,https://www.medizininformatik-initiative.de/fhir/modul-mikrobio/StructureDefinition/mii-pr-mikrobio-voraussichtliche-empfindlichkeit,MII_PR_Mikrobio_voraussichtliche_Empfindlichkeit,Observation,2,identical,2024.0.0|2025.0.0|2025.0.1,3,False,True
de.medizininformatikinitiative.kerndatensatz.mikrobiologie,mikrobiologie,https://www.medizininformatik-initiative.de/fhir/modul-mikrobio/StructureDefinition/mii-pr-mikrobio-voraussichtliche-empfindlichkeit,MII_PR_Mikrobio_voraussichtliche_Empfindlichkeit,Observation,3,identical,2025.0.2,1,False,True
de.medizininformatikinitiative.kerndatensatz.mikrobiologie,mikrobiologie,https://www.medizininformatik-initiative.de/fhir/modul-mikrobio/StructureDefinition/mii-pr-mikrobio-voraussichtliche-empfindlichkeit,MII_PR_Mikrobio_voraussichtliche_Empfindlichkeit,Observation,4,identical,2027.0.0-ballot2,1,True,True
de.medizininformatikinitiative.kerndatensatz.mikrobiologie,mikrobiologie,https://www.medizininformatik-initiative.de/fhir/modul-mikrobio/StructureDefinition/mikroskopie,MII_PR_Mikrobio_Mikroskopie,Observation,1,identical,0.0.1|0.0.2,2,True,
de.medizininformatikinitiative.kerndatensatz.mikrobiologie,mikrobiologie,https://www.medizininformatik-initiative.de/fhir/modul-mikrobio/StructureDefinition/molekular-diagnostik,MII_PR_Mikrobio_Molekular_Diagnostik,Observation,1,identical,0.0.1|0.0.2,2,True,
de.medizininformatikinitiative.kerndatensatz.mikrobiologie,mikrobiologie,https://www.medizininformatik-initiative.de/fhir/modul-mikrobio/StructureDefinition/mre-klasse,MII_PR_Mikrobio_MRE_Klasse,Observation,1,identical,0.0.1|0.0.2,2,True,
de.medizininformatikinitiative.kerndatensatz.mikrobiologie,mikrobiologie,https://www.medizininformatik-initiative.de/fhir/modul-mikrobio/StructureDefinition/mrgn-klasse,MII_PR_Mikrobio_MRGN_Klasse,Observation,1,identical,0.0.1|0.0.2,2,True,
de.medizininformatikinitiative.kerndatensatz.mikrobiologie,mikrobiologie,https://www.medizininformatik-initiative.de/fhir/modul-mikrobio/StructureDefinition/resistenzgene,MII_PR_Mikrobio_Resistenzgene,Observation,1,identical,0.0.1|0.0.2,2,True,
de.medizininformatikinitiative.kerndatensatz.mikrobiologie,mikrobiologie,https://www.medizininformatik-initiative.de/fhir/modul-mikrobio/StructureDefinition/virulenzfaktor,MII_PR_Mikrobio_Virulenzfaktor,Observation,1,identical,0.0.1|0.0.2,2,True,
de.medizininformatikinitiative.kerndatensatz.molgen,molgen,https://www.medizininformatik-initiative.de/fhir/ext/modul-molgen/StructureDefinition/anforderung-genetischer-test,MII_PR_MolGen_AnforderungGenetischerTest,ServiceRequest,1,canonical-only,1.0.0|2025.0.0,2,False,
de.medizininformatikinitiative.kerndatensatz.molgen,molgen,https://www.medizininformatik-initiative.de/fhir/ext/modul-molgen/StructureDefinition/anforderung-genetischer-test,MII_PR_MolGen_AnforderungGenetischerTest,ServiceRequest,2,canonical-only,2026.0.0|2026.0.1|2026.0.2|2026.0.3|2026.0.4|2027.0.0-ballot.1,6,True,False
de.medizininformatikinitiative.kerndatensatz.molgen,molgen,https://www.medizininformatik-initiative.de/fhir/ext/modul-molgen/StructureDefinition/diagnostische-implikation,MII_PR_MolGen_DiagnostischeImplikation,Observation,1,canonical-only,1.0.0|2025.0.0,2,False,
de.medizininformatikinitiative.kerndatensatz.molgen,molgen,https://www.medizininformatik-initiative.de/fhir/ext/modul-molgen/StructureDefinition/diagnostische-implikation,MII_PR_MolGen_DiagnostischeImplikation,Observation,2,identical,2026.0.0|2026.0.1|2026.0.2|2026.0.3|2026.0.4,5,False,True
de.medizininformatikinitiative.kerndatensatz.molgen,molgen,https://www.medizininformatik-initiative.de/fhir/ext/modul-molgen/StructureDefinition/diagnostische-implikation,MII_PR_MolGen_DiagnostischeImplikation,Observation,3,identical,2027.0.0-ballot.1,1,True,False
de.medizininformatikinitiative.kerndatensatz.molgen,molgen,https://www.medizininformatik-initiative.de/fhir/ext/modul-molgen/StructureDefinition/empfohlene-folgemassnahme,MII_PR_MolGen_EmpfohleneFolgemassnahme,Task,1,canonical-only,1.0.0|2025.0.0|2026.0.0|2026.0.1|2026.0.2|2026.0.3|2026.0.4,7,False,
de.medizininformatikinitiative.kerndatensatz.molgen,molgen,https://www.medizininformatik-initiative.de/fhir/ext/modul-molgen/StructureDefinition/empfohlene-folgemassnahme,MII_PR_MolGen_EmpfohleneFolgemassnahme,Task,2,identical,2027.0.0-ballot.1,1,True,False
de.medizininformatikinitiative.kerndatensatz.molgen,molgen,https://www.medizininformatik-initiative.de/fhir/ext/modul-molgen/StructureDefinition/ergebnis-zusammenfassung,MII_PR_MolGen_ErgebnisZusammenfassung,Observation,1,canonical-only,1.0.0|2025.0.0,2,True,
de.medizininformatikinitiative.kerndatensatz.molgen,molgen,https://www.medizininformatik-initiative.de/fhir/ext/modul-molgen/StructureDefinition/familienanamnese,MII_PR_MolGen_Familienanamnese,FamilyMemberHistory,1,identical,1.0.0,1,False,
de.medizininformatikinitiative.kerndatensatz.molgen,molgen,https://www.medizininformatik-initiative.de/fhir/ext/modul-molgen/StructureDefinition/familienanamnese,MII_PR_MolGen_Familienanamnese,FamilyMemberHistory,2,identical,2025.0.0,1,False,True
de.medizininformatikinitiative.kerndatensatz.molgen,molgen,https://www.medizininformatik-initiative.de/fhir/ext/modul-molgen/StructureDefinition/familienanamnese,MII_PR_MolGen_Familienanamnese,FamilyMemberHistory,3,identical,2026.0.1|2026.0.2|2026.0.3|2026.0.4|2027.0.0-ballot.1,5,True,True
de.medizininformatikinitiative.kerndatensatz.molgen,molgen,https://www.medizininformatik-initiative.de/fhir/ext/modul-molgen/StructureDefinition/genotyp,MII_PR_MolGen_Genotyp,Observation,1,canonical-only,1.0.0|2025.0.0,2,False,
de.medizininformatikinitiative.kerndatensatz.molgen,molgen,https://www.medizininformatik-initiative.de/fhir/ext/modul-molgen/StructureDefinition/genotyp,MII_PR_MolGen_Genotyp,Observation,2,identical,2026.0.0|2026.0.1|2026.0.2|2026.0.3|2026.0.4,5,False,False
de.medizininformatikinitiative.kerndatensatz.molgen,molgen,https://www.medizininformatik-initiative.de/fhir/ext/modul-molgen/StructureDefinition/genotyp,MII_PR_MolGen_Genotyp,Observation,3,identical,2027.0.0-ballot.1,1,True,False
de.medizininformatikinitiative.kerndatensatz.molgen,molgen,https://www.medizininformatik-initiative.de/fhir/ext/modul-molgen/StructureDefinition/medikationsempfehlung,MII_PR_MolGen_Medikationsempfehlung,Task,1,canonical-only,1.0.0|2025.0.0|2026.0.0|2026.0.1|2026.0.2|2026.0.3|2026.0.4|2027.0.0-ballot.1,8,True,
de.medizininformatikinitiative.kerndatensatz.molgen,molgen,https://www.medizininformatik-initiative.de/fhir/ext/modul-molgen/StructureDefinition/mii-pr-molgen-familienanamnese,MII_PR_MolGen_Familienanamnese,FamilyMemberHistory,1,sole-version,2026.0.0,1,True,
de.medizininformatikinitiative.kerndatensatz.molgen,molgen,https://www.medizininformatik-initiative.de/fhir/ext/modul-molgen/StructureDefinition/mii-pr-molgen-genomic-study,MII_PR_MolGen_GenomicStudy,Procedure,1,identical,2026.0.0|2026.0.1|2026.0.2|2026.0.3|2026.0.4,5,False,
de.medizininformatikinitiative.kerndatensatz.molgen,molgen,https://www.medizininformatik-initiative.de/fhir/ext/modul-molgen/StructureDefinition/mii-pr-molgen-genomic-study,MII_PR_MolGen_GenomicStudy,Procedure,2,identical,2027.0.0-ballot.1,1,True,False
de.medizininformatikinitiative.kerndatensatz.molgen,molgen,https://www.medizininformatik-initiative.de/fhir/ext/modul-molgen/StructureDefinition/mii-pr-molgen-genomic-study-analysis,MII_PR_MolGen_GenomicStudyAnalysis,Procedure,1,identical,2026.0.0|2026.0.1|2026.0.2|2026.0.3|2026.0.4,5,False,
de.medizininformatikinitiative.kerndatensatz.molgen,molgen,https://www.medizininformatik-initiative.de/fhir/ext/modul-molgen/StructureDefinition/mii-pr-molgen-genomic-study-analysis,MII_PR_MolGen_GenomicStudyAnalysis,Procedure,2,identical,2027.0.0-ballot.1,1,True,False
de.medizininformatikinitiative.kerndatensatz.molgen,molgen,https://www.medizininformatik-initiative.de/fhir/ext/modul-molgen/StructureDefinition/mii-pr-molgen-molekulare-konsequenz,MII_PR_MolGen_MolekulareKonsequenz,Observation,1,identical,2026.0.0|2026.0.1|2026.0.2|2026.0.3|2026.0.4,5,False,
de.medizininformatikinitiative.kerndatensatz.molgen,molgen,https://www.medizininformatik-initiative.de/fhir/ext/modul-molgen/StructureDefinition/mii-pr-molgen-molekulare-konsequenz,MII_PR_MolGen_MolekulareKonsequenz,Observation,2,identical,2027.0.0-ballot.1,1,True,False
de.medizininformatikinitiative.kerndatensatz.molgen,molgen,https://www.medizininformatik-initiative.de/fhir/ext/modul-molgen/StructureDefinition/mii-pr-molgen-molekularer-biomarker,MII_PR_MolGen_MolekularerBiomarker,Observation,1,identical,2026.0.0|2026.0.1|2026.0.2|2026.0.3|2026.0.4,5,False,
de.medizininformatikinitiative.kerndatensatz.molgen,molgen,https://www.medizininformatik-initiative.de/fhir/ext/modul-molgen/StructureDefinition/mii-pr-molgen-molekularer-biomarker,MII_PR_MolGen_MolekularerBiomarker,Observation,2,identical,2027.0.0-ballot.1,1,True,False
de.medizininformatikinitiative.kerndatensatz.molgen,molgen,https://www.medizininformatik-initiative.de/fhir/ext/modul-molgen/StructureDefinition/mikrosatelliteninstabilitaet,MII_PR_MolGen_Mikrosatelliteninstabilitaet,Observation,1,canonical-only,1.0.0|2025.0.0,2,False,
de.medizininformatikinitiative.kerndatensatz.molgen,molgen,https://www.medizininformatik-initiative.de/fhir/ext/modul-molgen/StructureDefinition/mikrosatelliteninstabilitaet,MII_PR_MolGen_Mikrosatelliteninstabilitaet,Observation,2,identical,2026.0.0|2026.0.1|2026.0.2|2026.0.3|2026.0.4,5,False,True
de.medizininformatikinitiative.kerndatensatz.molgen,molgen,https://www.medizininformatik-initiative.de/fhir/ext/modul-molgen/StructureDefinition/mikrosatelliteninstabilitaet,MII_PR_MolGen_Mikrosatelliteninstabilitaet,Observation,3,identical,2027.0.0-ballot.1,1,True,False
de.medizininformatikinitiative.kerndatensatz.molgen,molgen,https://www.medizininformatik-initiative.de/fhir/ext/modul-molgen/StructureDefinition/molekulargenetischer-befundbericht,MII_PR_MolGen_MolekulargenetischerBefundbericht,DiagnosticReport,1,canonical-only,1.0.0|2025.0.0,2,False,
de.medizininformatikinitiative.kerndatensatz.molgen,molgen,https://www.medizininformatik-initiative.de/fhir/ext/modul-molgen/StructureDefinition/molekulargenetischer-befundbericht,MII_PR_MolGen_MolekulargenetischerBefundbericht,DiagnosticReport,2,identical,2026.0.0|2026.0.1|2026.0.2|2026.0.3|2026.0.4,5,False,True
de.medizininformatikinitiative.kerndatensatz.molgen,molgen,https://www.medizininformatik-initiative.de/fhir/ext/modul-molgen/StructureDefinition/molekulargenetischer-befundbericht,MII_PR_MolGen_MolekulargenetischerBefundbericht,DiagnosticReport,3,identical,2027.0.0-ballot.1,1,True,False
de.medizininformatikinitiative.kerndatensatz.molgen,molgen,https://www.medizininformatik-initiative.de/fhir/ext/modul-molgen/StructureDefinition/mutationslast,MII_PR_MolGen_Mutationslast,Observation,1,canonical-only,1.0.0|2025.0.0,2,False,
de.medizininformatikinitiative.kerndatensatz.molgen,molgen,https://www.medizininformatik-initiative.de/fhir/ext/modul-molgen/StructureDefinition/mutationslast,MII_PR_MolGen_Mutationslast,Observation,2,identical,2026.0.0|2026.0.1|2026.0.2|2026.0.3|2026.0.4,5,False,True
de.medizininformatikinitiative.kerndatensatz.molgen,molgen,https://www.medizininformatik-initiative.de/fhir/ext/modul-molgen/StructureDefinition/mutationslast,MII_PR_MolGen_Mutationslast,Observation,3,identical,2027.0.0-ballot.1,1,True,False
de.medizininformatikinitiative.kerndatensatz.molgen,molgen,https://www.medizininformatik-initiative.de/fhir/ext/modul-molgen/StructureDefinition/polygener-risiko-score,MII_PR_MolGen_PolygenerRisikoScore,RiskAssessment,1,identical,1.0.0,1,False,
de.medizininformatikinitiative.kerndatensatz.molgen,molgen,https://www.medizininformatik-initiative.de/fhir/ext/modul-molgen/StructureDefinition/polygener-risiko-score,MII_PR_MolGen_PolygenerRisikoScore,RiskAssessment,2,identical,2025.0.0,1,False,True
de.medizininformatikinitiative.kerndatensatz.molgen,molgen,https://www.medizininformatik-initiative.de/fhir/ext/modul-molgen/StructureDefinition/polygener-risiko-score,MII_PR_MolGen_PolygenerRisikoScore,RiskAssessment,3,identical,2026.0.0|2026.0.1,2,False,False
de.medizininformatikinitiative.kerndatensatz.molgen,molgen,https://www.medizininformatik-initiative.de/fhir/ext/modul-molgen/StructureDefinition/polygener-risiko-score,MII_PR_MolGen_PolygenerRisikoScore,RiskAssessment,4,identical,2026.0.2|2026.0.3|2026.0.4,3,False,True
de.medizininformatikinitiative.kerndatensatz.molgen,molgen,https://www.medizininformatik-initiative.de/fhir/ext/modul-molgen/StructureDefinition/polygener-risiko-score,MII_PR_MolGen_PolygenerRisikoScore,RiskAssessment,5,identical,2027.0.0-ballot.1,1,True,False
de.medizininformatikinitiative.kerndatensatz.molgen,molgen,https://www.medizininformatik-initiative.de/fhir/ext/modul-molgen/StructureDefinition/therapeutische-implikation,MII_PR_MolGen_TherapeutischeImplikation,Observation,1,canonical-only,1.0.0|2025.0.0,2,False,
de.medizininformatikinitiative.kerndatensatz.molgen,molgen,https://www.medizininformatik-initiative.de/fhir/ext/modul-molgen/StructureDefinition/therapeutische-implikation,MII_PR_MolGen_TherapeutischeImplikation,Observation,2,identical,2026.0.0|2026.0.1|2026.0.2|2026.0.3|2026.0.4|2027.0.0-ballot.1,6,True,True
de.medizininformatikinitiative.kerndatensatz.molgen,molgen,https://www.medizininformatik-initiative.de/fhir/ext/modul-molgen/StructureDefinition/untersuchte-region,MII_PR_MolGen_UntersuchteRegion,Observation,1,canonical-only,1.0.0|2025.0.0,2,True,
de.medizininformatikinitiative.kerndatensatz.molgen,molgen,https://www.medizininformatik-initiative.de/fhir/ext/modul-molgen/StructureDefinition/variante,MII_PR_MolGen_Variante,Observation,1,canonical-only,1.0.0|2025.0.0,2,False,
de.medizininformatikinitiative.kerndatensatz.molgen,molgen,https://www.medizininformatik-initiative.de/fhir/ext/modul-molgen/StructureDefinition/variante,MII_PR_MolGen_Variante,Observation,2,identical,2026.0.0|2026.0.1|2026.0.2|2026.0.3|2026.0.4,5,False,True
de.medizininformatikinitiative.kerndatensatz.molgen,molgen,https://www.medizininformatik-initiative.de/fhir/ext/modul-molgen/StructureDefinition/variante,MII_PR_MolGen_Variante,Observation,3,identical,2027.0.0-ballot.1,1,True,False
de.medizininformatikinitiative.kerndatensatz.mtb,mtb,https://www.medizininformatik-initiative.de/fhir/ext/modul-mtb/StructureDefinition/genomic-study-device,MII_PR_MTB_Genomic_Study_Device,Device,1,identical,2026.0.0|2026.0.1,2,False,
de.medizininformatikinitiative.kerndatensatz.mtb,mtb,https://www.medizininformatik-initiative.de/fhir/ext/modul-mtb/StructureDefinition/genomic-study-device,MII_PR_MTB_Genomic_Study_Device,Device,2,identical,2027.0.0-ballot.1,1,True,False
de.medizininformatikinitiative.kerndatensatz.mtb,mtb,https://www.medizininformatik-initiative.de/fhir/ext/modul-mtb/StructureDefinition/mii-pr-mtb-antrag-kostenuebernahme,MII_PR_MTB_Antrag_Kostenuebernahme,Claim,1,identical,2026.0.0|2026.0.1,2,False,
de.medizininformatikinitiative.kerndatensatz.mtb,mtb,https://www.medizininformatik-initiative.de/fhir/ext/modul-mtb/StructureDefinition/mii-pr-mtb-antrag-kostenuebernahme,MII_PR_MTB_Antrag_Kostenuebernahme,Claim,2,identical,2027.0.0-ballot.1,1,True,False
de.medizininformatikinitiative.kerndatensatz.mtb,mtb,https://www.medizininformatik-initiative.de/fhir/ext/modul-mtb/StructureDefinition/mii-pr-mtb-antwort-kostenuebernahme,MII_PR_MTB_Antwort_Kostenuebernahme,ClaimResponse,1,canonical-only,2026.0.0|2026.0.1,2,False,
de.medizininformatikinitiative.kerndatensatz.mtb,mtb,https://www.medizininformatik-initiative.de/fhir/ext/modul-mtb/StructureDefinition/mii-pr-mtb-antwort-kostenuebernahme,MII_PR_MTB_Antwort_Kostenuebernahme,ClaimResponse,2,identical,2027.0.0-ballot.1,1,True,False
de.medizininformatikinitiative.kerndatensatz.mtb,mtb,https://www.medizininformatik-initiative.de/fhir/ext/modul-mtb/StructureDefinition/mii-pr-mtb-behandlungsepisode,MII_PR_MTB_Behandlungsepisode,ClinicalImpression,1,identical,2026.0.0,1,False,
de.medizininformatikinitiative.kerndatensatz.mtb,mtb,https://www.medizininformatik-initiative.de/fhir/ext/modul-mtb/StructureDefinition/mii-pr-mtb-behandlungsepisode,MII_PR_MTB_Behandlungsepisode,ClinicalImpression,2,identical,2026.0.1,1,False,False
de.medizininformatikinitiative.kerndatensatz.mtb,mtb,https://www.medizininformatik-initiative.de/fhir/ext/modul-mtb/StructureDefinition/mii-pr-mtb-behandlungsepisode,MII_PR_MTB_Behandlungsepisode,ClinicalImpression,3,identical,2027.0.0-ballot.1,1,True,False
de.medizininformatikinitiative.kerndatensatz.mtb,mtb,https://www.medizininformatik-initiative.de/fhir/ext/modul-mtb/StructureDefinition/mii-pr-mtb-biomarker-her2-status,MII_PR_MTB_BIOMARKER_HER2_STATUS,Observation,1,identical,2026.0.0|2026.0.1,2,False,
de.medizininformatikinitiative.kerndatensatz.mtb,mtb,https://www.medizininformatik-initiative.de/fhir/ext/modul-mtb/StructureDefinition/mii-pr-mtb-biomarker-her2-status,MII_PR_MTB_BIOMARKER_HER2_STATUS,Observation,2,identical,2027.0.0-ballot.1,1,True,False
de.medizininformatikinitiative.kerndatensatz.mtb,mtb,https://www.medizininformatik-initiative.de/fhir/ext/modul-mtb/StructureDefinition/mii-pr-mtb-biopsie-auftrag,MII_PR_MTB_Biopsie_Auftrag,ServiceRequest,1,canonical-only,2026.0.0|2026.0.1,2,False,
de.medizininformatikinitiative.kerndatensatz.mtb,mtb,https://www.medizininformatik-initiative.de/fhir/ext/modul-mtb/StructureDefinition/mii-pr-mtb-biopsie-auftrag,MII_PR_MTB_Biopsie_Auftrag,ServiceRequest,2,identical,2027.0.0-ballot.1,1,True,False
de.medizininformatikinitiative.kerndatensatz.mtb,mtb,https://www.medizininformatik-initiative.de/fhir/ext/modul-mtb/StructureDefinition/mii-pr-mtb-brcaness,MII_PR_MTB_BRCAness,Observation,1,identical,2026.0.0|2026.0.1,2,False,
de.medizininformatikinitiative.kerndatensatz.mtb,mtb,https://www.medizininformatik-initiative.de/fhir/ext/modul-mtb/StructureDefinition/mii-pr-mtb-brcaness,MII_PR_MTB_BRCAness,Observation,2,identical,2027.0.0-ballot.1,1,True,False
de.medizininformatikinitiative.kerndatensatz.mtb,mtb,https://www.medizininformatik-initiative.de/fhir/ext/modul-mtb/StructureDefinition/mii-pr-mtb-consent-given,MII_PR_MTB_Consent_Given,Observation,1,identical,2026.0.0|2026.0.1,2,False,
de.medizininformatikinitiative.kerndatensatz.mtb,mtb,https://www.medizininformatik-initiative.de/fhir/ext/modul-mtb/StructureDefinition/mii-pr-mtb-consent-given,MII_PR_MTB_Consent_Given,Observation,2,identical,2027.0.0-ballot.1,1,True,False
de.medizininformatikinitiative.kerndatensatz.mtb,mtb,https://www.medizininformatik-initiative.de/fhir/ext/modul-mtb/StructureDefinition/mii-pr-mtb-copy-number-variant,MII_PR_MTB_Copy_Number_Variant,Observation,1,identical,2026.0.0|2026.0.1,2,False,
de.medizininformatikinitiative.kerndatensatz.mtb,mtb,https://www.medizininformatik-initiative.de/fhir/ext/modul-mtb/StructureDefinition/mii-pr-mtb-copy-number-variant,MII_PR_MTB_Copy_Number_Variant,Observation,2,identical,2027.0.0-ballot.1,1,True,False
de.medizininformatikinitiative.kerndatensatz.mtb,mtb,https://www.medizininformatik-initiative.de/fhir/ext/modul-mtb/StructureDefinition/mii-pr-mtb-diagnose-primaertumor,MII_PR_MTB_Diagnose_Primaertumor,Condition,1,identical,2026.0.0|2026.0.1,2,False,
de.medizininformatikinitiative.kerndatensatz.mtb,mtb,https://www.medizininformatik-initiative.de/fhir/ext/modul-mtb/StructureDefinition/mii-pr-mtb-diagnose-primaertumor,MII_PR_MTB_Diagnose_Primaertumor,Condition,2,identical,2027.0.0-ballot.1,1,True,False
de.medizininformatikinitiative.kerndatensatz.mtb,mtb,https://www.medizininformatik-initiative.de/fhir/ext/modul-mtb/StructureDefinition/mii-pr-mtb-diagnostische-implikation,MII_PR_MTB_Diagnostische_Implikation,Observation,1,identical,2026.0.0|2026.0.1,2,False,
de.medizininformatikinitiative.kerndatensatz.mtb,mtb,https://www.medizininformatik-initiative.de/fhir/ext/modul-mtb/StructureDefinition/mii-pr-mtb-diagnostische-implikation,MII_PR_MTB_Diagnostische_Implikation,Observation,2,identical,2027.0.0-ballot.1,1,True,False
de.medizininformatikinitiative.kerndatensatz.mtb,mtb,https://www.medizininformatik-initiative.de/fhir/ext/modul-mtb/StructureDefinition/mii-pr-mtb-dna-fusion,MII_PR_MTB_DNA_Fusion,Observation,1,identical,2026.0.0|2026.0.1,2,False,
de.medizininformatikinitiative.kerndatensatz.mtb,mtb,https://www.medizininformatik-initiative.de/fhir/ext/modul-mtb/StructureDefinition/mii-pr-mtb-dna-fusion,MII_PR_MTB_DNA_Fusion,Observation,2,identical,2027.0.0-ballot.1,1,True,False
de.medizininformatikinitiative.kerndatensatz.mtb,mtb,https://www.medizininformatik-initiative.de/fhir/ext/modul-mtb/StructureDefinition/mii-pr-mtb-einfache-variante,MII_PR_MTB_Einfache_Variante,Observation,1,identical,2026.0.0|2026.0.1,2,False,
de.medizininformatikinitiative.kerndatensatz.mtb,mtb,https://www.medizininformatik-initiative.de/fhir/ext/modul-mtb/StructureDefinition/mii-pr-mtb-einfache-variante,MII_PR_MTB_Einfache_Variante,Observation,2,identical,2027.0.0-ballot.1,1,True,False
de.medizininformatikinitiative.kerndatensatz.mtb,mtb,https://www.medizininformatik-initiative.de/fhir/ext/modul-mtb/StructureDefinition/mii-pr-mtb-follow-up-clinicalimpression,MII_PR_MTB_Follow_Up_ClinicalImpression,ClinicalImpression,1,identical,2026.0.0|2026.0.1,2,False,
de.medizininformatikinitiative.kerndatensatz.mtb,mtb,https://www.medizininformatik-initiative.de/fhir/ext/modul-mtb/StructureDefinition/mii-pr-mtb-follow-up-clinicalimpression,MII_PR_MTB_Follow_Up_ClinicalImpression,ClinicalImpression,2,identical,2027.0.0-ballot.1,1,True,False
de.medizininformatikinitiative.kerndatensatz.mtb,mtb,https://www.medizininformatik-initiative.de/fhir/ext/modul-mtb/StructureDefinition/mii-pr-mtb-genomic-study,MII_PR_MTB_Genomic_Study,Procedure,1,identical,2026.0.0|2026.0.1,2,False,
de.medizininformatikinitiative.kerndatensatz.mtb,mtb,https://www.medizininformatik-initiative.de/fhir/ext/modul-mtb/StructureDefinition/mii-pr-mtb-genomic-study,MII_PR_MTB_Genomic_Study,Procedure,2,identical,2027.0.0-ballot.1,1,True,False
de.medizininformatikinitiative.kerndatensatz.mtb,mtb,https://www.medizininformatik-initiative.de/fhir/ext/modul-mtb/StructureDefinition/mii-pr-mtb-genomic-study-analysis,MII_PR_MTB_Genomic_Study_Analysis,Procedure,1,identical,2026.0.0|2026.0.1,2,False,
de.medizininformatikinitiative.kerndatensatz.mtb,mtb,https://www.medizininformatik-initiative.de/fhir/ext/modul-mtb/StructureDefinition/mii-pr-mtb-genomic-study-analysis,MII_PR_MTB_Genomic_Study_Analysis,Procedure,2,identical,2027.0.0-ballot.1,1,True,False
de.medizininformatikinitiative.kerndatensatz.mtb,mtb,https://www.medizininformatik-initiative.de/fhir/ext/modul-mtb/StructureDefinition/mii-pr-mtb-histologie-evaluation-auftrag,MII_PR_MTB_Histologie_Evaluation_Auftrag,ServiceRequest,1,canonical-only,2026.0.0|2026.0.1,2,False,
de.medizininformatikinitiative.kerndatensatz.mtb,mtb,https://www.medizininformatik-initiative.de/fhir/ext/modul-mtb/StructureDefinition/mii-pr-mtb-histologie-evaluation-auftrag,MII_PR_MTB_Histologie_Evaluation_Auftrag,ServiceRequest,2,identical,2027.0.0-ballot.1,1,True,False
de.medizininformatikinitiative.kerndatensatz.mtb,mtb,https://www.medizininformatik-initiative.de/fhir/ext/modul-mtb/StructureDefinition/mii-pr-mtb-hrd-score,MII_PR_MTB_HRD_Score,Observation,1,identical,2026.0.0|2026.0.1,2,False,
de.medizininformatikinitiative.kerndatensatz.mtb,mtb,https://www.medizininformatik-initiative.de/fhir/ext/modul-mtb/StructureDefinition/mii-pr-mtb-hrd-score,MII_PR_MTB_HRD_Score,Observation,2,identical,2027.0.0-ballot.1,1,True,False
de.medizininformatikinitiative.kerndatensatz.mtb,mtb,https://www.medizininformatik-initiative.de/fhir/ext/modul-mtb/StructureDefinition/mii-pr-mtb-humangenetische-beratung-auftrag,MII_PR_MTB_Humangenetische_Beratung_Auftrag,ServiceRequest,1,canonical-only,2026.0.0|2026.0.1,2,False,
de.medizininformatikinitiative.kerndatensatz.mtb,mtb,https://www.medizininformatik-initiative.de/fhir/ext/modul-mtb/StructureDefinition/mii-pr-mtb-humangenetische-beratung-auftrag,MII_PR_MTB_Humangenetische_Beratung_Auftrag,ServiceRequest,2,identical,2027.0.0-ballot.1,1,True,False
de.medizininformatikinitiative.kerndatensatz.mtb,mtb,https://www.medizininformatik-initiative.de/fhir/ext/modul-mtb/StructureDefinition/mii-pr-mtb-immunohistochemistry,MII_PR_MTB_Immunohistochemistry,Observation,1,identical,2026.0.0|2026.0.1|2027.0.0-ballot.1,3,True,
de.medizininformatikinitiative.kerndatensatz.mtb,mtb,https://www.medizininformatik-initiative.de/fhir/ext/modul-mtb/StructureDefinition/mii-pr-mtb-immunohistochemistry-her2,MII_PR_MTB_IMMUNOHISTOCHEMISTRY_HER2,Observation,1,identical,2026.0.0|2026.0.1,2,False,
de.medizininformatikinitiative.kerndatensatz.mtb,mtb,https://www.medizininformatik-initiative.de/fhir/ext/modul-mtb/StructureDefinition/mii-pr-mtb-immunohistochemistry-her2,MII_PR_MTB_IMMUNOHISTOCHEMISTRY_HER2,Observation,2,identical,2027.0.0-ballot.1,1,True,False
de.medizininformatikinitiative.kerndatensatz.mtb,mtb,https://www.medizininformatik-initiative.de/fhir/ext/modul-mtb/StructureDefinition/mii-pr-mtb-immunohistochemistry-mmr,MII_PR_MTB_Immunohistochemistry_MMR,Observation,1,identical,2026.0.0|2026.0.1,2,False,
de.medizininformatikinitiative.kerndatensatz.mtb,mtb,https://www.medizininformatik-initiative.de/fhir/ext/modul-mtb/StructureDefinition/mii-pr-mtb-immunohistochemistry-mmr,MII_PR_MTB_Immunohistochemistry_MMR,Observation,2,identical,2027.0.0-ballot.1,1,True,False
de.medizininformatikinitiative.kerndatensatz.mtb,mtb,https://www.medizininformatik-initiative.de/fhir/ext/modul-mtb/StructureDefinition/mii-pr-mtb-immunohistochemistry-pdl1,MII_PR_MTB_Immunohistochemistry_PDL1,Observation,1,identical,2026.0.0|2026.0.1,2,False,
de.medizininformatikinitiative.kerndatensatz.mtb,mtb,https://www.medizininformatik-initiative.de/fhir/ext/modul-mtb/StructureDefinition/mii-pr-mtb-immunohistochemistry-pdl1,MII_PR_MTB_Immunohistochemistry_PDL1,Observation,2,identical,2027.0.0-ballot.1,1,True,False
de.medizininformatikinitiative.kerndatensatz.mtb,mtb,https://www.medizininformatik-initiative.de/fhir/ext/modul-mtb/StructureDefinition/mii-pr-mtb-immunohistochemistry-phosphorylation,MII_PR_MTB_Immunohistochemistry_Phosphorylation,Observation,1,identical,2026.0.0|2026.0.1,2,False,
de.medizininformatikinitiative.kerndatensatz.mtb,mtb,https://www.medizininformatik-initiative.de/fhir/ext/modul-mtb/StructureDefinition/mii-pr-mtb-immunohistochemistry-phosphorylation,MII_PR_MTB_Immunohistochemistry_Phosphorylation,Observation,2,identical,2027.0.0-ballot.1,1,True,False
de.medizininformatikinitiative.kerndatensatz.mtb,mtb,https://www.medizininformatik-initiative.de/fhir/ext/modul-mtb/StructureDefinition/mii-pr-mtb-insituhybridization,MII_PR_MTB_Biomarker_InSituHybridization,Observation,1,identical,2026.0.0|2026.0.1|2027.0.0-ballot.1,3,True,
de.medizininformatikinitiative.kerndatensatz.mtb,mtb,https://www.medizininformatik-initiative.de/fhir/ext/modul-mtb/StructureDefinition/mii-pr-mtb-insituhybridization-her2,MII_PR_MTB_INSITUHYBRIDIZATION_HER2,Observation,1,identical,2026.0.0|2026.0.1,2,False,
de.medizininformatikinitiative.kerndatensatz.mtb,mtb,https://www.medizininformatik-initiative.de/fhir/ext/modul-mtb/StructureDefinition/mii-pr-mtb-insituhybridization-her2,MII_PR_MTB_INSITUHYBRIDIZATION_HER2,Observation,2,identical,2027.0.0-ballot.1,1,True,False
de.medizininformatikinitiative.kerndatensatz.mtb,mtb,https://www.medizininformatik-initiative.de/fhir/ext/modul-mtb/StructureDefinition/mii-pr-mtb-mikrosatelliteninstabilitaet,MII_PR_MTB_Mikrosatelliteninstabilitaet,Observation,1,identical,2026.0.0|2026.0.1,2,False,
de.medizininformatikinitiative.kerndatensatz.mtb,mtb,https://www.medizininformatik-initiative.de/fhir/ext/modul-mtb/StructureDefinition/mii-pr-mtb-mikrosatelliteninstabilitaet,MII_PR_MTB_Mikrosatelliteninstabilitaet,Observation,2,identical,2027.0.0-ballot.1,1,True,False
de.medizininformatikinitiative.kerndatensatz.mtb,mtb,https://www.medizininformatik-initiative.de/fhir/ext/modul-mtb/StructureDefinition/mii-pr-mtb-molecular-pathology-report,MII_PR_MTB_Molecular_Pathology_Report,DiagnosticReport,1,identical,2026.0.0|2026.0.1,2,False,
de.medizininformatikinitiative.kerndatensatz.mtb,mtb,https://www.medizininformatik-initiative.de/fhir/ext/modul-mtb/StructureDefinition/mii-pr-mtb-molecular-pathology-report,MII_PR_MTB_Molecular_Pathology_Report,DiagnosticReport,2,identical,2027.0.0-ballot.1,1,True,False
de.medizininformatikinitiative.kerndatensatz.mtb,mtb,https://www.medizininformatik-initiative.de/fhir/ext/modul-mtb/StructureDefinition/mii-pr-mtb-molekularer-biomarker,MII_PR_MTB_Molekularer_Biomarker,Observation,1,identical,2026.0.0|2026.0.1,2,False,
de.medizininformatikinitiative.kerndatensatz.mtb,mtb,https://www.medizininformatik-initiative.de/fhir/ext/modul-mtb/StructureDefinition/mii-pr-mtb-molekularer-biomarker,MII_PR_MTB_Molekularer_Biomarker,Observation,2,identical,2027.0.0-ballot.1,1,True,False
de.medizininformatikinitiative.kerndatensatz.mtb,mtb,https://www.medizininformatik-initiative.de/fhir/ext/modul-mtb/StructureDefinition/mii-pr-mtb-msi,MII_PR_MTB_Immunohistochemistry_MSI,Observation,1,identical,2026.0.0|2026.0.1,2,False,
de.medizininformatikinitiative.kerndatensatz.mtb,mtb,https://www.medizininformatik-initiative.de/fhir/ext/modul-mtb/StructureDefinition/mii-pr-mtb-msi,MII_PR_MTB_Immunohistochemistry_MSI,Observation,2,identical,2027.0.0-ballot.1,1,True,False
de.medizininformatikinitiative.kerndatensatz.mtb,mtb,https://www.medizininformatik-initiative.de/fhir/ext/modul-mtb/StructureDefinition/mii-pr-mtb-mutationslast,MII_PR_MTB_Mutationslast,Observation,1,identical,2026.0.0|2026.0.1,2,False,
de.medizininformatikinitiative.kerndatensatz.mtb,mtb,https://www.medizininformatik-initiative.de/fhir/ext/modul-mtb/StructureDefinition/mii-pr-mtb-mutationslast,MII_PR_MTB_Mutationslast,Observation,2,identical,2027.0.0-ballot.1,1,True,False
de.medizininformatikinitiative.kerndatensatz.mtb,mtb,https://www.medizininformatik-initiative.de/fhir/ext/modul-mtb/StructureDefinition/mii-pr-mtb-ngs-bericht,MII_PR_MTB_NGS_Bericht,DiagnosticReport,1,identical,2026.0.0|2026.0.1,2,False,
de.medizininformatikinitiative.kerndatensatz.mtb,mtb,https://www.medizininformatik-initiative.de/fhir/ext/modul-mtb/StructureDefinition/mii-pr-mtb-ngs-bericht,MII_PR_MTB_NGS_Bericht,DiagnosticReport,2,identical,2027.0.0-ballot.1,1,True,False
de.medizininformatikinitiative.kerndatensatz.mtb,mtb,https://www.medizininformatik-initiative.de/fhir/ext/modul-mtb/StructureDefinition/mii-pr-mtb-oncotree,MII_PR_MTB_Oncotree,Observation,1,identical,2026.0.0|2026.0.1,2,False,
de.medizininformatikinitiative.kerndatensatz.mtb,mtb,https://www.medizininformatik-initiative.de/fhir/ext/modul-mtb/StructureDefinition/mii-pr-mtb-oncotree,MII_PR_MTB_Oncotree,Observation,2,identical,2027.0.0-ballot.1,1,True,False
de.medizininformatikinitiative.kerndatensatz.mtb,mtb,https://www.medizininformatik-initiative.de/fhir/ext/modul-mtb/StructureDefinition/mii-pr-mtb-panel-devicedefinition,MII_PR_MTB_Panel_DeviceDefinition,DeviceDefinition,1,sole-version,2027.0.0-ballot.1,1,True,
de.medizininformatikinitiative.kerndatensatz.mtb,mtb,https://www.medizininformatik-initiative.de/fhir/ext/modul-mtb/StructureDefinition/mii-pr-mtb-ploidie,MII_PR_MTB_Ploidie,Observation,1,identical,2026.0.0|2026.0.1,2,False,
de.medizininformatikinitiative.kerndatensatz.mtb,mtb,https://www.medizininformatik-initiative.de/fhir/ext/modul-mtb/StructureDefinition/mii-pr-mtb-ploidie,MII_PR_MTB_Ploidie,Observation,2,identical,2027.0.0-ballot.1,1,True,False
de.medizininformatikinitiative.kerndatensatz.mtb,mtb,https://www.medizininformatik-initiative.de/fhir/ext/modul-mtb/StructureDefinition/mii-pr-mtb-response-befund,MII_PR_MTB_Response_Befund,Observation,1,identical,2026.0.0|2026.0.1,2,False,
de.medizininformatikinitiative.kerndatensatz.mtb,mtb,https://www.medizininformatik-initiative.de/fhir/ext/modul-mtb/StructureDefinition/mii-pr-mtb-response-befund,MII_PR_MTB_Response_Befund,Observation,2,identical,2027.0.0-ballot.1,1,True,False
de.medizininformatikinitiative.kerndatensatz.mtb,mtb,https://www.medizininformatik-initiative.de/fhir/ext/modul-mtb/StructureDefinition/mii-pr-mtb-rna-fusion,MII_PR_MTB_RNA_Fusion,Observation,1,identical,2026.0.0|2026.0.1,2,False,
de.medizininformatikinitiative.kerndatensatz.mtb,mtb,https://www.medizininformatik-initiative.de/fhir/ext/modul-mtb/StructureDefinition/mii-pr-mtb-rna-fusion,MII_PR_MTB_RNA_Fusion,Observation,2,identical,2027.0.0-ballot.1,1,True,False
de.medizininformatikinitiative.kerndatensatz.mtb,mtb,https://www.medizininformatik-initiative.de/fhir/ext/modul-mtb/StructureDefinition/mii-pr-mtb-rna-seq,MII_PR_MTB_RNA_Seq,Observation,1,identical,2026.0.0|2026.0.1,2,False,
de.medizininformatikinitiative.kerndatensatz.mtb,mtb,https://www.medizininformatik-initiative.de/fhir/ext/modul-mtb/StructureDefinition/mii-pr-mtb-rna-seq,MII_PR_MTB_RNA_Seq,Observation,2,identical,2027.0.0-ballot.1,1,True,False
de.medizininformatikinitiative.kerndatensatz.mtb,mtb,https://www.medizininformatik-initiative.de/fhir/ext/modul-mtb/StructureDefinition/mii-pr-mtb-studie,MII_PR_MTB_Studie,ResearchStudy,1,identical,2026.0.0|2026.0.1,2,False,
de.medizininformatikinitiative.kerndatensatz.mtb,mtb,https://www.medizininformatik-initiative.de/fhir/ext/modul-mtb/StructureDefinition/mii-pr-mtb-studie,MII_PR_MTB_Studie,ResearchStudy,2,identical,2027.0.0-ballot.1,1,True,False
de.medizininformatikinitiative.kerndatensatz.mtb,mtb,https://www.medizininformatik-initiative.de/fhir/ext/modul-mtb/StructureDefinition/mii-pr-mtb-studieneinschluss-anfrage,MII_PR_MTB_Studieneinschluss_Anfrage,ServiceRequest,1,identical,2026.0.0,1,False,
de.medizininformatikinitiative.kerndatensatz.mtb,mtb,https://www.medizininformatik-initiative.de/fhir/ext/modul-mtb/StructureDefinition/mii-pr-mtb-studieneinschluss-anfrage,MII_PR_MTB_Studieneinschluss_Anfrage,ServiceRequest,2,identical,2026.0.1,1,False,False
de.medizininformatikinitiative.kerndatensatz.mtb,mtb,https://www.medizininformatik-initiative.de/fhir/ext/modul-mtb/StructureDefinition/mii-pr-mtb-studieneinschluss-anfrage,MII_PR_MTB_Studieneinschluss_Anfrage,ServiceRequest,3,identical,2027.0.0-ballot.1,1,True,False
de.medizininformatikinitiative.kerndatensatz.mtb,mtb,https://www.medizininformatik-initiative.de/fhir/ext/modul-mtb/StructureDefinition/mii-pr-mtb-systemische-therapie,MII_PR_MTB_Systemische_Therapie,Procedure,1,canonical-only,2026.0.0|2026.0.1,2,False,
de.medizininformatikinitiative.kerndatensatz.mtb,mtb,https://www.medizininformatik-initiative.de/fhir/ext/modul-mtb/StructureDefinition/mii-pr-mtb-systemische-therapie,MII_PR_MTB_Systemische_Therapie,Procedure,2,identical,2027.0.0-ballot.1,1,True,True
de.medizininformatikinitiative.kerndatensatz.mtb,mtb,https://www.medizininformatik-initiative.de/fhir/ext/modul-mtb/StructureDefinition/mii-pr-mtb-systemische-vortherapie,MII_PR_MTB_Systemische_Vortherapie,Procedure,1,identical,2026.0.0|2026.0.1,2,False,
de.medizininformatikinitiative.kerndatensatz.mtb,mtb,https://www.medizininformatik-initiative.de/fhir/ext/modul-mtb/StructureDefinition/mii-pr-mtb-systemische-vortherapie,MII_PR_MTB_Systemische_Vortherapie,Procedure,2,identical,2027.0.0-ballot.1,1,True,True
de.medizininformatikinitiative.kerndatensatz.mtb,mtb,https://www.medizininformatik-initiative.de/fhir/ext/modul-mtb/StructureDefinition/mii-pr-mtb-systemtherapie-medication-statement,MII_PR_MTB_Systemische_Therapie_Medication_Statement,MedicationStatement,1,identical,2026.0.0|2026.0.1,2,False,
de.medizininformatikinitiative.kerndatensatz.mtb,mtb,https://www.medizininformatik-initiative.de/fhir/ext/modul-mtb/StructureDefinition/mii-pr-mtb-systemtherapie-medication-statement,MII_PR_MTB_Systemische_Therapie_Medication_Statement,MedicationStatement,2,identical,2027.0.0-ballot.1,1,True,False
de.medizininformatikinitiative.kerndatensatz.mtb,mtb,https://www.medizininformatik-initiative.de/fhir/ext/modul-mtb/StructureDefinition/mii-pr-mtb-therapeutische-implikation,MII_PR_MTB_Therapeutische_Implikation,Observation,1,identical,2026.0.0|2026.0.1,2,False,
de.medizininformatikinitiative.kerndatensatz.mtb,mtb,https://www.medizininformatik-initiative.de/fhir/ext/modul-mtb/StructureDefinition/mii-pr-mtb-therapeutische-implikation,MII_PR_MTB_Therapeutische_Implikation,Observation,2,identical,2027.0.0-ballot.1,1,True,False
de.medizininformatikinitiative.kerndatensatz.mtb,mtb,https://www.medizininformatik-initiative.de/fhir/ext/modul-mtb/StructureDefinition/mii-pr-mtb-therapieempfehlung,MII_PR_MTB_Therapieempfehlung,MedicationRequest,1,canonical-only,2026.0.0|2026.0.1,2,False,
de.medizininformatikinitiative.kerndatensatz.mtb,mtb,https://www.medizininformatik-initiative.de/fhir/ext/modul-mtb/StructureDefinition/mii-pr-mtb-therapieempfehlung,MII_PR_MTB_Therapieempfehlung,MedicationRequest,2,identical,2027.0.0-ballot.1,1,True,False
de.medizininformatikinitiative.kerndatensatz.mtb,mtb,https://www.medizininformatik-initiative.de/fhir/ext/modul-mtb/StructureDefinition/mii-pr-mtb-therapieempfehlung-kombination,MII_PR_MTB_Therapieempfehlung_Kombination,RequestGroup,1,canonical-only,2026.0.0|2026.0.1,2,False,
de.medizininformatikinitiative.kerndatensatz.mtb,mtb,https://www.medizininformatik-initiative.de/fhir/ext/modul-mtb/StructureDefinition/mii-pr-mtb-therapieempfehlung-kombination,MII_PR_MTB_Therapieempfehlung_Kombination,RequestGroup,2,identical,2027.0.0-ballot.1,1,True,False
de.medizininformatikinitiative.kerndatensatz.mtb,mtb,https://www.medizininformatik-initiative.de/fhir/ext/modul-mtb/StructureDefinition/mii-pr-mtb-therapieplan,MII_PR_MTB_Therapieplan,CarePlan,1,canonical-only,2026.0.0|2026.0.1,2,False,
de.medizininformatikinitiative.kerndatensatz.mtb,mtb,https://www.medizininformatik-initiative.de/fhir/ext/modul-mtb/StructureDefinition/mii-pr-mtb-therapieplan,MII_PR_MTB_Therapieplan,CarePlan,2,identical,2027.0.0-ballot.1,1,True,False
de.medizininformatikinitiative.kerndatensatz.mtb,mtb,https://www.medizininformatik-initiative.de/fhir/ext/modul-mtb/StructureDefinition/mii-pr-mtb-tumorausbreitung,MII_PR_MTB_Tumorausbreitung,Observation,1,identical,2026.0.0|2026.0.1,2,False,
de.medizininformatikinitiative.kerndatensatz.mtb,mtb,https://www.medizininformatik-initiative.de/fhir/ext/modul-mtb/StructureDefinition/mii-pr-mtb-tumorausbreitung,MII_PR_MTB_Tumorausbreitung,Observation,2,identical,2027.0.0-ballot.1,1,True,False
de.medizininformatikinitiative.kerndatensatz.mtb,mtb,https://www.medizininformatik-initiative.de/fhir/ext/modul-mtb/StructureDefinition/mii-pr-mtb-tumorzellgehalt,MII_PR_MTB_Tumorzellgehalt,Observation,1,identical,2026.0.0|2026.0.1,2,False,
de.medizininformatikinitiative.kerndatensatz.mtb,mtb,https://www.medizininformatik-initiative.de/fhir/ext/modul-mtb/StructureDefinition/mii-pr-mtb-tumorzellgehalt,MII_PR_MTB_Tumorzellgehalt,Observation,2,identical,2027.0.0-ballot.1,1,True,False
de.medizininformatikinitiative.kerndatensatz.mtb,mtb,https://www.medizininformatik-initiative.de/fhir/ext/modul-mtb/StructureDefinition/mii-pr-mtb-who-grad-tumor-zns,MII_PR_MTB_WHO_Grad_Tumor_ZNS,Observation,1,identical,2026.0.0|2026.0.1,2,False,
de.medizininformatikinitiative.kerndatensatz.mtb,mtb,https://www.medizininformatik-initiative.de/fhir/ext/modul-mtb/StructureDefinition/mii-pr-mtb-who-grad-tumor-zns,MII_PR_MTB_WHO_Grad_Tumor_ZNS,Observation,2,identical,2027.0.0-ballot.1,1,True,False
de.medizininformatikinitiative.kerndatensatz.onkologie,onkologie,https://www.medizininformatik-initiative.de/fhir/ext/modul-onko/StructureDefinition/mii-pr-onko-allgemeiner-leistungszustand-ecog,MII_PR_Onko_Allgemeiner_Leistungszustand_ECOG,Observation,1,identical,2025.0.0|2025.0.1|2025.0.2|2025.0.3|2025.0.4|2025.1.0,6,False,
de.medizininformatikinitiative.kerndatensatz.onkologie,onkologie,https://www.medizininformatik-initiative.de/fhir/ext/modul-onko/StructureDefinition/mii-pr-onko-allgemeiner-leistungszustand-ecog,MII_PR_Onko_Allgemeiner_Leistungszustand_ECOG,Observation,2,canonical-only,2026.0.0|2026.0.1|2026.0.2|2026.0.3,4,False,True
de.medizininformatikinitiative.kerndatensatz.onkologie,onkologie,https://www.medizininformatik-initiative.de/fhir/ext/modul-onko/StructureDefinition/mii-pr-onko-allgemeiner-leistungszustand-ecog,MII_PR_Onko_Allgemeiner_Leistungszustand_ECOG,Observation,3,identical,2027.0.0-ballot.1,1,True,True
de.medizininformatikinitiative.kerndatensatz.onkologie,onkologie,https://www.medizininformatik-initiative.de/fhir/ext/modul-onko/StructureDefinition/mii-pr-onko-allgemeiner-leistungszustand-ecog-quantity,MII_PR_Onko_Allgemeiner_Leistungszustand_ECOG_Quantity,Observation,1,sole-version,2026.0.2,1,True,
de.medizininformatikinitiative.kerndatensatz.onkologie,onkologie,https://www.medizininformatik-initiative.de/fhir/ext/modul-onko/StructureDefinition/mii-pr-onko-allgemeiner-leistungszustand-karnofsky,MII_PR_Onko_Allgemeiner_Leistungszustand_Karnofsky,Observation,1,identical,2025.0.0|2025.0.1|2025.0.2|2025.0.3|2025.0.4|2025.1.0,6,False,
de.medizininformatikinitiative.kerndatensatz.onkologie,onkologie,https://www.medizininformatik-initiative.de/fhir/ext/modul-onko/StructureDefinition/mii-pr-onko-allgemeiner-leistungszustand-karnofsky,MII_PR_Onko_Allgemeiner_Leistungszustand_Karnofsky,Observation,2,identical,2026.0.0|2026.0.1,2,False,True
de.medizininformatikinitiative.kerndatensatz.onkologie,onkologie,https://www.medizininformatik-initiative.de/fhir/ext/modul-onko/StructureDefinition/mii-pr-onko-allgemeiner-leistungszustand-karnofsky,MII_PR_Onko_Allgemeiner_Leistungszustand_Karnofsky,Observation,3,identical,2026.0.2,1,False,False
de.medizininformatikinitiative.kerndatensatz.onkologie,onkologie,https://www.medizininformatik-initiative.de/fhir/ext/modul-onko/StructureDefinition/mii-pr-onko-allgemeiner-leistungszustand-karnofsky,MII_PR_Onko_Allgemeiner_Leistungszustand_Karnofsky,Observation,4,identical,2026.0.3,1,False,False
de.medizininformatikinitiative.kerndatensatz.onkologie,onkologie,https://www.medizininformatik-initiative.de/fhir/ext/modul-onko/StructureDefinition/mii-pr-onko-allgemeiner-leistungszustand-karnofsky,MII_PR_Onko_Allgemeiner_Leistungszustand_Karnofsky,Observation,5,identical,2027.0.0-ballot.1,1,True,True
de.medizininformatikinitiative.kerndatensatz.onkologie,onkologie,https://www.medizininformatik-initiative.de/fhir/ext/modul-onko/StructureDefinition/mii-pr-onko-allgemeiner-leistungszustand-karnofsky-quantity,MII_PR_Onko_Allgemeiner_Leistungszustand_Karnofsky_Quantity,Observation,1,sole-version,2026.0.2,1,True,
de.medizininformatikinitiative.kerndatensatz.onkologie,onkologie,https://www.medizininformatik-initiative.de/fhir/ext/modul-onko/StructureDefinition/mii-pr-onko-anzahl-befallene-lymphknoten,MII_PR_Onko_Anzahl_Befallene_Lymphknoten,Observation,1,canonical-only,2025.0.0|2025.0.1|2025.0.2|2025.0.3|2025.0.4|2025.1.0|2026.0.0|2026.0.1,8,False,
de.medizininformatikinitiative.kerndatensatz.onkologie,onkologie,https://www.medizininformatik-initiative.de/fhir/ext/modul-onko/StructureDefinition/mii-pr-onko-anzahl-befallene-lymphknoten,MII_PR_Onko_Anzahl_Befallene_Lymphknoten,Observation,2,identical,2026.0.2,1,False,False
de.medizininformatikinitiative.kerndatensatz.onkologie,onkologie,https://www.medizininformatik-initiative.de/fhir/ext/modul-onko/StructureDefinition/mii-pr-onko-anzahl-befallene-lymphknoten,MII_PR_Onko_Anzahl_Befallene_Lymphknoten,Observation,3,identical,2026.0.3,1,False,True
de.medizininformatikinitiative.kerndatensatz.onkologie,onkologie,https://www.medizininformatik-initiative.de/fhir/ext/modul-onko/StructureDefinition/mii-pr-onko-anzahl-befallene-lymphknoten,MII_PR_Onko_Anzahl_Befallene_Lymphknoten,Observation,4,identical,2027.0.0-ballot.1,1,True,False
de.medizininformatikinitiative.kerndatensatz.onkologie,onkologie,https://www.medizininformatik-initiative.de/fhir/ext/modul-onko/StructureDefinition/mii-pr-onko-anzahl-befallene-sentinel-lymphknoten,MII_PR_Onko_Anzahl_Befallene_Sentinel_Lymphknoten,Observation,1,canonical-only,2025.0.0|2025.0.1|2025.0.2|2025.0.3|2025.0.4|2025.1.0|2026.0.0|2026.0.1,8,False,
de.medizininformatikinitiative.kerndatensatz.onkologie,onkologie,https://www.medizininformatik-initiative.de/fhir/ext/modul-onko/StructureDefinition/mii-pr-onko-anzahl-befallene-sentinel-lymphknoten,MII_PR_Onko_Anzahl_Befallene_Sentinel_Lymphknoten,Observation,2,identical,2026.0.2,1,False,False
de.medizininformatikinitiative.kerndatensatz.onkologie,onkologie,https://www.medizininformatik-initiative.de/fhir/ext/modul-onko/StructureDefinition/mii-pr-onko-anzahl-befallene-sentinel-lymphknoten,MII_PR_Onko_Anzahl_Befallene_Sentinel_Lymphknoten,Observation,3,identical,2026.0.3,1,False,True
de.medizininformatikinitiative.kerndatensatz.onkologie,onkologie,https://www.medizininformatik-initiative.de/fhir/ext/modul-onko/StructureDefinition/mii-pr-onko-anzahl-befallene-sentinel-lymphknoten,MII_PR_Onko_Anzahl_Befallene_Sentinel_Lymphknoten,Observation,4,identical,2027.0.0-ballot.1,1,True,False
de.medizininformatikinitiative.kerndatensatz.onkologie,onkologie,https://www.medizininformatik-initiative.de/fhir/ext/modul-onko/StructureDefinition/mii-pr-onko-anzahl-untersuchte-lymphknoten,MII_PR_Onko_Anzahl_Untersuchte_Lymphknoten,Observation,1,canonical-only,2025.0.0|2025.0.1|2025.0.2|2025.0.3|2025.0.4|2025.1.0|2026.0.0|2026.0.1,8,False,
de.medizininformatikinitiative.kerndatensatz.onkologie,onkologie,https://www.medizininformatik-initiative.de/fhir/ext/modul-onko/StructureDefinition/mii-pr-onko-anzahl-untersuchte-lymphknoten,MII_PR_Onko_Anzahl_Untersuchte_Lymphknoten,Observation,2,identical,2026.0.2,1,False,False
de.medizininformatikinitiative.kerndatensatz.onkologie,onkologie,https://www.medizininformatik-initiative.de/fhir/ext/modul-onko/StructureDefinition/mii-pr-onko-anzahl-untersuchte-lymphknoten,MII_PR_Onko_Anzahl_Untersuchte_Lymphknoten,Observation,3,identical,2026.0.3,1,False,True
de.medizininformatikinitiative.kerndatensatz.onkologie,onkologie,https://www.medizininformatik-initiative.de/fhir/ext/modul-onko/StructureDefinition/mii-pr-onko-anzahl-untersuchte-lymphknoten,MII_PR_Onko_Anzahl_Untersuchte_Lymphknoten,Observation,4,identical,2027.0.0-ballot.1,1,True,False
de.medizininformatikinitiative.kerndatensatz.onkologie,onkologie,https://www.medizininformatik-initiative.de/fhir/ext/modul-onko/StructureDefinition/mii-pr-onko-anzahl-untersuchte-sentinel-lymphknoten,MII_PR_Onko_Anzahl_Untersuchte_Sentinel_Lymphknoten,Observation,1,canonical-only,2025.0.0|2025.0.1|2025.0.2|2025.0.3|2025.0.4|2025.1.0|2026.0.0|2026.0.1,8,False,
de.medizininformatikinitiative.kerndatensatz.onkologie,onkologie,https://www.medizininformatik-initiative.de/fhir/ext/modul-onko/StructureDefinition/mii-pr-onko-anzahl-untersuchte-sentinel-lymphknoten,MII_PR_Onko_Anzahl_Untersuchte_Sentinel_Lymphknoten,Observation,2,identical,2026.0.2,1,False,False
de.medizininformatikinitiative.kerndatensatz.onkologie,onkologie,https://www.medizininformatik-initiative.de/fhir/ext/modul-onko/StructureDefinition/mii-pr-onko-anzahl-untersuchte-sentinel-lymphknoten,MII_PR_Onko_Anzahl_Untersuchte_Sentinel_Lymphknoten,Observation,3,identical,2026.0.3,1,False,True
de.medizininformatikinitiative.kerndatensatz.onkologie,onkologie,https://www.medizininformatik-initiative.de/fhir/ext/modul-onko/StructureDefinition/mii-pr-onko-anzahl-untersuchte-sentinel-lymphknoten,MII_PR_Onko_Anzahl_Untersuchte_Sentinel_Lymphknoten,Observation,4,identical,2027.0.0-ballot.1,1,True,False
de.medizininformatikinitiative.kerndatensatz.onkologie,onkologie,https://www.medizininformatik-initiative.de/fhir/ext/modul-onko/StructureDefinition/mii-pr-onko-asa-klassifikation,MII_PR_Onko_ASA_Klassifikation,Observation,1,identical,2026.0.0|2026.0.1|2026.0.2|2026.0.3|2027.0.0-ballot.1,5,True,
de.medizininformatikinitiative.kerndatensatz.onkologie,onkologie,https://www.medizininformatik-initiative.de/fhir/ext/modul-onko/StructureDefinition/mii-pr-onko-befund,MII_PR_Onko_Befund,DiagnosticReport,1,identical,2025.0.0|2025.0.1|2025.0.2|2025.0.3|2025.0.4,5,False,
de.medizininformatikinitiative.kerndatensatz.onkologie,onkologie,https://www.medizininformatik-initiative.de/fhir/ext/modul-onko/StructureDefinition/mii-pr-onko-befund,MII_PR_Onko_Befund,DiagnosticReport,2,identical,2025.1.0|2026.0.0|2026.0.1,3,False,True
de.medizininformatikinitiative.kerndatensatz.onkologie,onkologie,https://www.medizininformatik-initiative.de/fhir/ext/modul-onko/StructureDefinition/mii-pr-onko-befund,MII_PR_Onko_Befund,DiagnosticReport,3,identical,2026.0.2,1,False,False
de.medizininformatikinitiative.kerndatensatz.onkologie,onkologie,https://www.medizininformatik-initiative.de/fhir/ext/modul-onko/StructureDefinition/mii-pr-onko-befund,MII_PR_Onko_Befund,DiagnosticReport,4,identical,2026.0.3,1,False,True
de.medizininformatikinitiative.kerndatensatz.onkologie,onkologie,https://www.medizininformatik-initiative.de/fhir/ext/modul-onko/StructureDefinition/mii-pr-onko-befund,MII_PR_Onko_Befund,DiagnosticReport,5,identical,2027.0.0-ballot.1,1,True,False
de.medizininformatikinitiative.kerndatensatz.onkologie,onkologie,https://www.medizininformatik-initiative.de/fhir/ext/modul-onko/StructureDefinition/mii-pr-onko-diagnose-primaertumor,MII_PR_Onko_Diagnose_Primaertumor,Condition,1,identical,2025.0.0|2025.0.1|2025.0.2,3,False,
de.medizininformatikinitiative.kerndatensatz.onkologie,onkologie,https://www.medizininformatik-initiative.de/fhir/ext/modul-onko/StructureDefinition/mii-pr-onko-diagnose-primaertumor,MII_PR_Onko_Diagnose_Primaertumor,Condition,2,canonical-only,2025.0.3|2025.0.4|2025.1.0,3,False,True
de.medizininformatikinitiative.kerndatensatz.onkologie,onkologie,https://www.medizininformatik-initiative.de/fhir/ext/modul-onko/StructureDefinition/mii-pr-onko-diagnose-primaertumor,MII_PR_Onko_Diagnose_Primaertumor,Condition,3,identical,2026.0.0|2026.0.1,2,False,False
de.medizininformatikinitiative.kerndatensatz.onkologie,onkologie,https://www.medizininformatik-initiative.de/fhir/ext/modul-onko/StructureDefinition/mii-pr-onko-diagnose-primaertumor,MII_PR_Onko_Diagnose_Primaertumor,Condition,4,identical,2026.0.2,1,False,True
de.medizininformatikinitiative.kerndatensatz.onkologie,onkologie,https://www.medizininformatik-initiative.de/fhir/ext/modul-onko/StructureDefinition/mii-pr-onko-diagnose-primaertumor,MII_PR_Onko_Diagnose_Primaertumor,Condition,5,identical,2026.0.3,1,False,False
de.medizininformatikinitiative.kerndatensatz.onkologie,onkologie,https://www.medizininformatik-initiative.de/fhir/ext/modul-onko/StructureDefinition/mii-pr-onko-diagnose-primaertumor,MII_PR_Onko_Diagnose_Primaertumor,Condition,6,identical,2027.0.0-ballot.1,1,True,True
de.medizininformatikinitiative.kerndatensatz.onkologie,onkologie,https://www.medizininformatik-initiative.de/fhir/ext/modul-onko/StructureDefinition/mii-pr-onko-fernmetastasen,MII_PR_Onko_Fernmetastasen,Observation,1,identical,2025.0.0|2025.0.1|2025.0.2|2025.0.3|2025.0.4|2025.1.0|2026.0.0|2026.0.1|2026.0.2|2026.0.3,10,False,
de.medizininformatikinitiative.kerndatensatz.onkologie,onkologie,https://www.medizininformatik-initiative.de/fhir/ext/modul-onko/StructureDefinition/mii-pr-onko-fernmetastasen,MII_PR_Onko_Fernmetastasen,Observation,2,identical,2027.0.0-ballot.1,1,True,False
de.medizininformatikinitiative.kerndatensatz.onkologie,onkologie,https://www.medizininformatik-initiative.de/fhir/ext/modul-onko/StructureDefinition/mii-pr-onko-fruehere-tumorerkrankung,MII_PR_Onko_Fruehere_Tumorerkrankung,Condition,1,canonical-only,2026.0.0|2026.0.1|2026.0.2|2026.0.3,4,False,
de.medizininformatikinitiative.kerndatensatz.onkologie,onkologie,https://www.medizininformatik-initiative.de/fhir/ext/modul-onko/StructureDefinition/mii-pr-onko-fruehere-tumorerkrankung,MII_PR_Onko_Fruehere_Tumorerkrankung,Condition,2,identical,2027.0.0-ballot.1,1,True,True
de.medizininformatikinitiative.kerndatensatz.onkologie,onkologie,https://www.medizininformatik-initiative.de/fhir/ext/modul-onko/StructureDefinition/mii-pr-onko-genetische-variante,MII_PR_Onko_Genetische_Variante,Observation,1,identical,2025.0.0|2025.0.1|2025.0.2|2025.0.3|2025.0.4|2025.1.0,6,False,
de.medizininformatikinitiative.kerndatensatz.onkologie,onkologie,https://www.medizininformatik-initiative.de/fhir/ext/modul-onko/StructureDefinition/mii-pr-onko-genetische-variante,MII_PR_Onko_Genetische_Variante,Observation,2,identical,2026.0.0|2026.0.1|2026.0.2|2026.0.3,4,False,False
de.medizininformatikinitiative.kerndatensatz.onkologie,onkologie,https://www.medizininformatik-initiative.de/fhir/ext/modul-onko/StructureDefinition/mii-pr-onko-genetische-variante,MII_PR_Onko_Genetische_Variante,Observation,3,identical,2027.0.0-ballot.1,1,True,False
de.medizininformatikinitiative.kerndatensatz.onkologie,onkologie,https://www.medizininformatik-initiative.de/fhir/ext/modul-onko/StructureDefinition/mii-pr-onko-grading,MII_PR_Onko_Grading,Observation,1,identical,2025.0.0|2025.0.1|2025.0.2|2025.0.3|2025.0.4|2025.1.0|2026.0.0|2026.0.1,8,False,
de.medizininformatikinitiative.kerndatensatz.onkologie,onkologie,https://www.medizininformatik-initiative.de/fhir/ext/modul-onko/StructureDefinition/mii-pr-onko-grading,MII_PR_Onko_Grading,Observation,2,identical,2026.0.2,1,False,False
de.medizininformatikinitiative.kerndatensatz.onkologie,onkologie,https://www.medizininformatik-initiative.de/fhir/ext/modul-onko/StructureDefinition/mii-pr-onko-grading,MII_PR_Onko_Grading,Observation,3,identical,2026.0.3,1,False,True
de.medizininformatikinitiative.kerndatensatz.onkologie,onkologie,https://www.medizininformatik-initiative.de/fhir/ext/modul-onko/StructureDefinition/mii-pr-onko-grading,MII_PR_Onko_Grading,Observation,4,identical,2027.0.0-ballot.1,1,True,False
de.medizininformatikinitiative.kerndatensatz.onkologie,onkologie,https://www.medizininformatik-initiative.de/fhir/ext/modul-onko/StructureDefinition/mii-pr-onko-histologie-icdo3,MII_PR_Onko_Histologie_ICDO3,Observation,1,identical,2025.0.0|2025.0.1|2025.0.2,3,False,
de.medizininformatikinitiative.kerndatensatz.onkologie,onkologie,https://www.medizininformatik-initiative.de/fhir/ext/modul-onko/StructureDefinition/mii-pr-onko-histologie-icdo3,MII_PR_Onko_Histologie_ICDO3,Observation,2,canonical-only,2025.0.3|2025.0.4|2025.1.0|2026.0.0|2026.0.1,5,False,True
de.medizininformatikinitiative.kerndatensatz.onkologie,onkologie,https://www.medizininformatik-initiative.de/fhir/ext/modul-onko/StructureDefinition/mii-pr-onko-histologie-icdo3,MII_PR_Onko_Histologie_ICDO3,Observation,3,identical,2026.0.2,1,False,False
de.medizininformatikinitiative.kerndatensatz.onkologie,onkologie,https://www.medizininformatik-initiative.de/fhir/ext/modul-onko/StructureDefinition/mii-pr-onko-histologie-icdo3,MII_PR_Onko_Histologie_ICDO3,Observation,4,identical,2026.0.3,1,False,True
de.medizininformatikinitiative.kerndatensatz.onkologie,onkologie,https://www.medizininformatik-initiative.de/fhir/ext/modul-onko/StructureDefinition/mii-pr-onko-histologie-icdo3,MII_PR_Onko_Histologie_ICDO3,Observation,5,identical,2027.0.0-ballot.1,1,True,True
de.medizininformatikinitiative.kerndatensatz.onkologie,onkologie,https://www.medizininformatik-initiative.de/fhir/ext/modul-onko/StructureDefinition/mii-pr-onko-krk-abstand-aboral,MII_PR_Onko_KRK_Abstand_Aboral,Observation,1,identical,2026.0.0|2026.0.1|2026.0.2|2026.0.3,4,False,
de.medizininformatikinitiative.kerndatensatz.onkologie,onkologie,https://www.medizininformatik-initiative.de/fhir/ext/modul-onko/StructureDefinition/mii-pr-onko-krk-abstand-aboral,MII_PR_Onko_KRK_Abstand_Aboral,Observation,2,identical,2027.0.0-ballot.1,1,True,False
de.medizininformatikinitiative.kerndatensatz.onkologie,onkologie,https://www.medizininformatik-initiative.de/fhir/ext/modul-onko/StructureDefinition/mii-pr-onko-krk-abstand-anokutan,MII_PR_Onko_KRK_Abstand_Anokutan,Observation,1,identical,2026.0.0|2026.0.1|2026.0.2|2026.0.3,4,False,
de.medizininformatikinitiative.kerndatensatz.onkologie,onkologie,https://www.medizininformatik-initiative.de/fhir/ext/modul-onko/StructureDefinition/mii-pr-onko-krk-abstand-anokutan,MII_PR_Onko_KRK_Abstand_Anokutan,Observation,2,identical,2027.0.0-ballot.1,1,True,False
de.medizininformatikinitiative.kerndatensatz.onkologie,onkologie,https://www.medizininformatik-initiative.de/fhir/ext/modul-onko/StructureDefinition/mii-pr-onko-krk-abstand-circumferelle-resektionsebene,MII_PR_Onko_KRK_Abstand_Circumferelle_Resektionsebene,Observation,1,identical,2026.0.0|2026.0.1|2026.0.2|2026.0.3,4,False,
de.medizininformatikinitiative.kerndatensatz.onkologie,onkologie,https://www.medizininformatik-initiative.de/fhir/ext/modul-onko/StructureDefinition/mii-pr-onko-krk-abstand-circumferelle-resektionsebene,MII_PR_Onko_KRK_Abstand_Circumferelle_Resektionsebene,Observation,2,identical,2027.0.0-ballot.1,1,True,False
de.medizininformatikinitiative.kerndatensatz.onkologie,onkologie,https://www.medizininformatik-initiative.de/fhir/ext/modul-onko/StructureDefinition/mii-pr-onko-krk-anastomoseninsuffizienz,MII_PR_Onko_KRK_Anastomoseninsuffizienz,Observation,1,canonical-only,2026.0.0|2026.0.1|2026.0.2|2026.0.3|2027.0.0-ballot.1,5,True,
de.medizininformatikinitiative.kerndatensatz.onkologie,onkologie,https://www.medizininformatik-initiative.de/fhir/ext/modul-onko/StructureDefinition/mii-pr-onko-krk-mrt-mesorektale-faszie,MII_PR_Onko_KRK_MRT_Mesorektale_Faszie,Observation,1,canonical-only,2026.0.0|2026.0.1|2026.0.2|2026.0.3|2027.0.0-ballot.1,5,True,
de.medizininformatikinitiative.kerndatensatz.onkologie,onkologie,https://www.medizininformatik-initiative.de/fhir/ext/modul-onko/StructureDefinition/mii-pr-onko-krk-operation,MII_PR_Onko_KRK_Operation,Procedure,1,identical,2026.0.0|2026.0.1|2026.0.2|2026.0.3,4,False,
de.medizininformatikinitiative.kerndatensatz.onkologie,onkologie,https://www.medizininformatik-initiative.de/fhir/ext/modul-onko/StructureDefinition/mii-pr-onko-krk-operation,MII_PR_Onko_KRK_Operation,Procedure,2,identical,2027.0.0-ballot.1,1,True,False
de.medizininformatikinitiative.kerndatensatz.onkologie,onkologie,https://www.medizininformatik-initiative.de/fhir/ext/modul-onko/StructureDefinition/mii-pr-onko-krk-specimen,MII_PR_Onko_KRK_Specimen,Specimen,1,canonical-only,2026.0.0|2026.0.1|2026.0.2|2026.0.3|2027.0.0-ballot.1,5,True,
de.medizininformatikinitiative.kerndatensatz.onkologie,onkologie,https://www.medizininformatik-initiative.de/fhir/ext/modul-onko/StructureDefinition/mii-pr-onko-krk-stoma-markierung,MII_PR_Onko_KRK_Stoma_Markierung,Procedure,1,identical,2026.0.0|2026.0.1,2,False,
de.medizininformatikinitiative.kerndatensatz.onkologie,onkologie,https://www.medizininformatik-initiative.de/fhir/ext/modul-onko/StructureDefinition/mii-pr-onko-krk-stoma-markierung,MII_PR_Onko_KRK_Stoma_Markierung,Procedure,2,identical,2026.0.2,1,False,False
de.medizininformatikinitiative.kerndatensatz.onkologie,onkologie,https://www.medizininformatik-initiative.de/fhir/ext/modul-onko/StructureDefinition/mii-pr-onko-krk-stoma-markierung,MII_PR_Onko_KRK_Stoma_Markierung,Procedure,3,identical,2026.0.3,1,False,True
de.medizininformatikinitiative.kerndatensatz.onkologie,onkologie,https://www.medizininformatik-initiative.de/fhir/ext/modul-onko/StructureDefinition/mii-pr-onko-krk-stoma-markierung,MII_PR_Onko_KRK_Stoma_Markierung,Procedure,4,identical,2027.0.0-ballot.1,1,True,False
de.medizininformatikinitiative.kerndatensatz.onkologie,onkologie,https://www.medizininformatik-initiative.de/fhir/ext/modul-onko/StructureDefinition/mii-pr-onko-liste-evidenz-erstdiagnose,MII_PR_Onko_Liste_Evidenz_Erstdiagnose,List,1,identical,2025.0.0|2025.0.1|2025.0.2|2025.0.3|2025.0.4|2025.1.0|2026.0.0|2026.0.1,8,False,
de.medizininformatikinitiative.kerndatensatz.onkologie,onkologie,https://www.medizininformatik-initiative.de/fhir/ext/modul-onko/StructureDefinition/mii-pr-onko-liste-evidenz-erstdiagnose,MII_PR_Onko_Liste_Evidenz_Erstdiagnose,List,2,identical,2026.0.2,1,False,False
de.medizininformatikinitiative.kerndatensatz.onkologie,onkologie,https://www.medizininformatik-initiative.de/fhir/ext/modul-onko/StructureDefinition/mii-pr-onko-liste-evidenz-erstdiagnose,MII_PR_Onko_Liste_Evidenz_Erstdiagnose,List,3,identical,2026.0.3,1,False,True
de.medizininformatikinitiative.kerndatensatz.onkologie,onkologie,https://www.medizininformatik-initiative.de/fhir/ext/modul-onko/StructureDefinition/mii-pr-onko-liste-evidenz-erstdiagnose,MII_PR_Onko_Liste_Evidenz_Erstdiagnose,List,4,identical,2027.0.0-ballot.1,1,True,False
de.medizininformatikinitiative.kerndatensatz.onkologie,onkologie,https://www.medizininformatik-initiative.de/fhir/ext/modul-onko/StructureDefinition/mii-pr-onko-mamma-her2neu-status,MII_PR_Onko_Mamma_Her2neu_Status,Observation,1,canonical-only,2026.0.0|2026.0.1|2026.0.2|2026.0.3|2027.0.0-ballot.1,5,True,
de.medizininformatikinitiative.kerndatensatz.onkologie,onkologie,https://www.medizininformatik-initiative.de/fhir/ext/modul-onko/StructureDefinition/mii-pr-onko-mamma-menopause-status,MII_PR_Onko_Mamma_Menopausenstatus,Observation,1,identical,2026.0.0|2026.0.1|2026.0.2|2026.0.3,4,False,
de.medizininformatikinitiative.kerndatensatz.onkologie,onkologie,https://www.medizininformatik-initiative.de/fhir/ext/modul-onko/StructureDefinition/mii-pr-onko-mamma-menopause-status,MII_PR_Onko_Mamma_Menopausenstatus,Observation,2,identical,2027.0.0-ballot.1,1,True,False
de.medizininformatikinitiative.kerndatensatz.onkologie,onkologie,https://www.medizininformatik-initiative.de/fhir/ext/modul-onko/StructureDefinition/mii-pr-onko-mamma-operation,MII_PR_Onko_Mamma_Operation,Procedure,1,identical,2026.0.0|2026.0.1|2026.0.2|2026.0.3,4,False,
de.medizininformatikinitiative.kerndatensatz.onkologie,onkologie,https://www.medizininformatik-initiative.de/fhir/ext/modul-onko/StructureDefinition/mii-pr-onko-mamma-operation,MII_PR_Onko_Mamma_Operation,Procedure,2,identical,2027.0.0-ballot.1,1,True,True
de.medizininformatikinitiative.kerndatensatz.onkologie,onkologie,https://www.medizininformatik-initiative.de/fhir/ext/modul-onko/StructureDefinition/mii-pr-onko-mamma-praeoperative-markierung,MII_PR_Onko_Mamma_Praeoperative_Markierung,Procedure,1,identical,2026.0.0|2026.0.1|2026.0.2|2026.0.3,4,False,
de.medizininformatikinitiative.kerndatensatz.onkologie,onkologie,https://www.medizininformatik-initiative.de/fhir/ext/modul-onko/StructureDefinition/mii-pr-onko-mamma-praeoperative-markierung,MII_PR_Onko_Mamma_Praeoperative_Markierung,Procedure,2,identical,2027.0.0-ballot.1,1,True,False
de.medizininformatikinitiative.kerndatensatz.onkologie,onkologie,https://www.medizininformatik-initiative.de/fhir/ext/modul-onko/StructureDefinition/mii-pr-onko-mamma-rezeptorstatus-estrogen,MII_PR_Onko_Mamma_Rezeptorstatus_Estrogen,Observation,1,identical,2026.0.0|2026.0.1|2026.0.2|2026.0.3,4,False,
de.medizininformatikinitiative.kerndatensatz.onkologie,onkologie,https://www.medizininformatik-initiative.de/fhir/ext/modul-onko/StructureDefinition/mii-pr-onko-mamma-rezeptorstatus-estrogen,MII_PR_Onko_Mamma_Rezeptorstatus_Estrogen,Observation,2,identical,2027.0.0-ballot.1,1,True,False
de.medizininformatikinitiative.kerndatensatz.onkologie,onkologie,https://www.medizininformatik-initiative.de/fhir/ext/modul-onko/StructureDefinition/mii-pr-onko-mamma-rezeptorstatus-progesteron,MII_PR_Onko_Mamma_Rezeptorstatus_Progesteron,Observation,1,identical,2026.0.0|2026.0.1|2026.0.2|2026.0.3,4,False,
de.medizininformatikinitiative.kerndatensatz.onkologie,onkologie,https://www.medizininformatik-initiative.de/fhir/ext/modul-onko/StructureDefinition/mii-pr-onko-mamma-rezeptorstatus-progesteron,MII_PR_Onko_Mamma_Rezeptorstatus_Progesteron,Observation,2,identical,2027.0.0-ballot.1,1,True,False
de.medizininformatikinitiative.kerndatensatz.onkologie,onkologie,https://www.medizininformatik-initiative.de/fhir/ext/modul-onko/StructureDefinition/mii-pr-onko-mamma-sozialdienst,MII_PR_Onko_Mamma_Sozialdienst,Procedure,1,identical,2026.0.0|2026.0.1|2026.0.2|2026.0.3,4,False,
de.medizininformatikinitiative.kerndatensatz.onkologie,onkologie,https://www.medizininformatik-initiative.de/fhir/ext/modul-onko/StructureDefinition/mii-pr-onko-mamma-sozialdienst,MII_PR_Onko_Mamma_Sozialdienst,Procedure,2,identical,2027.0.0-ballot.1,1,True,False
de.medizininformatikinitiative.kerndatensatz.onkologie,onkologie,https://www.medizininformatik-initiative.de/fhir/ext/modul-onko/StructureDefinition/mii-pr-onko-melanom-breslow-tiefe,MII_PR_Onko_Melanom_Breslow_Tiefe,Observation,1,canonical-only,2026.0.0|2026.0.1|2026.0.2|2026.0.3|2027.0.0-ballot.1,5,True,
de.medizininformatikinitiative.kerndatensatz.onkologie,onkologie,https://www.medizininformatik-initiative.de/fhir/ext/modul-onko/StructureDefinition/mii-pr-onko-melanom-exzision,MII_PR_Onko_Melanom_Exzision,Procedure,1,identical,2026.0.0|2026.0.1,2,False,
de.medizininformatikinitiative.kerndatensatz.onkologie,onkologie,https://www.medizininformatik-initiative.de/fhir/ext/modul-onko/StructureDefinition/mii-pr-onko-melanom-exzision,MII_PR_Onko_Melanom_Exzision,Procedure,2,identical,2026.0.2,1,False,False
de.medizininformatikinitiative.kerndatensatz.onkologie,onkologie,https://www.medizininformatik-initiative.de/fhir/ext/modul-onko/StructureDefinition/mii-pr-onko-melanom-exzision,MII_PR_Onko_Melanom_Exzision,Procedure,3,identical,2026.0.3,1,False,True
de.medizininformatikinitiative.kerndatensatz.onkologie,onkologie,https://www.medizininformatik-initiative.de/fhir/ext/modul-onko/StructureDefinition/mii-pr-onko-melanom-exzision,MII_PR_Onko_Melanom_Exzision,Procedure,4,identical,2027.0.0-ballot.1,1,True,False
de.medizininformatikinitiative.kerndatensatz.onkologie,onkologie,https://www.medizininformatik-initiative.de/fhir/ext/modul-onko/StructureDefinition/mii-pr-onko-melanom-ldh,MII_PR_Onko_Melanom_LDH,Observation,1,canonical-only,2026.0.0|2026.0.1|2026.0.2|2026.0.3|2027.0.0-ballot.1,5,True,
de.medizininformatikinitiative.kerndatensatz.onkologie,onkologie,https://www.medizininformatik-initiative.de/fhir/ext/modul-onko/StructureDefinition/mii-pr-onko-melanom-sicherheitsabstand,MII_PR_Onko_Melanom_Sicherheitsabstand,Observation,1,identical,2026.0.0|2026.0.1|2026.0.2|2026.0.3|2027.0.0-ballot.1,5,True,
de.medizininformatikinitiative.kerndatensatz.onkologie,onkologie,https://www.medizininformatik-initiative.de/fhir/ext/modul-onko/StructureDefinition/mii-pr-onko-melanom-ulzeration,MII_PR_Onko_Melanom_Ulzeration,Observation,1,identical,2026.0.0|2026.0.1|2026.0.2|2026.0.3|2027.0.0-ballot.1,5,True,
de.medizininformatikinitiative.kerndatensatz.onkologie,onkologie,https://www.medizininformatik-initiative.de/fhir/ext/modul-onko/StructureDefinition/mii-pr-onko-nebenwirkung-adverse-event,MII_PR_Onko_Nebenwirkung_Adverse_Event,AdverseEvent,1,identical,2025.0.0|2025.0.1|2025.0.2|2025.0.3,4,False,
de.medizininformatikinitiative.kerndatensatz.onkologie,onkologie,https://www.medizininformatik-initiative.de/fhir/ext/modul-onko/StructureDefinition/mii-pr-onko-nebenwirkung-adverse-event,MII_PR_Onko_Nebenwirkung_Adverse_Event,AdverseEvent,2,identical,2025.0.4,1,False,False
de.medizininformatikinitiative.kerndatensatz.onkologie,onkologie,https://www.medizininformatik-initiative.de/fhir/ext/modul-onko/StructureDefinition/mii-pr-onko-nebenwirkung-adverse-event,MII_PR_Onko_Nebenwirkung_Adverse_Event,AdverseEvent,3,identical,2025.1.0,1,False,True
de.medizininformatikinitiative.kerndatensatz.onkologie,onkologie,https://www.medizininformatik-initiative.de/fhir/ext/modul-onko/StructureDefinition/mii-pr-onko-nebenwirkung-adverse-event,MII_PR_Onko_Nebenwirkung_Adverse_Event,AdverseEvent,4,identical,2026.0.0|2026.0.1,2,False,True
de.medizininformatikinitiative.kerndatensatz.onkologie,onkologie,https://www.medizininformatik-initiative.de/fhir/ext/modul-onko/StructureDefinition/mii-pr-onko-nebenwirkung-adverse-event,MII_PR_Onko_Nebenwirkung_Adverse_Event,AdverseEvent,5,identical,2026.0.2,1,False,True
de.medizininformatikinitiative.kerndatensatz.onkologie,onkologie,https://www.medizininformatik-initiative.de/fhir/ext/modul-onko/StructureDefinition/mii-pr-onko-nebenwirkung-adverse-event,MII_PR_Onko_Nebenwirkung_Adverse_Event,AdverseEvent,6,identical,2026.0.3,1,False,True
de.medizininformatikinitiative.kerndatensatz.onkologie,onkologie,https://www.medizininformatik-initiative.de/fhir/ext/modul-onko/StructureDefinition/mii-pr-onko-nebenwirkung-adverse-event,MII_PR_Onko_Nebenwirkung_Adverse_Event,AdverseEvent,7,identical,2027.0.0-ballot.1,1,True,True
de.medizininformatikinitiative.kerndatensatz.onkologie,onkologie,https://www.medizininformatik-initiative.de/fhir/ext/modul-onko/StructureDefinition/mii-pr-onko-operation,MII_PR_Onko_Operation,Procedure,1,identical,2025.0.0|2025.0.1|2025.0.2|2025.0.3|2025.0.4,5,False,
de.medizininformatikinitiative.kerndatensatz.onkologie,onkologie,https://www.medizininformatik-initiative.de/fhir/ext/modul-onko/StructureDefinition/mii-pr-onko-operation,MII_PR_Onko_Operation,Procedure,2,identical,2025.1.0,1,False,False
de.medizininformatikinitiative.kerndatensatz.onkologie,onkologie,https://www.medizininformatik-initiative.de/fhir/ext/modul-onko/StructureDefinition/mii-pr-onko-operation,MII_PR_Onko_Operation,Procedure,3,identical,2026.0.0|2026.0.1,2,False,True
de.medizininformatikinitiative.kerndatensatz.onkologie,onkologie,https://www.medizininformatik-initiative.de/fhir/ext/modul-onko/StructureDefinition/mii-pr-onko-operation,MII_PR_Onko_Operation,Procedure,4,identical,2026.0.2,1,False,False
de.medizininformatikinitiative.kerndatensatz.onkologie,onkologie,https://www.medizininformatik-initiative.de/fhir/ext/modul-onko/StructureDefinition/mii-pr-onko-operation,MII_PR_Onko_Operation,Procedure,5,identical,2026.0.3,1,False,True
de.medizininformatikinitiative.kerndatensatz.onkologie,onkologie,https://www.medizininformatik-initiative.de/fhir/ext/modul-onko/StructureDefinition/mii-pr-onko-operation,MII_PR_Onko_Operation,Procedure,6,identical,2027.0.0-ballot.1,1,True,False
de.medizininformatikinitiative.kerndatensatz.onkologie,onkologie,https://www.medizininformatik-initiative.de/fhir/ext/modul-onko/StructureDefinition/mii-pr-onko-prostata-operation,MII_PR_Onko_Prostata_Operation,Procedure,1,identical,2026.0.0|2026.0.1,2,False,
de.medizininformatikinitiative.kerndatensatz.onkologie,onkologie,https://www.medizininformatik-initiative.de/fhir/ext/modul-onko/StructureDefinition/mii-pr-onko-prostata-operation,MII_PR_Onko_Prostata_Operation,Procedure,2,identical,2026.0.2,1,False,False
de.medizininformatikinitiative.kerndatensatz.onkologie,onkologie,https://www.medizininformatik-initiative.de/fhir/ext/modul-onko/StructureDefinition/mii-pr-onko-prostata-operation,MII_PR_Onko_Prostata_Operation,Procedure,3,identical,2026.0.3,1,False,True
de.medizininformatikinitiative.kerndatensatz.onkologie,onkologie,https://www.medizininformatik-initiative.de/fhir/ext/modul-onko/StructureDefinition/mii-pr-onko-prostata-operation,MII_PR_Onko_Prostata_Operation,Procedure,4,identical,2027.0.0-ballot.1,1,True,False
de.medizininformatikinitiative.kerndatensatz.onkologie,onkologie,https://www.medizininformatik-initiative.de/fhir/ext/modul-onko/StructureDefinition/mii-pr-onko-prostate-anzahl-positive-stanzen,MII_PR_Onko_Prostata_Anzahl_Positive_Stanzen,Observation,1,identical,2026.0.0|2026.0.1|2026.0.2|2026.0.3,4,False,
de.medizininformatikinitiative.kerndatensatz.onkologie,onkologie,https://www.medizininformatik-initiative.de/fhir/ext/modul-onko/StructureDefinition/mii-pr-onko-prostate-anzahl-positive-stanzen,MII_PR_Onko_Prostata_Anzahl_Positive_Stanzen,Observation,2,identical,2027.0.0-ballot.1,1,True,False
de.medizininformatikinitiative.kerndatensatz.onkologie,onkologie,https://www.medizininformatik-initiative.de/fhir/ext/modul-onko/StructureDefinition/mii-pr-onko-prostate-anzahl-stanzen,MII_PR_Onko_Prostata_Anzahl_Stanzen,Observation,1,identical,2026.0.0|2026.0.1|2026.0.2|2026.0.3,4,False,
de.medizininformatikinitiative.kerndatensatz.onkologie,onkologie,https://www.medizininformatik-initiative.de/fhir/ext/modul-onko/StructureDefinition/mii-pr-onko-prostate-anzahl-stanzen,MII_PR_Onko_Prostata_Anzahl_Stanzen,Observation,2,identical,2027.0.0-ballot.1,1,True,False
de.medizininformatikinitiative.kerndatensatz.onkologie,onkologie,https://www.medizininformatik-initiative.de/fhir/ext/modul-onko/StructureDefinition/mii-pr-onko-prostate-ca-befall-stanze,MII_PR_Onko_Prostata_CA_Befall_Stanze,Observation,1,identical,2026.0.0|2026.0.1|2026.0.2|2026.0.3,4,False,
de.medizininformatikinitiative.kerndatensatz.onkologie,onkologie,https://www.medizininformatik-initiative.de/fhir/ext/modul-onko/StructureDefinition/mii-pr-onko-prostate-ca-befall-stanze,MII_PR_Onko_Prostata_CA_Befall_Stanze,Observation,2,identical,2027.0.0-ballot.1,1,True,False
de.medizininformatikinitiative.kerndatensatz.onkologie,onkologie,https://www.medizininformatik-initiative.de/fhir/ext/modul-onko/StructureDefinition/mii-pr-onko-prostate-clavien-dindo,MII_PR_Onko_Prostata_Clavien_Dindo,Observation,1,identical,2026.0.0|2026.0.1|2026.0.2|2026.0.3,4,False,
de.medizininformatikinitiative.kerndatensatz.onkologie,onkologie,https://www.medizininformatik-initiative.de/fhir/ext/modul-onko/StructureDefinition/mii-pr-onko-prostate-clavien-dindo,MII_PR_Onko_Prostata_Clavien_Dindo,Observation,2,identical,2027.0.0-ballot.1,1,True,False
de.medizininformatikinitiative.kerndatensatz.onkologie,onkologie,https://www.medizininformatik-initiative.de/fhir/ext/modul-onko/StructureDefinition/mii-pr-onko-prostate-gleason-grade-group,MII_PR_Onko_Prostata_Gleason_Grade_Group,Observation,1,identical,2026.0.0|2026.0.1|2026.0.2|2026.0.3,4,False,
de.medizininformatikinitiative.kerndatensatz.onkologie,onkologie,https://www.medizininformatik-initiative.de/fhir/ext/modul-onko/StructureDefinition/mii-pr-onko-prostate-gleason-grade-group,MII_PR_Onko_Prostata_Gleason_Grade_Group,Observation,2,identical,2027.0.0-ballot.1,1,True,True
de.medizininformatikinitiative.kerndatensatz.onkologie,onkologie,https://www.medizininformatik-initiative.de/fhir/ext/modul-onko/StructureDefinition/mii-pr-onko-prostate-gleason-patterns,MII_PR_Onko_Prostata_Gleason_Pattern,Observation,1,identical,2026.0.0|2026.0.1|2026.0.2|2026.0.3,4,False,
de.medizininformatikinitiative.kerndatensatz.onkologie,onkologie,https://www.medizininformatik-initiative.de/fhir/ext/modul-onko/StructureDefinition/mii-pr-onko-prostate-gleason-patterns,MII_PR_Onko_Prostata_Gleason_Pattern,Observation,2,identical,2027.0.0-ballot.1,1,True,True
de.medizininformatikinitiative.kerndatensatz.onkologie,onkologie,https://www.medizininformatik-initiative.de/fhir/ext/modul-onko/StructureDefinition/mii-pr-onko-prostate-gleason-score-gesamt,MII_PR_Onko_Prostata_Gleason_Score_Gesamt,Observation,1,sole-version,2027.0.0-ballot.1,1,True,
de.medizininformatikinitiative.kerndatensatz.onkologie,onkologie,https://www.medizininformatik-initiative.de/fhir/ext/modul-onko/StructureDefinition/mii-pr-onko-prostate-psa,MII_PR_Onko_Prostata_PSA,Observation,1,canonical-only,2026.0.0|2026.0.1|2026.0.2|2026.0.3|2027.0.0-ballot.1,5,True,
de.medizininformatikinitiative.kerndatensatz.onkologie,onkologie,https://www.medizininformatik-initiative.de/fhir/ext/modul-onko/StructureDefinition/mii-pr-onko-residualstatus,MII_PR_Onko_Residualstatus,Observation,1,identical,2025.0.0|2025.0.1|2025.0.2|2025.0.3|2025.0.4|2025.1.0|2026.0.0|2026.0.1|2026.0.2|2026.0.3,10,False,
de.medizininformatikinitiative.kerndatensatz.onkologie,onkologie,https://www.medizininformatik-initiative.de/fhir/ext/modul-onko/StructureDefinition/mii-pr-onko-residualstatus,MII_PR_Onko_Residualstatus,Observation,2,identical,2027.0.0-ballot.1,1,True,False
de.medizininformatikinitiative.kerndatensatz.onkologie,onkologie,https://www.medizininformatik-initiative.de/fhir/ext/modul-onko/StructureDefinition/mii-pr-onko-specimen,MII_PR_Onko_Specimen,Specimen,1,canonical-only,2025.0.0|2025.0.1|2025.0.2|2025.0.3|2025.0.4|2025.1.0|2026.0.0|2026.0.1|2026.0.2|2026.0.3|2027.0.0-ballot.1,11,True,
de.medizininformatikinitiative.kerndatensatz.onkologie,onkologie,https://www.medizininformatik-initiative.de/fhir/ext/modul-onko/StructureDefinition/mii-pr-onko-strahlentherapie,MII_PR_Onko_Strahlentherapie,Procedure,1,identical,2025.0.0|2025.0.1|2025.0.2|2025.0.3|2025.0.4,5,False,
de.medizininformatikinitiative.kerndatensatz.onkologie,onkologie,https://www.medizininformatik-initiative.de/fhir/ext/modul-onko/StructureDefinition/mii-pr-onko-strahlentherapie,MII_PR_Onko_Strahlentherapie,Procedure,2,identical,2025.1.0,1,False,True
de.medizininformatikinitiative.kerndatensatz.onkologie,onkologie,https://www.medizininformatik-initiative.de/fhir/ext/modul-onko/StructureDefinition/mii-pr-onko-strahlentherapie,MII_PR_Onko_Strahlentherapie,Procedure,3,identical,2026.0.0|2026.0.1,2,False,True
de.medizininformatikinitiative.kerndatensatz.onkologie,onkologie,https://www.medizininformatik-initiative.de/fhir/ext/modul-onko/StructureDefinition/mii-pr-onko-strahlentherapie,MII_PR_Onko_Strahlentherapie,Procedure,4,identical,2026.0.2,1,False,False
de.medizininformatikinitiative.kerndatensatz.onkologie,onkologie,https://www.medizininformatik-initiative.de/fhir/ext/modul-onko/StructureDefinition/mii-pr-onko-strahlentherapie,MII_PR_Onko_Strahlentherapie,Procedure,5,identical,2026.0.3,1,False,True
de.medizininformatikinitiative.kerndatensatz.onkologie,onkologie,https://www.medizininformatik-initiative.de/fhir/ext/modul-onko/StructureDefinition/mii-pr-onko-strahlentherapie,MII_PR_Onko_Strahlentherapie,Procedure,6,identical,2027.0.0-ballot.1,1,True,False
de.medizininformatikinitiative.kerndatensatz.onkologie,onkologie,https://www.medizininformatik-initiative.de/fhir/ext/modul-onko/StructureDefinition/mii-pr-onko-strahlentherapie-bestrahlung-nuklearmedizin,MII_PR_Onko_Strahlentherapie_Bestrahlung_Nuklearmedizin,Procedure,1,identical,2025.0.4,1,False,
de.medizininformatikinitiative.kerndatensatz.onkologie,onkologie,https://www.medizininformatik-initiative.de/fhir/ext/modul-onko/StructureDefinition/mii-pr-onko-strahlentherapie-bestrahlung-nuklearmedizin,MII_PR_Onko_Strahlentherapie_Bestrahlung_Nuklearmedizin,Procedure,2,identical,2025.1.0,1,False,True
de.medizininformatikinitiative.kerndatensatz.onkologie,onkologie,https://www.medizininformatik-initiative.de/fhir/ext/modul-onko/StructureDefinition/mii-pr-onko-strahlentherapie-bestrahlung-nuklearmedizin,MII_PR_Onko_Strahlentherapie_Bestrahlung_Nuklearmedizin,Procedure,3,identical,2026.0.0|2026.0.1,2,False,True
de.medizininformatikinitiative.kerndatensatz.onkologie,onkologie,https://www.medizininformatik-initiative.de/fhir/ext/modul-onko/StructureDefinition/mii-pr-onko-strahlentherapie-bestrahlung-nuklearmedizin,MII_PR_Onko_Strahlentherapie_Bestrahlung_Nuklearmedizin,Procedure,4,identical,2026.0.2,1,False,False
de.medizininformatikinitiative.kerndatensatz.onkologie,onkologie,https://www.medizininformatik-initiative.de/fhir/ext/modul-onko/StructureDefinition/mii-pr-onko-strahlentherapie-bestrahlung-nuklearmedizin,MII_PR_Onko_Strahlentherapie_Bestrahlung_Nuklearmedizin,Procedure,5,canonical-only,2026.0.3|2027.0.0-ballot.1,2,True,True
de.medizininformatikinitiative.kerndatensatz.onkologie,onkologie,https://www.medizininformatik-initiative.de/fhir/ext/modul-onko/StructureDefinition/mii-pr-onko-strahlentherapie-bestrahlung-strahlentherapie,MII_PR_Onko_Strahlentherapie_Bestrahlung_Strahlentherapie,Procedure,1,identical,2025.0.4,1,False,
de.medizininformatikinitiative.kerndatensatz.onkologie,onkologie,https://www.medizininformatik-initiative.de/fhir/ext/modul-onko/StructureDefinition/mii-pr-onko-strahlentherapie-bestrahlung-strahlentherapie,MII_PR_Onko_Strahlentherapie_Bestrahlung_Strahlentherapie,Procedure,2,identical,2025.1.0,1,False,True
de.medizininformatikinitiative.kerndatensatz.onkologie,onkologie,https://www.medizininformatik-initiative.de/fhir/ext/modul-onko/StructureDefinition/mii-pr-onko-strahlentherapie-bestrahlung-strahlentherapie,MII_PR_Onko_Strahlentherapie_Bestrahlung_Strahlentherapie,Procedure,3,identical,2026.0.0|2026.0.1,2,False,True
de.medizininformatikinitiative.kerndatensatz.onkologie,onkologie,https://www.medizininformatik-initiative.de/fhir/ext/modul-onko/StructureDefinition/mii-pr-onko-strahlentherapie-bestrahlung-strahlentherapie,MII_PR_Onko_Strahlentherapie_Bestrahlung_Strahlentherapie,Procedure,4,identical,2026.0.2,1,False,False
de.medizininformatikinitiative.kerndatensatz.onkologie,onkologie,https://www.medizininformatik-initiative.de/fhir/ext/modul-onko/StructureDefinition/mii-pr-onko-strahlentherapie-bestrahlung-strahlentherapie,MII_PR_Onko_Strahlentherapie_Bestrahlung_Strahlentherapie,Procedure,5,canonical-only,2026.0.3|2027.0.0-ballot.1,2,True,True
de.medizininformatikinitiative.kerndatensatz.onkologie,onkologie,https://www.medizininformatik-initiative.de/fhir/ext/modul-onko/StructureDefinition/mii-pr-onko-strahlentherapie-neu,MII_PR_Onko_Strahlentherapie_neu,Procedure,1,sole-version,2025.0.4,1,True,
de.medizininformatikinitiative.kerndatensatz.onkologie,onkologie,https://www.medizininformatik-initiative.de/fhir/ext/modul-onko/StructureDefinition/mii-pr-onko-studienteilnahme,MII_PR_Onko_Studienteilnahme,Observation,1,identical,2025.0.0|2025.0.1|2025.0.2|2025.0.3|2025.0.4|2025.1.0,6,False,
de.medizininformatikinitiative.kerndatensatz.onkologie,onkologie,https://www.medizininformatik-initiative.de/fhir/ext/modul-onko/StructureDefinition/mii-pr-onko-studienteilnahme,MII_PR_Onko_Studienteilnahme,Observation,2,canonical-only,2026.0.0|2026.0.1|2026.0.2|2026.0.3|2027.0.0-ballot.1,5,True,True
de.medizininformatikinitiative.kerndatensatz.onkologie,onkologie,https://www.medizininformatik-initiative.de/fhir/ext/modul-onko/StructureDefinition/mii-pr-onko-systemische-therapie,MII_PR_Onko_Systemische_Therapie,Procedure,1,identical,2025.0.0|2025.0.1|2025.0.2|2025.0.3|2025.0.4|2025.1.0,6,False,
de.medizininformatikinitiative.kerndatensatz.onkologie,onkologie,https://www.medizininformatik-initiative.de/fhir/ext/modul-onko/StructureDefinition/mii-pr-onko-systemische-therapie,MII_PR_Onko_Systemische_Therapie,Procedure,2,identical,2026.0.0|2026.0.1,2,False,True
de.medizininformatikinitiative.kerndatensatz.onkologie,onkologie,https://www.medizininformatik-initiative.de/fhir/ext/modul-onko/StructureDefinition/mii-pr-onko-systemische-therapie,MII_PR_Onko_Systemische_Therapie,Procedure,3,identical,2026.0.2,1,False,False
de.medizininformatikinitiative.kerndatensatz.onkologie,onkologie,https://www.medizininformatik-initiative.de/fhir/ext/modul-onko/StructureDefinition/mii-pr-onko-systemische-therapie,MII_PR_Onko_Systemische_Therapie,Procedure,4,identical,2026.0.3,1,False,True
de.medizininformatikinitiative.kerndatensatz.onkologie,onkologie,https://www.medizininformatik-initiative.de/fhir/ext/modul-onko/StructureDefinition/mii-pr-onko-systemische-therapie,MII_PR_Onko_Systemische_Therapie,Procedure,5,identical,2027.0.0-ballot.1,1,True,False
de.medizininformatikinitiative.kerndatensatz.onkologie,onkologie,https://www.medizininformatik-initiative.de/fhir/ext/modul-onko/StructureDefinition/mii-pr-onko-systemische-therapie-medikation,MII_PR_Onko_Systemische_Therapie_Medikation,MedicationStatement,1,identical,2025.0.0|2025.0.1|2025.0.2|2025.0.3|2025.0.4,5,False,
de.medizininformatikinitiative.kerndatensatz.onkologie,onkologie,https://www.medizininformatik-initiative.de/fhir/ext/modul-onko/StructureDefinition/mii-pr-onko-systemische-therapie-medikation,MII_PR_Onko_Systemische_Therapie_Medikation,MedicationStatement,2,identical,2025.1.0,1,False,True
de.medizininformatikinitiative.kerndatensatz.onkologie,onkologie,https://www.medizininformatik-initiative.de/fhir/ext/modul-onko/StructureDefinition/mii-pr-onko-systemische-therapie-medikation,MII_PR_Onko_Systemische_Therapie_Medikation,MedicationStatement,3,identical,2026.0.0|2026.0.1,2,False,False
de.medizininformatikinitiative.kerndatensatz.onkologie,onkologie,https://www.medizininformatik-initiative.de/fhir/ext/modul-onko/StructureDefinition/mii-pr-onko-systemische-therapie-medikation,MII_PR_Onko_Systemische_Therapie_Medikation,MedicationStatement,4,identical,2026.0.2,1,False,False
de.medizininformatikinitiative.kerndatensatz.onkologie,onkologie,https://www.medizininformatik-initiative.de/fhir/ext/modul-onko/StructureDefinition/mii-pr-onko-systemische-therapie-medikation,MII_PR_Onko_Systemische_Therapie_Medikation,MedicationStatement,5,identical,2026.0.3,1,False,True
de.medizininformatikinitiative.kerndatensatz.onkologie,onkologie,https://www.medizininformatik-initiative.de/fhir/ext/modul-onko/StructureDefinition/mii-pr-onko-systemische-therapie-medikation,MII_PR_Onko_Systemische_Therapie_Medikation,MedicationStatement,6,identical,2027.0.0-ballot.1,1,True,False
de.medizininformatikinitiative.kerndatensatz.onkologie,onkologie,https://www.medizininformatik-initiative.de/fhir/ext/modul-onko/StructureDefinition/mii-pr-onko-therapieempfehlung-kombinationstherapie,MII_PR_Onko_Therapieempfehlung_Kombinationstherapie,RequestGroup,1,identical,2026.0.0|2026.0.1,2,False,
de.medizininformatikinitiative.kerndatensatz.onkologie,onkologie,https://www.medizininformatik-initiative.de/fhir/ext/modul-onko/StructureDefinition/mii-pr-onko-therapieempfehlung-kombinationstherapie,MII_PR_Onko_Therapieempfehlung_Kombinationstherapie,RequestGroup,2,identical,2026.0.2,1,False,False
de.medizininformatikinitiative.kerndatensatz.onkologie,onkologie,https://www.medizininformatik-initiative.de/fhir/ext/modul-onko/StructureDefinition/mii-pr-onko-therapieempfehlung-kombinationstherapie,MII_PR_Onko_Therapieempfehlung_Kombinationstherapie,RequestGroup,3,identical,2026.0.3,1,False,True
de.medizininformatikinitiative.kerndatensatz.onkologie,onkologie,https://www.medizininformatik-initiative.de/fhir/ext/modul-onko/StructureDefinition/mii-pr-onko-therapieempfehlung-kombinationstherapie,MII_PR_Onko_Therapieempfehlung_Kombinationstherapie,RequestGroup,4,identical,2027.0.0-ballot.1,1,True,False
de.medizininformatikinitiative.kerndatensatz.onkologie,onkologie,https://www.medizininformatik-initiative.de/fhir/ext/modul-onko/StructureDefinition/mii-pr-onko-therapieempfehlung-medikation,MII_PR_Onko_Therapieempfehlung_Medikation,MedicationRequest,1,identical,2026.0.0|2026.0.1,2,False,
de.medizininformatikinitiative.kerndatensatz.onkologie,onkologie,https://www.medizininformatik-initiative.de/fhir/ext/modul-onko/StructureDefinition/mii-pr-onko-therapieempfehlung-medikation,MII_PR_Onko_Therapieempfehlung_Medikation,MedicationRequest,2,identical,2026.0.2,1,False,True
de.medizininformatikinitiative.kerndatensatz.onkologie,onkologie,https://www.medizininformatik-initiative.de/fhir/ext/modul-onko/StructureDefinition/mii-pr-onko-therapieempfehlung-medikation,MII_PR_Onko_Therapieempfehlung_Medikation,MedicationRequest,3,identical,2026.0.3,1,False,True
de.medizininformatikinitiative.kerndatensatz.onkologie,onkologie,https://www.medizininformatik-initiative.de/fhir/ext/modul-onko/StructureDefinition/mii-pr-onko-therapieempfehlung-medikation,MII_PR_Onko_Therapieempfehlung_Medikation,MedicationRequest,4,identical,2027.0.0-ballot.1,1,True,False
de.medizininformatikinitiative.kerndatensatz.onkologie,onkologie,https://www.medizininformatik-initiative.de/fhir/ext/modul-onko/StructureDefinition/mii-pr-onko-therapieempfehlung-operation,MII_PR_Onko_Therapieempfehlung_Operation,ServiceRequest,1,identical,2026.0.0|2026.0.1,2,False,
de.medizininformatikinitiative.kerndatensatz.onkologie,onkologie,https://www.medizininformatik-initiative.de/fhir/ext/modul-onko/StructureDefinition/mii-pr-onko-therapieempfehlung-operation,MII_PR_Onko_Therapieempfehlung_Operation,ServiceRequest,2,identical,2026.0.2,1,False,False
de.medizininformatikinitiative.kerndatensatz.onkologie,onkologie,https://www.medizininformatik-initiative.de/fhir/ext/modul-onko/StructureDefinition/mii-pr-onko-therapieempfehlung-operation,MII_PR_Onko_Therapieempfehlung_Operation,ServiceRequest,3,identical,2026.0.3,1,False,True
de.medizininformatikinitiative.kerndatensatz.onkologie,onkologie,https://www.medizininformatik-initiative.de/fhir/ext/modul-onko/StructureDefinition/mii-pr-onko-therapieempfehlung-operation,MII_PR_Onko_Therapieempfehlung_Operation,ServiceRequest,4,identical,2027.0.0-ballot.1,1,True,False
de.medizininformatikinitiative.kerndatensatz.onkologie,onkologie,https://www.medizininformatik-initiative.de/fhir/ext/modul-onko/StructureDefinition/mii-pr-onko-tnm-a-symbol,MII_PR_Onko_TNM_a_Symbol,Observation,1,canonical-only,2025.0.0|2025.0.1|2025.0.2|2025.0.3|2025.0.4|2025.1.0|2026.0.0|2026.0.1,8,False,
de.medizininformatikinitiative.kerndatensatz.onkologie,onkologie,https://www.medizininformatik-initiative.de/fhir/ext/modul-onko/StructureDefinition/mii-pr-onko-tnm-a-symbol,MII_PR_Onko_TNM_a_Symbol,Observation,2,identical,2026.0.2,1,False,False
de.medizininformatikinitiative.kerndatensatz.onkologie,onkologie,https://www.medizininformatik-initiative.de/fhir/ext/modul-onko/StructureDefinition/mii-pr-onko-tnm-a-symbol,MII_PR_Onko_TNM_a_Symbol,Observation,3,identical,2026.0.3,1,False,True
de.medizininformatikinitiative.kerndatensatz.onkologie,onkologie,https://www.medizininformatik-initiative.de/fhir/ext/modul-onko/StructureDefinition/mii-pr-onko-tnm-a-symbol,MII_PR_Onko_TNM_a_Symbol,Observation,4,identical,2027.0.0-ballot.1,1,True,False
de.medizininformatikinitiative.kerndatensatz.onkologie,onkologie,https://www.medizininformatik-initiative.de/fhir/ext/modul-onko/StructureDefinition/mii-pr-onko-tnm-klassifikation,MII_PR_Onko_TNM_Klassifikation,Observation,1,identical,2025.0.0|2025.0.1|2025.0.2|2025.0.3|2025.0.4|2025.1.0|2026.0.0|2026.0.1,8,False,
de.medizininformatikinitiative.kerndatensatz.onkologie,onkologie,https://www.medizininformatik-initiative.de/fhir/ext/modul-onko/StructureDefinition/mii-pr-onko-tnm-klassifikation,MII_PR_Onko_TNM_Klassifikation,Observation,2,identical,2026.0.2,1,False,False
de.medizininformatikinitiative.kerndatensatz.onkologie,onkologie,https://www.medizininformatik-initiative.de/fhir/ext/modul-onko/StructureDefinition/mii-pr-onko-tnm-klassifikation,MII_PR_Onko_TNM_Klassifikation,Observation,3,identical,2026.0.3,1,False,True
de.medizininformatikinitiative.kerndatensatz.onkologie,onkologie,https://www.medizininformatik-initiative.de/fhir/ext/modul-onko/StructureDefinition/mii-pr-onko-tnm-klassifikation,MII_PR_Onko_TNM_Klassifikation,Observation,4,identical,2027.0.0-ballot.1,1,True,False
de.medizininformatikinitiative.kerndatensatz.onkologie,onkologie,https://www.medizininformatik-initiative.de/fhir/ext/modul-onko/StructureDefinition/mii-pr-onko-tnm-klassifikation-synthetisiert,MII_PR_Onko_TNM_Klassifikation_Synthetisiert,Observation,1,sole-version,2027.0.0-ballot.1,1,True,
de.medizininformatikinitiative.kerndatensatz.onkologie,onkologie,https://www.medizininformatik-initiative.de/fhir/ext/modul-onko/StructureDefinition/mii-pr-onko-tnm-l-kategorie,MII_PR_Onko_TNM_L_Kategorie,Observation,1,identical,2025.0.0|2025.0.1|2025.0.2|2025.0.3|2025.0.4|2025.1.0|2026.0.0|2026.0.1,8,False,
de.medizininformatikinitiative.kerndatensatz.onkologie,onkologie,https://www.medizininformatik-initiative.de/fhir/ext/modul-onko/StructureDefinition/mii-pr-onko-tnm-l-kategorie,MII_PR_Onko_TNM_L_Kategorie,Observation,2,identical,2026.0.2,1,False,False
de.medizininformatikinitiative.kerndatensatz.onkologie,onkologie,https://www.medizininformatik-initiative.de/fhir/ext/modul-onko/StructureDefinition/mii-pr-onko-tnm-l-kategorie,MII_PR_Onko_TNM_L_Kategorie,Observation,3,identical,2026.0.3,1,False,True
de.medizininformatikinitiative.kerndatensatz.onkologie,onkologie,https://www.medizininformatik-initiative.de/fhir/ext/modul-onko/StructureDefinition/mii-pr-onko-tnm-l-kategorie,MII_PR_Onko_TNM_L_Kategorie,Observation,4,identical,2027.0.0-ballot.1,1,True,False
de.medizininformatikinitiative.kerndatensatz.onkologie,onkologie,https://www.medizininformatik-initiative.de/fhir/ext/modul-onko/StructureDefinition/mii-pr-onko-tnm-m-kategorie,MII_PR_Onko_TNM_M_Kategorie,Observation,1,identical,2025.0.0|2025.0.1|2025.0.2|2025.0.3|2025.0.4,5,False,
de.medizininformatikinitiative.kerndatensatz.onkologie,onkologie,https://www.medizininformatik-initiative.de/fhir/ext/modul-onko/StructureDefinition/mii-pr-onko-tnm-m-kategorie,MII_PR_Onko_TNM_M_Kategorie,Observation,2,identical,2025.1.0|2026.0.0|2026.0.1,3,False,False
de.medizininformatikinitiative.kerndatensatz.onkologie,onkologie,https://www.medizininformatik-initiative.de/fhir/ext/modul-onko/StructureDefinition/mii-pr-onko-tnm-m-kategorie,MII_PR_Onko_TNM_M_Kategorie,Observation,3,identical,2026.0.2,1,False,False
de.medizininformatikinitiative.kerndatensatz.onkologie,onkologie,https://www.medizininformatik-initiative.de/fhir/ext/modul-onko/StructureDefinition/mii-pr-onko-tnm-m-kategorie,MII_PR_Onko_TNM_M_Kategorie,Observation,4,identical,2026.0.3,1,False,True
de.medizininformatikinitiative.kerndatensatz.onkologie,onkologie,https://www.medizininformatik-initiative.de/fhir/ext/modul-onko/StructureDefinition/mii-pr-onko-tnm-m-kategorie,MII_PR_Onko_TNM_M_Kategorie,Observation,5,identical,2027.0.0-ballot.1,1,True,True
de.medizininformatikinitiative.kerndatensatz.onkologie,onkologie,https://www.medizininformatik-initiative.de/fhir/ext/modul-onko/StructureDefinition/mii-pr-onko-tnm-m-symbol,MII_PR_Onko_TNM_m_Symbol,Observation,1,identical,2025.0.0|2025.0.1|2025.0.2|2025.0.3|2025.0.4|2025.1.0|2026.0.0|2026.0.1,8,False,
de.medizininformatikinitiative.kerndatensatz.onkologie,onkologie,https://www.medizininformatik-initiative.de/fhir/ext/modul-onko/StructureDefinition/mii-pr-onko-tnm-m-symbol,MII_PR_Onko_TNM_m_Symbol,Observation,2,identical,2026.0.2,1,False,False
de.medizininformatikinitiative.kerndatensatz.onkologie,onkologie,https://www.medizininformatik-initiative.de/fhir/ext/modul-onko/StructureDefinition/mii-pr-onko-tnm-m-symbol,MII_PR_Onko_TNM_m_Symbol,Observation,3,identical,2026.0.3,1,False,True
de.medizininformatikinitiative.kerndatensatz.onkologie,onkologie,https://www.medizininformatik-initiative.de/fhir/ext/modul-onko/StructureDefinition/mii-pr-onko-tnm-m-symbol,MII_PR_Onko_TNM_m_Symbol,Observation,4,identical,2027.0.0-ballot.1,1,True,False
de.medizininformatikinitiative.kerndatensatz.onkologie,onkologie,https://www.medizininformatik-initiative.de/fhir/ext/modul-onko/StructureDefinition/mii-pr-onko-tnm-n-kategorie,MII_PR_Onko_TNM_N_Kategorie,Observation,1,identical,2025.0.0|2025.0.1|2025.0.2|2025.0.3|2025.0.4,5,False,
de.medizininformatikinitiative.kerndatensatz.onkologie,onkologie,https://www.medizininformatik-initiative.de/fhir/ext/modul-onko/StructureDefinition/mii-pr-onko-tnm-n-kategorie,MII_PR_Onko_TNM_N_Kategorie,Observation,2,identical,2025.1.0|2026.0.0|2026.0.1,3,False,False
de.medizininformatikinitiative.kerndatensatz.onkologie,onkologie,https://www.medizininformatik-initiative.de/fhir/ext/modul-onko/StructureDefinition/mii-pr-onko-tnm-n-kategorie,MII_PR_Onko_TNM_N_Kategorie,Observation,3,identical,2026.0.2,1,False,False
de.medizininformatikinitiative.kerndatensatz.onkologie,onkologie,https://www.medizininformatik-initiative.de/fhir/ext/modul-onko/StructureDefinition/mii-pr-onko-tnm-n-kategorie,MII_PR_Onko_TNM_N_Kategorie,Observation,4,identical,2026.0.3,1,False,True
de.medizininformatikinitiative.kerndatensatz.onkologie,onkologie,https://www.medizininformatik-initiative.de/fhir/ext/modul-onko/StructureDefinition/mii-pr-onko-tnm-n-kategorie,MII_PR_Onko_TNM_N_Kategorie,Observation,5,identical,2027.0.0-ballot.1,1,True,True
de.medizininformatikinitiative.kerndatensatz.onkologie,onkologie,https://www.medizininformatik-initiative.de/fhir/ext/modul-onko/StructureDefinition/mii-pr-onko-tnm-pn-kategorie,MII_PR_Onko_TNM_Pn_Kategorie,Observation,1,identical,2025.0.0|2025.0.1|2025.0.2|2025.0.3|2025.0.4,5,False,
de.medizininformatikinitiative.kerndatensatz.onkologie,onkologie,https://www.medizininformatik-initiative.de/fhir/ext/modul-onko/StructureDefinition/mii-pr-onko-tnm-pn-kategorie,MII_PR_Onko_TNM_Pn_Kategorie,Observation,2,identical,2025.1.0|2026.0.0|2026.0.1,3,False,False
de.medizininformatikinitiative.kerndatensatz.onkologie,onkologie,https://www.medizininformatik-initiative.de/fhir/ext/modul-onko/StructureDefinition/mii-pr-onko-tnm-pn-kategorie,MII_PR_Onko_TNM_Pn_Kategorie,Observation,3,identical,2026.0.2,1,False,False
de.medizininformatikinitiative.kerndatensatz.onkologie,onkologie,https://www.medizininformatik-initiative.de/fhir/ext/modul-onko/StructureDefinition/mii-pr-onko-tnm-pn-kategorie,MII_PR_Onko_TNM_Pn_Kategorie,Observation,4,identical,2026.0.3,1,False,True
de.medizininformatikinitiative.kerndatensatz.onkologie,onkologie,https://www.medizininformatik-initiative.de/fhir/ext/modul-onko/StructureDefinition/mii-pr-onko-tnm-pn-kategorie,MII_PR_Onko_TNM_Pn_Kategorie,Observation,5,identical,2027.0.0-ballot.1,1,True,False
de.medizininformatikinitiative.kerndatensatz.onkologie,onkologie,https://www.medizininformatik-initiative.de/fhir/ext/modul-onko/StructureDefinition/mii-pr-onko-tnm-r-symbol,MII_PR_Onko_TNM_r_Symbol,Observation,1,identical,2025.0.0|2025.0.1|2025.0.2|2025.0.3|2025.0.4|2025.1.0|2026.0.0|2026.0.1,8,False,
de.medizininformatikinitiative.kerndatensatz.onkologie,onkologie,https://www.medizininformatik-initiative.de/fhir/ext/modul-onko/StructureDefinition/mii-pr-onko-tnm-r-symbol,MII_PR_Onko_TNM_r_Symbol,Observation,2,identical,2026.0.2,1,False,False
de.medizininformatikinitiative.kerndatensatz.onkologie,onkologie,https://www.medizininformatik-initiative.de/fhir/ext/modul-onko/StructureDefinition/mii-pr-onko-tnm-r-symbol,MII_PR_Onko_TNM_r_Symbol,Observation,3,identical,2026.0.3,1,False,True
de.medizininformatikinitiative.kerndatensatz.onkologie,onkologie,https://www.medizininformatik-initiative.de/fhir/ext/modul-onko/StructureDefinition/mii-pr-onko-tnm-r-symbol,MII_PR_Onko_TNM_r_Symbol,Observation,4,identical,2027.0.0-ballot.1,1,True,False
de.medizininformatikinitiative.kerndatensatz.onkologie,onkologie,https://www.medizininformatik-initiative.de/fhir/ext/modul-onko/StructureDefinition/mii-pr-onko-tnm-s-kategorie,MII_PR_Onko_TNM_S_Kategorie,Observation,1,identical,2025.0.0|2025.0.1|2025.0.2|2025.0.3|2025.0.4|2025.1.0|2026.0.0|2026.0.1,8,False,
de.medizininformatikinitiative.kerndatensatz.onkologie,onkologie,https://www.medizininformatik-initiative.de/fhir/ext/modul-onko/StructureDefinition/mii-pr-onko-tnm-s-kategorie,MII_PR_Onko_TNM_S_Kategorie,Observation,2,identical,2026.0.2,1,False,False
de.medizininformatikinitiative.kerndatensatz.onkologie,onkologie,https://www.medizininformatik-initiative.de/fhir/ext/modul-onko/StructureDefinition/mii-pr-onko-tnm-s-kategorie,MII_PR_Onko_TNM_S_Kategorie,Observation,3,identical,2026.0.3,1,False,True
de.medizininformatikinitiative.kerndatensatz.onkologie,onkologie,https://www.medizininformatik-initiative.de/fhir/ext/modul-onko/StructureDefinition/mii-pr-onko-tnm-s-kategorie,MII_PR_Onko_TNM_S_Kategorie,Observation,4,identical,2027.0.0-ballot.1,1,True,False
de.medizininformatikinitiative.kerndatensatz.onkologie,onkologie,https://www.medizininformatik-initiative.de/fhir/ext/modul-onko/StructureDefinition/mii-pr-onko-tnm-t-kategorie,MII_PR_Onko_TNM_T_Kategorie,Observation,1,identical,2025.0.0|2025.0.1|2025.0.2|2025.0.3|2025.0.4,5,False,
de.medizininformatikinitiative.kerndatensatz.onkologie,onkologie,https://www.medizininformatik-initiative.de/fhir/ext/modul-onko/StructureDefinition/mii-pr-onko-tnm-t-kategorie,MII_PR_Onko_TNM_T_Kategorie,Observation,2,identical,2025.1.0|2026.0.0|2026.0.1,3,False,False
de.medizininformatikinitiative.kerndatensatz.onkologie,onkologie,https://www.medizininformatik-initiative.de/fhir/ext/modul-onko/StructureDefinition/mii-pr-onko-tnm-t-kategorie,MII_PR_Onko_TNM_T_Kategorie,Observation,3,identical,2026.0.2,1,False,False
de.medizininformatikinitiative.kerndatensatz.onkologie,onkologie,https://www.medizininformatik-initiative.de/fhir/ext/modul-onko/StructureDefinition/mii-pr-onko-tnm-t-kategorie,MII_PR_Onko_TNM_T_Kategorie,Observation,4,identical,2026.0.3,1,False,True
de.medizininformatikinitiative.kerndatensatz.onkologie,onkologie,https://www.medizininformatik-initiative.de/fhir/ext/modul-onko/StructureDefinition/mii-pr-onko-tnm-t-kategorie,MII_PR_Onko_TNM_T_Kategorie,Observation,5,identical,2027.0.0-ballot.1,1,True,True
de.medizininformatikinitiative.kerndatensatz.onkologie,onkologie,https://www.medizininformatik-initiative.de/fhir/ext/modul-onko/StructureDefinition/mii-pr-onko-tnm-v-kategorie,MII_PR_Onko_TNM_V_Kategorie,Observation,1,identical,2025.0.0|2025.0.1|2025.0.2|2025.0.3|2025.0.4,5,False,
de.medizininformatikinitiative.kerndatensatz.onkologie,onkologie,https://www.medizininformatik-initiative.de/fhir/ext/modul-onko/StructureDefinition/mii-pr-onko-tnm-v-kategorie,MII_PR_Onko_TNM_V_Kategorie,Observation,2,identical,2025.1.0|2026.0.0|2026.0.1,3,False,False
de.medizininformatikinitiative.kerndatensatz.onkologie,onkologie,https://www.medizininformatik-initiative.de/fhir/ext/modul-onko/StructureDefinition/mii-pr-onko-tnm-v-kategorie,MII_PR_Onko_TNM_V_Kategorie,Observation,3,identical,2026.0.2,1,False,False
de.medizininformatikinitiative.kerndatensatz.onkologie,onkologie,https://www.medizininformatik-initiative.de/fhir/ext/modul-onko/StructureDefinition/mii-pr-onko-tnm-v-kategorie,MII_PR_Onko_TNM_V_Kategorie,Observation,4,identical,2026.0.3,1,False,True
de.medizininformatikinitiative.kerndatensatz.onkologie,onkologie,https://www.medizininformatik-initiative.de/fhir/ext/modul-onko/StructureDefinition/mii-pr-onko-tnm-v-kategorie,MII_PR_Onko_TNM_V_Kategorie,Observation,5,identical,2027.0.0-ballot.1,1,True,False
de.medizininformatikinitiative.kerndatensatz.onkologie,onkologie,https://www.medizininformatik-initiative.de/fhir/ext/modul-onko/StructureDefinition/mii-pr-onko-tnm-y-symbol,MII_PR_Onko_TNM_y_Symbol,Observation,1,identical,2025.0.0|2025.0.1|2025.0.2|2025.0.3|2025.0.4|2025.1.0|2026.0.0|2026.0.1,8,False,
de.medizininformatikinitiative.kerndatensatz.onkologie,onkologie,https://www.medizininformatik-initiative.de/fhir/ext/modul-onko/StructureDefinition/mii-pr-onko-tnm-y-symbol,MII_PR_Onko_TNM_y_Symbol,Observation,2,identical,2026.0.2,1,False,False
de.medizininformatikinitiative.kerndatensatz.onkologie,onkologie,https://www.medizininformatik-initiative.de/fhir/ext/modul-onko/StructureDefinition/mii-pr-onko-tnm-y-symbol,MII_PR_Onko_TNM_y_Symbol,Observation,3,identical,2026.0.3,1,False,True
de.medizininformatikinitiative.kerndatensatz.onkologie,onkologie,https://www.medizininformatik-initiative.de/fhir/ext/modul-onko/StructureDefinition/mii-pr-onko-tnm-y-symbol,MII_PR_Onko_TNM_y_Symbol,Observation,4,identical,2027.0.0-ballot.1,1,True,False
de.medizininformatikinitiative.kerndatensatz.onkologie,onkologie,https://www.medizininformatik-initiative.de/fhir/ext/modul-onko/StructureDefinition/mii-pr-onko-tod,MII_PR_Onko_Tod,Observation,1,canonical-only,2025.0.0|2025.0.1|2025.0.2|2025.0.3|2025.0.4|2025.1.0|2026.0.0|2026.0.1,8,False,
de.medizininformatikinitiative.kerndatensatz.onkologie,onkologie,https://www.medizininformatik-initiative.de/fhir/ext/modul-onko/StructureDefinition/mii-pr-onko-tod,MII_PR_Onko_Tod,Observation,2,identical,2026.0.2,1,False,False
de.medizininformatikinitiative.kerndatensatz.onkologie,onkologie,https://www.medizininformatik-initiative.de/fhir/ext/modul-onko/StructureDefinition/mii-pr-onko-tod,MII_PR_Onko_Tod,Observation,3,identical,2026.0.3,1,False,True
de.medizininformatikinitiative.kerndatensatz.onkologie,onkologie,https://www.medizininformatik-initiative.de/fhir/ext/modul-onko/StructureDefinition/mii-pr-onko-tod,MII_PR_Onko_Tod,Observation,4,identical,2027.0.0-ballot.1,1,True,False
de.medizininformatikinitiative.kerndatensatz.onkologie,onkologie,https://www.medizininformatik-initiative.de/fhir/ext/modul-onko/StructureDefinition/mii-pr-onko-tumorgroesse,MII_PR_Onko_Tumorgroesse,Observation,1,identical,2026.0.0|2026.0.1,2,False,
de.medizininformatikinitiative.kerndatensatz.onkologie,onkologie,https://www.medizininformatik-initiative.de/fhir/ext/modul-onko/StructureDefinition/mii-pr-onko-tumorgroesse,MII_PR_Onko_Tumorgroesse,Observation,2,identical,2026.0.2,1,False,False
de.medizininformatikinitiative.kerndatensatz.onkologie,onkologie,https://www.medizininformatik-initiative.de/fhir/ext/modul-onko/StructureDefinition/mii-pr-onko-tumorgroesse,MII_PR_Onko_Tumorgroesse,Observation,3,identical,2026.0.3,1,False,True
de.medizininformatikinitiative.kerndatensatz.onkologie,onkologie,https://www.medizininformatik-initiative.de/fhir/ext/modul-onko/StructureDefinition/mii-pr-onko-tumorgroesse,MII_PR_Onko_Tumorgroesse,Observation,4,identical,2027.0.0-ballot.1,1,True,False
de.medizininformatikinitiative.kerndatensatz.onkologie,onkologie,https://www.medizininformatik-initiative.de/fhir/ext/modul-onko/StructureDefinition/mii-pr-onko-tumorkonferenz,MII_PR_Onko_Tumorkonferenz,CarePlan,1,canonical-only,2025.0.0|2025.0.1|2025.0.2|2025.0.3|2025.0.4|2025.1.0,6,False,
de.medizininformatikinitiative.kerndatensatz.onkologie,onkologie,https://www.medizininformatik-initiative.de/fhir/ext/modul-onko/StructureDefinition/mii-pr-onko-tumorkonferenz,MII_PR_Onko_Tumorkonferenz,CarePlan,2,identical,2026.0.0|2026.0.1,2,False,True
de.medizininformatikinitiative.kerndatensatz.onkologie,onkologie,https://www.medizininformatik-initiative.de/fhir/ext/modul-onko/StructureDefinition/mii-pr-onko-tumorkonferenz,MII_PR_Onko_Tumorkonferenz,CarePlan,3,identical,2026.0.2,1,False,False
de.medizininformatikinitiative.kerndatensatz.onkologie,onkologie,https://www.medizininformatik-initiative.de/fhir/ext/modul-onko/StructureDefinition/mii-pr-onko-tumorkonferenz,MII_PR_Onko_Tumorkonferenz,CarePlan,4,identical,2026.0.3,1,False,True
de.medizininformatikinitiative.kerndatensatz.onkologie,onkologie,https://www.medizininformatik-initiative.de/fhir/ext/modul-onko/StructureDefinition/mii-pr-onko-tumorkonferenz,MII_PR_Onko_Tumorkonferenz,CarePlan,5,identical,2027.0.0-ballot.1,1,True,False
de.medizininformatikinitiative.kerndatensatz.onkologie,onkologie,https://www.medizininformatik-initiative.de/fhir/ext/modul-onko/StructureDefinition/mii-pr-onko-tumorkonferenz-detailed-recommendations,MII_PR_Onko_Tumorkonferenz_Detailed_Recommendations,CarePlan,1,sole-version,2026.0.2,1,True,
de.medizininformatikinitiative.kerndatensatz.onkologie,onkologie,https://www.medizininformatik-initiative.de/fhir/ext/modul-onko/StructureDefinition/mii-pr-onko-tumormarker,MII_PR_Onko_Tumormarker,Observation,1,sole-version,2027.0.0-ballot.1,1,True,
de.medizininformatikinitiative.kerndatensatz.onkologie,onkologie,https://www.medizininformatik-initiative.de/fhir/ext/modul-onko/StructureDefinition/mii-pr-onko-verlauf,MII_PR_Onko_Verlauf,Observation,1,identical,2025.0.0|2025.0.1|2025.0.2|2025.0.3|2025.0.4,5,False,
de.medizininformatikinitiative.kerndatensatz.onkologie,onkologie,https://www.medizininformatik-initiative.de/fhir/ext/modul-onko/StructureDefinition/mii-pr-onko-verlauf,MII_PR_Onko_Verlauf,Observation,2,identical,2025.1.0,1,False,True
de.medizininformatikinitiative.kerndatensatz.onkologie,onkologie,https://www.medizininformatik-initiative.de/fhir/ext/modul-onko/StructureDefinition/mii-pr-onko-verlauf,MII_PR_Onko_Verlauf,Observation,3,identical,2026.0.0|2026.0.1,2,False,False
de.medizininformatikinitiative.kerndatensatz.onkologie,onkologie,https://www.medizininformatik-initiative.de/fhir/ext/modul-onko/StructureDefinition/mii-pr-onko-verlauf,MII_PR_Onko_Verlauf,Observation,4,identical,2026.0.2,1,False,False
de.medizininformatikinitiative.kerndatensatz.onkologie,onkologie,https://www.medizininformatik-initiative.de/fhir/ext/modul-onko/StructureDefinition/mii-pr-onko-verlauf,MII_PR_Onko_Verlauf,Observation,5,identical,2026.0.3,1,False,True
de.medizininformatikinitiative.kerndatensatz.onkologie,onkologie,https://www.medizininformatik-initiative.de/fhir/ext/modul-onko/StructureDefinition/mii-pr-onko-verlauf,MII_PR_Onko_Verlauf,Observation,6,identical,2027.0.0-ballot.1,1,True,False
de.medizininformatikinitiative.kerndatensatz.onkologie,onkologie,https://www.medizininformatik-initiative.de/fhir/ext/modul-onko/StructureDefinition/mii-pr-onko-weitere-klassifikationen,MII_PR_Onko_Weitere_Klassifikationen,Observation,1,identical,2025.0.0|2025.0.1|2025.0.2|2025.0.3|2025.0.4|2025.1.0,6,False,
de.medizininformatikinitiative.kerndatensatz.onkologie,onkologie,https://www.medizininformatik-initiative.de/fhir/ext/modul-onko/StructureDefinition/mii-pr-onko-weitere-klassifikationen,MII_PR_Onko_Weitere_Klassifikationen,Observation,2,canonical-only,2026.0.0|2026.0.1|2026.0.2|2026.0.3|2027.0.0-ballot.1,5,True,True
de.medizininformatikinitiative.kerndatensatz.patho,patho,https://www.medizininformatik-initiative.de/fhir/ext/modul-patho/StructureDefinition/mii-pr-patho-active-problems-list,MII_PR_Patho_Active_Problems_List,List,1,identical,1.0.0|2025.0.1|2025.0.2|2026.0.0|2026.0.1|2026.0.2|2027.0.0-ballot,7,True,
de.medizininformatikinitiative.kerndatensatz.patho,patho,https://www.medizininformatik-initiative.de/fhir/ext/modul-patho/StructureDefinition/mii-pr-patho-additional-specified-grouper,MII_PR_Patho_Additional_Specified_Grouper,Observation,1,identical,1.0.0|2025.0.1|2025.0.2,3,False,
de.medizininformatikinitiative.kerndatensatz.patho,patho,https://www.medizininformatik-initiative.de/fhir/ext/modul-patho/StructureDefinition/mii-pr-patho-additional-specified-grouper,MII_PR_Patho_Additional_Specified_Grouper,Observation,2,identical,2026.0.0|2026.0.1|2026.0.2|2027.0.0-ballot,4,True,False
de.medizininformatikinitiative.kerndatensatz.patho,patho,https://www.medizininformatik-initiative.de/fhir/ext/modul-patho/StructureDefinition/mii-pr-patho-attached-image,MII_PR_Patho_Attached_Image,Media,1,canonical-only,1.0.0|2025.0.1|2025.0.2|2026.0.0|2026.0.1|2026.0.2|2027.0.0-ballot,7,True,
de.medizininformatikinitiative.kerndatensatz.patho,patho,https://www.medizininformatik-initiative.de/fhir/ext/modul-patho/StructureDefinition/mii-pr-patho-base-observation,MII_PR_Patho_Base_Observation,Observation,1,canonical-only,1.0.0|2025.0.1|2025.0.2|2026.0.0|2026.0.1|2026.0.2|2027.0.0-ballot,7,True,
de.medizininformatikinitiative.kerndatensatz.patho,patho,https://www.medizininformatik-initiative.de/fhir/ext/modul-patho/StructureDefinition/mii-pr-patho-bundle,MII_PR_Patho_Bundle,Bundle,1,identical,2026.0.0|2026.0.1|2026.0.2|2027.0.0-ballot,4,True,
de.medizininformatikinitiative.kerndatensatz.patho,patho,https://www.medizininformatik-initiative.de/fhir/ext/modul-patho/StructureDefinition/mii-pr-patho-composition,MII_PR_Patho_Composition,Composition,1,canonical-only,1.0.0|2025.0.1|2025.0.2,3,False,
de.medizininformatikinitiative.kerndatensatz.patho,patho,https://www.medizininformatik-initiative.de/fhir/ext/modul-patho/StructureDefinition/mii-pr-patho-composition,MII_PR_Patho_Composition,Composition,2,identical,2026.0.0|2026.0.1|2026.0.2,3,False,True
de.medizininformatikinitiative.kerndatensatz.patho,patho,https://www.medizininformatik-initiative.de/fhir/ext/modul-patho/StructureDefinition/mii-pr-patho-composition,MII_PR_Patho_Composition,Composition,3,identical,2027.0.0-ballot,1,True,False
de.medizininformatikinitiative.kerndatensatz.patho,patho,https://www.medizininformatik-initiative.de/fhir/ext/modul-patho/StructureDefinition/mii-pr-patho-diagnostic-conclusion-grouper,MII_PR_Patho_Diagnostic_Conclusion_Grouper,Observation,1,identical,1.0.0|2025.0.1|2025.0.2,3,False,
de.medizininformatikinitiative.kerndatensatz.patho,patho,https://www.medizininformatik-initiative.de/fhir/ext/modul-patho/StructureDefinition/mii-pr-patho-diagnostic-conclusion-grouper,MII_PR_Patho_Diagnostic_Conclusion_Grouper,Observation,2,identical,2026.0.0|2026.0.1|2026.0.2|2027.0.0-ballot,4,True,False
de.medizininformatikinitiative.kerndatensatz.patho,patho,https://www.medizininformatik-initiative.de/fhir/ext/modul-patho/StructureDefinition/mii-pr-patho-finding,MII_PR_Patho_Finding,Observation,1,identical,1.0.0|2025.0.1|2025.0.2,3,False,
de.medizininformatikinitiative.kerndatensatz.patho,patho,https://www.medizininformatik-initiative.de/fhir/ext/modul-patho/StructureDefinition/mii-pr-patho-finding,MII_PR_Patho_Finding,Observation,2,identical,2026.0.0|2026.0.1|2026.0.2|2027.0.0-ballot,4,True,False
de.medizininformatikinitiative.kerndatensatz.patho,patho,https://www.medizininformatik-initiative.de/fhir/ext/modul-patho/StructureDefinition/mii-pr-patho-history-of-present-illness,MII_PR_Patho_History_Of_Present_Illness,List,1,identical,1.0.0|2025.0.1|2025.0.2|2026.0.0|2026.0.1|2026.0.2|2027.0.0-ballot,7,True,
de.medizininformatikinitiative.kerndatensatz.patho,patho,https://www.medizininformatik-initiative.de/fhir/ext/modul-patho/StructureDefinition/mii-pr-patho-intraoperative-grouper,MII_PR_Patho_Intraoperative_Grouper,Observation,1,identical,1.0.0|2025.0.1|2025.0.2,3,False,
de.medizininformatikinitiative.kerndatensatz.patho,patho,https://www.medizininformatik-initiative.de/fhir/ext/modul-patho/StructureDefinition/mii-pr-patho-intraoperative-grouper,MII_PR_Patho_Intraoperative_Grouper,Observation,2,identical,2026.0.0|2026.0.1|2026.0.2|2027.0.0-ballot,4,True,False
de.medizininformatikinitiative.kerndatensatz.patho,patho,https://www.medizininformatik-initiative.de/fhir/ext/modul-patho/StructureDefinition/mii-pr-patho-macroscopic-grouper,MII_PR_Patho_Macroscopic_Grouper,Observation,1,identical,1.0.0|2025.0.1|2025.0.2,3,False,
de.medizininformatikinitiative.kerndatensatz.patho,patho,https://www.medizininformatik-initiative.de/fhir/ext/modul-patho/StructureDefinition/mii-pr-patho-macroscopic-grouper,MII_PR_Patho_Macroscopic_Grouper,Observation,2,identical,2026.0.0|2026.0.1|2026.0.2|2027.0.0-ballot,4,True,False
de.medizininformatikinitiative.kerndatensatz.patho,patho,https://www.medizininformatik-initiative.de/fhir/ext/modul-patho/StructureDefinition/mii-pr-patho-microscopic-grouper,MII_PR_Patho_Microscopic_Grouper,Observation,1,identical,1.0.0|2025.0.1|2025.0.2,3,False,
de.medizininformatikinitiative.kerndatensatz.patho,patho,https://www.medizininformatik-initiative.de/fhir/ext/modul-patho/StructureDefinition/mii-pr-patho-microscopic-grouper,MII_PR_Patho_Microscopic_Grouper,Observation,2,identical,2026.0.0|2026.0.1|2026.0.2|2027.0.0-ballot,4,True,False
de.medizininformatikinitiative.kerndatensatz.patho,patho,https://www.medizininformatik-initiative.de/fhir/ext/modul-patho/StructureDefinition/mii-pr-patho-problem-list-item,MII_PR_Patho_Problem_List_Item,Condition,1,identical,1.0.0|2025.0.1|2025.0.2,3,False,
de.medizininformatikinitiative.kerndatensatz.patho,patho,https://www.medizininformatik-initiative.de/fhir/ext/modul-patho/StructureDefinition/mii-pr-patho-problem-list-item,MII_PR_Patho_Problem_List_Item,Condition,2,identical,2026.0.0|2026.0.1|2026.0.2|2027.0.0-ballot,4,True,False
de.medizininformatikinitiative.kerndatensatz.patho,patho,https://www.medizininformatik-initiative.de/fhir/ext/modul-patho/StructureDefinition/mii-pr-patho-report,MII_PR_Patho_Report,DiagnosticReport,1,identical,1.0.0,1,False,
de.medizininformatikinitiative.kerndatensatz.patho,patho,https://www.medizininformatik-initiative.de/fhir/ext/modul-patho/StructureDefinition/mii-pr-patho-report,MII_PR_Patho_Report,DiagnosticReport,2,identical,2025.0.1|2025.0.2,2,False,False
de.medizininformatikinitiative.kerndatensatz.patho,patho,https://www.medizininformatik-initiative.de/fhir/ext/modul-patho/StructureDefinition/mii-pr-patho-report,MII_PR_Patho_Report,DiagnosticReport,3,identical,2026.0.0|2026.0.1|2026.0.2,3,False,True
de.medizininformatikinitiative.kerndatensatz.patho,patho,https://www.medizininformatik-initiative.de/fhir/ext/modul-patho/StructureDefinition/mii-pr-patho-report,MII_PR_Patho_Report,DiagnosticReport,4,identical,2027.0.0-ballot,1,True,True
de.medizininformatikinitiative.kerndatensatz.patho,patho,https://www.medizininformatik-initiative.de/fhir/ext/modul-patho/StructureDefinition/mii-pr-patho-section-grouper,MII_PR_Patho_Section_Grouper,Observation,1,identical,1.0.0|2025.0.1|2025.0.2|2026.0.0|2026.0.1|2026.0.2|2027.0.0-ballot,7,True,
de.medizininformatikinitiative.kerndatensatz.patho,patho,https://www.medizininformatik-initiative.de/fhir/ext/modul-patho/StructureDefinition/mii-pr-patho-service-request,MII_PR_Patho_Service_Request,ServiceRequest,1,identical,1.0.0|2025.0.1|2025.0.2,3,False,
de.medizininformatikinitiative.kerndatensatz.patho,patho,https://www.medizininformatik-initiative.de/fhir/ext/modul-patho/StructureDefinition/mii-pr-patho-service-request,MII_PR_Patho_Service_Request,ServiceRequest,2,canonical-only,2026.0.0|2026.0.1|2026.0.2|2027.0.0-ballot,4,True,True
de.medizininformatikinitiative.kerndatensatz.patho,patho,https://www.medizininformatik-initiative.de/fhir/ext/modul-patho/StructureDefinition/mii-pr-patho-specimen,MII_PR_Patho_Specimen,Specimen,1,identical,1.0.0|2025.0.1|2025.0.2,3,False,
de.medizininformatikinitiative.kerndatensatz.patho,patho,https://www.medizininformatik-initiative.de/fhir/ext/modul-patho/StructureDefinition/mii-pr-patho-specimen,MII_PR_Patho_Specimen,Specimen,2,identical,2026.0.0|2026.0.1|2026.0.2,3,False,True
de.medizininformatikinitiative.kerndatensatz.patho,patho,https://www.medizininformatik-initiative.de/fhir/ext/modul-patho/StructureDefinition/mii-pr-patho-specimen,MII_PR_Patho_Specimen,Specimen,3,identical,2027.0.0-ballot,1,True,True
de.medizininformatikinitiative.kerndatensatz.patho,patho,https://www.medizininformatik-initiative.de/fhir/ext/modul-patho/StructureDefinition/sd-mii-patho-active-problems,SD_MII_Patho_Active_Problems,Observation,1,sole-version,0.9.0,1,True,
de.medizininformatikinitiative.kerndatensatz.patho,patho,https://www.medizininformatik-initiative.de/fhir/ext/modul-patho/StructureDefinition/sd-mii-patho-additional-specified-grouper,SD_MII_Patho_Additional_Specified_Grouper,Observation,1,sole-version,0.9.0,1,True,
de.medizininformatikinitiative.kerndatensatz.patho,patho,https://www.medizininformatik-initiative.de/fhir/ext/modul-patho/StructureDefinition/sd-mii-patho-attached-image,SD_MII_Patho_Attached_Image,Media,1,sole-version,0.9.0,1,True,
de.medizininformatikinitiative.kerndatensatz.patho,patho,https://www.medizininformatik-initiative.de/fhir/ext/modul-patho/StructureDefinition/sd-mii-patho-base-observation,SD_MII_Patho_Base_Observation,Observation,1,sole-version,0.9.0,1,True,
de.medizininformatikinitiative.kerndatensatz.patho,patho,https://www.medizininformatik-initiative.de/fhir/ext/modul-patho/StructureDefinition/sd-mii-patho-composition,SD_MII_Patho_Composition,Composition,1,sole-version,0.9.0,1,True,
de.medizininformatikinitiative.kerndatensatz.patho,patho,https://www.medizininformatik-initiative.de/fhir/ext/modul-patho/StructureDefinition/sd-mii-patho-diagnostic-conclusion-grouper,SD_MII_Patho_Diagnostic_Conclusion_Grouper,Observation,1,sole-version,0.9.0,1,True,
de.medizininformatikinitiative.kerndatensatz.patho,patho,https://www.medizininformatik-initiative.de/fhir/ext/modul-patho/StructureDefinition/sd-mii-patho-finding,SD_MII_Patho_Finding,Observation,1,sole-version,0.9.0,1,True,
de.medizininformatikinitiative.kerndatensatz.patho,patho,https://www.medizininformatik-initiative.de/fhir/ext/modul-patho/StructureDefinition/sd-mii-patho-intraoperative-grouper,SD_MII_Patho_Intraoperative_Grouper,Observation,1,sole-version,0.9.0,1,True,
de.medizininformatikinitiative.kerndatensatz.patho,patho,https://www.medizininformatik-initiative.de/fhir/ext/modul-patho/StructureDefinition/sd-mii-patho-macroscopic-grouper,SD_MII_Patho_Macroscopic_Grouper,Observation,1,sole-version,0.9.0,1,True,
de.medizininformatikinitiative.kerndatensatz.patho,patho,https://www.medizininformatik-initiative.de/fhir/ext/modul-patho/StructureDefinition/sd-mii-patho-microscopic-grouper,SD_MII_Patho_Microscopic_Grouper,Observation,1,sole-version,0.9.0,1,True,
de.medizininformatikinitiative.kerndatensatz.patho,patho,https://www.medizininformatik-initiative.de/fhir/ext/modul-patho/StructureDefinition/sd-mii-patho-personal-history-finding,SD_MII_Patho_Personal_History_Finding,Observation,1,sole-version,0.9.0,1,True,
de.medizininformatikinitiative.kerndatensatz.patho,patho,https://www.medizininformatik-initiative.de/fhir/ext/modul-patho/StructureDefinition/sd-mii-patho-report,SD_MII_Patho_Report,DiagnosticReport,1,sole-version,0.9.0,1,True,
de.medizininformatikinitiative.kerndatensatz.patho,patho,https://www.medizininformatik-initiative.de/fhir/ext/modul-patho/StructureDefinition/sd-mii-patho-section-grouper,SD_MII_Patho_Section_Grouper,Observation,1,sole-version,0.9.0,1,True,
de.medizininformatikinitiative.kerndatensatz.patho,patho,https://www.medizininformatik-initiative.de/fhir/ext/modul-patho/StructureDefinition/sd-mii-patho-service-request,SD_MII_Patho_Service_Request,ServiceRequest,1,sole-version,0.9.0,1,True,
de.medizininformatikinitiative.kerndatensatz.patho,patho,https://www.medizininformatik-initiative.de/fhir/ext/modul-patho/StructureDefinition/sd-mii-patho-specimen,SD_MII_Patho_Specimen,Specimen,1,sole-version,0.9.0,1,True,
de.medizininformatikinitiative.kerndatensatz.person,person,https://www.medizininformatik-initiative.de/fhir/core/StructureDefinition/MII-Reference,MII-Reference,Reference,1,sole-version,0.0.2,1,True,
de.medizininformatikinitiative.kerndatensatz.person,person,https://www.medizininformatik-initiative.de/fhir/core/StructureDefinition/Patient,PatientIn,Patient,1,identical,0.0.2,1,False,
de.medizininformatikinitiative.kerndatensatz.person,person,https://www.medizininformatik-initiative.de/fhir/core/StructureDefinition/Patient,PatientIn,Patient,2,identical,0.9.0,1,False,True
de.medizininformatikinitiative.kerndatensatz.person,person,https://www.medizininformatik-initiative.de/fhir/core/StructureDefinition/Patient,PatientIn,Patient,3,identical,0.9.1,1,False,True
de.medizininformatikinitiative.kerndatensatz.person,person,https://www.medizininformatik-initiative.de/fhir/core/StructureDefinition/Patient,PatientIn,Patient,4,identical,0.9.2,1,False,True
de.medizininformatikinitiative.kerndatensatz.person,person,https://www.medizininformatik-initiative.de/fhir/core/StructureDefinition/Patient,PatientIn,Patient,5,identical,1.0.0|1.0.1|1.0.2,3,False,False
de.medizininformatikinitiative.kerndatensatz.person,person,https://www.medizininformatik-initiative.de/fhir/core/StructureDefinition/Patient,PatientIn,Patient,6,identical,1.0.3,1,True,True
de.medizininformatikinitiative.kerndatensatz.person,person,https://www.medizininformatik-initiative.de/fhir/core/StructureDefinition/ResearchSubject,ProbantIn,ResearchSubject,1,identical,0.0.1,1,False,
de.medizininformatikinitiative.kerndatensatz.person,person,https://www.medizininformatik-initiative.de/fhir/core/StructureDefinition/ResearchSubject,ProbantIn,ResearchSubject,2,canonical-only,0.0.2|0.9.0|0.9.1|0.9.2|1.0.0|1.0.1|1.0.2|1.0.3,8,True,True
de.medizininformatikinitiative.kerndatensatz.person,person,https://www.medizininformatik-initiative.de/fhir/core/StructureDefinition/Vitalstatus,Observation - Vitalstatus,Observation,1,identical,0.0.2,1,False,
de.medizininformatikinitiative.kerndatensatz.person,person,https://www.medizininformatik-initiative.de/fhir/core/StructureDefinition/Vitalstatus,Observation - Vitalstatus,Observation,2,canonical-only,0.9.0|0.9.1|0.9.2|1.0.0|1.0.1|1.0.2|1.0.3,7,True,True
de.medizininformatikinitiative.kerndatensatz.person,person,https://www.medizininformatik-initiative.de/fhir/core/modul-person/StructureDefinition/Patient,PatientIn,Patient,1,identical,1.0.4|1.0.5|1.0.6|1.0.7,4,False,
de.medizininformatikinitiative.kerndatensatz.person,person,https://www.medizininformatik-initiative.de/fhir/core/modul-person/StructureDefinition/Patient,PatientIn,Patient,2,identical,1.0.8,1,False,True
de.medizininformatikinitiative.kerndatensatz.person,person,https://www.medizininformatik-initiative.de/fhir/core/modul-person/StructureDefinition/Patient,PatientIn,Patient,3,identical,1.0.9,1,False,True
de.medizininformatikinitiative.kerndatensatz.person,person,https://www.medizininformatik-initiative.de/fhir/core/modul-person/StructureDefinition/Patient,PatientIn,Patient,4,identical,1.0.10|1.0.11,2,False,True
de.medizininformatikinitiative.kerndatensatz.person,person,https://www.medizininformatik-initiative.de/fhir/core/modul-person/StructureDefinition/Patient,PatientIn,Patient,5,identical,1.0.12,1,False,False
de.medizininformatikinitiative.kerndatensatz.person,person,https://www.medizininformatik-initiative.de/fhir/core/modul-person/StructureDefinition/Patient,PatientIn,Patient,6,identical,1.0.13,1,False,False
de.medizininformatikinitiative.kerndatensatz.person,person,https://www.medizininformatik-initiative.de/fhir/core/modul-person/StructureDefinition/Patient,PatientIn,Patient,7,identical,1.0.14|1.0.15|1.0.16|1.0.17,4,False,True
de.medizininformatikinitiative.kerndatensatz.person,person,https://www.medizininformatik-initiative.de/fhir/core/modul-person/StructureDefinition/Patient,PatientIn,Patient,8,identical,2024.0.0,1,False,True
de.medizininformatikinitiative.kerndatensatz.person,person,https://www.medizininformatik-initiative.de/fhir/core/modul-person/StructureDefinition/Patient,PatientIn,Patient,9,identical,2025.0.0|2025.0.1,2,True,True
de.medizininformatikinitiative.kerndatensatz.person,person,https://www.medizininformatik-initiative.de/fhir/core/modul-person/StructureDefinition/PatientPseudonymisiert,MII_PR_Person_PatientPseudonymisiert,Patient,1,identical,2024.0.0,1,False,
de.medizininformatikinitiative.kerndatensatz.person,person,https://www.medizininformatik-initiative.de/fhir/core/modul-person/StructureDefinition/PatientPseudonymisiert,MII_PR_Person_PatientPseudonymisiert,Patient,2,identical,2025.0.0,1,False,False
de.medizininformatikinitiative.kerndatensatz.person,person,https://www.medizininformatik-initiative.de/fhir/core/modul-person/StructureDefinition/PatientPseudonymisiert,MII_PR_Person_PatientPseudonymisiert,Patient,3,identical,2025.0.1,1,True,True
de.medizininformatikinitiative.kerndatensatz.person,person,https://www.medizininformatik-initiative.de/fhir/core/modul-person/StructureDefinition/ResearchSubject,ProbantIn,ResearchSubject,1,identical,1.0.4|1.0.5|1.0.6|1.0.7|1.0.8|1.0.9|1.0.10|1.0.11,8,False,
de.medizininformatikinitiative.kerndatensatz.person,person,https://www.medizininformatik-initiative.de/fhir/core/modul-person/StructureDefinition/ResearchSubject,ProbantIn,ResearchSubject,2,identical,1.0.12,1,False,False
de.medizininformatikinitiative.kerndatensatz.person,person,https://www.medizininformatik-initiative.de/fhir/core/modul-person/StructureDefinition/ResearchSubject,ProbantIn,ResearchSubject,3,identical,1.0.13|1.0.14|1.0.15|1.0.16|1.0.17,5,False,True
de.medizininformatikinitiative.kerndatensatz.person,person,https://www.medizininformatik-initiative.de/fhir/core/modul-person/StructureDefinition/ResearchSubject,ProbantIn,ResearchSubject,4,identical,2024.0.0,1,True,True
de.medizininformatikinitiative.kerndatensatz.person,person,https://www.medizininformatik-initiative.de/fhir/core/modul-person/StructureDefinition/Todesursache,MII_PR_Person_Todesursache,Condition,1,identical,2024.0.0,1,False,
de.medizininformatikinitiative.kerndatensatz.person,person,https://www.medizininformatik-initiative.de/fhir/core/modul-person/StructureDefinition/Todesursache,MII_PR_Person_Todesursache,Condition,2,identical,2025.0.0|2025.0.1,2,True,True
de.medizininformatikinitiative.kerndatensatz.person,person,https://www.medizininformatik-initiative.de/fhir/core/modul-person/StructureDefinition/Vitalstatus,Observation - Vitalstatus,Observation,1,canonical-only,1.0.4|1.0.5|1.0.6|1.0.7|1.0.8|1.0.9|1.0.10|1.0.11|1.0.12,9,False,
de.medizininformatikinitiative.kerndatensatz.person,person,https://www.medizininformatik-initiative.de/fhir/core/modul-person/StructureDefinition/Vitalstatus,Observation - Vitalstatus,Observation,2,canonical-only,1.0.13|1.0.14|1.0.15|1.0.16|1.0.17,5,False,True
de.medizininformatikinitiative.kerndatensatz.person,person,https://www.medizininformatik-initiative.de/fhir/core/modul-person/StructureDefinition/Vitalstatus,Observation - Vitalstatus,Observation,3,canonical-only,2024.0.0|2025.0.0|2025.0.1,3,True,True
de.medizininformatikinitiative.kerndatensatz.pros,pros,https://www.medizininformatik-initiative.de/fhir/ext/modul-pro/StructureDefinition/mii-pr-pro-depression-t-score,MII_PR_PRO_Depression_T_Score,Observation,1,identical,2026.0.1,1,False,
de.medizininformatikinitiative.kerndatensatz.pros,pros,https://www.medizininformatik-initiative.de/fhir/ext/modul-pro/StructureDefinition/mii-pr-pro-depression-t-score,MII_PR_PRO_Depression_T_Score,Observation,2,identical,2026.2.0,1,False,False
de.medizininformatikinitiative.kerndatensatz.pros,pros,https://www.medizininformatik-initiative.de/fhir/ext/modul-pro/StructureDefinition/mii-pr-pro-depression-t-score,MII_PR_PRO_Depression_T_Score,Observation,3,identical,2026.3.0|2026.4.1,2,False,True
de.medizininformatikinitiative.kerndatensatz.pros,pros,https://www.medizininformatik-initiative.de/fhir/ext/modul-pro/StructureDefinition/mii-pr-pro-depression-t-score,MII_PR_PRO_Depression_T_Score,Observation,4,identical,2026.5.1,1,False,False
de.medizininformatikinitiative.kerndatensatz.pros,pros,https://www.medizininformatik-initiative.de/fhir/ext/modul-pro/StructureDefinition/mii-pr-pro-depression-t-score,MII_PR_PRO_Depression_T_Score,Observation,5,identical,2026.5.2|2026.6.0|2026.7.0|2027.0.0-ballot.1,4,True,True
de.medizininformatikinitiative.kerndatensatz.pros,pros,https://www.medizininformatik-initiative.de/fhir/ext/modul-pro/StructureDefinition/mii-pr-pro-observation-bdi-ii,MII_PR_PRO_Observation_BDI_II,Observation,1,identical,2026.0.1,1,False,
de.medizininformatikinitiative.kerndatensatz.pros,pros,https://www.medizininformatik-initiative.de/fhir/ext/modul-pro/StructureDefinition/mii-pr-pro-observation-bdi-ii,MII_PR_PRO_Observation_BDI_II,Observation,2,identical,2026.2.0,1,False,False
de.medizininformatikinitiative.kerndatensatz.pros,pros,https://www.medizininformatik-initiative.de/fhir/ext/modul-pro/StructureDefinition/mii-pr-pro-observation-bdi-ii,MII_PR_PRO_Observation_BDI_II,Observation,3,identical,2026.3.0|2026.4.1,2,False,True
de.medizininformatikinitiative.kerndatensatz.pros,pros,https://www.medizininformatik-initiative.de/fhir/ext/modul-pro/StructureDefinition/mii-pr-pro-observation-bdi-ii,MII_PR_PRO_Observation_BDI_II,Observation,4,identical,2026.5.1,1,False,False
de.medizininformatikinitiative.kerndatensatz.pros,pros,https://www.medizininformatik-initiative.de/fhir/ext/modul-pro/StructureDefinition/mii-pr-pro-observation-bdi-ii,MII_PR_PRO_Observation_BDI_II,Observation,5,identical,2026.5.2|2026.6.0|2026.7.0|2027.0.0-ballot.1,4,True,True
de.medizininformatikinitiative.kerndatensatz.pros,pros,https://www.medizininformatik-initiative.de/fhir/ext/modul-pro/StructureDefinition/mii-pr-pro-observation-eq5d5l-index,MII_PR_PRO_Observation_EQ5D5L_Index,Observation,1,identical,2026.0.1,1,False,
de.medizininformatikinitiative.kerndatensatz.pros,pros,https://www.medizininformatik-initiative.de/fhir/ext/modul-pro/StructureDefinition/mii-pr-pro-observation-eq5d5l-index,MII_PR_PRO_Observation_EQ5D5L_Index,Observation,2,identical,2026.2.0,1,False,False
de.medizininformatikinitiative.kerndatensatz.pros,pros,https://www.medizininformatik-initiative.de/fhir/ext/modul-pro/StructureDefinition/mii-pr-pro-observation-eq5d5l-index,MII_PR_PRO_Observation_EQ5D5L_Index,Observation,3,identical,2026.3.0|2026.4.1,2,False,True
de.medizininformatikinitiative.kerndatensatz.pros,pros,https://www.medizininformatik-initiative.de/fhir/ext/modul-pro/StructureDefinition/mii-pr-pro-observation-eq5d5l-index,MII_PR_PRO_Observation_EQ5D5L_Index,Observation,4,identical,2026.5.1,1,False,False
de.medizininformatikinitiative.kerndatensatz.pros,pros,https://www.medizininformatik-initiative.de/fhir/ext/modul-pro/StructureDefinition/mii-pr-pro-observation-eq5d5l-index,MII_PR_PRO_Observation_EQ5D5L_Index,Observation,5,identical,2026.5.2|2026.6.0|2026.7.0|2027.0.0-ballot.1,4,True,True
de.medizininformatikinitiative.kerndatensatz.pros,pros,https://www.medizininformatik-initiative.de/fhir/ext/modul-pro/StructureDefinition/mii-pr-pro-observation-eq5d5l-profile,MII_PR_PRO_Observation_EQ5D5L_Profile,Observation,1,identical,2026.0.1,1,False,
de.medizininformatikinitiative.kerndatensatz.pros,pros,https://www.medizininformatik-initiative.de/fhir/ext/modul-pro/StructureDefinition/mii-pr-pro-observation-eq5d5l-profile,MII_PR_PRO_Observation_EQ5D5L_Profile,Observation,2,identical,2026.2.0,1,False,False
de.medizininformatikinitiative.kerndatensatz.pros,pros,https://www.medizininformatik-initiative.de/fhir/ext/modul-pro/StructureDefinition/mii-pr-pro-observation-eq5d5l-profile,MII_PR_PRO_Observation_EQ5D5L_Profile,Observation,3,identical,2026.3.0|2026.4.1,2,False,True
de.medizininformatikinitiative.kerndatensatz.pros,pros,https://www.medizininformatik-initiative.de/fhir/ext/modul-pro/StructureDefinition/mii-pr-pro-observation-eq5d5l-profile,MII_PR_PRO_Observation_EQ5D5L_Profile,Observation,4,identical,2026.5.1,1,False,False
de.medizininformatikinitiative.kerndatensatz.pros,pros,https://www.medizininformatik-initiative.de/fhir/ext/modul-pro/StructureDefinition/mii-pr-pro-observation-eq5d5l-profile,MII_PR_PRO_Observation_EQ5D5L_Profile,Observation,5,identical,2026.5.2|2026.6.0|2026.7.0|2027.0.0-ballot.1,4,True,True
de.medizininformatikinitiative.kerndatensatz.pros,pros,https://www.medizininformatik-initiative.de/fhir/ext/modul-pro/StructureDefinition/mii-pr-pro-observation-eq5d5l-vas,MII_PR_PRO_Observation_EQ5D5L_VAS,Observation,1,identical,2026.0.1,1,False,
de.medizininformatikinitiative.kerndatensatz.pros,pros,https://www.medizininformatik-initiative.de/fhir/ext/modul-pro/StructureDefinition/mii-pr-pro-observation-eq5d5l-vas,MII_PR_PRO_Observation_EQ5D5L_VAS,Observation,2,identical,2026.2.0,1,False,False
de.medizininformatikinitiative.kerndatensatz.pros,pros,https://www.medizininformatik-initiative.de/fhir/ext/modul-pro/StructureDefinition/mii-pr-pro-observation-eq5d5l-vas,MII_PR_PRO_Observation_EQ5D5L_VAS,Observation,3,identical,2026.3.0|2026.4.1,2,False,True
de.medizininformatikinitiative.kerndatensatz.pros,pros,https://www.medizininformatik-initiative.de/fhir/ext/modul-pro/StructureDefinition/mii-pr-pro-observation-eq5d5l-vas,MII_PR_PRO_Observation_EQ5D5L_VAS,Observation,4,identical,2026.5.1,1,False,False
de.medizininformatikinitiative.kerndatensatz.pros,pros,https://www.medizininformatik-initiative.de/fhir/ext/modul-pro/StructureDefinition/mii-pr-pro-observation-eq5d5l-vas,MII_PR_PRO_Observation_EQ5D5L_VAS,Observation,5,identical,2026.5.2|2026.6.0|2026.7.0|2027.0.0-ballot.1,4,True,True
de.medizininformatikinitiative.kerndatensatz.pros,pros,https://www.medizininformatik-initiative.de/fhir/ext/modul-pro/StructureDefinition/mii-pr-pro-observation-phq-15,MII_PR_PRO_Observation_PHQ_15,Observation,1,identical,2026.5.1|2026.5.2|2026.6.0|2026.7.0|2027.0.0-ballot.1,5,True,
de.medizininformatikinitiative.kerndatensatz.pros,pros,https://www.medizininformatik-initiative.de/fhir/ext/modul-pro/StructureDefinition/mii-pr-pro-observation-phq-9,MII_PR_PRO_Observation_PHQ_9,Observation,1,identical,2026.5.1|2026.5.2|2026.6.0|2026.7.0|2027.0.0-ballot.1,5,True,
de.medizininformatikinitiative.kerndatensatz.pros,pros,https://www.medizininformatik-initiative.de/fhir/ext/modul-pro/StructureDefinition/mii-pr-pro-observation-whodas12,MII_PR_PRO_Observation_WHODAS_12,Observation,1,identical,2026.5.1|2026.5.2|2026.6.0|2026.7.0|2027.0.0-ballot.1,5,True,
de.medizininformatikinitiative.kerndatensatz.pros,pros,https://www.medizininformatik-initiative.de/fhir/ext/modul-pro/StructureDefinition/mii-pr-pro-promis-29-anxiety-tscore,MII_PR_PRO_PROMIS_29_Anxiety_TScore,Observation,1,identical,2026.0.1,1,False,
de.medizininformatikinitiative.kerndatensatz.pros,pros,https://www.medizininformatik-initiative.de/fhir/ext/modul-pro/StructureDefinition/mii-pr-pro-promis-29-anxiety-tscore,MII_PR_PRO_PROMIS_29_Anxiety_TScore,Observation,2,identical,2026.2.0,1,False,False
de.medizininformatikinitiative.kerndatensatz.pros,pros,https://www.medizininformatik-initiative.de/fhir/ext/modul-pro/StructureDefinition/mii-pr-pro-promis-29-anxiety-tscore,MII_PR_PRO_PROMIS_29_Anxiety_TScore,Observation,3,identical,2026.3.0|2026.4.1,2,False,True
de.medizininformatikinitiative.kerndatensatz.pros,pros,https://www.medizininformatik-initiative.de/fhir/ext/modul-pro/StructureDefinition/mii-pr-pro-promis-29-anxiety-tscore,MII_PR_PRO_PROMIS_29_Anxiety_TScore,Observation,4,identical,2026.5.1,1,False,False
de.medizininformatikinitiative.kerndatensatz.pros,pros,https://www.medizininformatik-initiative.de/fhir/ext/modul-pro/StructureDefinition/mii-pr-pro-promis-29-anxiety-tscore,MII_PR_PRO_PROMIS_29_Anxiety_TScore,Observation,5,identical,2026.5.2|2026.6.0|2026.7.0|2027.0.0-ballot.1,4,True,True
de.medizininformatikinitiative.kerndatensatz.pros,pros,https://www.medizininformatik-initiative.de/fhir/ext/modul-pro/StructureDefinition/mii-pr-pro-promis-29-depression-tscore,MII_PR_PRO_PROMIS_29_Depression_TScore,Observation,1,identical,2026.0.1,1,False,
de.medizininformatikinitiative.kerndatensatz.pros,pros,https://www.medizininformatik-initiative.de/fhir/ext/modul-pro/StructureDefinition/mii-pr-pro-promis-29-depression-tscore,MII_PR_PRO_PROMIS_29_Depression_TScore,Observation,2,identical,2026.2.0,1,False,False
de.medizininformatikinitiative.kerndatensatz.pros,pros,https://www.medizininformatik-initiative.de/fhir/ext/modul-pro/StructureDefinition/mii-pr-pro-promis-29-depression-tscore,MII_PR_PRO_PROMIS_29_Depression_TScore,Observation,3,identical,2026.3.0|2026.4.1,2,False,True
de.medizininformatikinitiative.kerndatensatz.pros,pros,https://www.medizininformatik-initiative.de/fhir/ext/modul-pro/StructureDefinition/mii-pr-pro-promis-29-depression-tscore,MII_PR_PRO_PROMIS_29_Depression_TScore,Observation,4,identical,2026.5.1,1,False,False
de.medizininformatikinitiative.kerndatensatz.pros,pros,https://www.medizininformatik-initiative.de/fhir/ext/modul-pro/StructureDefinition/mii-pr-pro-promis-29-depression-tscore,MII_PR_PRO_PROMIS_29_Depression_TScore,Observation,5,identical,2026.5.2|2026.6.0|2026.7.0|2027.0.0-ballot.1,4,True,True
de.medizininformatikinitiative.kerndatensatz.pros,pros,https://www.medizininformatik-initiative.de/fhir/ext/modul-pro/StructureDefinition/mii-pr-pro-promis-29-fatigue-tscore,MII_PR_PRO_PROMIS_29_Fatigue_TScore,Observation,1,identical,2026.0.1,1,False,
de.medizininformatikinitiative.kerndatensatz.pros,pros,https://www.medizininformatik-initiative.de/fhir/ext/modul-pro/StructureDefinition/mii-pr-pro-promis-29-fatigue-tscore,MII_PR_PRO_PROMIS_29_Fatigue_TScore,Observation,2,identical,2026.2.0,1,False,False
de.medizininformatikinitiative.kerndatensatz.pros,pros,https://www.medizininformatik-initiative.de/fhir/ext/modul-pro/StructureDefinition/mii-pr-pro-promis-29-fatigue-tscore,MII_PR_PRO_PROMIS_29_Fatigue_TScore,Observation,3,identical,2026.3.0|2026.4.1,2,False,True
de.medizininformatikinitiative.kerndatensatz.pros,pros,https://www.medizininformatik-initiative.de/fhir/ext/modul-pro/StructureDefinition/mii-pr-pro-promis-29-fatigue-tscore,MII_PR_PRO_PROMIS_29_Fatigue_TScore,Observation,4,identical,2026.5.1,1,False,False
de.medizininformatikinitiative.kerndatensatz.pros,pros,https://www.medizininformatik-initiative.de/fhir/ext/modul-pro/StructureDefinition/mii-pr-pro-promis-29-fatigue-tscore,MII_PR_PRO_PROMIS_29_Fatigue_TScore,Observation,5,identical,2026.5.2|2026.6.0|2026.7.0|2027.0.0-ballot.1,4,True,True
de.medizininformatikinitiative.kerndatensatz.pros,pros,https://www.medizininformatik-initiative.de/fhir/ext/modul-pro/StructureDefinition/mii-pr-pro-promis-29-pain-intensity,MII_PR_PRO_PROMIS_29_Pain_Intensity,Observation,1,identical,2026.0.1,1,False,
de.medizininformatikinitiative.kerndatensatz.pros,pros,https://www.medizininformatik-initiative.de/fhir/ext/modul-pro/StructureDefinition/mii-pr-pro-promis-29-pain-intensity,MII_PR_PRO_PROMIS_29_Pain_Intensity,Observation,2,identical,2026.2.0,1,False,False
de.medizininformatikinitiative.kerndatensatz.pros,pros,https://www.medizininformatik-initiative.de/fhir/ext/modul-pro/StructureDefinition/mii-pr-pro-promis-29-pain-intensity,MII_PR_PRO_PROMIS_29_Pain_Intensity,Observation,3,identical,2026.3.0|2026.4.1,2,False,True
de.medizininformatikinitiative.kerndatensatz.pros,pros,https://www.medizininformatik-initiative.de/fhir/ext/modul-pro/StructureDefinition/mii-pr-pro-promis-29-pain-intensity,MII_PR_PRO_PROMIS_29_Pain_Intensity,Observation,4,identical,2026.5.1,1,False,False
de.medizininformatikinitiative.kerndatensatz.pros,pros,https://www.medizininformatik-initiative.de/fhir/ext/modul-pro/StructureDefinition/mii-pr-pro-promis-29-pain-intensity,MII_PR_PRO_PROMIS_29_Pain_Intensity,Observation,5,identical,2026.5.2|2026.6.0|2026.7.0|2027.0.0-ballot.1,4,True,True
de.medizininformatikinitiative.kerndatensatz.pros,pros,https://www.medizininformatik-initiative.de/fhir/ext/modul-pro/StructureDefinition/mii-pr-pro-promis-29-pain-interference-tscore,MII_PR_PRO_PROMIS_29_Pain_Interference_TScore,Observation,1,identical,2026.0.1,1,False,
de.medizininformatikinitiative.kerndatensatz.pros,pros,https://www.medizininformatik-initiative.de/fhir/ext/modul-pro/StructureDefinition/mii-pr-pro-promis-29-pain-interference-tscore,MII_PR_PRO_PROMIS_29_Pain_Interference_TScore,Observation,2,identical,2026.2.0,1,False,False
de.medizininformatikinitiative.kerndatensatz.pros,pros,https://www.medizininformatik-initiative.de/fhir/ext/modul-pro/StructureDefinition/mii-pr-pro-promis-29-pain-interference-tscore,MII_PR_PRO_PROMIS_29_Pain_Interference_TScore,Observation,3,identical,2026.3.0|2026.4.1,2,False,True
de.medizininformatikinitiative.kerndatensatz.pros,pros,https://www.medizininformatik-initiative.de/fhir/ext/modul-pro/StructureDefinition/mii-pr-pro-promis-29-pain-interference-tscore,MII_PR_PRO_PROMIS_29_Pain_Interference_TScore,Observation,4,identical,2026.5.1,1,False,False
de.medizininformatikinitiative.kerndatensatz.pros,pros,https://www.medizininformatik-initiative.de/fhir/ext/modul-pro/StructureDefinition/mii-pr-pro-promis-29-pain-interference-tscore,MII_PR_PRO_PROMIS_29_Pain_Interference_TScore,Observation,5,identical,2026.5.2|2026.6.0|2026.7.0|2027.0.0-ballot.1,4,True,True
de.medizininformatikinitiative.kerndatensatz.pros,pros,https://www.medizininformatik-initiative.de/fhir/ext/modul-pro/StructureDefinition/mii-pr-pro-promis-29-physical-function-tscore,MII_PR_PRO_PROMIS_29_Physical_Function_TScore,Observation,1,identical,2026.0.1,1,False,
de.medizininformatikinitiative.kerndatensatz.pros,pros,https://www.medizininformatik-initiative.de/fhir/ext/modul-pro/StructureDefinition/mii-pr-pro-promis-29-physical-function-tscore,MII_PR_PRO_PROMIS_29_Physical_Function_TScore,Observation,2,identical,2026.2.0,1,False,False
de.medizininformatikinitiative.kerndatensatz.pros,pros,https://www.medizininformatik-initiative.de/fhir/ext/modul-pro/StructureDefinition/mii-pr-pro-promis-29-physical-function-tscore,MII_PR_PRO_PROMIS_29_Physical_Function_TScore,Observation,3,identical,2026.3.0|2026.4.1,2,False,True
de.medizininformatikinitiative.kerndatensatz.pros,pros,https://www.medizininformatik-initiative.de/fhir/ext/modul-pro/StructureDefinition/mii-pr-pro-promis-29-physical-function-tscore,MII_PR_PRO_PROMIS_29_Physical_Function_TScore,Observation,4,identical,2026.5.1,1,False,False
de.medizininformatikinitiative.kerndatensatz.pros,pros,https://www.medizininformatik-initiative.de/fhir/ext/modul-pro/StructureDefinition/mii-pr-pro-promis-29-physical-function-tscore,MII_PR_PRO_PROMIS_29_Physical_Function_TScore,Observation,5,identical,2026.5.2|2026.6.0|2026.7.0|2027.0.0-ballot.1,4,True,True
de.medizininformatikinitiative.kerndatensatz.pros,pros,https://www.medizininformatik-initiative.de/fhir/ext/modul-pro/StructureDefinition/mii-pr-pro-promis-29-sleep-disturbance-tscore,MII_PR_PRO_PROMIS_29_Sleep_Disturbance_TScore,Observation,1,identical,2026.0.1,1,False,
de.medizininformatikinitiative.kerndatensatz.pros,pros,https://www.medizininformatik-initiative.de/fhir/ext/modul-pro/StructureDefinition/mii-pr-pro-promis-29-sleep-disturbance-tscore,MII_PR_PRO_PROMIS_29_Sleep_Disturbance_TScore,Observation,2,identical,2026.2.0,1,False,False
de.medizininformatikinitiative.kerndatensatz.pros,pros,https://www.medizininformatik-initiative.de/fhir/ext/modul-pro/StructureDefinition/mii-pr-pro-promis-29-sleep-disturbance-tscore,MII_PR_PRO_PROMIS_29_Sleep_Disturbance_TScore,Observation,3,identical,2026.3.0|2026.4.1,2,False,True
de.medizininformatikinitiative.kerndatensatz.pros,pros,https://www.medizininformatik-initiative.de/fhir/ext/modul-pro/StructureDefinition/mii-pr-pro-promis-29-sleep-disturbance-tscore,MII_PR_PRO_PROMIS_29_Sleep_Disturbance_TScore,Observation,4,identical,2026.5.1,1,False,False
de.medizininformatikinitiative.kerndatensatz.pros,pros,https://www.medizininformatik-initiative.de/fhir/ext/modul-pro/StructureDefinition/mii-pr-pro-promis-29-sleep-disturbance-tscore,MII_PR_PRO_PROMIS_29_Sleep_Disturbance_TScore,Observation,5,identical,2026.5.2|2026.6.0|2026.7.0|2027.0.0-ballot.1,4,True,True
de.medizininformatikinitiative.kerndatensatz.pros,pros,https://www.medizininformatik-initiative.de/fhir/ext/modul-pro/StructureDefinition/mii-pr-pro-promis-29-social-function-tscore,MII_PR_PRO_PROMIS_29_Social_Function_TScore,Observation,1,identical,2026.0.1,1,False,
de.medizininformatikinitiative.kerndatensatz.pros,pros,https://www.medizininformatik-initiative.de/fhir/ext/modul-pro/StructureDefinition/mii-pr-pro-promis-29-social-function-tscore,MII_PR_PRO_PROMIS_29_Social_Function_TScore,Observation,2,identical,2026.2.0,1,False,False
de.medizininformatikinitiative.kerndatensatz.pros,pros,https://www.medizininformatik-initiative.de/fhir/ext/modul-pro/StructureDefinition/mii-pr-pro-promis-29-social-function-tscore,MII_PR_PRO_PROMIS_29_Social_Function_TScore,Observation,3,identical,2026.3.0|2026.4.1,2,False,True
de.medizininformatikinitiative.kerndatensatz.pros,pros,https://www.medizininformatik-initiative.de/fhir/ext/modul-pro/StructureDefinition/mii-pr-pro-promis-29-social-function-tscore,MII_PR_PRO_PROMIS_29_Social_Function_TScore,Observation,4,identical,2026.5.1,1,False,False
de.medizininformatikinitiative.kerndatensatz.pros,pros,https://www.medizininformatik-initiative.de/fhir/ext/modul-pro/StructureDefinition/mii-pr-pro-promis-29-social-function-tscore,MII_PR_PRO_PROMIS_29_Social_Function_TScore,Observation,5,identical,2026.5.2|2026.6.0|2026.7.0|2027.0.0-ballot.1,4,True,True
de.medizininformatikinitiative.kerndatensatz.pros,pros,https://www.medizininformatik-initiative.de/fhir/ext/modul-pro/StructureDefinition/mii-pr-pro-promis-cognitive-function-sf4a-raw-score,MII_PR_PRO_PROMIS_Cognitive_Function_SF4a_Raw_Score,Observation,1,identical,2026.0.1,1,False,
de.medizininformatikinitiative.kerndatensatz.pros,pros,https://www.medizininformatik-initiative.de/fhir/ext/modul-pro/StructureDefinition/mii-pr-pro-promis-cognitive-function-sf4a-raw-score,MII_PR_PRO_PROMIS_Cognitive_Function_SF4a_Raw_Score,Observation,2,identical,2026.2.0,1,False,False
de.medizininformatikinitiative.kerndatensatz.pros,pros,https://www.medizininformatik-initiative.de/fhir/ext/modul-pro/StructureDefinition/mii-pr-pro-promis-cognitive-function-sf4a-raw-score,MII_PR_PRO_PROMIS_Cognitive_Function_SF4a_Raw_Score,Observation,3,identical,2026.3.0|2026.4.1,2,False,True
de.medizininformatikinitiative.kerndatensatz.pros,pros,https://www.medizininformatik-initiative.de/fhir/ext/modul-pro/StructureDefinition/mii-pr-pro-promis-cognitive-function-sf4a-raw-score,MII_PR_PRO_PROMIS_Cognitive_Function_SF4a_Raw_Score,Observation,4,identical,2026.5.1,1,False,False
de.medizininformatikinitiative.kerndatensatz.pros,pros,https://www.medizininformatik-initiative.de/fhir/ext/modul-pro/StructureDefinition/mii-pr-pro-promis-cognitive-function-sf4a-raw-score,MII_PR_PRO_PROMIS_Cognitive_Function_SF4a_Raw_Score,Observation,5,identical,2026.5.2|2026.6.0|2026.7.0|2027.0.0-ballot.1,4,True,True
de.medizininformatikinitiative.kerndatensatz.pros,pros,https://www.medizininformatik-initiative.de/fhir/ext/modul-pro/StructureDefinition/mii-pr-pro-promis-cognitive-function-sf4a-tscore,MII_PR_PRO_PROMIS_Cognitive_Function_SF4a_TScore,Observation,1,identical,2026.0.1,1,False,
de.medizininformatikinitiative.kerndatensatz.pros,pros,https://www.medizininformatik-initiative.de/fhir/ext/modul-pro/StructureDefinition/mii-pr-pro-promis-cognitive-function-sf4a-tscore,MII_PR_PRO_PROMIS_Cognitive_Function_SF4a_TScore,Observation,2,identical,2026.2.0,1,False,False
de.medizininformatikinitiative.kerndatensatz.pros,pros,https://www.medizininformatik-initiative.de/fhir/ext/modul-pro/StructureDefinition/mii-pr-pro-promis-cognitive-function-sf4a-tscore,MII_PR_PRO_PROMIS_Cognitive_Function_SF4a_TScore,Observation,3,identical,2026.3.0|2026.4.1,2,False,True
de.medizininformatikinitiative.kerndatensatz.pros,pros,https://www.medizininformatik-initiative.de/fhir/ext/modul-pro/StructureDefinition/mii-pr-pro-promis-cognitive-function-sf4a-tscore,MII_PR_PRO_PROMIS_Cognitive_Function_SF4a_TScore,Observation,4,identical,2026.5.1,1,False,False
de.medizininformatikinitiative.kerndatensatz.pros,pros,https://www.medizininformatik-initiative.de/fhir/ext/modul-pro/StructureDefinition/mii-pr-pro-promis-cognitive-function-sf4a-tscore,MII_PR_PRO_PROMIS_Cognitive_Function_SF4a_TScore,Observation,5,identical,2026.5.2|2026.6.0|2026.7.0|2027.0.0-ballot.1,4,True,True
de.medizininformatikinitiative.kerndatensatz.pros,pros,https://www.medizininformatik-initiative.de/fhir/ext/modul-pro/StructureDefinition/mii-pr-pro-promis-depression-sf4a-raw-score,MII_PR_PRO_PROMIS_Depression_SF4a_Raw_Score,Observation,1,identical,2026.0.1,1,False,
de.medizininformatikinitiative.kerndatensatz.pros,pros,https://www.medizininformatik-initiative.de/fhir/ext/modul-pro/StructureDefinition/mii-pr-pro-promis-depression-sf4a-raw-score,MII_PR_PRO_PROMIS_Depression_SF4a_Raw_Score,Observation,2,identical,2026.2.0,1,False,False
de.medizininformatikinitiative.kerndatensatz.pros,pros,https://www.medizininformatik-initiative.de/fhir/ext/modul-pro/StructureDefinition/mii-pr-pro-promis-depression-sf4a-raw-score,MII_PR_PRO_PROMIS_Depression_SF4a_Raw_Score,Observation,3,identical,2026.3.0|2026.4.1,2,False,True
de.medizininformatikinitiative.kerndatensatz.pros,pros,https://www.medizininformatik-initiative.de/fhir/ext/modul-pro/StructureDefinition/mii-pr-pro-promis-depression-sf4a-raw-score,MII_PR_PRO_PROMIS_Depression_SF4a_Raw_Score,Observation,4,identical,2026.5.1,1,False,False
de.medizininformatikinitiative.kerndatensatz.pros,pros,https://www.medizininformatik-initiative.de/fhir/ext/modul-pro/StructureDefinition/mii-pr-pro-promis-depression-sf4a-raw-score,MII_PR_PRO_PROMIS_Depression_SF4a_Raw_Score,Observation,5,identical,2026.5.2|2026.6.0|2026.7.0|2027.0.0-ballot.1,4,True,True
de.medizininformatikinitiative.kerndatensatz.pros,pros,https://www.medizininformatik-initiative.de/fhir/ext/modul-pro/StructureDefinition/mii-pr-pro-questionnaire,MII_PR_PRO_Questionnaire,Questionnaire,1,identical,2026.0.1,1,False,
de.medizininformatikinitiative.kerndatensatz.pros,pros,https://www.medizininformatik-initiative.de/fhir/ext/modul-pro/StructureDefinition/mii-pr-pro-questionnaire,MII_PR_PRO_Questionnaire,Questionnaire,2,identical,2026.2.0,1,False,False
de.medizininformatikinitiative.kerndatensatz.pros,pros,https://www.medizininformatik-initiative.de/fhir/ext/modul-pro/StructureDefinition/mii-pr-pro-questionnaire,MII_PR_PRO_Questionnaire,Questionnaire,3,identical,2026.3.0|2026.4.1,2,False,True
de.medizininformatikinitiative.kerndatensatz.pros,pros,https://www.medizininformatik-initiative.de/fhir/ext/modul-pro/StructureDefinition/mii-pr-pro-questionnaire,MII_PR_PRO_Questionnaire,Questionnaire,4,identical,2026.5.1,1,False,False
de.medizininformatikinitiative.kerndatensatz.pros,pros,https://www.medizininformatik-initiative.de/fhir/ext/modul-pro/StructureDefinition/mii-pr-pro-questionnaire,MII_PR_PRO_Questionnaire,Questionnaire,5,identical,2026.5.2|2026.6.0|2026.7.0|2027.0.0-ballot.1,4,True,True
de.medizininformatikinitiative.kerndatensatz.pros,pros,https://www.medizininformatik-initiative.de/fhir/ext/modul-pro/StructureDefinition/mii-pr-pro-questionnaire-response,MII_PR_PRO_QuestionnaireResponse,QuestionnaireResponse,1,identical,2026.0.1,1,False,
de.medizininformatikinitiative.kerndatensatz.pros,pros,https://www.medizininformatik-initiative.de/fhir/ext/modul-pro/StructureDefinition/mii-pr-pro-questionnaire-response,MII_PR_PRO_QuestionnaireResponse,QuestionnaireResponse,2,identical,2026.2.0,1,False,False
de.medizininformatikinitiative.kerndatensatz.pros,pros,https://www.medizininformatik-initiative.de/fhir/ext/modul-pro/StructureDefinition/mii-pr-pro-questionnaire-response,MII_PR_PRO_QuestionnaireResponse,QuestionnaireResponse,3,identical,2026.3.0|2026.4.1,2,False,True
de.medizininformatikinitiative.kerndatensatz.pros,pros,https://www.medizininformatik-initiative.de/fhir/ext/modul-pro/StructureDefinition/mii-pr-pro-questionnaire-response,MII_PR_PRO_QuestionnaireResponse,QuestionnaireResponse,4,identical,2026.5.1,1,False,False
de.medizininformatikinitiative.kerndatensatz.pros,pros,https://www.medizininformatik-initiative.de/fhir/ext/modul-pro/StructureDefinition/mii-pr-pro-questionnaire-response,MII_PR_PRO_QuestionnaireResponse,QuestionnaireResponse,5,identical,2026.5.2|2026.6.0|2026.7.0,3,False,True
de.medizininformatikinitiative.kerndatensatz.pros,pros,https://www.medizininformatik-initiative.de/fhir/ext/modul-pro/StructureDefinition/mii-pr-pro-questionnaire-response,MII_PR_PRO_QuestionnaireResponse,QuestionnaireResponse,6,identical,2027.0.0-ballot.1,1,True,False
de.medizininformatikinitiative.kerndatensatz.pros,pros,https://www.medizininformatik-initiative.de/fhir/ext/modul-pro/StructureDefinition/mii-pr-pro-score-blueprint,MII_PR_PRO_Score_Blueprint,ObservationDefinition,1,identical,2026.0.1,1,False,
de.medizininformatikinitiative.kerndatensatz.pros,pros,https://www.medizininformatik-initiative.de/fhir/ext/modul-pro/StructureDefinition/mii-pr-pro-score-blueprint,MII_PR_PRO_Score_Blueprint,ObservationDefinition,2,identical,2026.2.0,1,False,False
de.medizininformatikinitiative.kerndatensatz.pros,pros,https://www.medizininformatik-initiative.de/fhir/ext/modul-pro/StructureDefinition/mii-pr-pro-score-blueprint,MII_PR_PRO_Score_Blueprint,ObservationDefinition,3,identical,2026.3.0|2026.4.1,2,False,True
de.medizininformatikinitiative.kerndatensatz.pros,pros,https://www.medizininformatik-initiative.de/fhir/ext/modul-pro/StructureDefinition/mii-pr-pro-score-blueprint,MII_PR_PRO_Score_Blueprint,ObservationDefinition,4,identical,2026.5.1,1,False,False
de.medizininformatikinitiative.kerndatensatz.pros,pros,https://www.medizininformatik-initiative.de/fhir/ext/modul-pro/StructureDefinition/mii-pr-pro-score-blueprint,MII_PR_PRO_Score_Blueprint,ObservationDefinition,5,identical,2026.5.2|2026.6.0|2026.7.0|2027.0.0-ballot.1,4,True,True
de.medizininformatikinitiative.kerndatensatz.pros,pros,https://www.medizininformatik-initiative.de/fhir/ext/modul-pro/StructureDefinition/mii-pr-pro-score-instance,MII_PR_PRO_Score_Instance,Observation,1,identical,2026.0.1,1,False,
de.medizininformatikinitiative.kerndatensatz.pros,pros,https://www.medizininformatik-initiative.de/fhir/ext/modul-pro/StructureDefinition/mii-pr-pro-score-instance,MII_PR_PRO_Score_Instance,Observation,2,identical,2026.2.0,1,False,False
de.medizininformatikinitiative.kerndatensatz.pros,pros,https://www.medizininformatik-initiative.de/fhir/ext/modul-pro/StructureDefinition/mii-pr-pro-score-instance,MII_PR_PRO_Score_Instance,Observation,3,identical,2026.3.0|2026.4.1,2,False,True
de.medizininformatikinitiative.kerndatensatz.pros,pros,https://www.medizininformatik-initiative.de/fhir/ext/modul-pro/StructureDefinition/mii-pr-pro-score-instance,MII_PR_PRO_Score_Instance,Observation,4,identical,2026.5.1,1,False,False
de.medizininformatikinitiative.kerndatensatz.pros,pros,https://www.medizininformatik-initiative.de/fhir/ext/modul-pro/StructureDefinition/mii-pr-pro-score-instance,MII_PR_PRO_Score_Instance,Observation,5,identical,2026.5.2|2026.6.0|2026.7.0|2027.0.0-ballot.1,4,True,True
de.medizininformatikinitiative.kerndatensatz.prozedur,prozedur,https://www.medizininformatik-initiative.de/fhir/core/StructureDefinition/Procedure,Prozedur,Procedure,1,identical,0.9.0|0.9.1|0.9.2,3,True,
de.medizininformatikinitiative.kerndatensatz.prozedur,prozedur,https://www.medizininformatik-initiative.de/fhir/core/modul-prozedur/StructureDefinition/Procedure,Prozedur,Procedure,1,identical,0.9.3|0.9.4,2,False,
de.medizininformatikinitiative.kerndatensatz.prozedur,prozedur,https://www.medizininformatik-initiative.de/fhir/core/modul-prozedur/StructureDefinition/Procedure,Prozedur,Procedure,2,identical,1.0.0|1.0.1,2,False,False
de.medizininformatikinitiative.kerndatensatz.prozedur,prozedur,https://www.medizininformatik-initiative.de/fhir/core/modul-prozedur/StructureDefinition/Procedure,Prozedur,Procedure,3,canonical-only,1.0.2|1.0.3|1.0.4|1.0.5|1.0.6|1.0.7|1.0.8,7,False,True
de.medizininformatikinitiative.kerndatensatz.prozedur,prozedur,https://www.medizininformatik-initiative.de/fhir/core/modul-prozedur/StructureDefinition/Procedure,Prozedur,Procedure,4,identical,2024.0.0,1,False,True
de.medizininformatikinitiative.kerndatensatz.prozedur,prozedur,https://www.medizininformatik-initiative.de/fhir/core/modul-prozedur/StructureDefinition/Procedure,Prozedur,Procedure,5,identical,2025.0.0,1,False,False
de.medizininformatikinitiative.kerndatensatz.prozedur,prozedur,https://www.medizininformatik-initiative.de/fhir/core/modul-prozedur/StructureDefinition/Procedure,Prozedur,Procedure,6,identical,2025.0.1,1,True,False
de.medizininformatikinitiative.kerndatensatz.seltene,seltene,https://www.medizininformatik-initiative.de/fhir/ext/modul-seltene/StructureDefinition/mii-pr-seltene-blutgruppe,MII_PR_Seltene_Blutgruppe,Observation,1,identical,2026.0.0|2026.0.1,2,False,
de.medizininformatikinitiative.kerndatensatz.seltene,seltene,https://www.medizininformatik-initiative.de/fhir/ext/modul-seltene/StructureDefinition/mii-pr-seltene-blutgruppe,MII_PR_Seltene_Blutgruppe,Observation,2,identical,2027.0.0-ballot,1,True,True
de.medizininformatikinitiative.kerndatensatz.seltene,seltene,https://www.medizininformatik-initiative.de/fhir/ext/modul-seltene/StructureDefinition/mii-pr-seltene-bodymassindex,MII_PR_Seltene_Bodymassindex,Observation,1,canonical-only,2026.0.0|2026.0.1|2027.0.0-ballot,3,True,
de.medizininformatikinitiative.kerndatensatz.seltene,seltene,https://www.medizininformatik-initiative.de/fhir/ext/modul-seltene/StructureDefinition/mii-pr-seltene-clinical-diagnosis,MII_PR_Seltene_ClinicalDiagnosis,Condition,1,identical,2026.0.0|2026.0.1,2,False,
de.medizininformatikinitiative.kerndatensatz.seltene,seltene,https://www.medizininformatik-initiative.de/fhir/ext/modul-seltene/StructureDefinition/mii-pr-seltene-clinical-diagnosis,MII_PR_Seltene_ClinicalDiagnosis,Condition,2,identical,2027.0.0-ballot,1,True,True
de.medizininformatikinitiative.kerndatensatz.seltene,seltene,https://www.medizininformatik-initiative.de/fhir/ext/modul-seltene/StructureDefinition/mii-pr-seltene-clinical-impression,MII_PR_Seltene_ClinicalImpression,ClinicalImpression,1,canonical-only,2026.0.0|2026.0.1|2027.0.0-ballot,3,True,
de.medizininformatikinitiative.kerndatensatz.seltene,seltene,https://www.medizininformatik-initiative.de/fhir/ext/modul-seltene/StructureDefinition/mii-pr-seltene-consanguinity,MII_PR_Seltene_Consanguinity,Observation,1,sole-version,2027.0.0-ballot,1,True,
de.medizininformatikinitiative.kerndatensatz.seltene,seltene,https://www.medizininformatik-initiative.de/fhir/ext/modul-seltene/StructureDefinition/mii-pr-seltene-familienanamnese,MII_PR_Seltene_Familienanamnese,FamilyMemberHistory,1,identical,2026.0.0|2026.0.1,2,False,
de.medizininformatikinitiative.kerndatensatz.seltene,seltene,https://www.medizininformatik-initiative.de/fhir/ext/modul-seltene/StructureDefinition/mii-pr-seltene-familienanamnese,MII_PR_Seltene_Familienanamnese,FamilyMemberHistory,2,identical,2027.0.0-ballot,1,True,False
de.medizininformatikinitiative.kerndatensatz.seltene,seltene,https://www.medizininformatik-initiative.de/fhir/ext/modul-seltene/StructureDefinition/mii-pr-seltene-geburtsgewicht,MII_PR_Seltene_Geburtsgewicht,Observation,1,sole-version,2027.0.0-ballot,1,True,
de.medizininformatikinitiative.kerndatensatz.seltene,seltene,https://www.medizininformatik-initiative.de/fhir/ext/modul-seltene/StructureDefinition/mii-pr-seltene-geburtslaenge,MII_PR_Seltene_Geburtslaenge,Observation,1,sole-version,2027.0.0-ballot,1,True,
de.medizininformatikinitiative.kerndatensatz.seltene,seltene,https://www.medizininformatik-initiative.de/fhir/ext/modul-seltene/StructureDefinition/mii-pr-seltene-genetic-diagnosis,MII_PR_Seltene_GeneticDiagnosis,Condition,1,identical,2026.0.0|2026.0.1,2,False,
de.medizininformatikinitiative.kerndatensatz.seltene,seltene,https://www.medizininformatik-initiative.de/fhir/ext/modul-seltene/StructureDefinition/mii-pr-seltene-genetic-diagnosis,MII_PR_Seltene_GeneticDiagnosis,Condition,2,identical,2027.0.0-ballot,1,True,True
de.medizininformatikinitiative.kerndatensatz.seltene,seltene,https://www.medizininformatik-initiative.de/fhir/ext/modul-seltene/StructureDefinition/mii-pr-seltene-gestationsalter,MII_PR_Seltene_Gestationsalter,Observation,1,sole-version,2027.0.0-ballot,1,True,
de.medizininformatikinitiative.kerndatensatz.seltene,seltene,https://www.medizininformatik-initiative.de/fhir/ext/modul-seltene/StructureDefinition/mii-pr-seltene-hpo-assessment,MII_PR_Seltene_HPO_Assessment,Observation,1,canonical-only,2026.0.0|2026.0.1|2027.0.0-ballot,3,True,
de.medizininformatikinitiative.kerndatensatz.seltene,seltene,https://www.medizininformatik-initiative.de/fhir/ext/modul-seltene/StructureDefinition/mii-pr-seltene-hueftumfang,MII_PR_Seltene_Hueftumfang,Observation,1,canonical-only,2026.0.0|2026.0.1|2027.0.0-ballot,3,True,
de.medizininformatikinitiative.kerndatensatz.seltene,seltene,https://www.medizininformatik-initiative.de/fhir/ext/modul-seltene/StructureDefinition/mii-pr-seltene-icf-assessment,MII_PR_Seltene_ICFAssessment,Observation,1,sole-version,2027.0.0-ballot,1,True,
de.medizininformatikinitiative.kerndatensatz.seltene,seltene,https://www.medizininformatik-initiative.de/fhir/ext/modul-seltene/StructureDefinition/mii-pr-seltene-kopfumfang,MII_PR_Seltene_Kopfumfang,Observation,1,identical,2026.0.0,1,False,
de.medizininformatikinitiative.kerndatensatz.seltene,seltene,https://www.medizininformatik-initiative.de/fhir/ext/modul-seltene/StructureDefinition/mii-pr-seltene-kopfumfang,MII_PR_Seltene_Kopfumfang,Observation,2,identical,2026.0.1,1,False,True
de.medizininformatikinitiative.kerndatensatz.seltene,seltene,https://www.medizininformatik-initiative.de/fhir/ext/modul-seltene/StructureDefinition/mii-pr-seltene-kopfumfang,MII_PR_Seltene_Kopfumfang,Observation,3,identical,2027.0.0-ballot,1,True,True
de.medizininformatikinitiative.kerndatensatz.seltene,seltene,https://www.medizininformatik-initiative.de/fhir/ext/modul-seltene/StructureDefinition/mii-pr-seltene-registerteilnahme,MII_PR_Seltene_Registerteilnahme,ResearchSubject,1,sole-version,2027.0.0-ballot,1,True,
de.medizininformatikinitiative.kerndatensatz.seltene,seltene,https://www.medizininformatik-initiative.de/fhir/ext/modul-seltene/StructureDefinition/mii-pr-seltene-studie,MII_PR_Seltene_Studie,ResearchStudy,1,sole-version,2026.0.0,1,True,
de.medizininformatikinitiative.kerndatensatz.seltene,seltene,https://www.medizininformatik-initiative.de/fhir/ext/modul-seltene/StructureDefinition/mii-pr-seltene-studieneinschluss-anfrage,MII_PR_Seltene_Studieneinschluss_Anfrage,ServiceRequest,1,identical,2026.0.0,1,False,
de.medizininformatikinitiative.kerndatensatz.seltene,seltene,https://www.medizininformatik-initiative.de/fhir/ext/modul-seltene/StructureDefinition/mii-pr-seltene-studieneinschluss-anfrage,MII_PR_Seltene_Studieneinschluss_Anfrage,ServiceRequest,2,identical,2026.0.1,1,False,False
de.medizininformatikinitiative.kerndatensatz.seltene,seltene,https://www.medizininformatik-initiative.de/fhir/ext/modul-seltene/StructureDefinition/mii-pr-seltene-studieneinschluss-anfrage,MII_PR_Seltene_Studieneinschluss_Anfrage,ServiceRequest,3,identical,2027.0.0-ballot,1,True,False
de.medizininformatikinitiative.kerndatensatz.seltene,seltene,https://www.medizininformatik-initiative.de/fhir/ext/modul-seltene/StructureDefinition/mii-pr-seltene-symptom-condition,MII_PR_Seltene_Symptom_Condition,Condition,1,canonical-only,2026.0.0|2026.0.1|2027.0.0-ballot,3,True,
de.medizininformatikinitiative.kerndatensatz.seltene,seltene,https://www.medizininformatik-initiative.de/fhir/ext/modul-seltene/StructureDefinition/mii-pr-seltene-taillenumfang,MII_PR_Seltene_Taillenumfang,Observation,1,canonical-only,2026.0.0|2026.0.1|2027.0.0-ballot,3,True,
de.medizininformatikinitiative.kerndatensatz.seltene,seltene,https://www.medizininformatik-initiative.de/fhir/ext/modul-seltene/StructureDefinition/mii-pr-seltene-therapie-durchgefuehrt,MII_PR_Seltene_TherapieDurchgefuehrt,Procedure,1,identical,2026.0.0|2026.0.1,2,False,
de.medizininformatikinitiative.kerndatensatz.seltene,seltene,https://www.medizininformatik-initiative.de/fhir/ext/modul-seltene/StructureDefinition/mii-pr-seltene-therapie-durchgefuehrt,MII_PR_Seltene_TherapieDurchgefuehrt,Procedure,2,identical,2027.0.0-ballot,1,True,False
de.medizininformatikinitiative.kerndatensatz.seltene,seltene,https://www.medizininformatik-initiative.de/fhir/ext/modul-seltene/StructureDefinition/mii-pr-seltene-therapieempfehlung,MII_PR_Seltene_Therapieempfehlung,MedicationRequest,1,identical,2026.0.0|2026.0.1,2,False,
de.medizininformatikinitiative.kerndatensatz.seltene,seltene,https://www.medizininformatik-initiative.de/fhir/ext/modul-seltene/StructureDefinition/mii-pr-seltene-therapieempfehlung,MII_PR_Seltene_Therapieempfehlung,MedicationRequest,2,identical,2027.0.0-ballot,1,True,True
de.medizininformatikinitiative.kerndatensatz.seltene,seltene,https://www.medizininformatik-initiative.de/fhir/ext/modul-seltene/StructureDefinition/mii-pr-seltene-therapieempfehlung-kombination,MII_PR_Seltene_Therapieempfehlung_Kombination,RequestGroup,1,identical,2026.0.0,1,False,
de.medizininformatikinitiative.kerndatensatz.seltene,seltene,https://www.medizininformatik-initiative.de/fhir/ext/modul-seltene/StructureDefinition/mii-pr-seltene-therapieempfehlung-kombination,MII_PR_Seltene_Therapieempfehlung_Kombination,RequestGroup,2,identical,2026.0.1,1,False,False
de.medizininformatikinitiative.kerndatensatz.seltene,seltene,https://www.medizininformatik-initiative.de/fhir/ext/modul-seltene/StructureDefinition/mii-pr-seltene-therapieempfehlung-kombination,MII_PR_Seltene_Therapieempfehlung_Kombination,RequestGroup,3,identical,2027.0.0-ballot,1,True,True
de.medizininformatikinitiative.kerndatensatz.seltene,seltene,https://www.medizininformatik-initiative.de/fhir/ext/modul-seltene/StructureDefinition/mii-pr-seltene-therapieempfehlung-nicht-medikamentoes,MII_PR_Seltene_TherapieempfehlungNichtMedikamentoes,ServiceRequest,1,identical,2026.0.0,1,False,
de.medizininformatikinitiative.kerndatensatz.seltene,seltene,https://www.medizininformatik-initiative.de/fhir/ext/modul-seltene/StructureDefinition/mii-pr-seltene-therapieempfehlung-nicht-medikamentoes,MII_PR_Seltene_TherapieempfehlungNichtMedikamentoes,ServiceRequest,2,identical,2026.0.1,1,False,False
de.medizininformatikinitiative.kerndatensatz.seltene,seltene,https://www.medizininformatik-initiative.de/fhir/ext/modul-seltene/StructureDefinition/mii-pr-seltene-therapieempfehlung-nicht-medikamentoes,MII_PR_Seltene_TherapieempfehlungNichtMedikamentoes,ServiceRequest,3,identical,2027.0.0-ballot,1,True,True
de.medizininformatikinitiative.kerndatensatz.seltene,seltene,https://www.medizininformatik-initiative.de/fhir/ext/modul-seltene/StructureDefinition/mii-pr-seltene-therapieplan,MII_PR_Seltene_Therapieplan,CarePlan,1,identical,2026.0.0|2026.0.1,2,False,
de.medizininformatikinitiative.kerndatensatz.seltene,seltene,https://www.medizininformatik-initiative.de/fhir/ext/modul-seltene/StructureDefinition/mii-pr-seltene-therapieplan,MII_PR_Seltene_Therapieplan,CarePlan,2,identical,2027.0.0-ballot,1,True,False
de.medizininformatikinitiative.kerndatensatz.studie,studie,https://www.medizininformatik-initiative.de/fhir/modul-studie/StructureDefinition/mii-pr-studie-beteiligte-person,MII_PR_Studie_Beteiligte_Person,PractitionerRole,1,canonical-only,0.0.1|0.0.2|0.0.3|0.0.4|0.0.5|0.0.6|1.0.0|2025.0.0|2026.0.0|2026.0.1|2026.0.2,11,False,
de.medizininformatikinitiative.kerndatensatz.studie,studie,https://www.medizininformatik-initiative.de/fhir/modul-studie/StructureDefinition/mii-pr-studie-beteiligte-person,MII_PR_Studie_Beteiligte_Person,PractitionerRole,2,identical,2027.0.0-ballot,1,True,False
de.medizininformatikinitiative.kerndatensatz.studie,studie,https://www.medizininformatik-initiative.de/fhir/modul-studie/StructureDefinition/mii-pr-studie-dokument,MII_PR_Studie_Dokument,DocumentReference,1,identical,0.0.1,1,False,
de.medizininformatikinitiative.kerndatensatz.studie,studie,https://www.medizininformatik-initiative.de/fhir/modul-studie/StructureDefinition/mii-pr-studie-dokument,MII_PR_Studie_Dokument,DocumentReference,2,canonical-only,0.0.2|0.0.3|0.0.4|0.0.5|0.0.6|1.0.0|2025.0.0|2026.0.0|2026.0.1|2026.0.2,10,False,False
de.medizininformatikinitiative.kerndatensatz.studie,studie,https://www.medizininformatik-initiative.de/fhir/modul-studie/StructureDefinition/mii-pr-studie-dokument,MII_PR_Studie_Dokument,DocumentReference,3,identical,2027.0.0-ballot,1,True,False
de.medizininformatikinitiative.kerndatensatz.studie,studie,https://www.medizininformatik-initiative.de/fhir/modul-studie/StructureDefinition/mii-pr-studie-ein-auschluss-kriterium,MII_PR_Studie_EinAuschlussKriterium,EvidenceVariable,1,canonical-only,0.0.1|0.0.2|0.0.3,3,False,
de.medizininformatikinitiative.kerndatensatz.studie,studie,https://www.medizininformatik-initiative.de/fhir/modul-studie/StructureDefinition/mii-pr-studie-ein-auschluss-kriterium,MII_PR_Studie_EinAuschlussKriterium,EvidenceVariable,2,canonical-only,0.0.4|0.0.5|0.0.6|1.0.0|2025.0.0|2026.0.0|2026.0.1|2026.0.2,8,False,True
de.medizininformatikinitiative.kerndatensatz.studie,studie,https://www.medizininformatik-initiative.de/fhir/modul-studie/StructureDefinition/mii-pr-studie-ein-auschluss-kriterium,MII_PR_Studie_EinAuschlussKriterium,EvidenceVariable,3,identical,2027.0.0-ballot,1,True,False
de.medizininformatikinitiative.kerndatensatz.studie,studie,https://www.medizininformatik-initiative.de/fhir/modul-studie/StructureDefinition/mii-pr-studie-proband,MII_PR_Studie_Proband,ResearchSubject,1,canonical-only,2026.0.0|2026.0.1|2026.0.2,3,False,
de.medizininformatikinitiative.kerndatensatz.studie,studie,https://www.medizininformatik-initiative.de/fhir/modul-studie/StructureDefinition/mii-pr-studie-proband,MII_PR_Studie_Proband,ResearchSubject,2,identical,2027.0.0-ballot,1,True,False
de.medizininformatikinitiative.kerndatensatz.studie,studie,https://www.medizininformatik-initiative.de/fhir/modul-studie/StructureDefinition/mii-pr-studie-register,MII_PR_Studie_Register,Library,1,identical,0.0.1|0.0.2|0.0.3|0.0.4|0.0.5|0.0.6,6,False,
de.medizininformatikinitiative.kerndatensatz.studie,studie,https://www.medizininformatik-initiative.de/fhir/modul-studie/StructureDefinition/mii-pr-studie-register,MII_PR_Studie_Register,Library,2,identical,1.0.0|2025.0.0,2,False,True
de.medizininformatikinitiative.kerndatensatz.studie,studie,https://www.medizininformatik-initiative.de/fhir/modul-studie/StructureDefinition/mii-pr-studie-register,MII_PR_Studie_Register,Library,3,identical,2026.0.0|2026.0.1|2026.0.2,3,False,False
de.medizininformatikinitiative.kerndatensatz.studie,studie,https://www.medizininformatik-initiative.de/fhir/modul-studie/StructureDefinition/mii-pr-studie-register,MII_PR_Studie_Register,Library,4,identical,2027.0.0-ballot,1,True,False
de.medizininformatikinitiative.kerndatensatz.studie,studie,https://www.medizininformatik-initiative.de/fhir/modul-studie/StructureDefinition/mii-pr-studie-studie,MII_PR_Studie_Studie,ResearchStudy,1,identical,0.0.1,1,False,
de.medizininformatikinitiative.kerndatensatz.studie,studie,https://www.medizininformatik-initiative.de/fhir/modul-studie/StructureDefinition/mii-pr-studie-studie,MII_PR_Studie_Studie,ResearchStudy,2,identical,0.0.2|0.0.3|0.0.4|0.0.5|0.0.6,5,False,True
de.medizininformatikinitiative.kerndatensatz.studie,studie,https://www.medizininformatik-initiative.de/fhir/modul-studie/StructureDefinition/mii-pr-studie-studie,MII_PR_Studie_Studie,ResearchStudy,3,canonical-only,1.0.0|2025.0.0|2026.0.0|2026.0.1|2026.0.2,5,False,True
de.medizininformatikinitiative.kerndatensatz.studie,studie,https://www.medizininformatik-initiative.de/fhir/modul-studie/StructureDefinition/mii-pr-studie-studie,MII_PR_Studie_Studie,ResearchStudy,4,identical,2027.0.0-ballot,1,True,False
de.medizininformatikinitiative.kerndatensatz.studie,studie,https://www.medizininformatik-initiative.de/fhir/modul-studie/StructureDefinition/mii-pr-studie-studieneinschluss-anfrage,MII_PR_Studie_Studieneinschluss_Anfrage,ServiceRequest,1,identical,2026.0.0|2026.0.1,2,False,
de.medizininformatikinitiative.kerndatensatz.studie,studie,https://www.medizininformatik-initiative.de/fhir/modul-studie/StructureDefinition/mii-pr-studie-studieneinschluss-anfrage,MII_PR_Studie_Studieneinschluss_Anfrage,ServiceRequest,2,identical,2026.0.2,1,False,False
de.medizininformatikinitiative.kerndatensatz.studie,studie,https://www.medizininformatik-initiative.de/fhir/modul-studie/StructureDefinition/mii-pr-studie-studieneinschluss-anfrage,MII_PR_Studie_Studieneinschluss_Anfrage,ServiceRequest,3,identical,2027.0.0-ballot,1,True,False
de.medizininformatikinitiative.kerndatensatz.symptom,symptom,https://www.medizininformatik-initiative.de/fhir/modul-symptom/StructureDefinition/finding-condition,MII_PR_Symptom_Condition,Condition,1,sole-version,2027.0.0-ballot,1,True,
de.medizininformatikinitiative.kerndatensatz.symptom,symptom,https://www.medizininformatik-initiative.de/fhir/modul-symptom/StructureDefinition/finding-observation,MII_PR_Symptom_Observation,Observation,1,sole-version,2027.0.0-ballot,1,True,
