package,package_short,profile_url,profile_name,resource_type,from_version,to_version,category,elements_added_count,elements_removed_count,elements_modified_count,ms_added_count,ms_removed_count,has_breaking,elements_added,elements_removed
de.medizininformatikinitiative.kerndatensatz.base,base,https://www.medizininformatik-initiative.de/fhir/core/modul-diagnose/StructureDefinition/Diagnose,MII_PR_Diagnose_Condition,Condition,2026.0.0,2026.0.1,mixed,42,0,2,2,0,False,Condition|Condition.clinicalStatus.coding|Condition.clinicalStatus.coding.code|Condition.clinicalStatus.coding.system|Condition.code.coding:alpha-id.version|Condition.code.coding:icd10-gm.extension:Diagnosesicherheit|Condition.code.coding:icd10-gm.extension:Diagnosesicherheit.url|Condition.code.coding:icd10-gm.extension:Diagnosesicherheit.value[x]|Condition.code.coding:icd10-gm.extension:Diagnosesicherheit.value[x].code|Condition.code.coding:icd10-gm.extension:Diagnosesicherheit.value[x].system|Condition.code.coding:icd10-gm.extension:Mehrfachcodierungs-Kennzeichen|Condition.code.coding:icd10-gm.extension:Mehrfachcodierungs-Kennzeichen.url|Condition.code.coding:icd10-gm.extension:Mehrfachcodierungs-Kennzeichen.value[x]|Condition.code.coding:icd10-gm.extension:Mehrfachcodierungs-Kennzeichen.value[x].code|Condition.code.coding:icd10-gm.extension:Mehrfachcodierungs-Kennzeichen.value[x].system|Condition.code.coding:icd10-gm.extension:Seitenlokalisation|Condition.code.coding:icd10-gm.extension:Seitenlokalisation.url|Condition.code.coding:icd10-gm.extension:Seitenlokalisation.value[x]|Condition.code.coding:icd10-gm.extension:Seitenlokalisation.value[x].code|Condition.code.coding:icd10-gm.extension:Seitenlokalisation.value[x].system|Condition.encounter.reference|Condition.extension:Feststellungsdatum.url|Condition.extension:Feststellungsdatum.value[x]|Condition.extension:ReferenzPrimaerdiagnose.url|Condition.extension:ReferenzPrimaerdiagnose.value[x]|Condition.onset[x]:onsetAge.extension:Lebensphase-Beginn.url|Condition.onset[x]:onsetAge.extension:Lebensphase-Beginn.value[x]|Condition.onset[x]:onsetAge.extension:Lebensphase-Beginn.value[x].coding|Condition.onset[x]:onsetAge.extension:Lebensphase-Beginn.value[x].coding.code|Condition.onset[x]:onsetAge.extension:Lebensphase-Beginn.value[x].coding.system|Condition.onset[x]:onsetPeriod.end.extension:lebensphase-bis.url|Condition.onset[x]:onsetPeriod.end.extension:lebensphase-bis.value[x].coding|Condition.onset[x]:onsetPeriod.end.extension:lebensphase-bis.value[x].coding.code|Condition.onset[x]:onsetPeriod.end.extension:lebensphase-bis.value[x].coding.system|Condition.onset[x]:onsetPeriod.start.extension:lebensphase-von.url|Condition.onset[x]:onsetPeriod.start.extension:lebensphase-von.value[x].coding|Condition.onset[x]:onsetPeriod.start.extension:lebensphase-von.value[x].coding.code|Condition.onset[x]:onsetPeriod.start.extension:lebensphase-von.value[x].coding.system|Condition.subject.reference|Condition.verificationStatus.coding|Condition.verificationStatus.coding.code|Condition.verificationStatus.coding.system,
de.medizininformatikinitiative.kerndatensatz.base,base,https://www.medizininformatik-initiative.de/fhir/core/modul-diagnose/StructureDefinition/Diagnose,MII_PR_Diagnose_Condition,Condition,2026.0.1,2027.0.0-ballot,mixed,10,17,0,0,0,True,Condition.abatement[x]|Condition.abatement[x]:abatementAge|Condition.abatement[x]:abatementAge.extension:Lebensphase-Ende|Condition.abatement[x]:abatementAge.extension:Lebensphase-Ende.url|Condition.abatement[x]:abatementAge.extension:Lebensphase-Ende.value[x]|Condition.abatement[x]:abatementAge.extension:Lebensphase-Ende.value[x].coding|Condition.abatement[x]:abatementAge.extension:Lebensphase-Ende.value[x].coding.code|Condition.abatement[x]:abatementAge.extension:Lebensphase-Ende.value[x].coding.system|Condition.abatement[x]:abatementDateTime|Condition.bodySite.extension:bodySite,Condition.onset[x]:onsetPeriod|Condition.onset[x]:onsetPeriod.end|Condition.onset[x]:onsetPeriod.end.extension|Condition.onset[x]:onsetPeriod.end.extension:lebensphase-bis|Condition.onset[x]:onsetPeriod.end.extension:lebensphase-bis.url|Condition.onset[x]:onsetPeriod.end.extension:lebensphase-bis.value[x]|Condition.onset[x]:onsetPeriod.end.extension:lebensphase-bis.value[x].coding|Condition.onset[x]:onsetPeriod.end.extension:lebensphase-bis.value[x].coding.code|Condition.onset[x]:onsetPeriod.end.extension:lebensphase-bis.value[x].coding.system|Condition.onset[x]:onsetPeriod.start|Condition.onset[x]:onsetPeriod.start.extension|Condition.onset[x]:onsetPeriod.start.extension:lebensphase-von|Condition.onset[x]:onsetPeriod.start.extension:lebensphase-von.url|Condition.onset[x]:onsetPeriod.start.extension:lebensphase-von.value[x]|Condition.onset[x]:onsetPeriod.start.extension:lebensphase-von.value[x].coding|Condition.onset[x]:onsetPeriod.start.extension:lebensphase-von.value[x].coding.code|Condition.onset[x]:onsetPeriod.start.extension:lebensphase-von.value[x].coding.system
de.medizininformatikinitiative.kerndatensatz.base,base,https://www.medizininformatik-initiative.de/fhir/core/modul-fall/StructureDefinition/KontaktGesundheitseinrichtung,MII_PR_Fall_KontaktGesundheitseinrichtung,Encounter,2026.0.0,2026.0.1,mixed,40,0,8,8,0,False,Encounter.account.identifier|Encounter.account.identifier.system|Encounter.account.identifier.value|Encounter.class.code|Encounter.class.system|Encounter.diagnosis.use.coding:DiagnosesubTyp.code|Encounter.diagnosis.use.coding:DiagnosesubTyp.system|Encounter.diagnosis.use.coding:Diagnosetyp.code|Encounter.diagnosis.use.coding:Diagnosetyp.system|Encounter.extension:Aufnahmegrund.extension:DritteStelle.url|Encounter.extension:Aufnahmegrund.extension:DritteStelle.value[x]|Encounter.extension:Aufnahmegrund.extension:ErsteUndZweiteStelle.url|Encounter.extension:Aufnahmegrund.extension:ErsteUndZweiteStelle.value[x]|Encounter.extension:Aufnahmegrund.extension:VierteStelle.url|Encounter.extension:Aufnahmegrund.extension:VierteStelle.value[x]|Encounter.hospitalization.admitSource.coding|Encounter.hospitalization.admitSource.coding.code|Encounter.hospitalization.admitSource.coding.system|Encounter.hospitalization.dischargeDisposition.extension:Entlassungsgrund.extension:DritteStelle|Encounter.hospitalization.dischargeDisposition.extension:Entlassungsgrund.extension:DritteStelle.url|Encounter.hospitalization.dischargeDisposition.extension:Entlassungsgrund.extension:DritteStelle.value[x]|Encounter.hospitalization.dischargeDisposition.extension:Entlassungsgrund.extension:ErsteUndZweiteStelle|Encounter.hospitalization.dischargeDisposition.extension:Entlassungsgrund.extension:ErsteUndZweiteStelle.url|Encounter.hospitalization.dischargeDisposition.extension:Entlassungsgrund.extension:ErsteUndZweiteStelle.value[x]|Encounter.hospitalization.dischargeDisposition.extension:Entlassungsgrund.url|Encounter.location:Bett.physicalType.coding|Encounter.location:Bett.physicalType.coding.code|Encounter.location:Bett.physicalType.coding.system|Encounter.location:Station.physicalType.coding|Encounter.location:Station.physicalType.coding.code|Encounter.location:Station.physicalType.coding.system|Encounter.location:Zimmer.physicalType.coding|Encounter.location:Zimmer.physicalType.coding.code|Encounter.location:Zimmer.physicalType.coding.system|Encounter.partOf.reference|Encounter.subject.reference|Encounter.type:KontaktArt.coding.code|Encounter.type:KontaktArt.coding.system|Encounter.type:Kontaktebene.coding.code|Encounter.type:Kontaktebene.coding.system,
de.medizininformatikinitiative.kerndatensatz.base,base,https://www.medizininformatik-initiative.de/fhir/core/modul-fall/StructureDefinition/KontaktGesundheitseinrichtung,MII_PR_Fall_KontaktGesundheitseinrichtung,Encounter,2026.0.1,2027.0.0-ballot,identical,0,0,0,0,0,False,,
de.medizininformatikinitiative.kerndatensatz.base,base,https://www.medizininformatik-initiative.de/fhir/core/modul-person/StructureDefinition/Patient,MII_PR_Person_Patient,Patient,2026.0.0,2026.0.1,elements-added,27,0,0,0,0,False,Patient.address:Postfach.city.extension:gemeindeschluessel.url|Patient.address:Postfach.city.extension:gemeindeschluessel.value[x]|Patient.address:Postfach.city.extension:gemeindeschluessel.value[x].code|Patient.address:Postfach.city.extension:gemeindeschluessel.value[x].system|Patient.address:Strassenanschrift.city.extension:gemeindeschluessel.url|Patient.address:Strassenanschrift.city.extension:gemeindeschluessel.value[x]|Patient.address:Strassenanschrift.city.extension:gemeindeschluessel.value[x].code|Patient.address:Strassenanschrift.city.extension:gemeindeschluessel.value[x].system|Patient.deceased[x]:deceasedBoolean|Patient.deceased[x]:deceasedDateTime|Patient.gender.extension:other-amtlich.url|Patient.gender.extension:other-amtlich.value[x]|Patient.gender.extension:other-amtlich.value[x].code|Patient.gender.extension:other-amtlich.value[x].system|Patient.identifier:pid.assigner.identifier|Patient.identifier:pid.assigner.identifier.type.coding|Patient.identifier:pid.assigner.identifier.type.coding.code|Patient.identifier:pid.assigner.identifier.type.coding.system|Patient.identifier:pid.type.coding|Patient.identifier:pid.type.coding.code|Patient.identifier:pid.type.coding.system|Patient.identifier:versichertenId.assigner.identifier.type.coding|Patient.identifier:versichertenId.assigner.identifier.type.coding.code|Patient.identifier:versichertenId.assigner.identifier.type.coding.system|Patient.identifier:versichertenId.type.coding|Patient.identifier:versichertenId.type.coding.code|Patient.identifier:versichertenId.type.coding.system,
de.medizininformatikinitiative.kerndatensatz.base,base,https://www.medizininformatik-initiative.de/fhir/core/modul-person/StructureDefinition/Patient,MII_PR_Person_Patient,Patient,2026.0.1,2027.0.0-ballot,elements-added,49,0,0,0,0,False,Patient.extension|Patient.extension:birthPlace|Patient.extension:birthPlace.url|Patient.extension:birthPlace.value[x]|Patient.extension:birthPlace.value[x].country|Patient.extension:birthPlace.value[x].country.extension|Patient.extension:birthPlace.value[x].country.extension:countryCode|Patient.extension:birthPlace.value[x].country.extension:countryCode.value[x]|Patient.extension:birthPlace.value[x].country.extension:countryCode.value[x].code|Patient.extension:birthPlace.value[x].country.extension:countryCode.value[x].system|Patient.extension:patient-citizenship|Patient.extension:patient-citizenship.extension:code|Patient.extension:patient-citizenship.extension:code.url|Patient.extension:patient-citizenship.extension:code.value[x]|Patient.extension:patient-citizenship.extension:code.value[x].coding|Patient.extension:patient-citizenship.extension:code.value[x].coding.code|Patient.extension:patient-citizenship.extension:code.value[x].coding.system|Patient.extension:patient-citizenship.extension:period|Patient.extension:patient-citizenship.extension:period.url|Patient.extension:patient-citizenship.extension:period.value[x]|Patient.extension:patient-citizenship.url|Patient.extension:patient-nationality|Patient.extension:patient-nationality.extension:code|Patient.extension:patient-nationality.extension:code.url|Patient.extension:patient-nationality.extension:code.value[x]|Patient.extension:patient-nationality.extension:code.value[x].coding|Patient.extension:patient-nationality.extension:code.value[x].coding.code|Patient.extension:patient-nationality.extension:code.value[x].coding.system|Patient.extension:patient-nationality.extension:period|Patient.extension:patient-nationality.extension:period.url|Patient.extension:patient-nationality.extension:period.value[x]|Patient.extension:patient-nationality.url|Patient.extension:recordedSexOrGender|Patient.extension:recordedSexOrGender.extension:acquisitionDate|Patient.extension:recordedSexOrGender.extension:acquisitionDate.url|Patient.extension:recordedSexOrGender.extension:acquisitionDate.value[x]|Patient.extension:recordedSexOrGender.extension:type|Patient.extension:recordedSexOrGender.extension:type.url|Patient.extension:recordedSexOrGender.extension:type.value[x]|Patient.extension:recordedSexOrGender.extension:type.value[x].coding|Patient.extension:recordedSexOrGender.extension:type.value[x].coding.code|Patient.extension:recordedSexOrGender.extension:type.value[x].coding.system|Patient.extension:recordedSexOrGender.extension:value|Patient.extension:recordedSexOrGender.extension:value.url|Patient.extension:recordedSexOrGender.extension:value.value[x]|Patient.extension:recordedSexOrGender.extension:value.value[x].coding|Patient.extension:recordedSexOrGender.extension:value.value[x].coding.code|Patient.extension:recordedSexOrGender.extension:value.value[x].coding.system|Patient.extension:recordedSexOrGender.url,
de.medizininformatikinitiative.kerndatensatz.base,base,https://www.medizininformatik-initiative.de/fhir/core/modul-person/StructureDefinition/PatientPseudonymisiert,MII_PR_Person_PatientPseudonymisiert,Patient,2026.0.0,2026.0.1,elements-added,4,0,0,0,0,False,Patient.identifier:PseudonymisierterIdentifier.type|Patient.identifier:PseudonymisierterIdentifier.type.coding|Patient.identifier:PseudonymisierterIdentifier.type.coding:mr|Patient.identifier:PseudonymisierterIdentifier.type.coding:pseuded,
de.medizininformatikinitiative.kerndatensatz.base,base,https://www.medizininformatik-initiative.de/fhir/core/modul-person/StructureDefinition/PatientPseudonymisiert,MII_PR_Person_PatientPseudonymisiert,Patient,2026.0.1,2027.0.0-ballot,elements-added,4,0,0,0,0,False,Patient.extension|Patient.extension:birthPlace|Patient.extension:patient-citizenship|Patient.extension:patient-nationality,
de.medizininformatikinitiative.kerndatensatz.base,base,https://www.medizininformatik-initiative.de/fhir/core/modul-person/StructureDefinition/Todesursache,MII_PR_Person_Todesursache,Condition,2026.0.0,2026.0.1,elements-added,13,0,0,0,0,False,Condition|Condition.category:todesDiagnose.coding:loinc.code|Condition.category:todesDiagnose.coding:loinc.system|Condition.category:todesDiagnose.coding:snomed.code|Condition.category:todesDiagnose.coding:snomed.system|Condition.clinicalStatus.coding|Condition.clinicalStatus.coding.code|Condition.clinicalStatus.coding.system|Condition.encounter.reference|Condition.subject.reference|Condition.verificationStatus.coding|Condition.verificationStatus.coding.code|Condition.verificationStatus.coding.system,
de.medizininformatikinitiative.kerndatensatz.base,base,https://www.medizininformatik-initiative.de/fhir/core/modul-person/StructureDefinition/Todesursache,MII_PR_Person_Todesursache,Condition,2026.0.1,2027.0.0-ballot,identical,0,0,0,0,0,False,,
de.medizininformatikinitiative.kerndatensatz.base,base,https://www.medizininformatik-initiative.de/fhir/core/modul-person/StructureDefinition/Vitalstatus,MII_PR_Person_Vitalstatus,Observation,2026.0.0,2026.0.1,elements-added,6,0,0,0,0,False,Observation|Observation.category:survey.coding|Observation.category:survey.coding.code|Observation.category:survey.coding.system|Observation.encounter.reference|Observation.subject.reference,
de.medizininformatikinitiative.kerndatensatz.base,base,https://www.medizininformatik-initiative.de/fhir/core/modul-person/StructureDefinition/Vitalstatus,MII_PR_Person_Vitalstatus,Observation,2026.0.1,2027.0.0-ballot,identical,0,0,0,0,0,False,,
de.medizininformatikinitiative.kerndatensatz.base,base,https://www.medizininformatik-initiative.de/fhir/core/modul-prozedur/StructureDefinition/Procedure,MII_PR_Prozedur_Procedure,Procedure,2026.0.0,2026.0.1,mixed,12,0,3,3,0,False,Procedure.code.coding:ops.extension:Seitenlokalisation.url|Procedure.code.coding:ops.extension:Seitenlokalisation.value[x]|Procedure.code.coding:ops.extension:Seitenlokalisation.value[x].code|Procedure.code.coding:ops.extension:Seitenlokalisation.value[x].system|Procedure.encounter.reference|Procedure.extension:Dokumentationsdatum.url|Procedure.extension:Dokumentationsdatum.value[x]|Procedure.extension:durchfuehrungsabsicht.url|Procedure.extension:durchfuehrungsabsicht.value[x]|Procedure.extension:durchfuehrungsabsicht.value[x].code|Procedure.extension:durchfuehrungsabsicht.value[x].system|Procedure.subject.reference,
de.medizininformatikinitiative.kerndatensatz.base,base,https://www.medizininformatik-initiative.de/fhir/core/modul-prozedur/StructureDefinition/Procedure,MII_PR_Prozedur_Procedure,Procedure,2026.0.1,2027.0.0-ballot,elements-added,1,0,0,0,0,False,Procedure.bodySite.extension:bodySite,
de.medizininformatikinitiative.kerndatensatz.bildgebung,bildgebung,https://www.medizininformatik-initiative.de/fhir/ext/modul-bildgebung/StructureDefinition/mii-pr-bildgebung-anforderung-bildgebung,MII_PR_Bildgebung_Anforderung_Bildgebung,ServiceRequest,2025.0.0,2025.0.1,identical,0,0,0,0,0,False,,
de.medizininformatikinitiative.kerndatensatz.bildgebung,bildgebung,https://www.medizininformatik-initiative.de/fhir/ext/modul-bildgebung/StructureDefinition/mii-pr-bildgebung-anforderung-bildgebung,MII_PR_Bildgebung_Anforderung_Bildgebung,ServiceRequest,2025.0.1,2025.0.2,identical,0,0,0,0,0,False,,
de.medizininformatikinitiative.kerndatensatz.bildgebung,bildgebung,https://www.medizininformatik-initiative.de/fhir/ext/modul-bildgebung/StructureDefinition/mii-pr-bildgebung-anforderung-bildgebung,MII_PR_Bildgebung_Anforderung_Bildgebung,ServiceRequest,2025.0.2,2026.0.0,mixed,10,2,5,0,0,True,ServiceRequest.category.coding|ServiceRequest.category.coding.code|ServiceRequest.category.coding.system|ServiceRequest.category.coding:sct|ServiceRequest.code.coding.code|ServiceRequest.code.coding.system|ServiceRequest.reasonCode.coding|ServiceRequest.reasonCode.coding.code|ServiceRequest.reasonCode.coding.system|ServiceRequest.reasonCode.coding:sct,ServiceRequest.code.coding:radlex|ServiceRequest.code.coding:sct.code
de.medizininformatikinitiative.kerndatensatz.bildgebung,bildgebung,https://www.medizininformatik-initiative.de/fhir/ext/modul-bildgebung/StructureDefinition/mii-pr-bildgebung-anforderung-bildgebung,MII_PR_Bildgebung_Anforderung_Bildgebung,ServiceRequest,2026.0.0,2027.0.0-ballot.1,canonical-only,0,0,0,0,0,False,,
de.medizininformatikinitiative.kerndatensatz.bildgebung,bildgebung,https://www.medizininformatik-initiative.de/fhir/ext/modul-bildgebung/StructureDefinition/mii-pr-bildgebung-behandlungsempfehlung,MII_PR_Bildgebung_Behandlungsempfehlung,CarePlan,2025.0.0,2025.0.1,identical,0,0,0,0,0,False,,
de.medizininformatikinitiative.kerndatensatz.bildgebung,bildgebung,https://www.medizininformatik-initiative.de/fhir/ext/modul-bildgebung/StructureDefinition/mii-pr-bildgebung-behandlungsempfehlung,MII_PR_Bildgebung_Behandlungsempfehlung,CarePlan,2025.0.1,2025.0.2,identical,0,0,0,0,0,False,,
de.medizininformatikinitiative.kerndatensatz.bildgebung,bildgebung,https://www.medizininformatik-initiative.de/fhir/ext/modul-bildgebung/StructureDefinition/mii-pr-bildgebung-behandlungsempfehlung,MII_PR_Bildgebung_Behandlungsempfehlung,CarePlan,2025.0.2,2026.0.0,identical,0,0,0,0,0,False,,
de.medizininformatikinitiative.kerndatensatz.bildgebung,bildgebung,https://www.medizininformatik-initiative.de/fhir/ext/modul-bildgebung/StructureDefinition/mii-pr-bildgebung-behandlungsempfehlung,MII_PR_Bildgebung_Behandlungsempfehlung,CarePlan,2026.0.0,2027.0.0-ballot.1,identical,0,0,0,0,0,False,,
de.medizininformatikinitiative.kerndatensatz.bildgebung,bildgebung,https://www.medizininformatik-initiative.de/fhir/ext/modul-bildgebung/StructureDefinition/mii-pr-bildgebung-bildgebungsprozedur,MII_PR_Bildgebung_Bildgebungsprozedur,Procedure,2025.0.0,2025.0.1,identical,0,0,0,0,0,False,,
de.medizininformatikinitiative.kerndatensatz.bildgebung,bildgebung,https://www.medizininformatik-initiative.de/fhir/ext/modul-bildgebung/StructureDefinition/mii-pr-bildgebung-bildgebungsprozedur,MII_PR_Bildgebung_Bildgebungsprozedur,Procedure,2025.0.1,2025.0.2,identical,0,0,0,0,0,False,,
de.medizininformatikinitiative.kerndatensatz.bildgebung,bildgebung,https://www.medizininformatik-initiative.de/fhir/ext/modul-bildgebung/StructureDefinition/mii-pr-bildgebung-bildgebungsprozedur,MII_PR_Bildgebung_Bildgebungsprozedur,Procedure,2025.0.2,2026.0.0,mixed,8,0,1,0,0,True,Procedure.category.coding.code|Procedure.category.coding.system|Procedure.category.coding:sct|Procedure.category.coding:sct.display|Procedure.code.coding|Procedure.code.coding.code|Procedure.code.coding.system|Procedure.code.coding:sct,
de.medizininformatikinitiative.kerndatensatz.bildgebung,bildgebung,https://www.medizininformatik-initiative.de/fhir/ext/modul-bildgebung/StructureDefinition/mii-pr-bildgebung-bildgebungsprozedur,MII_PR_Bildgebung_Bildgebungsprozedur,Procedure,2026.0.0,2027.0.0-ballot.1,mixed,0,1,1,0,1,True,,Procedure.category.coding:sct.display
de.medizininformatikinitiative.kerndatensatz.bildgebung,bildgebung,https://www.medizininformatik-initiative.de/fhir/ext/modul-bildgebung/StructureDefinition/mii-pr-bildgebung-bildgebungsstudie,MII_PR_Bildgebung_Bildgebungsstudie,ImagingStudy,2025.0.0,2025.0.1,elements-removed,0,3,0,0,0,True,,ImagingStudy.extension|ImagingStudy.series.extension|ImagingStudy.series.instance.extension
de.medizininformatikinitiative.kerndatensatz.bildgebung,bildgebung,https://www.medizininformatik-initiative.de/fhir/ext/modul-bildgebung/StructureDefinition/mii-pr-bildgebung-bildgebungsstudie,MII_PR_Bildgebung_Bildgebungsstudie,ImagingStudy,2025.0.1,2025.0.2,identical,0,0,0,0,0,False,,
de.medizininformatikinitiative.kerndatensatz.bildgebung,bildgebung,https://www.medizininformatik-initiative.de/fhir/ext/modul-bildgebung/StructureDefinition/mii-pr-bildgebung-bildgebungsstudie,MII_PR_Bildgebung_Bildgebungsstudie,ImagingStudy,2025.0.2,2026.0.0,mixed,7,5,0,0,0,True,ImagingStudy.series.extension:modalitaetCT|ImagingStudy.series.extension:modalitaetMG_CR_DX|ImagingStudy.series.extension:modalitaetMR|ImagingStudy.series.extension:modalitaetNM|ImagingStudy.series.extension:modalitaetPT|ImagingStudy.series.extension:modalitaetUS|ImagingStudy.series.extension:schichtdicke,ImagingStudy.series.extension:modalitätCT|ImagingStudy.series.extension:modalitätMG_CR_DX|ImagingStudy.series.extension:modalitätMR|ImagingStudy.series.extension:modalitätNM|ImagingStudy.series.extension:modalitätPT
de.medizininformatikinitiative.kerndatensatz.bildgebung,bildgebung,https://www.medizininformatik-initiative.de/fhir/ext/modul-bildgebung/StructureDefinition/mii-pr-bildgebung-bildgebungsstudie,MII_PR_Bildgebung_Bildgebungsstudie,ImagingStudy,2026.0.0,2027.0.0-ballot.1,mixed,2,0,1,0,0,False,ImagingStudy.extension:koerpergewicht|ImagingStudy.extension:koerpergroesse,
de.medizininformatikinitiative.kerndatensatz.bildgebung,bildgebung,https://www.medizininformatik-initiative.de/fhir/ext/modul-bildgebung/StructureDefinition/mii-pr-bildgebung-geraet,MII_PR_Bildgebung_Geraet,Device,2025.0.0,2025.0.1,identical,0,0,0,0,0,False,,
de.medizininformatikinitiative.kerndatensatz.bildgebung,bildgebung,https://www.medizininformatik-initiative.de/fhir/ext/modul-bildgebung/StructureDefinition/mii-pr-bildgebung-geraet,MII_PR_Bildgebung_Geraet,Device,2025.0.1,2025.0.2,identical,0,0,0,0,0,False,,
de.medizininformatikinitiative.kerndatensatz.bildgebung,bildgebung,https://www.medizininformatik-initiative.de/fhir/ext/modul-bildgebung/StructureDefinition/mii-pr-bildgebung-geraet,MII_PR_Bildgebung_Geraet,Device,2025.0.2,2026.0.0,identical,0,0,0,0,0,False,,
de.medizininformatikinitiative.kerndatensatz.bildgebung,bildgebung,https://www.medizininformatik-initiative.de/fhir/ext/modul-bildgebung/StructureDefinition/mii-pr-bildgebung-geraet,MII_PR_Bildgebung_Geraet,Device,2026.0.0,2027.0.0-ballot.1,identical,0,0,0,0,0,False,,
de.medizininformatikinitiative.kerndatensatz.bildgebung,bildgebung,https://www.medizininformatik-initiative.de/fhir/ext/modul-bildgebung/StructureDefinition/mii-pr-bildgebung-koerperstruktur,MII_PR_Bildgebung_Koerperstruktur,BodyStructure,2025.0.0,2025.0.1,identical,0,0,0,0,0,False,,
de.medizininformatikinitiative.kerndatensatz.bildgebung,bildgebung,https://www.medizininformatik-initiative.de/fhir/ext/modul-bildgebung/StructureDefinition/mii-pr-bildgebung-koerperstruktur,MII_PR_Bildgebung_Koerperstruktur,BodyStructure,2025.0.1,2025.0.2,identical,0,0,0,0,0,False,,
de.medizininformatikinitiative.kerndatensatz.bildgebung,bildgebung,https://www.medizininformatik-initiative.de/fhir/ext/modul-bildgebung/StructureDefinition/mii-pr-bildgebung-koerperstruktur,MII_PR_Bildgebung_Koerperstruktur,BodyStructure,2025.0.2,2026.0.0,modified,0,0,3,0,0,True,,
de.medizininformatikinitiative.kerndatensatz.bildgebung,bildgebung,https://www.medizininformatik-initiative.de/fhir/ext/modul-bildgebung/StructureDefinition/mii-pr-bildgebung-koerperstruktur,MII_PR_Bildgebung_Koerperstruktur,BodyStructure,2026.0.0,2027.0.0-ballot.1,identical,0,0,0,0,0,False,,
de.medizininformatikinitiative.kerndatensatz.bildgebung,bildgebung,https://www.medizininformatik-initiative.de/fhir/ext/modul-bildgebung/StructureDefinition/mii-pr-bildgebung-kontrastmittelgabe,MII_PR_Bildgebung_Kontrastmittelgabe,MedicationAdministration,2025.0.0,2025.0.1,identical,0,0,0,0,0,False,,
de.medizininformatikinitiative.kerndatensatz.bildgebung,bildgebung,https://www.medizininformatik-initiative.de/fhir/ext/modul-bildgebung/StructureDefinition/mii-pr-bildgebung-kontrastmittelgabe,MII_PR_Bildgebung_Kontrastmittelgabe,MedicationAdministration,2025.0.1,2025.0.2,identical,0,0,0,0,0,False,,
de.medizininformatikinitiative.kerndatensatz.bildgebung,bildgebung,https://www.medizininformatik-initiative.de/fhir/ext/modul-bildgebung/StructureDefinition/mii-pr-bildgebung-kontrastmittelgabe,MII_PR_Bildgebung_Kontrastmittelgabe,MedicationAdministration,2025.0.2,2026.0.0,identical,0,0,0,0,0,False,,
de.medizininformatikinitiative.kerndatensatz.bildgebung,bildgebung,https://www.medizininformatik-initiative.de/fhir/ext/modul-bildgebung/StructureDefinition/mii-pr-bildgebung-kontrastmittelgabe,MII_PR_Bildgebung_Kontrastmittelgabe,MedicationAdministration,2026.0.0,2027.0.0-ballot.1,identical,0,0,0,0,0,False,,
de.medizininformatikinitiative.kerndatensatz.bildgebung,bildgebung,https://www.medizininformatik-initiative.de/fhir/ext/modul-bildgebung/StructureDefinition/mii-pr-bildgebung-radiologische-befundungsprozedur,MII_PR_Bildgebung_Radiologische_Befundungsprozedur,Procedure,2025.0.0,2025.0.1,identical,0,0,0,0,0,False,,
de.medizininformatikinitiative.kerndatensatz.bildgebung,bildgebung,https://www.medizininformatik-initiative.de/fhir/ext/modul-bildgebung/StructureDefinition/mii-pr-bildgebung-radiologische-befundungsprozedur,MII_PR_Bildgebung_Radiologische_Befundungsprozedur,Procedure,2025.0.1,2025.0.2,identical,0,0,0,0,0,False,,
de.medizininformatikinitiative.kerndatensatz.bildgebung,bildgebung,https://www.medizininformatik-initiative.de/fhir/ext/modul-bildgebung/StructureDefinition/mii-pr-bildgebung-radiologische-befundungsprozedur,MII_PR_Bildgebung_Radiologische_Befundungsprozedur,Procedure,2025.0.2,2026.0.0,mixed,10,1,0,0,0,True,Procedure.category.coding|Procedure.category.coding.code|Procedure.category.coding.system|Procedure.category.coding:sct|Procedure.category.coding:sct.display|Procedure.code.coding|Procedure.code.coding.code|Procedure.code.coding.system|Procedure.code.coding:sct|Procedure.code.coding:sct.display,Procedure.code
de.medizininformatikinitiative.kerndatensatz.bildgebung,bildgebung,https://www.medizininformatik-initiative.de/fhir/ext/modul-bildgebung/StructureDefinition/mii-pr-bildgebung-radiologische-befundungsprozedur,MII_PR_Bildgebung_Radiologische_Befundungsprozedur,Procedure,2026.0.0,2027.0.0-ballot.1,mixed,0,2,1,0,1,True,,Procedure.category.coding:sct.display|Procedure.code.coding:sct.display
de.medizininformatikinitiative.kerndatensatz.bildgebung,bildgebung,https://www.medizininformatik-initiative.de/fhir/ext/modul-bildgebung/StructureDefinition/mii-pr-bildgebung-radiologische-beobachtung,MII_PR_Bildgebung_Radiologische_Beobachtung,Observation,2025.0.0,2025.0.1,mixed,0,1,1,0,0,True,,Observation.extension
de.medizininformatikinitiative.kerndatensatz.bildgebung,bildgebung,https://www.medizininformatik-initiative.de/fhir/ext/modul-bildgebung/StructureDefinition/mii-pr-bildgebung-radiologische-beobachtung,MII_PR_Bildgebung_Radiologische_Beobachtung,Observation,2025.0.1,2025.0.2,identical,0,0,0,0,0,False,,
de.medizininformatikinitiative.kerndatensatz.bildgebung,bildgebung,https://www.medizininformatik-initiative.de/fhir/ext/modul-bildgebung/StructureDefinition/mii-pr-bildgebung-radiologische-beobachtung,MII_PR_Bildgebung_Radiologische_Beobachtung,Observation,2025.0.2,2026.0.0,mixed,12,2,2,0,0,True,Observation.bodySite.extension:bodyStructure|Observation.category.coding|Observation.category.coding.code|Observation.category.coding.system|Observation.category.coding:loinc|Observation.category.coding:loinc.code|Observation.category.coding:loinc.display|Observation.category.coding:loinc.system|Observation.code.coding|Observation.code.coding.code|Observation.code.coding.system|Observation.code.coding:sct,Observation.extension:bodyStructure|Observation.extension:bodyStructure.value[x]
de.medizininformatikinitiative.kerndatensatz.bildgebung,bildgebung,https://www.medizininformatik-initiative.de/fhir/ext/modul-bildgebung/StructureDefinition/mii-pr-bildgebung-radiologische-beobachtung,MII_PR_Bildgebung_Radiologische_Beobachtung,Observation,2026.0.0,2027.0.0-ballot.1,elements-added,7,0,0,0,0,False,Observation.value[x]:valueCodeableConcept|Observation.value[x]:valueCodeableConcept.coding.code|Observation.value[x]:valueCodeableConcept.coding.system|Observation.value[x]:valueQuantity|Observation.value[x]:valueQuantity.code|Observation.value[x]:valueQuantity.system|Observation.value[x]:valueQuantity.unit,
de.medizininformatikinitiative.kerndatensatz.bildgebung,bildgebung,https://www.medizininformatik-initiative.de/fhir/ext/modul-bildgebung/StructureDefinition/mii-pr-bildgebung-radiologischer-befund,MII_PR_Bildgebung_Radiologischer_Befund,DiagnosticReport,2025.0.0,2025.0.1,elements-removed,0,1,0,0,0,True,,DiagnosticReport.extension
de.medizininformatikinitiative.kerndatensatz.bildgebung,bildgebung,https://www.medizininformatik-initiative.de/fhir/ext/modul-bildgebung/StructureDefinition/mii-pr-bildgebung-radiologischer-befund,MII_PR_Bildgebung_Radiologischer_Befund,DiagnosticReport,2025.0.1,2025.0.2,identical,0,0,0,0,0,False,,
de.medizininformatikinitiative.kerndatensatz.bildgebung,bildgebung,https://www.medizininformatik-initiative.de/fhir/ext/modul-bildgebung/StructureDefinition/mii-pr-bildgebung-radiologischer-befund,MII_PR_Bildgebung_Radiologischer_Befund,DiagnosticReport,2025.0.2,2026.0.0,mixed,16,4,8,1,0,True,DiagnosticReport.category.coding.code|DiagnosticReport.category.coding.system|DiagnosticReport.category.coding:diagnostic-service-sections.code|DiagnosticReport.category.coding:diagnostic-service-sections.display|DiagnosticReport.category.coding:diagnostic-service-sections.system|DiagnosticReport.category.coding:loinc.code|DiagnosticReport.category.coding:loinc.display|DiagnosticReport.category.coding:loinc.system|DiagnosticReport.category.coding:sct.code|DiagnosticReport.category.coding:sct.display|DiagnosticReport.category.coding:sct.system|DiagnosticReport.code.coding.code|DiagnosticReport.code.coding.system|DiagnosticReport.conclusionCode.coding.code|DiagnosticReport.conclusionCode.coding.system|DiagnosticReport.extension:supportingInfo.value[x],DiagnosticReport.conclusionCode.coding:sct.code|DiagnosticReport.extension:supportingInfo.extension:reference|DiagnosticReport.extension:supportingInfo.extension:reference.value[x]|DiagnosticReport.extension:supportingInfo.extension:type
de.medizininformatikinitiative.kerndatensatz.bildgebung,bildgebung,https://www.medizininformatik-initiative.de/fhir/ext/modul-bildgebung/StructureDefinition/mii-pr-bildgebung-radiologischer-befund,MII_PR_Bildgebung_Radiologischer_Befund,DiagnosticReport,2026.0.0,2027.0.0-ballot.1,elements-removed,0,9,0,0,0,True,,DiagnosticReport.category.coding:diagnostic-service-sections.code|DiagnosticReport.category.coding:diagnostic-service-sections.display|DiagnosticReport.category.coding:diagnostic-service-sections.system|DiagnosticReport.category.coding:loinc.code|DiagnosticReport.category.coding:loinc.display|DiagnosticReport.category.coding:loinc.system|DiagnosticReport.category.coding:sct.code|DiagnosticReport.category.coding:sct.display|DiagnosticReport.category.coding:sct.system
de.medizininformatikinitiative.kerndatensatz.bildgebung,bildgebung,https://www.medizininformatik-initiative.de/fhir/ext/modul-bildgebung/StructureDefinition/mii-pr-bildgebung-semistrukt-befundbericht,MII_PR_Bildgebung_Semistrukt_Befundbericht,Composition,2025.0.0,2025.0.1,identical,0,0,0,0,0,False,,
de.medizininformatikinitiative.kerndatensatz.bildgebung,bildgebung,https://www.medizininformatik-initiative.de/fhir/ext/modul-bildgebung/StructureDefinition/mii-pr-bildgebung-semistrukt-befundbericht,MII_PR_Bildgebung_Semistrukt_Befundbericht,Composition,2025.0.1,2025.0.2,identical,0,0,0,0,0,False,,
de.medizininformatikinitiative.kerndatensatz.bildgebung,bildgebung,https://www.medizininformatik-initiative.de/fhir/ext/modul-bildgebung/StructureDefinition/mii-pr-bildgebung-semistrukt-befundbericht,MII_PR_Bildgebung_Semistrukt_Befundbericht,Composition,2025.0.2,2026.0.0,mixed,9,0,1,0,0,True,Composition.section.code.coding.code|Composition.section.code.coding.system|Composition.type.coding|Composition.type.coding.code|Composition.type.coding.system|Composition.type.coding:loinc|Composition.type.coding:loinc.code|Composition.type.coding:loinc.display|Composition.type.coding:loinc.system,
de.medizininformatikinitiative.kerndatensatz.bildgebung,bildgebung,https://www.medizininformatik-initiative.de/fhir/ext/modul-bildgebung/StructureDefinition/mii-pr-bildgebung-semistrukt-befundbericht,MII_PR_Bildgebung_Semistrukt_Befundbericht,Composition,2026.0.0,2027.0.0-ballot.1,identical,0,0,0,0,0,False,,
de.medizininformatikinitiative.kerndatensatz.biobank,biobank,https://www.medizininformatik-initiative.de/fhir/ext/modul-biobank/StructureDefinition/Organization,ProfileOrganizationSammlungBiobank,Organization,0.9.0,1.0.0,mixed,0,3,2,0,0,True,,Organization.contact:forschungskontakt.telecom:email|Organization.contact:forschungskontakt.telecom:email.system|Organization.contact:forschungskontakt.telecom:email.value
de.medizininformatikinitiative.kerndatensatz.biobank,biobank,https://www.medizininformatik-initiative.de/fhir/ext/modul-biobank/StructureDefinition/Organization,ProfileOrganizationSammlungBiobank,Organization,1.0.0,1.0.1,identical,0,0,0,0,0,False,,
de.medizininformatikinitiative.kerndatensatz.biobank,biobank,https://www.medizininformatik-initiative.de/fhir/ext/modul-biobank/StructureDefinition/Organization,ProfileOrganizationSammlungBiobank,Organization,1.0.1,1.0.2,identical,0,0,0,0,0,False,,
de.medizininformatikinitiative.kerndatensatz.biobank,biobank,https://www.medizininformatik-initiative.de/fhir/ext/modul-biobank/StructureDefinition/Organization,ProfileOrganizationSammlungBiobank,Organization,1.0.2,1.0.3,identical,0,0,0,0,0,False,,
de.medizininformatikinitiative.kerndatensatz.biobank,biobank,https://www.medizininformatik-initiative.de/fhir/ext/modul-biobank/StructureDefinition/Organization,ProfileOrganizationSammlungBiobank,Organization,1.0.3,1.0.4,identical,0,0,0,0,0,False,,
de.medizininformatikinitiative.kerndatensatz.biobank,biobank,https://www.medizininformatik-initiative.de/fhir/ext/modul-biobank/StructureDefinition/Organization,ProfileOrganizationSammlungBiobank,Organization,1.0.4,1.0.5,identical,0,0,0,0,0,False,,
de.medizininformatikinitiative.kerndatensatz.biobank,biobank,https://www.medizininformatik-initiative.de/fhir/ext/modul-biobank/StructureDefinition/Organization,ProfileOrganizationSammlungBiobank,Organization,1.0.5,1.0.6,identical,0,0,0,0,0,False,,
de.medizininformatikinitiative.kerndatensatz.biobank,biobank,https://www.medizininformatik-initiative.de/fhir/ext/modul-biobank/StructureDefinition/Organization,ProfileOrganizationSammlungBiobank,Organization,1.0.6,1.0.7,identical,0,0,0,0,0,False,,
de.medizininformatikinitiative.kerndatensatz.biobank,biobank,https://www.medizininformatik-initiative.de/fhir/ext/modul-biobank/StructureDefinition/Organization,ProfileOrganizationSammlungBiobank,Organization,1.0.7,1.0.8,identical,0,0,0,0,0,False,,
de.medizininformatikinitiative.kerndatensatz.biobank,biobank,https://www.medizininformatik-initiative.de/fhir/ext/modul-biobank/StructureDefinition/Organization,ProfileOrganizationSammlungBiobank,Organization,1.0.8,2024.0.4,canonical-only,0,0,0,0,0,False,,
de.medizininformatikinitiative.kerndatensatz.biobank,biobank,https://www.medizininformatik-initiative.de/fhir/ext/modul-biobank/StructureDefinition/Organization,ProfileOrganizationSammlungBiobank,Organization,2024.0.4,2025.0.0,canonical-only,0,0,0,0,0,False,,
de.medizininformatikinitiative.kerndatensatz.biobank,biobank,https://www.medizininformatik-initiative.de/fhir/ext/modul-biobank/StructureDefinition/Organization,ProfileOrganizationSammlungBiobank,Organization,2025.0.0,2025.0.1,identical,0,0,0,0,0,False,,
de.medizininformatikinitiative.kerndatensatz.biobank,biobank,https://www.medizininformatik-initiative.de/fhir/ext/modul-biobank/StructureDefinition/Organization,ProfileOrganizationSammlungBiobank,Organization,2025.0.1,2025.0.2,canonical-only,0,0,0,0,0,False,,
de.medizininformatikinitiative.kerndatensatz.biobank,biobank,https://www.medizininformatik-initiative.de/fhir/ext/modul-biobank/StructureDefinition/Organization,ProfileOrganizationSammlungBiobank,Organization,2025.0.2,2025.0.3,identical,0,0,0,0,0,False,,
de.medizininformatikinitiative.kerndatensatz.biobank,biobank,https://www.medizininformatik-initiative.de/fhir/ext/modul-biobank/StructureDefinition/Organization,ProfileOrganizationSammlungBiobank,Organization,2025.0.3,2025.0.4,identical,0,0,0,0,0,False,,
de.medizininformatikinitiative.kerndatensatz.biobank,biobank,https://www.medizininformatik-initiative.de/fhir/ext/modul-biobank/StructureDefinition/Organization,ProfileOrganizationSammlungBiobank,Organization,2025.0.4,2026.0.0,mixed,7,2,0,0,0,True,Organization.extension:collectionDesign|Organization.extension:collectionSetting|Organization.id|Organization.identifier:bbmri-eric-id.system|Organization.meta|Organization.meta.profile|Organization.meta.source,Organization.extension|Organization.type
de.medizininformatikinitiative.kerndatensatz.biobank,biobank,https://www.medizininformatik-initiative.de/fhir/ext/modul-biobank/StructureDefinition/Organization,ProfileOrganizationSammlungBiobank,Organization,2026.0.0,2026.0.1,identical,0,0,0,0,0,False,,
de.medizininformatikinitiative.kerndatensatz.biobank,biobank,https://www.medizininformatik-initiative.de/fhir/ext/modul-biobank/StructureDefinition/Organization,ProfileOrganizationSammlungBiobank,Organization,2026.0.1,2027.0.0-ballot,elements-added,2,0,0,0,0,False,Organization|Organization.extension,
de.medizininformatikinitiative.kerndatensatz.biobank,biobank,https://www.medizininformatik-initiative.de/fhir/ext/modul-biobank/StructureDefinition/Specimen,ProfileSpecimenBioprobe,Specimen,0.9.0,1.0.0,mixed,1,40,2,0,0,True,Specimen.extension:festgestellteDiagnose,Specimen.collection|Specimen.collection.bodySite|Specimen.collection.bodySite.coding|Specimen.collection.bodySite.coding:icd-o-3|Specimen.collection.bodySite.coding:icd-o-3.system|Specimen.collection.bodySite.coding:sct|Specimen.collection.bodySite.coding:sct.system|Specimen.collection.collected[x]|Specimen.collection.extension|Specimen.collection.extension:einstellungBlutversorgung|Specimen.collection.extension:entnahmeprozedur|Specimen.collection.fastingStatusCodeableConcept|Specimen.collection.fastingStatus[x]|Specimen.container.additive[x]|Specimen.container.capacity|Specimen.container.specimenQuantity|Specimen.container.type|Specimen.extension:diagnose|Specimen.identifier|Specimen.note|Specimen.parent|Specimen.processing|Specimen.processing.additive|Specimen.processing.extension|Specimen.processing.extension:temperaturbedingungen|Specimen.processing.procedure|Specimen.processing.procedure.coding|Specimen.processing.procedure.coding:sct|Specimen.processing.timePeriod|Specimen.processing.timePeriod.end|Specimen.processing.timePeriod.start|Specimen.processing.time[x]|Specimen.processing:lagerprozess|Specimen.processing:lagerprozess.procedure.coding|Specimen.status|Specimen.subject|Specimen.type|Specimen.type.coding|Specimen.type.coding:sct|Specimen.type.coding:sct.system
de.medizininformatikinitiative.kerndatensatz.biobank,biobank,https://www.medizininformatik-initiative.de/fhir/ext/modul-biobank/StructureDefinition/Specimen,ProfileSpecimenBioprobe,Specimen,1.0.0,1.0.1,identical,0,0,0,0,0,False,,
de.medizininformatikinitiative.kerndatensatz.biobank,biobank,https://www.medizininformatik-initiative.de/fhir/ext/modul-biobank/StructureDefinition/Specimen,ProfileSpecimenBioprobe,Specimen,1.0.1,1.0.2,identical,0,0,0,0,0,False,,
de.medizininformatikinitiative.kerndatensatz.biobank,biobank,https://www.medizininformatik-initiative.de/fhir/ext/modul-biobank/StructureDefinition/Specimen,ProfileSpecimenBioprobe,Specimen,1.0.2,1.0.3,identical,0,0,0,0,0,False,,
de.medizininformatikinitiative.kerndatensatz.biobank,biobank,https://www.medizininformatik-initiative.de/fhir/ext/modul-biobank/StructureDefinition/Specimen,ProfileSpecimenBioprobe,Specimen,1.0.3,1.0.4,identical,0,0,0,0,0,False,,
de.medizininformatikinitiative.kerndatensatz.biobank,biobank,https://www.medizininformatik-initiative.de/fhir/ext/modul-biobank/StructureDefinition/Specimen,ProfileSpecimenBioprobe,Specimen,1.0.4,1.0.5,identical,0,0,0,0,0,False,,
de.medizininformatikinitiative.kerndatensatz.biobank,biobank,https://www.medizininformatik-initiative.de/fhir/ext/modul-biobank/StructureDefinition/Specimen,ProfileSpecimenBioprobe,Specimen,1.0.5,1.0.6,identical,0,0,0,0,0,False,,
de.medizininformatikinitiative.kerndatensatz.biobank,biobank,https://www.medizininformatik-initiative.de/fhir/ext/modul-biobank/StructureDefinition/Specimen,ProfileSpecimenBioprobe,Specimen,1.0.6,1.0.7,identical,0,0,0,0,0,False,,
de.medizininformatikinitiative.kerndatensatz.biobank,biobank,https://www.medizininformatik-initiative.de/fhir/ext/modul-biobank/StructureDefinition/Specimen,ProfileSpecimenBioprobe,Specimen,1.0.7,1.0.8,identical,0,0,0,0,0,False,,
de.medizininformatikinitiative.kerndatensatz.biobank,biobank,https://www.medizininformatik-initiative.de/fhir/ext/modul-biobank/StructureDefinition/Specimen,ProfileSpecimenBioprobe,Specimen,1.0.8,2024.0.4,canonical-only,0,0,0,0,0,False,,
de.medizininformatikinitiative.kerndatensatz.biobank,biobank,https://www.medizininformatik-initiative.de/fhir/ext/modul-biobank/StructureDefinition/Specimen,ProfileSpecimenBioprobe,Specimen,2024.0.4,2025.0.0,canonical-only,0,0,0,0,0,False,,
de.medizininformatikinitiative.kerndatensatz.biobank,biobank,https://www.medizininformatik-initiative.de/fhir/ext/modul-biobank/StructureDefinition/Specimen,ProfileSpecimenBioprobe,Specimen,2025.0.0,2025.0.1,identical,0,0,0,0,0,False,,
de.medizininformatikinitiative.kerndatensatz.biobank,biobank,https://www.medizininformatik-initiative.de/fhir/ext/modul-biobank/StructureDefinition/Specimen,ProfileSpecimenBioprobe,Specimen,2025.0.1,2025.0.2,canonical-only,0,0,0,0,0,False,,
de.medizininformatikinitiative.kerndatensatz.biobank,biobank,https://www.medizininformatik-initiative.de/fhir/ext/modul-biobank/StructureDefinition/Specimen,ProfileSpecimenBioprobe,Specimen,2025.0.2,2025.0.3,identical,0,0,0,0,0,False,,
de.medizininformatikinitiative.kerndatensatz.biobank,biobank,https://www.medizininformatik-initiative.de/fhir/ext/modul-biobank/StructureDefinition/Specimen,ProfileSpecimenBioprobe,Specimen,2025.0.3,2025.0.4,identical,0,0,0,0,0,False,,
de.medizininformatikinitiative.kerndatensatz.biobank,biobank,https://www.medizininformatik-initiative.de/fhir/ext/modul-biobank/StructureDefinition/Specimen,ProfileSpecimenBioprobe,Specimen,2025.0.4,2026.0.0,mixed,11,1,0,0,0,True,Specimen.collection.method|Specimen.collection.method.coding|Specimen.collection.method.coding.code|Specimen.collection.method.coding.system|Specimen.container|Specimen.container.type.coding|Specimen.extension:anzahlAliquots|Specimen.processing|Specimen.processing.extension:temperature-miabis|Specimen.type.coding:miabis-type|Specimen.type.coding:miabis-type.system,Specimen.extension
de.medizininformatikinitiative.kerndatensatz.biobank,biobank,https://www.medizininformatik-initiative.de/fhir/ext/modul-biobank/StructureDefinition/Specimen,ProfileSpecimenBioprobe,Specimen,2026.0.0,2026.0.1,identical,0,0,0,0,0,False,,
de.medizininformatikinitiative.kerndatensatz.biobank,biobank,https://www.medizininformatik-initiative.de/fhir/ext/modul-biobank/StructureDefinition/Specimen,ProfileSpecimenBioprobe,Specimen,2026.0.1,2027.0.0-ballot,elements-added,5,0,0,0,0,False,Specimen|Specimen.processing.extension|Specimen.processing.extension:temperaturbedingungen|Specimen.processing:lagerprozess|Specimen.processing:lagerprozess.extension:temperaturbedingungen,
de.medizininformatikinitiative.kerndatensatz.biobank,biobank,https://www.medizininformatik-initiative.de/fhir/ext/modul-biobank/StructureDefinition/SpecimenCore,ProfileSpecimenBioprobeCore,Specimen,1.0.0,1.0.1,identical,0,0,0,0,0,False,,
de.medizininformatikinitiative.kerndatensatz.biobank,biobank,https://www.medizininformatik-initiative.de/fhir/ext/modul-biobank/StructureDefinition/SpecimenCore,ProfileSpecimenBioprobeCore,Specimen,1.0.1,1.0.2,identical,0,0,0,0,0,False,,
de.medizininformatikinitiative.kerndatensatz.biobank,biobank,https://www.medizininformatik-initiative.de/fhir/ext/modul-biobank/StructureDefinition/SpecimenCore,ProfileSpecimenBioprobeCore,Specimen,1.0.2,1.0.3,mixed,7,6,0,0,0,True,Specimen.collection.fastingStatus[x]:fastingStatusCodeableConcept|Specimen.processing.time[x]:timePeriod|Specimen.processing.time[x]:timePeriod.end|Specimen.processing.time[x]:timePeriod.start|Specimen.processing:lagerprozess.extension:temperaturbedingungen|Specimen.processing:lagerprozess.time[x]:timePeriod|Specimen.processing:lagerprozess.time[x]:timePeriod.start,Specimen.collection.fastingStatusCodeableConcept|Specimen.processing.timePeriod|Specimen.processing.timePeriod.end|Specimen.processing.timePeriod.start|Specimen.processing:lagerprozess.timePeriod|Specimen.processing:lagerprozess.timePeriod.start
de.medizininformatikinitiative.kerndatensatz.biobank,biobank,https://www.medizininformatik-initiative.de/fhir/ext/modul-biobank/StructureDefinition/SpecimenCore,ProfileSpecimenBioprobeCore,Specimen,1.0.3,1.0.4,identical,0,0,0,0,0,False,,
de.medizininformatikinitiative.kerndatensatz.biobank,biobank,https://www.medizininformatik-initiative.de/fhir/ext/modul-biobank/StructureDefinition/SpecimenCore,ProfileSpecimenBioprobeCore,Specimen,1.0.4,1.0.5,identical,0,0,0,0,0,False,,
de.medizininformatikinitiative.kerndatensatz.biobank,biobank,https://www.medizininformatik-initiative.de/fhir/ext/modul-biobank/StructureDefinition/SpecimenCore,ProfileSpecimenBioprobeCore,Specimen,1.0.5,1.0.6,mixed,1,0,3,0,0,False,Specimen.processing.procedure.coding:sct.system,
de.medizininformatikinitiative.kerndatensatz.biobank,biobank,https://www.medizininformatik-initiative.de/fhir/ext/modul-biobank/StructureDefinition/SpecimenCore,ProfileSpecimenBioprobeCore,Specimen,1.0.6,1.0.7,mixed,1,0,1,0,0,True,Specimen.container.additiveReference,
de.medizininformatikinitiative.kerndatensatz.biobank,biobank,https://www.medizininformatik-initiative.de/fhir/ext/modul-biobank/StructureDefinition/SpecimenCore,ProfileSpecimenBioprobeCore,Specimen,1.0.7,1.0.8,mixed,1,1,0,0,0,True,Specimen.container.additive[x]:additiveReference,Specimen.container.additiveReference
de.medizininformatikinitiative.kerndatensatz.biobank,biobank,https://www.medizininformatik-initiative.de/fhir/ext/modul-biobank/StructureDefinition/SpecimenCore,ProfileSpecimenBioprobeCore,Specimen,1.0.8,2024.0.4,canonical-only,0,0,0,0,0,False,,
de.medizininformatikinitiative.kerndatensatz.biobank,biobank,https://www.medizininformatik-initiative.de/fhir/ext/modul-biobank/StructureDefinition/SpecimenCore,ProfileSpecimenBioprobeCore,Specimen,2024.0.4,2025.0.0,canonical-only,0,0,0,0,0,False,,
de.medizininformatikinitiative.kerndatensatz.biobank,biobank,https://www.medizininformatik-initiative.de/fhir/ext/modul-biobank/StructureDefinition/SpecimenCore,ProfileSpecimenBioprobeCore,Specimen,2025.0.0,2025.0.1,identical,0,0,0,0,0,False,,
de.medizininformatikinitiative.kerndatensatz.biobank,biobank,https://www.medizininformatik-initiative.de/fhir/ext/modul-biobank/StructureDefinition/SpecimenCore,ProfileSpecimenBioprobeCore,Specimen,2025.0.1,2025.0.2,canonical-only,0,0,0,0,0,False,,
de.medizininformatikinitiative.kerndatensatz.biobank,biobank,https://www.medizininformatik-initiative.de/fhir/ext/modul-biobank/StructureDefinition/SpecimenCore,ProfileSpecimenBioprobeCore,Specimen,2025.0.2,2025.0.3,identical,0,0,0,0,0,False,,
de.medizininformatikinitiative.kerndatensatz.biobank,biobank,https://www.medizininformatik-initiative.de/fhir/ext/modul-biobank/StructureDefinition/SpecimenCore,ProfileSpecimenBioprobeCore,Specimen,2025.0.3,2025.0.4,identical,0,0,0,0,0,False,,
de.medizininformatikinitiative.kerndatensatz.biobank,biobank,https://www.medizininformatik-initiative.de/fhir/ext/modul-biobank/StructureDefinition/SpecimenCore,ProfileSpecimenBioprobeCore,Specimen,2025.0.4,2026.0.0,mixed,34,2,6,1,0,True,Specimen.collection.bodySite.coding.code|Specimen.collection.bodySite.coding.system|Specimen.collection.fastingStatus[x]:fastingStatusCodeableConcept.coding.code|Specimen.collection.fastingStatus[x]:fastingStatusCodeableConcept.coding.system|Specimen.collection.quantity|Specimen.collection.quantity.code|Specimen.collection.quantity.extension:pqTranslation|Specimen.collection.quantity.extension:quantityPrecision|Specimen.collection.quantity.system|Specimen.collection.quantity.unit|Specimen.collection.quantity.value|Specimen.container.capacity.code|Specimen.container.capacity.system|Specimen.container.capacity.unit|Specimen.container.capacity.value|Specimen.container.specimenQuantity.code|Specimen.container.specimenQuantity.system|Specimen.container.specimenQuantity.unit|Specimen.container.specimenQuantity.value|Specimen.container.type.coding.code|Specimen.container.type.coding.system|Specimen.extension:feature|Specimen.extension:probenebene|Specimen.id|Specimen.meta|Specimen.meta.profile|Specimen.meta.source|Specimen.processing.procedure.coding.code|Specimen.processing.procedure.coding.system|Specimen.processing:lagerprozess.extension|Specimen.processing:lagerprozess.procedure|Specimen.receivedTime|Specimen.type.coding.code|Specimen.type.coding.system,Specimen.collection.extension|Specimen.processing:lagerprozess.procedure.coding
de.medizininformatikinitiative.kerndatensatz.biobank,biobank,https://www.medizininformatik-initiative.de/fhir/ext/modul-biobank/StructureDefinition/SpecimenCore,ProfileSpecimenBioprobeCore,Specimen,2026.0.0,2026.0.1,identical,0,0,0,0,0,False,,
de.medizininformatikinitiative.kerndatensatz.biobank,biobank,https://www.medizininformatik-initiative.de/fhir/ext/modul-biobank/StructureDefinition/SpecimenCore,ProfileSpecimenBioprobeCore,Specimen,2026.0.1,2027.0.0-ballot,mixed,5,0,4,0,0,True,Specimen|Specimen.collection.extension|Specimen.extension|Specimen.extension:focus|Specimen.extension:infektiositaetsstatus,
de.medizininformatikinitiative.kerndatensatz.biobank,biobank,https://www.medizininformatik-initiative.de/fhir/ext/modul-biobank/StructureDefinition/Substance,ProfileSubstanceAdditiv,Substance,0.9.0,1.0.0,elements-added,2,0,0,0,0,False,Substance.category|Substance.ingredient,
de.medizininformatikinitiative.kerndatensatz.biobank,biobank,https://www.medizininformatik-initiative.de/fhir/ext/modul-biobank/StructureDefinition/Substance,ProfileSubstanceAdditiv,Substance,1.0.0,1.0.1,identical,0,0,0,0,0,False,,
de.medizininformatikinitiative.kerndatensatz.biobank,biobank,https://www.medizininformatik-initiative.de/fhir/ext/modul-biobank/StructureDefinition/Substance,ProfileSubstanceAdditiv,Substance,1.0.1,1.0.2,identical,0,0,0,0,0,False,,
de.medizininformatikinitiative.kerndatensatz.biobank,biobank,https://www.medizininformatik-initiative.de/fhir/ext/modul-biobank/StructureDefinition/Substance,ProfileSubstanceAdditiv,Substance,1.0.2,1.0.3,identical,0,0,0,0,0,False,,
de.medizininformatikinitiative.kerndatensatz.biobank,biobank,https://www.medizininformatik-initiative.de/fhir/ext/modul-biobank/StructureDefinition/Substance,ProfileSubstanceAdditiv,Substance,1.0.3,1.0.4,identical,0,0,0,0,0,False,,
de.medizininformatikinitiative.kerndatensatz.biobank,biobank,https://www.medizininformatik-initiative.de/fhir/ext/modul-biobank/StructureDefinition/Substance,ProfileSubstanceAdditiv,Substance,1.0.4,1.0.5,identical,0,0,0,0,0,False,,
de.medizininformatikinitiative.kerndatensatz.biobank,biobank,https://www.medizininformatik-initiative.de/fhir/ext/modul-biobank/StructureDefinition/Substance,ProfileSubstanceAdditiv,Substance,1.0.5,1.0.6,identical,0,0,0,0,0,False,,
de.medizininformatikinitiative.kerndatensatz.biobank,biobank,https://www.medizininformatik-initiative.de/fhir/ext/modul-biobank/StructureDefinition/Substance,ProfileSubstanceAdditiv,Substance,1.0.6,1.0.7,identical,0,0,0,0,0,False,,
de.medizininformatikinitiative.kerndatensatz.biobank,biobank,https://www.medizininformatik-initiative.de/fhir/ext/modul-biobank/StructureDefinition/Substance,ProfileSubstanceAdditiv,Substance,1.0.7,1.0.8,identical,0,0,0,0,0,False,,
de.medizininformatikinitiative.kerndatensatz.biobank,biobank,https://www.medizininformatik-initiative.de/fhir/ext/modul-biobank/StructureDefinition/Substance,ProfileSubstanceAdditiv,Substance,1.0.8,2024.0.4,identical,0,0,0,0,0,False,,
de.medizininformatikinitiative.kerndatensatz.biobank,biobank,https://www.medizininformatik-initiative.de/fhir/ext/modul-biobank/StructureDefinition/Substance,ProfileSubstanceAdditiv,Substance,2024.0.4,2025.0.0,identical,0,0,0,0,0,False,,
de.medizininformatikinitiative.kerndatensatz.biobank,biobank,https://www.medizininformatik-initiative.de/fhir/ext/modul-biobank/StructureDefinition/Substance,ProfileSubstanceAdditiv,Substance,2025.0.0,2025.0.1,identical,0,0,0,0,0,False,,
de.medizininformatikinitiative.kerndatensatz.biobank,biobank,https://www.medizininformatik-initiative.de/fhir/ext/modul-biobank/StructureDefinition/Substance,ProfileSubstanceAdditiv,Substance,2025.0.1,2025.0.2,identical,0,0,0,0,0,False,,
de.medizininformatikinitiative.kerndatensatz.biobank,biobank,https://www.medizininformatik-initiative.de/fhir/ext/modul-biobank/StructureDefinition/Substance,ProfileSubstanceAdditiv,Substance,2025.0.2,2025.0.3,identical,0,0,0,0,0,False,,
de.medizininformatikinitiative.kerndatensatz.biobank,biobank,https://www.medizininformatik-initiative.de/fhir/ext/modul-biobank/StructureDefinition/Substance,ProfileSubstanceAdditiv,Substance,2025.0.3,2025.0.4,identical,0,0,0,0,0,False,,
de.medizininformatikinitiative.kerndatensatz.biobank,biobank,https://www.medizininformatik-initiative.de/fhir/ext/modul-biobank/StructureDefinition/Substance,ProfileSubstanceAdditiv,Substance,2025.0.4,2026.0.0,elements-added,4,0,0,0,0,False,Substance.id|Substance.meta|Substance.meta.profile|Substance.meta.source,
de.medizininformatikinitiative.kerndatensatz.biobank,biobank,https://www.medizininformatik-initiative.de/fhir/ext/modul-biobank/StructureDefinition/Substance,ProfileSubstanceAdditiv,Substance,2026.0.0,2026.0.1,identical,0,0,0,0,0,False,,
de.medizininformatikinitiative.kerndatensatz.biobank,biobank,https://www.medizininformatik-initiative.de/fhir/ext/modul-biobank/StructureDefinition/Substance,ProfileSubstanceAdditiv,Substance,2026.0.1,2027.0.0-ballot,elements-added,1,0,0,0,0,False,Substance,
de.medizininformatikinitiative.kerndatensatz.biobank,biobank,https://www.medizininformatik-initiative.de/fhir/ext/modul-biobank/StructureDefinition/mii-pr-biobank-observation-dna-konzentration,MII_PR_Biobank_Observation_DNA_Konzentration,Observation,2026.0.0,2026.0.1,identical,0,0,0,0,0,False,,
de.medizininformatikinitiative.kerndatensatz.biobank,biobank,https://www.medizininformatik-initiative.de/fhir/ext/modul-biobank/StructureDefinition/mii-pr-biobank-observation-dna-konzentration,MII_PR_Biobank_Observation_DNA_Konzentration,Observation,2026.0.1,2027.0.0-ballot,elements-added,1,0,0,0,0,False,Observation,
de.medizininformatikinitiative.kerndatensatz.biobank,biobank,https://www.medizininformatik-initiative.de/fhir/ext/modul-biobank/StructureDefinition/mii-pr-biobank-observation-karyotyp,MII_PR_Biobank_Observation_Karyotyp,Observation,2026.0.0,2026.0.1,identical,0,0,0,0,0,False,,
de.medizininformatikinitiative.kerndatensatz.biobank,biobank,https://www.medizininformatik-initiative.de/fhir/ext/modul-biobank/StructureDefinition/mii-pr-biobank-observation-karyotyp,MII_PR_Biobank_Observation_Karyotyp,Observation,2026.0.1,2027.0.0-ballot,elements-added,1,0,0,0,0,False,Observation,
de.medizininformatikinitiative.kerndatensatz.biobank,biobank,https://www.medizininformatik-initiative.de/fhir/ext/modul-biobank/StructureDefinition/mii-pr-biobank-observation-morphologie,MII_PR_Biobank_Observation_Morphologie,Observation,2026.0.0,2026.0.1,identical,0,0,0,0,0,False,,
de.medizininformatikinitiative.kerndatensatz.biobank,biobank,https://www.medizininformatik-initiative.de/fhir/ext/modul-biobank/StructureDefinition/mii-pr-biobank-observation-morphologie,MII_PR_Biobank_Observation_Morphologie,Observation,2026.0.1,2027.0.0-ballot,elements-added,1,0,0,0,0,False,Observation,
de.medizininformatikinitiative.kerndatensatz.biobank,biobank,https://www.medizininformatik-initiative.de/fhir/ext/modul-biobank/StructureDefinition/mii-pr-biobank-observation-proliferation,MII_PR_Biobank_Observation_Proliferation,Observation,2026.0.0,2026.0.1,identical,0,0,0,0,0,False,,
de.medizininformatikinitiative.kerndatensatz.biobank,biobank,https://www.medizininformatik-initiative.de/fhir/ext/modul-biobank/StructureDefinition/mii-pr-biobank-observation-proliferation,MII_PR_Biobank_Observation_Proliferation,Observation,2026.0.1,2027.0.0-ballot,elements-added,1,0,0,0,0,False,Observation,
de.medizininformatikinitiative.kerndatensatz.biobank,biobank,https://www.medizininformatik-initiative.de/fhir/ext/modul-biobank/StructureDefinition/mii-pr-biobank-observation-qualitaetspruefung,MII_PR_Biobank_Observation_Qualitaetspruefung,Observation,2026.0.0,2026.0.1,identical,0,0,0,0,0,False,,
de.medizininformatikinitiative.kerndatensatz.biobank,biobank,https://www.medizininformatik-initiative.de/fhir/ext/modul-biobank/StructureDefinition/mii-pr-biobank-observation-qualitaetspruefung,MII_PR_Biobank_Observation_Qualitaetspruefung,Observation,2026.0.1,2027.0.0-ballot,elements-added,1,0,0,0,0,False,Observation,
de.medizininformatikinitiative.kerndatensatz.biobank,biobank,https://www.medizininformatik-initiative.de/fhir/ext/modul-biobank/StructureDefinition/mii-pr-biobank-observation-wachstumstyp,MII_PR_Biobank_Observation_Wachstumstyp,Observation,2026.0.0,2026.0.1,identical,0,0,0,0,0,False,,
de.medizininformatikinitiative.kerndatensatz.biobank,biobank,https://www.medizininformatik-initiative.de/fhir/ext/modul-biobank/StructureDefinition/mii-pr-biobank-observation-wachstumstyp,MII_PR_Biobank_Observation_Wachstumstyp,Observation,2026.0.1,2027.0.0-ballot,elements-added,1,0,0,0,0,False,Observation,
de.medizininformatikinitiative.kerndatensatz.biobank,biobank,https://www.medizininformatik-initiative.de/fhir/ext/modul-biobank/StructureDefinition/mii-pr-biobank-zellinie-organoid,MII_PR_Biobank_Specimen_Zellinie_Organoid,Specimen,2026.0.0,2026.0.1,identical,0,0,0,0,0,False,,
de.medizininformatikinitiative.kerndatensatz.biobank,biobank,https://www.medizininformatik-initiative.de/fhir/ext/modul-biobank/StructureDefinition/mii-pr-biobank-zellinie-organoid,MII_PR_Biobank_Specimen_Zellinie_Organoid,Specimen,2026.0.1,2027.0.0-ballot,elements-added,1,0,0,0,0,False,Specimen,
de.medizininformatikinitiative.kerndatensatz.consent,consent,https://www.medizininformatik-initiative.de/fhir/modul-consent/StructureDefinition/mii-pr-consent-documentreference,MII_PR_Consent_DocumentReference,DocumentReference,1.0.1,1.0.2,identical,0,0,0,0,0,False,,
de.medizininformatikinitiative.kerndatensatz.consent,consent,https://www.medizininformatik-initiative.de/fhir/modul-consent/StructureDefinition/mii-pr-consent-documentreference,MII_PR_Consent_DocumentReference,DocumentReference,1.0.2,1.0.3,identical,0,0,0,0,0,False,,
de.medizininformatikinitiative.kerndatensatz.consent,consent,https://www.medizininformatik-initiative.de/fhir/modul-consent/StructureDefinition/mii-pr-consent-documentreference,MII_PR_Consent_DocumentReference,DocumentReference,1.0.3,1.0.4,identical,0,0,0,0,0,False,,
de.medizininformatikinitiative.kerndatensatz.consent,consent,https://www.medizininformatik-initiative.de/fhir/modul-consent/StructureDefinition/mii-pr-consent-documentreference,MII_PR_Consent_DocumentReference,DocumentReference,1.0.4,1.0.5,identical,0,0,0,0,0,False,,
de.medizininformatikinitiative.kerndatensatz.consent,consent,https://www.medizininformatik-initiative.de/fhir/modul-consent/StructureDefinition/mii-pr-consent-documentreference,MII_PR_Consent_DocumentReference,DocumentReference,1.0.5,1.0.6,identical,0,0,0,0,0,False,,
de.medizininformatikinitiative.kerndatensatz.consent,consent,https://www.medizininformatik-initiative.de/fhir/modul-consent/StructureDefinition/mii-pr-consent-documentreference,MII_PR_Consent_DocumentReference,DocumentReference,1.0.6,1.0.7,identical,0,0,0,0,0,False,,
de.medizininformatikinitiative.kerndatensatz.consent,consent,https://www.medizininformatik-initiative.de/fhir/modul-consent/StructureDefinition/mii-pr-consent-documentreference,MII_PR_Consent_DocumentReference,DocumentReference,1.0.7,2025.0.0,identical,0,0,0,0,0,False,,
de.medizininformatikinitiative.kerndatensatz.consent,consent,https://www.medizininformatik-initiative.de/fhir/modul-consent/StructureDefinition/mii-pr-consent-documentreference,MII_PR_Consent_DocumentReference,DocumentReference,2025.0.0,2025.0.1,identical,0,0,0,0,0,False,,
de.medizininformatikinitiative.kerndatensatz.consent,consent,https://www.medizininformatik-initiative.de/fhir/modul-consent/StructureDefinition/mii-pr-consent-documentreference,MII_PR_Consent_DocumentReference,DocumentReference,2025.0.1,2025.0.2,identical,0,0,0,0,0,False,,
de.medizininformatikinitiative.kerndatensatz.consent,consent,https://www.medizininformatik-initiative.de/fhir/modul-consent/StructureDefinition/mii-pr-consent-documentreference,MII_PR_Consent_DocumentReference,DocumentReference,2025.0.2,2025.0.3,identical,0,0,0,0,0,False,,
de.medizininformatikinitiative.kerndatensatz.consent,consent,https://www.medizininformatik-initiative.de/fhir/modul-consent/StructureDefinition/mii-pr-consent-documentreference,MII_PR_Consent_DocumentReference,DocumentReference,2025.0.3,2025.0.4,identical,0,0,0,0,0,False,,
de.medizininformatikinitiative.kerndatensatz.consent,consent,https://www.medizininformatik-initiative.de/fhir/modul-consent/StructureDefinition/mii-pr-consent-documentreference,MII_PR_Consent_DocumentReference,DocumentReference,2025.0.4,2026.0.0,identical,0,0,0,0,0,False,,
de.medizininformatikinitiative.kerndatensatz.consent,consent,https://www.medizininformatik-initiative.de/fhir/modul-consent/StructureDefinition/mii-pr-consent-documentreference,MII_PR_Consent_DocumentReference,DocumentReference,2026.0.0,2027.0.0-ballot,elements-added,1,0,0,0,0,False,DocumentReference,
de.medizininformatikinitiative.kerndatensatz.consent,consent,https://www.medizininformatik-initiative.de/fhir/modul-consent/StructureDefinition/mii-pr-consent-einwilligung,MII_PR_Consent_Einwilligung,Consent,1.0.1,1.0.2,identical,0,0,0,0,0,False,,
de.medizininformatikinitiative.kerndatensatz.consent,consent,https://www.medizininformatik-initiative.de/fhir/modul-consent/StructureDefinition/mii-pr-consent-einwilligung,MII_PR_Consent_Einwilligung,Consent,1.0.2,1.0.3,identical,0,0,0,0,0,False,,
de.medizininformatikinitiative.kerndatensatz.consent,consent,https://www.medizininformatik-initiative.de/fhir/modul-consent/StructureDefinition/mii-pr-consent-einwilligung,MII_PR_Consent_Einwilligung,Consent,1.0.3,1.0.4,identical,0,0,0,0,0,False,,
de.medizininformatikinitiative.kerndatensatz.consent,consent,https://www.medizininformatik-initiative.de/fhir/modul-consent/StructureDefinition/mii-pr-consent-einwilligung,MII_PR_Consent_Einwilligung,Consent,1.0.4,1.0.5,identical,0,0,0,0,0,False,,
de.medizininformatikinitiative.kerndatensatz.consent,consent,https://www.medizininformatik-initiative.de/fhir/modul-consent/StructureDefinition/mii-pr-consent-einwilligung,MII_PR_Consent_Einwilligung,Consent,1.0.5,1.0.6,identical,0,0,0,0,0,False,,
de.medizininformatikinitiative.kerndatensatz.consent,consent,https://www.medizininformatik-initiative.de/fhir/modul-consent/StructureDefinition/mii-pr-consent-einwilligung,MII_PR_Consent_Einwilligung,Consent,1.0.6,1.0.7,identical,0,0,0,0,0,False,,
de.medizininformatikinitiative.kerndatensatz.consent,consent,https://www.medizininformatik-initiative.de/fhir/modul-consent/StructureDefinition/mii-pr-consent-einwilligung,MII_PR_Consent_Einwilligung,Consent,1.0.7,2025.0.0,modified,0,0,1,0,0,False,,
de.medizininformatikinitiative.kerndatensatz.consent,consent,https://www.medizininformatik-initiative.de/fhir/modul-consent/StructureDefinition/mii-pr-consent-einwilligung,MII_PR_Consent_Einwilligung,Consent,2025.0.0,2025.0.1,identical,0,0,0,0,0,False,,
de.medizininformatikinitiative.kerndatensatz.consent,consent,https://www.medizininformatik-initiative.de/fhir/modul-consent/StructureDefinition/mii-pr-consent-einwilligung,MII_PR_Consent_Einwilligung,Consent,2025.0.1,2025.0.2,identical,0,0,0,0,0,False,,
de.medizininformatikinitiative.kerndatensatz.consent,consent,https://www.medizininformatik-initiative.de/fhir/modul-consent/StructureDefinition/mii-pr-consent-einwilligung,MII_PR_Consent_Einwilligung,Consent,2025.0.2,2025.0.3,identical,0,0,0,0,0,False,,
de.medizininformatikinitiative.kerndatensatz.consent,consent,https://www.medizininformatik-initiative.de/fhir/modul-consent/StructureDefinition/mii-pr-consent-einwilligung,MII_PR_Consent_Einwilligung,Consent,2025.0.3,2025.0.4,identical,0,0,0,0,0,False,,
de.medizininformatikinitiative.kerndatensatz.consent,consent,https://www.medizininformatik-initiative.de/fhir/modul-consent/StructureDefinition/mii-pr-consent-einwilligung,MII_PR_Consent_Einwilligung,Consent,2025.0.4,2026.0.0,modified,0,0,2,0,0,False,,
de.medizininformatikinitiative.kerndatensatz.consent,consent,https://www.medizininformatik-initiative.de/fhir/modul-consent/StructureDefinition/mii-pr-consent-einwilligung,MII_PR_Consent_Einwilligung,Consent,2026.0.0,2027.0.0-ballot,mixed,13,16,10,0,7,True,Consent|Consent.category:consentCategory|Consent.category:consentCategory.coding|Consent.category:consentCategory.coding.code|Consent.category:consentCategory.coding.system|Consent.category:resultType|Consent.category:resultType.coding|Consent.category:resultType.coding.code|Consent.category:resultType.coding.system|Consent.category:templateType|Consent.category:templateType.coding|Consent.category:templateType.coding.code|Consent.category:templateType.coding.system,Consent.category:loinc|Consent.category:loinc.coding|Consent.category:loinc.coding.code|Consent.category:loinc.coding.system|Consent.extension|Consent.extension:domainReference|Consent.extension:domainReference.extension|Consent.extension:domainReference.extension:domain|Consent.organization|Consent.patient|Consent.policyRule|Consent.policyRule.extension|Consent.policyRule.extension:xacml|Consent.provision|Consent.scope|Consent.source[x]
de.medizininformatikinitiative.kerndatensatz.consent,consent,https://www.medizininformatik-initiative.de/fhir/modul-consent/StructureDefinition/mii-pr-consent-provenance,MII_PR_Consent_Provenance,Provenance,1.0.1,1.0.2,identical,0,0,0,0,0,False,,
de.medizininformatikinitiative.kerndatensatz.consent,consent,https://www.medizininformatik-initiative.de/fhir/modul-consent/StructureDefinition/mii-pr-consent-provenance,MII_PR_Consent_Provenance,Provenance,1.0.2,1.0.3,identical,0,0,0,0,0,False,,
de.medizininformatikinitiative.kerndatensatz.consent,consent,https://www.medizininformatik-initiative.de/fhir/modul-consent/StructureDefinition/mii-pr-consent-provenance,MII_PR_Consent_Provenance,Provenance,1.0.3,1.0.4,identical,0,0,0,0,0,False,,
de.medizininformatikinitiative.kerndatensatz.consent,consent,https://www.medizininformatik-initiative.de/fhir/modul-consent/StructureDefinition/mii-pr-consent-provenance,MII_PR_Consent_Provenance,Provenance,1.0.4,1.0.5,identical,0,0,0,0,0,False,,
de.medizininformatikinitiative.kerndatensatz.consent,consent,https://www.medizininformatik-initiative.de/fhir/modul-consent/StructureDefinition/mii-pr-consent-provenance,MII_PR_Consent_Provenance,Provenance,1.0.5,1.0.6,identical,0,0,0,0,0,False,,
de.medizininformatikinitiative.kerndatensatz.consent,consent,https://www.medizininformatik-initiative.de/fhir/modul-consent/StructureDefinition/mii-pr-consent-provenance,MII_PR_Consent_Provenance,Provenance,1.0.6,1.0.7,identical,0,0,0,0,0,False,,
de.medizininformatikinitiative.kerndatensatz.consent,consent,https://www.medizininformatik-initiative.de/fhir/modul-consent/StructureDefinition/mii-pr-consent-provenance,MII_PR_Consent_Provenance,Provenance,1.0.7,2025.0.0,identical,0,0,0,0,0,False,,
de.medizininformatikinitiative.kerndatensatz.consent,consent,https://www.medizininformatik-initiative.de/fhir/modul-consent/StructureDefinition/mii-pr-consent-provenance,MII_PR_Consent_Provenance,Provenance,2025.0.0,2025.0.1,identical,0,0,0,0,0,False,,
de.medizininformatikinitiative.kerndatensatz.consent,consent,https://www.medizininformatik-initiative.de/fhir/modul-consent/StructureDefinition/mii-pr-consent-provenance,MII_PR_Consent_Provenance,Provenance,2025.0.1,2025.0.2,identical,0,0,0,0,0,False,,
de.medizininformatikinitiative.kerndatensatz.consent,consent,https://www.medizininformatik-initiative.de/fhir/modul-consent/StructureDefinition/mii-pr-consent-provenance,MII_PR_Consent_Provenance,Provenance,2025.0.2,2025.0.3,identical,0,0,0,0,0,False,,
de.medizininformatikinitiative.kerndatensatz.consent,consent,https://www.medizininformatik-initiative.de/fhir/modul-consent/StructureDefinition/mii-pr-consent-provenance,MII_PR_Consent_Provenance,Provenance,2025.0.3,2025.0.4,identical,0,0,0,0,0,False,,
de.medizininformatikinitiative.kerndatensatz.consent,consent,https://www.medizininformatik-initiative.de/fhir/modul-consent/StructureDefinition/mii-pr-consent-provenance,MII_PR_Consent_Provenance,Provenance,2025.0.4,2026.0.0,identical,0,0,0,0,0,False,,
de.medizininformatikinitiative.kerndatensatz.consent,consent,https://www.medizininformatik-initiative.de/fhir/modul-consent/StructureDefinition/mii-pr-consent-provenance,MII_PR_Consent_Provenance,Provenance,2026.0.0,2027.0.0-ballot,elements-added,1,0,0,0,0,False,Provenance,
de.medizininformatikinitiative.kerndatensatz.diagnose,diagnose,https://www.medizininformatik-initiative.de/fhir/core/StructureDefinition/Diagnose,Diagnose,Condition,0.9.0,0.9.1,identical,0,0,0,0,0,False,,
de.medizininformatikinitiative.kerndatensatz.diagnose,diagnose,https://www.medizininformatik-initiative.de/fhir/core/StructureDefinition/Diagnose,Diagnose,Condition,0.9.1,0.9.2,canonical-only,0,0,0,0,0,False,,
de.medizininformatikinitiative.kerndatensatz.diagnose,diagnose,https://www.medizininformatik-initiative.de/fhir/core/modul-diagnose/StructureDefinition/Diagnose,Diagnose,Condition,0.9.3,0.9.4,modified,0,0,2,0,0,False,,
de.medizininformatikinitiative.kerndatensatz.diagnose,diagnose,https://www.medizininformatik-initiative.de/fhir/core/modul-diagnose/StructureDefinition/Diagnose,Diagnose,Condition,0.9.4,0.9.5,identical,0,0,0,0,0,False,,
de.medizininformatikinitiative.kerndatensatz.diagnose,diagnose,https://www.medizininformatik-initiative.de/fhir/core/modul-diagnose/StructureDefinition/Diagnose,Diagnose,Condition,0.9.5,0.9.6,mixed,2,2,0,0,0,True,Condition.onset[x]:onsetPeriod.end.extension:lebensphase-bis|Condition.onset[x]:onsetPeriod.start.extension:lebensphase-von,Condition.onset[x]:onsetPeriod.end.extension:lebensphase-ende|Condition.onset[x]:onsetPeriod.start.extension:lebensphase-start
de.medizininformatikinitiative.kerndatensatz.diagnose,diagnose,https://www.medizininformatik-initiative.de/fhir/core/modul-diagnose/StructureDefinition/Diagnose,Diagnose,Condition,0.9.6,1.0.0,elements-removed,0,1,0,0,0,True,,Condition.encounter
de.medizininformatikinitiative.kerndatensatz.diagnose,diagnose,https://www.medizininformatik-initiative.de/fhir/core/modul-diagnose/StructureDefinition/Diagnose,Diagnose,Condition,1.0.0,1.0.1,canonical-only,0,0,0,0,0,False,,
de.medizininformatikinitiative.kerndatensatz.diagnose,diagnose,https://www.medizininformatik-initiative.de/fhir/core/modul-diagnose/StructureDefinition/Diagnose,Diagnose,Condition,1.0.1,1.0.2,canonical-only,0,0,0,0,0,False,,
de.medizininformatikinitiative.kerndatensatz.diagnose,diagnose,https://www.medizininformatik-initiative.de/fhir/core/modul-diagnose/StructureDefinition/Diagnose,Diagnose,Condition,1.0.2,1.0.3,identical,0,0,0,0,0,False,,
de.medizininformatikinitiative.kerndatensatz.diagnose,diagnose,https://www.medizininformatik-initiative.de/fhir/core/modul-diagnose/StructureDefinition/Diagnose,Diagnose,Condition,1.0.3,1.0.4,identical,0,0,0,0,0,False,,
de.medizininformatikinitiative.kerndatensatz.diagnose,diagnose,https://www.medizininformatik-initiative.de/fhir/core/modul-diagnose/StructureDefinition/Diagnose,Diagnose,Condition,1.0.4,2024.0.0,mixed,16,9,17,2,0,True,Condition.bodySite.coding:icd-o-3|Condition.bodySite.coding:icd-o-3.code|Condition.bodySite.coding:icd-o-3.system|Condition.bodySite.coding:snomed-ct.version|Condition.code.coding.code|Condition.code.coding:icd-o-3|Condition.code.coding:icd-o-3.code|Condition.code.coding:icd-o-3.system|Condition.code.coding:icd-o-3.version|Condition.code.coding:sct.version|Condition.code.text|Condition.encounter|Condition.extension:Feststellungsdatum|Condition.extension:ReferenzPrimaerdiagnose|Condition.onset[x]:onsetPeriod.end.extension:lebensphase-bis.value[x]:valueCodeableConcept|Condition.onset[x]:onsetPeriod.start.extension:lebensphase-von.value[x]:valueCodeableConcept,Condition|Condition.code.coding:icd10-gm.extension|Condition.code.coding:icd10-gm.extension:AusrufezeichenCode|Condition.code.coding:icd10-gm.extension:Diagnosesicherheit|Condition.code.coding:icd10-gm.extension:ManifestationsCode|Condition.code.coding:icd10-gm.extension:Primaercode|Condition.code.coding:icd10-gm.extension:Seitenlokalisation|Condition.onset[x]:onsetPeriod.end.extension|Condition.onset[x]:onsetPeriod.start.extension
de.medizininformatikinitiative.kerndatensatz.diagnose,diagnose,https://www.medizininformatik-initiative.de/fhir/core/modul-diagnose/StructureDefinition/Diagnose,Diagnose,Condition,2024.0.0,2025.0.0,mixed,3,9,4,0,0,True,Condition.onset[x]:onsetPeriod.end.extension:lebensphase-bis.value[x]|Condition.onset[x]:onsetPeriod.start.extension:lebensphase-von.value[x]|Condition.verificationStatus,Condition.bodySite.coding:icd-o-3|Condition.bodySite.coding:icd-o-3.code|Condition.bodySite.coding:icd-o-3.system|Condition.code.coding:icd-o-3|Condition.code.coding:icd-o-3.code|Condition.code.coding:icd-o-3.system|Condition.code.coding:icd-o-3.version|Condition.onset[x]:onsetPeriod.end.extension:lebensphase-bis.value[x]:valueCodeableConcept|Condition.onset[x]:onsetPeriod.start.extension:lebensphase-von.value[x]:valueCodeableConcept
de.medizininformatikinitiative.kerndatensatz.diagnose,diagnose,https://www.medizininformatik-initiative.de/fhir/core/modul-diagnose/StructureDefinition/Diagnose,Diagnose,Condition,2025.0.0,2025.0.1,mixed,2,0,3,0,0,False,Condition.onset[x]:onsetAge|Condition.onset[x]:onsetAge.extension:Lebensphase-Beginn,
de.medizininformatikinitiative.kerndatensatz.dokument,dokument,https://www.medizininformatik-initiative.de/fhir/ext/modul-dokument/StructureDefinition/mii-pr-dokument-dokument,MII_PR_Dokument_Dokument,DocumentReference,2026.0.0,2026.0.1,elements-added,1,0,0,0,0,False,DocumentReference.extension,
de.medizininformatikinitiative.kerndatensatz.dokument,dokument,https://www.medizininformatik-initiative.de/fhir/ext/modul-dokument/StructureDefinition/mii-pr-dokument-dokument,MII_PR_Dokument_Dokument,DocumentReference,2026.0.1,2027.0.0-ballot.2,elements-added,1,0,0,0,0,False,DocumentReference,
de.medizininformatikinitiative.kerndatensatz.fall,fall,https://www.medizininformatik-initiative.de/fhir/core/StructureDefinition/Account/Abrechnungsfall,Abrechnungsfall,Account,0.9.0,0.9.1,identical,0,0,0,0,0,False,,
de.medizininformatikinitiative.kerndatensatz.fall,fall,https://www.medizininformatik-initiative.de/fhir/core/StructureDefinition/Encounter/Abteilungsfall,Abteilungsfall,Encounter,0.9.0,0.9.1,identical,0,0,0,0,0,False,,
de.medizininformatikinitiative.kerndatensatz.fall,fall,https://www.medizininformatik-initiative.de/fhir/core/StructureDefinition/Encounter/Versorgungsfall,Versorgungsfall,Encounter,0.9.0,0.9.1,identical,0,0,0,0,0,False,,
de.medizininformatikinitiative.kerndatensatz.fall,fall,https://www.medizininformatik-initiative.de/fhir/core/StructureDefinition/Encounter/Verwaltungsfall,Verwaltungsfall,Encounter,0.9.0,0.9.1,identical,0,0,0,0,0,False,,
de.medizininformatikinitiative.kerndatensatz.fall,fall,https://www.medizininformatik-initiative.de/fhir/core/modul-fall/StructureDefinition/KontaktGesundheitseinrichtung,KontaktGesundheitseinrichtung,Encounter,0.9.2,0.9.3,identical,0,0,0,0,0,False,,
de.medizininformatikinitiative.kerndatensatz.fall,fall,https://www.medizininformatik-initiative.de/fhir/core/modul-fall/StructureDefinition/KontaktGesundheitseinrichtung,KontaktGesundheitseinrichtung,Encounter,0.9.3,0.9.4,canonical-only,0,0,0,0,0,False,,
de.medizininformatikinitiative.kerndatensatz.fall,fall,https://www.medizininformatik-initiative.de/fhir/core/modul-fall/StructureDefinition/KontaktGesundheitseinrichtung,KontaktGesundheitseinrichtung,Encounter,0.9.4,1.0.0,identical,0,0,0,0,0,False,,
de.medizininformatikinitiative.kerndatensatz.fall,fall,https://www.medizininformatik-initiative.de/fhir/core/modul-fall/StructureDefinition/KontaktGesundheitseinrichtung,KontaktGesundheitseinrichtung,Encounter,1.0.0,1.0.1,identical,0,0,0,0,0,False,,
de.medizininformatikinitiative.kerndatensatz.fall,fall,https://www.medizininformatik-initiative.de/fhir/core/modul-fall/StructureDefinition/KontaktGesundheitseinrichtung,KontaktGesundheitseinrichtung,Encounter,1.0.1,2024.0.0,mixed,40,24,5,0,0,True,Encounter.diagnosis.use.coding|Encounter.diagnosis.use.coding:DiagnosesubTyp|Encounter.diagnosis.use.coding:Diagnosetyp|Encounter.extension:Aufnahmegrund|Encounter.extension:Aufnahmegrund.extension:DritteStelle|Encounter.extension:Aufnahmegrund.extension:ErsteUndZweiteStelle|Encounter.extension:Aufnahmegrund.extension:VierteStelle|Encounter.hospitalization.dischargeDisposition.extension:Entlassungsgrund|Encounter.identifier:Aufnahmenummer|Encounter.identifier:Aufnahmenummer.system|Encounter.identifier:Aufnahmenummer.type|Encounter.identifier:Aufnahmenummer.type.coding|Encounter.identifier:Aufnahmenummer.type.coding:vn-type|Encounter.identifier:Aufnahmenummer.type.coding:vn-type.code|Encounter.identifier:Aufnahmenummer.type.coding:vn-type.system|Encounter.identifier:Aufnahmenummer.value|Encounter.location.physicalType|Encounter.location:Bett|Encounter.location:Bett.location|Encounter.location:Bett.location.display|Encounter.location:Bett.location.identifier|Encounter.location:Bett.physicalType|Encounter.location:Station|Encounter.location:Station.location|Encounter.location:Station.location.display|Encounter.location:Station.location.identifier|Encounter.location:Station.physicalType|Encounter.location:Zimmer|Encounter.location:Zimmer.location|Encounter.location:Zimmer.location.display|Encounter.location:Zimmer.location.identifier|Encounter.location:Zimmer.physicalType|Encounter.serviceType.coding:ErweiterterFachabteilungsschluessel|Encounter.serviceType.coding:ErweiterterFachabteilungsschluessel.code|Encounter.serviceType.coding:ErweiterterFachabteilungsschluessel.system|Encounter.serviceType.coding:Fachabteilungsschluessel|Encounter.serviceType.coding:Fachabteilungsschluessel.code|Encounter.serviceType.coding:Fachabteilungsschluessel.system|Encounter.type:KontaktArt|Encounter.type:Kontaktebene,Encounter.hospitalization.admitSource.coding|Encounter.hospitalization.admitSource.coding:aufnahmeanlass|Encounter.hospitalization.admitSource.coding:aufnahmeanlass.code|Encounter.hospitalization.admitSource.coding:aufnahmeanlass.system|Encounter.hospitalization.dischargeDisposition.coding|Encounter.hospitalization.dischargeDisposition.coding:entlassungsgrund|Encounter.hospitalization.dischargeDisposition.coding:entlassungsgrund.code|Encounter.hospitalization.dischargeDisposition.coding:entlassungsgrund.system|Encounter.identifier:aufnahmenummer|Encounter.identifier:aufnahmenummer.system|Encounter.identifier:aufnahmenummer.type|Encounter.identifier:aufnahmenummer.type.coding|Encounter.identifier:aufnahmenummer.type.coding:vn-type|Encounter.identifier:aufnahmenummer.type.coding:vn-type.code|Encounter.identifier:aufnahmenummer.type.coding:vn-type.system|Encounter.identifier:aufnahmenummer.value|Encounter.reasonCode.coding|Encounter.reasonCode.coding:aufnahmegrund|Encounter.reasonCode.coding:aufnahmegrund.code|Encounter.reasonCode.coding:aufnahmegrund.system|Encounter.serviceType.coding:fachabteilungsschluessel|Encounter.serviceType.coding:fachabteilungsschluessel.code|Encounter.serviceType.coding:fachabteilungsschluessel.system|Encounter.type:kontaktebene
de.medizininformatikinitiative.kerndatensatz.fall,fall,https://www.medizininformatik-initiative.de/fhir/core/modul-fall/StructureDefinition/KontaktGesundheitseinrichtung,KontaktGesundheitseinrichtung,Encounter,2024.0.0,2024.0.1,identical,0,0,0,0,0,False,,
de.medizininformatikinitiative.kerndatensatz.fall,fall,https://www.medizininformatik-initiative.de/fhir/core/modul-fall/StructureDefinition/KontaktGesundheitseinrichtung,KontaktGesundheitseinrichtung,Encounter,2024.0.1,2025.0.0,mixed,2,9,10,0,8,True,Encounter.extension:plannedEndDate|Encounter.extension:plannedStartDate,Encounter.location:Bett.location|Encounter.location:Bett.location.display|Encounter.location:Bett.location.identifier|Encounter.location:Station.location|Encounter.location:Station.location.display|Encounter.location:Station.location.identifier|Encounter.location:Zimmer.location|Encounter.location:Zimmer.location.display|Encounter.location:Zimmer.location.identifier
de.medizininformatikinitiative.kerndatensatz.fall,fall,https://www.medizininformatik-initiative.de/fhir/core/modul-fall/StructureDefinition/KontaktGesundheitseinrichtung,KontaktGesundheitseinrichtung,Encounter,2025.0.0,2025.0.1,elements-added,3,0,0,0,0,False,Encounter.location:Bett.status|Encounter.location:Station.status|Encounter.location:Zimmer.status,
de.medizininformatikinitiative.kerndatensatz.icu,icu,https://www.medizininformatik-initiative.de/fhir/ext/modul-icu/StructureDefinition/arterieller-blutdruck,SD_MII_ICU_Arterieller_Blutdruck,Observation,2025.0.0,2025.0.1,identical,0,0,0,0,0,False,,
de.medizininformatikinitiative.kerndatensatz.icu,icu,https://www.medizininformatik-initiative.de/fhir/ext/modul-icu/StructureDefinition/arterieller-blutdruck,SD_MII_ICU_Arterieller_Blutdruck,Observation,2025.0.1,2025.0.2,identical,0,0,0,0,0,False,,
de.medizininformatikinitiative.kerndatensatz.icu,icu,https://www.medizininformatik-initiative.de/fhir/ext/modul-icu/StructureDefinition/arterieller-blutdruck,SD_MII_ICU_Arterieller_Blutdruck,Observation,2025.0.2,2025.0.3,identical,0,0,0,0,0,False,,
de.medizininformatikinitiative.kerndatensatz.icu,icu,https://www.medizininformatik-initiative.de/fhir/ext/modul-icu/StructureDefinition/arterieller-blutdruck,SD_MII_ICU_Arterieller_Blutdruck,Observation,2025.0.3,2025.0.4,identical,0,0,0,0,0,False,,
de.medizininformatikinitiative.kerndatensatz.icu,icu,https://www.medizininformatik-initiative.de/fhir/ext/modul-icu/StructureDefinition/arterieller-druck,SD_MII_ICU_Arterieller_Druck,Observation,1.0.0,2025.0.0,mixed,2,0,1,0,0,True,Observation.code.coding:IEEE-11073|Observation.code.coding:loinc,
de.medizininformatikinitiative.kerndatensatz.icu,icu,https://www.medizininformatik-initiative.de/fhir/ext/modul-icu/StructureDefinition/arterieller-druck,SD_MII_ICU_Arterieller_Druck,Observation,2025.0.0,2025.0.1,identical,0,0,0,0,0,False,,
de.medizininformatikinitiative.kerndatensatz.icu,icu,https://www.medizininformatik-initiative.de/fhir/ext/modul-icu/StructureDefinition/arterieller-druck,SD_MII_ICU_Arterieller_Druck,Observation,2025.0.1,2025.0.2,identical,0,0,0,0,0,False,,
de.medizininformatikinitiative.kerndatensatz.icu,icu,https://www.medizininformatik-initiative.de/fhir/ext/modul-icu/StructureDefinition/arterieller-druck,SD_MII_ICU_Arterieller_Druck,Observation,2025.0.2,2025.0.3,identical,0,0,0,0,0,False,,
de.medizininformatikinitiative.kerndatensatz.icu,icu,https://www.medizininformatik-initiative.de/fhir/ext/modul-icu/StructureDefinition/arterieller-druck,SD_MII_ICU_Arterieller_Druck,Observation,2025.0.3,2025.0.4,identical,0,0,0,0,0,False,,
de.medizininformatikinitiative.kerndatensatz.icu,icu,https://www.medizininformatik-initiative.de/fhir/ext/modul-icu/StructureDefinition/atemfrequenz,SD_MII_ICU_Atemfrequenz,Observation,1.0.0,2025.0.0,mixed,1,7,5,0,0,True,Observation.code.coding:snomed,Observation.category:vs-cat|Observation.category:vs-cat.coding|Observation.category:vs-cat.coding.code|Observation.category:vs-cat.coding.system|Observation.code.coding:sct|Observation.code.coding:sct.code|Observation.code.coding:sct.system
de.medizininformatikinitiative.kerndatensatz.icu,icu,https://www.medizininformatik-initiative.de/fhir/ext/modul-icu/StructureDefinition/atemfrequenz,SD_MII_ICU_Atemfrequenz,Observation,2025.0.0,2025.0.1,identical,0,0,0,0,0,False,,
de.medizininformatikinitiative.kerndatensatz.icu,icu,https://www.medizininformatik-initiative.de/fhir/ext/modul-icu/StructureDefinition/atemfrequenz,SD_MII_ICU_Atemfrequenz,Observation,2025.0.1,2025.0.2,canonical-only,0,0,0,0,0,False,,
de.medizininformatikinitiative.kerndatensatz.icu,icu,https://www.medizininformatik-initiative.de/fhir/ext/modul-icu/StructureDefinition/atemfrequenz,SD_MII_ICU_Atemfrequenz,Observation,2025.0.2,2025.0.3,identical,0,0,0,0,0,False,,
de.medizininformatikinitiative.kerndatensatz.icu,icu,https://www.medizininformatik-initiative.de/fhir/ext/modul-icu/StructureDefinition/atemfrequenz,SD_MII_ICU_Atemfrequenz,Observation,2025.0.3,2025.0.4,identical,0,0,0,0,0,False,,
de.medizininformatikinitiative.kerndatensatz.icu,icu,https://www.medizininformatik-initiative.de/fhir/ext/modul-icu/StructureDefinition/atemwegsdruck-bei-mitl-exspiratorischem-gasfluss,SD_MII_ICU_Atemwegsdruck_Bei_Mitl_Exspiratorischem_Gasfluss,Observation,2025.0.0,2025.0.1,identical,0,0,0,0,0,False,,
de.medizininformatikinitiative.kerndatensatz.icu,icu,https://www.medizininformatik-initiative.de/fhir/ext/modul-icu/StructureDefinition/atemwegsdruck-bei-mitl-exspiratorischem-gasfluss,SD_MII_ICU_Atemwegsdruck_Bei_Mitl_Exspiratorischem_Gasfluss,Observation,2025.0.1,2025.0.2,identical,0,0,0,0,0,False,,
de.medizininformatikinitiative.kerndatensatz.icu,icu,https://www.medizininformatik-initiative.de/fhir/ext/modul-icu/StructureDefinition/atemwegsdruck-bei-mitl-exspiratorischem-gasfluss,SD_MII_ICU_Atemwegsdruck_Bei_Mitl_Exspiratorischem_Gasfluss,Observation,2025.0.2,2025.0.3,identical,0,0,0,0,0,False,,
de.medizininformatikinitiative.kerndatensatz.icu,icu,https://www.medizininformatik-initiative.de/fhir/ext/modul-icu/StructureDefinition/atemwegsdruck-bei-mitl-exspiratorischem-gasfluss,SD_MII_ICU_Atemwegsdruck_Bei_Mitl_Exspiratorischem_Gasfluss,Observation,2025.0.3,2025.0.4,identical,0,0,0,0,0,False,,
de.medizininformatikinitiative.kerndatensatz.icu,icu,https://www.medizininformatik-initiative.de/fhir/ext/modul-icu/StructureDefinition/atemwegsdruck-bei-null-exspiratorischem-gasfluss,SD_MII_ICU_Atemwegsdruck_Bei_Null_Exspiratorischem_Gasfluss,Observation,2025.0.0,2025.0.1,identical,0,0,0,0,0,False,,
de.medizininformatikinitiative.kerndatensatz.icu,icu,https://www.medizininformatik-initiative.de/fhir/ext/modul-icu/StructureDefinition/atemwegsdruck-bei-null-exspiratorischem-gasfluss,SD_MII_ICU_Atemwegsdruck_Bei_Null_Exspiratorischem_Gasfluss,Observation,2025.0.1,2025.0.2,identical,0,0,0,0,0,False,,
de.medizininformatikinitiative.kerndatensatz.icu,icu,https://www.medizininformatik-initiative.de/fhir/ext/modul-icu/StructureDefinition/atemwegsdruck-bei-null-exspiratorischem-gasfluss,SD_MII_ICU_Atemwegsdruck_Bei_Null_Exspiratorischem_Gasfluss,Observation,2025.0.2,2025.0.3,identical,0,0,0,0,0,False,,
de.medizininformatikinitiative.kerndatensatz.icu,icu,https://www.medizininformatik-initiative.de/fhir/ext/modul-icu/StructureDefinition/atemwegsdruck-bei-null-exspiratorischem-gasfluss,SD_MII_ICU_Atemwegsdruck_Bei_Null_Exspiratorischem_Gasfluss,Observation,2025.0.3,2025.0.4,identical,0,0,0,0,0,False,,
de.medizininformatikinitiative.kerndatensatz.icu,icu,https://www.medizininformatik-initiative.de/fhir/ext/modul-icu/StructureDefinition/atemzugvolumen-einstellung,SD_MII_ICU_Atemzugvolumen_Einstellung,Observation,1.0.0,2025.0.0,mixed,2,4,4,0,1,True,Observation.code.coding|Observation.value[x],Observation.value[x]:valueQuantity.code|Observation.value[x]:valueQuantity.system|Observation.value[x]:valueQuantity.unit|Observation.value[x]:valueQuantity.value
de.medizininformatikinitiative.kerndatensatz.icu,icu,https://www.medizininformatik-initiative.de/fhir/ext/modul-icu/StructureDefinition/atemzugvolumen-einstellung,SD_MII_ICU_Atemzugvolumen_Einstellung,Observation,2025.0.0,2025.0.1,identical,0,0,0,0,0,False,,
de.medizininformatikinitiative.kerndatensatz.icu,icu,https://www.medizininformatik-initiative.de/fhir/ext/modul-icu/StructureDefinition/atemzugvolumen-einstellung,SD_MII_ICU_Atemzugvolumen_Einstellung,Observation,2025.0.1,2025.0.2,identical,0,0,0,0,0,False,,
de.medizininformatikinitiative.kerndatensatz.icu,icu,https://www.medizininformatik-initiative.de/fhir/ext/modul-icu/StructureDefinition/atemzugvolumen-einstellung,SD_MII_ICU_Atemzugvolumen_Einstellung,Observation,2025.0.2,2025.0.3,identical,0,0,0,0,0,False,,
de.medizininformatikinitiative.kerndatensatz.icu,icu,https://www.medizininformatik-initiative.de/fhir/ext/modul-icu/StructureDefinition/atemzugvolumen-einstellung,SD_MII_ICU_Atemzugvolumen_Einstellung,Observation,2025.0.3,2025.0.4,identical,0,0,0,0,0,False,,
de.medizininformatikinitiative.kerndatensatz.icu,icu,https://www.medizininformatik-initiative.de/fhir/ext/modul-icu/StructureDefinition/atemzugvolumen-waehrend-beatmung,SD_MII_ICU_Atemzugvolumen_Waehrend_Beatmung,Observation,1.0.0,2025.0.0,mixed,2,4,3,0,0,True,Observation.code.coding|Observation.value[x],Observation.value[x]:valueQuantity.code|Observation.value[x]:valueQuantity.system|Observation.value[x]:valueQuantity.unit|Observation.value[x]:valueQuantity.value
de.medizininformatikinitiative.kerndatensatz.icu,icu,https://www.medizininformatik-initiative.de/fhir/ext/modul-icu/StructureDefinition/atemzugvolumen-waehrend-beatmung,SD_MII_ICU_Atemzugvolumen_Waehrend_Beatmung,Observation,2025.0.0,2025.0.1,identical,0,0,0,0,0,False,,
de.medizininformatikinitiative.kerndatensatz.icu,icu,https://www.medizininformatik-initiative.de/fhir/ext/modul-icu/StructureDefinition/atemzugvolumen-waehrend-beatmung,SD_MII_ICU_Atemzugvolumen_Waehrend_Beatmung,Observation,2025.0.1,2025.0.2,identical,0,0,0,0,0,False,,
de.medizininformatikinitiative.kerndatensatz.icu,icu,https://www.medizininformatik-initiative.de/fhir/ext/modul-icu/StructureDefinition/atemzugvolumen-waehrend-beatmung,SD_MII_ICU_Atemzugvolumen_Waehrend_Beatmung,Observation,2025.0.2,2025.0.3,identical,0,0,0,0,0,False,,
de.medizininformatikinitiative.kerndatensatz.icu,icu,https://www.medizininformatik-initiative.de/fhir/ext/modul-icu/StructureDefinition/atemzugvolumen-waehrend-beatmung,SD_MII_ICU_Atemzugvolumen_Waehrend_Beatmung,Observation,2025.0.3,2025.0.4,identical,0,0,0,0,0,False,,
de.medizininformatikinitiative.kerndatensatz.icu,icu,https://www.medizininformatik-initiative.de/fhir/ext/modul-icu/StructureDefinition/beatmung,SD_MII_ICU_Beatmung,Procedure,1.0.0,2025.0.0,mixed,1,2,0,0,0,True,Procedure.code.coding:ops,Procedure.category.coding|Procedure.code.coding
de.medizininformatikinitiative.kerndatensatz.icu,icu,https://www.medizininformatik-initiative.de/fhir/ext/modul-icu/StructureDefinition/beatmung,SD_MII_ICU_Beatmung,Procedure,2025.0.0,2025.0.1,identical,0,0,0,0,0,False,,
de.medizininformatikinitiative.kerndatensatz.icu,icu,https://www.medizininformatik-initiative.de/fhir/ext/modul-icu/StructureDefinition/beatmung,SD_MII_ICU_Beatmung,Procedure,2025.0.1,2025.0.2,canonical-only,0,0,0,0,0,False,,
de.medizininformatikinitiative.kerndatensatz.icu,icu,https://www.medizininformatik-initiative.de/fhir/ext/modul-icu/StructureDefinition/beatmung,SD_MII_ICU_Beatmung,Procedure,2025.0.2,2025.0.3,canonical-only,0,0,0,0,0,False,,
de.medizininformatikinitiative.kerndatensatz.icu,icu,https://www.medizininformatik-initiative.de/fhir/ext/modul-icu/StructureDefinition/beatmung,SD_MII_ICU_Beatmung,Procedure,2025.0.3,2025.0.4,identical,0,0,0,0,0,False,,
de.medizininformatikinitiative.kerndatensatz.icu,icu,https://www.medizininformatik-initiative.de/fhir/ext/modul-icu/StructureDefinition/beatmungsvolumen-pro-minute-maschineller,SD_MII_ICU_Beatmungsvolumen_Pro_Minute_Maschineller,Observation,2025.0.0,2025.0.1,identical,0,0,0,0,0,False,,
de.medizininformatikinitiative.kerndatensatz.icu,icu,https://www.medizininformatik-initiative.de/fhir/ext/modul-icu/StructureDefinition/beatmungsvolumen-pro-minute-maschineller,SD_MII_ICU_Beatmungsvolumen_Pro_Minute_Maschineller,Observation,2025.0.1,2025.0.2,identical,0,0,0,0,0,False,,
de.medizininformatikinitiative.kerndatensatz.icu,icu,https://www.medizininformatik-initiative.de/fhir/ext/modul-icu/StructureDefinition/beatmungsvolumen-pro-minute-maschineller,SD_MII_ICU_Beatmungsvolumen_Pro_Minute_Maschineller,Observation,2025.0.2,2025.0.3,identical,0,0,0,0,0,False,,
de.medizininformatikinitiative.kerndatensatz.icu,icu,https://www.medizininformatik-initiative.de/fhir/ext/modul-icu/StructureDefinition/beatmungsvolumen-pro-minute-maschineller,SD_MII_ICU_Beatmungsvolumen_Pro_Minute_Maschineller,Observation,2025.0.3,2025.0.4,identical,0,0,0,0,0,False,,
de.medizininformatikinitiative.kerndatensatz.icu,icu,https://www.medizininformatik-initiative.de/fhir/ext/modul-icu/StructureDefinition/beatmungszeit-hohem-druck,SD_MII_ICU_Beatmungszeit_Hohem_Druck,Observation,1.0.0,2025.0.0,mixed,3,4,2,0,0,True,Observation.code.coding|Observation.code.coding:sct|Observation.value[x],Observation.value[x]:valueQuantity.code|Observation.value[x]:valueQuantity.system|Observation.value[x]:valueQuantity.unit|Observation.value[x]:valueQuantity.value
de.medizininformatikinitiative.kerndatensatz.icu,icu,https://www.medizininformatik-initiative.de/fhir/ext/modul-icu/StructureDefinition/beatmungszeit-hohem-druck,SD_MII_ICU_Beatmungszeit_Hohem_Druck,Observation,2025.0.0,2025.0.1,identical,0,0,0,0,0,False,,
de.medizininformatikinitiative.kerndatensatz.icu,icu,https://www.medizininformatik-initiative.de/fhir/ext/modul-icu/StructureDefinition/beatmungszeit-hohem-druck,SD_MII_ICU_Beatmungszeit_Hohem_Druck,Observation,2025.0.1,2025.0.2,identical,0,0,0,0,0,False,,
de.medizininformatikinitiative.kerndatensatz.icu,icu,https://www.medizininformatik-initiative.de/fhir/ext/modul-icu/StructureDefinition/beatmungszeit-hohem-druck,SD_MII_ICU_Beatmungszeit_Hohem_Druck,Observation,2025.0.2,2025.0.3,identical,0,0,0,0,0,False,,
de.medizininformatikinitiative.kerndatensatz.icu,icu,https://www.medizininformatik-initiative.de/fhir/ext/modul-icu/StructureDefinition/beatmungszeit-hohem-druck,SD_MII_ICU_Beatmungszeit_Hohem_Druck,Observation,2025.0.3,2025.0.4,identical,0,0,0,0,0,False,,
de.medizininformatikinitiative.kerndatensatz.icu,icu,https://www.medizininformatik-initiative.de/fhir/ext/modul-icu/StructureDefinition/beatmungszeit-niedrigem-druck,SD_MII_ICU_Beatmungszeit_Niedrigem_Druck,Observation,1.0.0,2025.0.0,mixed,2,0,2,0,0,True,Observation.code.coding|Observation.code.coding:sct,
de.medizininformatikinitiative.kerndatensatz.icu,icu,https://www.medizininformatik-initiative.de/fhir/ext/modul-icu/StructureDefinition/beatmungszeit-niedrigem-druck,SD_MII_ICU_Beatmungszeit_Niedrigem_Druck,Observation,2025.0.0,2025.0.1,identical,0,0,0,0,0,False,,
de.medizininformatikinitiative.kerndatensatz.icu,icu,https://www.medizininformatik-initiative.de/fhir/ext/modul-icu/StructureDefinition/beatmungszeit-niedrigem-druck,SD_MII_ICU_Beatmungszeit_Niedrigem_Druck,Observation,2025.0.1,2025.0.2,identical,0,0,0,0,0,False,,
de.medizininformatikinitiative.kerndatensatz.icu,icu,https://www.medizininformatik-initiative.de/fhir/ext/modul-icu/StructureDefinition/beatmungszeit-niedrigem-druck,SD_MII_ICU_Beatmungszeit_Niedrigem_Druck,Observation,2025.0.2,2025.0.3,identical,0,0,0,0,0,False,,
de.medizininformatikinitiative.kerndatensatz.icu,icu,https://www.medizininformatik-initiative.de/fhir/ext/modul-icu/StructureDefinition/beatmungszeit-niedrigem-druck,SD_MII_ICU_Beatmungszeit_Niedrigem_Druck,Observation,2025.0.3,2025.0.4,identical,0,0,0,0,0,False,,
de.medizininformatikinitiative.kerndatensatz.icu,icu,https://www.medizininformatik-initiative.de/fhir/ext/modul-icu/StructureDefinition/bilanz,SD_MII_ICU_Bilanz,Observation,2025.0.0,2025.0.1,identical,0,0,0,0,0,False,,
de.medizininformatikinitiative.kerndatensatz.icu,icu,https://www.medizininformatik-initiative.de/fhir/ext/modul-icu/StructureDefinition/bilanz,SD_MII_ICU_Bilanz,Observation,2025.0.1,2025.0.2,canonical-only,0,0,0,0,0,False,,
de.medizininformatikinitiative.kerndatensatz.icu,icu,https://www.medizininformatik-initiative.de/fhir/ext/modul-icu/StructureDefinition/bilanz,SD_MII_ICU_Bilanz,Observation,2025.0.2,2025.0.3,canonical-only,0,0,0,0,0,False,,
de.medizininformatikinitiative.kerndatensatz.icu,icu,https://www.medizininformatik-initiative.de/fhir/ext/modul-icu/StructureDefinition/bilanz,SD_MII_ICU_Bilanz,Observation,2025.0.3,2025.0.4,elements-removed,0,3,0,0,0,True,,Observation.category.coding:fixedCategoryBilanz|Observation.category.coding:fixedCategoryBilanz.code|Observation.category.coding:fixedCategoryBilanz.system
de.medizininformatikinitiative.kerndatensatz.icu,icu,https://www.medizininformatik-initiative.de/fhir/ext/modul-icu/StructureDefinition/bilanz-abnahme-haemofiltration-einzelmesswerte,SD_MII_ICU_Bilanz_Abnahme_Haemofiltration_Einzelmesswerte,Observation,2025.0.0,2025.0.1,identical,0,0,0,0,0,False,,
de.medizininformatikinitiative.kerndatensatz.icu,icu,https://www.medizininformatik-initiative.de/fhir/ext/modul-icu/StructureDefinition/bilanz-abnahme-haemofiltration-einzelmesswerte,SD_MII_ICU_Bilanz_Abnahme_Haemofiltration_Einzelmesswerte,Observation,2025.0.1,2025.0.2,canonical-only,0,0,0,0,0,False,,
de.medizininformatikinitiative.kerndatensatz.icu,icu,https://www.medizininformatik-initiative.de/fhir/ext/modul-icu/StructureDefinition/bilanz-abnahme-haemofiltration-einzelmesswerte,SD_MII_ICU_Bilanz_Abnahme_Haemofiltration_Einzelmesswerte,Observation,2025.0.2,2025.0.3,identical,0,0,0,0,0,False,,
de.medizininformatikinitiative.kerndatensatz.icu,icu,https://www.medizininformatik-initiative.de/fhir/ext/modul-icu/StructureDefinition/bilanz-abnahme-haemofiltration-einzelmesswerte,SD_MII_ICU_Bilanz_Abnahme_Haemofiltration_Einzelmesswerte,Observation,2025.0.3,2025.0.4,identical,0,0,0,0,0,False,,
de.medizininformatikinitiative.kerndatensatz.icu,icu,https://www.medizininformatik-initiative.de/fhir/ext/modul-icu/StructureDefinition/bilanz-ausfuhr-drainage-generisch,SD_MII_ICU_Bilanz_Ausfuhr_Drainage_Generisch,Observation,2025.0.0,2025.0.1,identical,0,0,0,0,0,False,,
de.medizininformatikinitiative.kerndatensatz.icu,icu,https://www.medizininformatik-initiative.de/fhir/ext/modul-icu/StructureDefinition/bilanz-ausfuhr-drainage-generisch,SD_MII_ICU_Bilanz_Ausfuhr_Drainage_Generisch,Observation,2025.0.1,2025.0.2,canonical-only,0,0,0,0,0,False,,
de.medizininformatikinitiative.kerndatensatz.icu,icu,https://www.medizininformatik-initiative.de/fhir/ext/modul-icu/StructureDefinition/bilanz-ausfuhr-drainage-generisch,SD_MII_ICU_Bilanz_Ausfuhr_Drainage_Generisch,Observation,2025.0.2,2025.0.3,identical,0,0,0,0,0,False,,
de.medizininformatikinitiative.kerndatensatz.icu,icu,https://www.medizininformatik-initiative.de/fhir/ext/modul-icu/StructureDefinition/bilanz-ausfuhr-drainage-generisch,SD_MII_ICU_Bilanz_Ausfuhr_Drainage_Generisch,Observation,2025.0.3,2025.0.4,identical,0,0,0,0,0,False,,
de.medizininformatikinitiative.kerndatensatz.icu,icu,https://www.medizininformatik-initiative.de/fhir/ext/modul-icu/StructureDefinition/bilanz-ausfuhr-drainage-op,SD_MII_ICU_Bilanz_Ausfuhr_Drainage_OP,Observation,2025.0.0,2025.0.1,identical,0,0,0,0,0,False,,
de.medizininformatikinitiative.kerndatensatz.icu,icu,https://www.medizininformatik-initiative.de/fhir/ext/modul-icu/StructureDefinition/bilanz-ausfuhr-drainage-op,SD_MII_ICU_Bilanz_Ausfuhr_Drainage_OP,Observation,2025.0.1,2025.0.2,canonical-only,0,0,0,0,0,False,,
de.medizininformatikinitiative.kerndatensatz.icu,icu,https://www.medizininformatik-initiative.de/fhir/ext/modul-icu/StructureDefinition/bilanz-ausfuhr-drainage-op,SD_MII_ICU_Bilanz_Ausfuhr_Drainage_OP,Observation,2025.0.2,2025.0.3,identical,0,0,0,0,0,False,,
de.medizininformatikinitiative.kerndatensatz.icu,icu,https://www.medizininformatik-initiative.de/fhir/ext/modul-icu/StructureDefinition/bilanz-ausfuhr-drainage-op,SD_MII_ICU_Bilanz_Ausfuhr_Drainage_OP,Observation,2025.0.3,2025.0.4,identical,0,0,0,0,0,False,,
de.medizininformatikinitiative.kerndatensatz.icu,icu,https://www.medizininformatik-initiative.de/fhir/ext/modul-icu/StructureDefinition/bilanz-ausfuhr-drainage-wund,SD_MII_ICU_Bilanz_Ausfuhr_Drainage_Wund,Observation,2025.0.0,2025.0.1,identical,0,0,0,0,0,False,,
de.medizininformatikinitiative.kerndatensatz.icu,icu,https://www.medizininformatik-initiative.de/fhir/ext/modul-icu/StructureDefinition/bilanz-ausfuhr-drainage-wund,SD_MII_ICU_Bilanz_Ausfuhr_Drainage_Wund,Observation,2025.0.1,2025.0.2,canonical-only,0,0,0,0,0,False,,
de.medizininformatikinitiative.kerndatensatz.icu,icu,https://www.medizininformatik-initiative.de/fhir/ext/modul-icu/StructureDefinition/bilanz-ausfuhr-drainage-wund,SD_MII_ICU_Bilanz_Ausfuhr_Drainage_Wund,Observation,2025.0.2,2025.0.3,identical,0,0,0,0,0,False,,
de.medizininformatikinitiative.kerndatensatz.icu,icu,https://www.medizininformatik-initiative.de/fhir/ext/modul-icu/StructureDefinition/bilanz-ausfuhr-drainage-wund,SD_MII_ICU_Bilanz_Ausfuhr_Drainage_Wund,Observation,2025.0.3,2025.0.4,identical,0,0,0,0,0,False,,
de.medizininformatikinitiative.kerndatensatz.icu,icu,https://www.medizininformatik-initiative.de/fhir/ext/modul-icu/StructureDefinition/bilanz-ausfuhr-fluessigkeit-gesamt,SD_MII_ICU_Bilanz_Ausfuhr_Fluessigkeit_Gesamt,Observation,2025.0.0,2025.0.1,identical,0,0,0,0,0,False,,
de.medizininformatikinitiative.kerndatensatz.icu,icu,https://www.medizininformatik-initiative.de/fhir/ext/modul-icu/StructureDefinition/bilanz-ausfuhr-fluessigkeit-gesamt,SD_MII_ICU_Bilanz_Ausfuhr_Fluessigkeit_Gesamt,Observation,2025.0.1,2025.0.2,canonical-only,0,0,0,0,0,False,,
de.medizininformatikinitiative.kerndatensatz.icu,icu,https://www.medizininformatik-initiative.de/fhir/ext/modul-icu/StructureDefinition/bilanz-ausfuhr-fluessigkeit-gesamt,SD_MII_ICU_Bilanz_Ausfuhr_Fluessigkeit_Gesamt,Observation,2025.0.2,2025.0.3,identical,0,0,0,0,0,False,,
de.medizininformatikinitiative.kerndatensatz.icu,icu,https://www.medizininformatik-initiative.de/fhir/ext/modul-icu/StructureDefinition/bilanz-ausfuhr-fluessigkeit-gesamt,SD_MII_ICU_Bilanz_Ausfuhr_Fluessigkeit_Gesamt,Observation,2025.0.3,2025.0.4,identical,0,0,0,0,0,False,,
de.medizininformatikinitiative.kerndatensatz.icu,icu,https://www.medizininformatik-initiative.de/fhir/ext/modul-icu/StructureDefinition/bilanz-ausfuhr-gallenfluessigkeit,SD_MII_ICU_Bilanz_Ausfuhr_Gallenfluessigkeit,Observation,2025.0.0,2025.0.1,identical,0,0,0,0,0,False,,
de.medizininformatikinitiative.kerndatensatz.icu,icu,https://www.medizininformatik-initiative.de/fhir/ext/modul-icu/StructureDefinition/bilanz-ausfuhr-gallenfluessigkeit,SD_MII_ICU_Bilanz_Ausfuhr_Gallenfluessigkeit,Observation,2025.0.1,2025.0.2,canonical-only,0,0,0,0,0,False,,
de.medizininformatikinitiative.kerndatensatz.icu,icu,https://www.medizininformatik-initiative.de/fhir/ext/modul-icu/StructureDefinition/bilanz-ausfuhr-gallenfluessigkeit,SD_MII_ICU_Bilanz_Ausfuhr_Gallenfluessigkeit,Observation,2025.0.2,2025.0.3,identical,0,0,0,0,0,False,,
de.medizininformatikinitiative.kerndatensatz.icu,icu,https://www.medizininformatik-initiative.de/fhir/ext/modul-icu/StructureDefinition/bilanz-ausfuhr-gallenfluessigkeit,SD_MII_ICU_Bilanz_Ausfuhr_Gallenfluessigkeit,Observation,2025.0.3,2025.0.4,identical,0,0,0,0,0,False,,
de.medizininformatikinitiative.kerndatensatz.icu,icu,https://www.medizininformatik-initiative.de/fhir/ext/modul-icu/StructureDefinition/bilanz-ausfuhr-gallengang,SD_MII_ICU_Bilanz_Ausfuhr_Gallengang,Observation,2025.0.0,2025.0.1,identical,0,0,0,0,0,False,,
de.medizininformatikinitiative.kerndatensatz.icu,icu,https://www.medizininformatik-initiative.de/fhir/ext/modul-icu/StructureDefinition/bilanz-ausfuhr-gallengang,SD_MII_ICU_Bilanz_Ausfuhr_Gallengang,Observation,2025.0.1,2025.0.2,canonical-only,0,0,0,0,0,False,,
de.medizininformatikinitiative.kerndatensatz.icu,icu,https://www.medizininformatik-initiative.de/fhir/ext/modul-icu/StructureDefinition/bilanz-ausfuhr-gallengang,SD_MII_ICU_Bilanz_Ausfuhr_Gallengang,Observation,2025.0.2,2025.0.3,identical,0,0,0,0,0,False,,
de.medizininformatikinitiative.kerndatensatz.icu,icu,https://www.medizininformatik-initiative.de/fhir/ext/modul-icu/StructureDefinition/bilanz-ausfuhr-gallengang,SD_MII_ICU_Bilanz_Ausfuhr_Gallengang,Observation,2025.0.3,2025.0.4,identical,0,0,0,0,0,False,,
de.medizininformatikinitiative.kerndatensatz.icu,icu,https://www.medizininformatik-initiative.de/fhir/ext/modul-icu/StructureDefinition/bilanz-ausfuhr-magensonde,SD_MII_ICU_Bilanz_Ausfuhr_Magensonde,Observation,2025.0.0,2025.0.1,identical,0,0,0,0,0,False,,
de.medizininformatikinitiative.kerndatensatz.icu,icu,https://www.medizininformatik-initiative.de/fhir/ext/modul-icu/StructureDefinition/bilanz-ausfuhr-magensonde,SD_MII_ICU_Bilanz_Ausfuhr_Magensonde,Observation,2025.0.1,2025.0.2,canonical-only,0,0,0,0,0,False,,
de.medizininformatikinitiative.kerndatensatz.icu,icu,https://www.medizininformatik-initiative.de/fhir/ext/modul-icu/StructureDefinition/bilanz-ausfuhr-magensonde,SD_MII_ICU_Bilanz_Ausfuhr_Magensonde,Observation,2025.0.2,2025.0.3,identical,0,0,0,0,0,False,,
de.medizininformatikinitiative.kerndatensatz.icu,icu,https://www.medizininformatik-initiative.de/fhir/ext/modul-icu/StructureDefinition/bilanz-ausfuhr-magensonde,SD_MII_ICU_Bilanz_Ausfuhr_Magensonde,Observation,2025.0.3,2025.0.4,identical,0,0,0,0,0,False,,
de.medizininformatikinitiative.kerndatensatz.icu,icu,https://www.medizininformatik-initiative.de/fhir/ext/modul-icu/StructureDefinition/bilanz-ausfuhr-opdrainage,SD_MII_ICU_Bilanz_Ausfuhr_Opdrainage,Observation,2025.0.0,2025.0.1,identical,0,0,0,0,0,False,,
de.medizininformatikinitiative.kerndatensatz.icu,icu,https://www.medizininformatik-initiative.de/fhir/ext/modul-icu/StructureDefinition/bilanz-ausfuhr-opdrainage,SD_MII_ICU_Bilanz_Ausfuhr_Opdrainage,Observation,2025.0.1,2025.0.2,canonical-only,0,0,0,0,0,False,,
de.medizininformatikinitiative.kerndatensatz.icu,icu,https://www.medizininformatik-initiative.de/fhir/ext/modul-icu/StructureDefinition/bilanz-ausfuhr-opdrainage,SD_MII_ICU_Bilanz_Ausfuhr_Opdrainage,Observation,2025.0.2,2025.0.3,identical,0,0,0,0,0,False,,
de.medizininformatikinitiative.kerndatensatz.icu,icu,https://www.medizininformatik-initiative.de/fhir/ext/modul-icu/StructureDefinition/bilanz-ausfuhr-opdrainage,SD_MII_ICU_Bilanz_Ausfuhr_Opdrainage,Observation,2025.0.3,2025.0.4,identical,0,0,0,0,0,False,,
de.medizininformatikinitiative.kerndatensatz.icu,icu,https://www.medizininformatik-initiative.de/fhir/ext/modul-icu/StructureDefinition/bilanz-ausfuhr-pankreasdrainage,SD_MII_ICU_Bilanz_Ausfuhr_Pankreasdrainage,Observation,2025.0.0,2025.0.1,identical,0,0,0,0,0,False,,
de.medizininformatikinitiative.kerndatensatz.icu,icu,https://www.medizininformatik-initiative.de/fhir/ext/modul-icu/StructureDefinition/bilanz-ausfuhr-pankreasdrainage,SD_MII_ICU_Bilanz_Ausfuhr_Pankreasdrainage,Observation,2025.0.1,2025.0.2,canonical-only,0,0,0,0,0,False,,
de.medizininformatikinitiative.kerndatensatz.icu,icu,https://www.medizininformatik-initiative.de/fhir/ext/modul-icu/StructureDefinition/bilanz-ausfuhr-pankreasdrainage,SD_MII_ICU_Bilanz_Ausfuhr_Pankreasdrainage,Observation,2025.0.2,2025.0.3,identical,0,0,0,0,0,False,,
de.medizininformatikinitiative.kerndatensatz.icu,icu,https://www.medizininformatik-initiative.de/fhir/ext/modul-icu/StructureDefinition/bilanz-ausfuhr-pankreasdrainage,SD_MII_ICU_Bilanz_Ausfuhr_Pankreasdrainage,Observation,2025.0.3,2025.0.4,identical,0,0,0,0,0,False,,
de.medizininformatikinitiative.kerndatensatz.icu,icu,https://www.medizininformatik-initiative.de/fhir/ext/modul-icu/StructureDefinition/bilanz-ausfuhr-stuhlgang,SD_MII_ICU_Bilanz_Ausfuhr_Stuhlgang,Observation,2025.0.0,2025.0.1,identical,0,0,0,0,0,False,,
de.medizininformatikinitiative.kerndatensatz.icu,icu,https://www.medizininformatik-initiative.de/fhir/ext/modul-icu/StructureDefinition/bilanz-ausfuhr-stuhlgang,SD_MII_ICU_Bilanz_Ausfuhr_Stuhlgang,Observation,2025.0.1,2025.0.2,canonical-only,0,0,0,0,0,False,,
de.medizininformatikinitiative.kerndatensatz.icu,icu,https://www.medizininformatik-initiative.de/fhir/ext/modul-icu/StructureDefinition/bilanz-ausfuhr-stuhlgang,SD_MII_ICU_Bilanz_Ausfuhr_Stuhlgang,Observation,2025.0.2,2025.0.3,identical,0,0,0,0,0,False,,
de.medizininformatikinitiative.kerndatensatz.icu,icu,https://www.medizininformatik-initiative.de/fhir/ext/modul-icu/StructureDefinition/bilanz-ausfuhr-stuhlgang,SD_MII_ICU_Bilanz_Ausfuhr_Stuhlgang,Observation,2025.0.3,2025.0.4,identical,0,0,0,0,0,False,,
de.medizininformatikinitiative.kerndatensatz.icu,icu,https://www.medizininformatik-initiative.de/fhir/ext/modul-icu/StructureDefinition/bilanz-ausfuhr-urin,SD_MII_ICU_Bilanz_Ausfuhr_Urin,Observation,2025.0.0,2025.0.1,identical,0,0,0,0,0,False,,
de.medizininformatikinitiative.kerndatensatz.icu,icu,https://www.medizininformatik-initiative.de/fhir/ext/modul-icu/StructureDefinition/bilanz-ausfuhr-urin,SD_MII_ICU_Bilanz_Ausfuhr_Urin,Observation,2025.0.1,2025.0.2,canonical-only,0,0,0,0,0,False,,
de.medizininformatikinitiative.kerndatensatz.icu,icu,https://www.medizininformatik-initiative.de/fhir/ext/modul-icu/StructureDefinition/bilanz-ausfuhr-urin,SD_MII_ICU_Bilanz_Ausfuhr_Urin,Observation,2025.0.2,2025.0.3,identical,0,0,0,0,0,False,,
de.medizininformatikinitiative.kerndatensatz.icu,icu,https://www.medizininformatik-initiative.de/fhir/ext/modul-icu/StructureDefinition/bilanz-ausfuhr-urin,SD_MII_ICU_Bilanz_Ausfuhr_Urin,Observation,2025.0.3,2025.0.4,identical,0,0,0,0,0,False,,
de.medizininformatikinitiative.kerndatensatz.icu,icu,https://www.medizininformatik-initiative.de/fhir/ext/modul-icu/StructureDefinition/bilanz-ausfuhr-wunddrainage,SD_MII_ICU_Bilanz_Ausfuhr_Wunddrainage,Observation,2025.0.0,2025.0.1,identical,0,0,0,0,0,False,,
de.medizininformatikinitiative.kerndatensatz.icu,icu,https://www.medizininformatik-initiative.de/fhir/ext/modul-icu/StructureDefinition/bilanz-ausfuhr-wunddrainage,SD_MII_ICU_Bilanz_Ausfuhr_Wunddrainage,Observation,2025.0.1,2025.0.2,canonical-only,0,0,0,0,0,False,,
de.medizininformatikinitiative.kerndatensatz.icu,icu,https://www.medizininformatik-initiative.de/fhir/ext/modul-icu/StructureDefinition/bilanz-ausfuhr-wunddrainage,SD_MII_ICU_Bilanz_Ausfuhr_Wunddrainage,Observation,2025.0.2,2025.0.3,identical,0,0,0,0,0,False,,
de.medizininformatikinitiative.kerndatensatz.icu,icu,https://www.medizininformatik-initiative.de/fhir/ext/modul-icu/StructureDefinition/bilanz-ausfuhr-wunddrainage,SD_MII_ICU_Bilanz_Ausfuhr_Wunddrainage,Observation,2025.0.3,2025.0.4,identical,0,0,0,0,0,False,,
de.medizininformatikinitiative.kerndatensatz.icu,icu,https://www.medizininformatik-initiative.de/fhir/ext/modul-icu/StructureDefinition/bilanz-blutverlust,SD_MII_ICU_Bilanz_Blutverlust,Observation,2025.0.0,2025.0.1,identical,0,0,0,0,0,False,,
de.medizininformatikinitiative.kerndatensatz.icu,icu,https://www.medizininformatik-initiative.de/fhir/ext/modul-icu/StructureDefinition/bilanz-blutverlust,SD_MII_ICU_Bilanz_Blutverlust,Observation,2025.0.1,2025.0.2,canonical-only,0,0,0,0,0,False,,
de.medizininformatikinitiative.kerndatensatz.icu,icu,https://www.medizininformatik-initiative.de/fhir/ext/modul-icu/StructureDefinition/bilanz-blutverlust,SD_MII_ICU_Bilanz_Blutverlust,Observation,2025.0.2,2025.0.3,identical,0,0,0,0,0,False,,
de.medizininformatikinitiative.kerndatensatz.icu,icu,https://www.medizininformatik-initiative.de/fhir/ext/modul-icu/StructureDefinition/bilanz-blutverlust,SD_MII_ICU_Bilanz_Blutverlust,Observation,2025.0.3,2025.0.4,identical,0,0,0,0,0,False,,
de.medizininformatikinitiative.kerndatensatz.icu,icu,https://www.medizininformatik-initiative.de/fhir/ext/modul-icu/StructureDefinition/bilanz-einfuhr-enterale-fluesse,SD_MII_ICU_Bilanz_Einfuhr_Enterale_Fluesse,Observation,2025.0.0,2025.0.1,identical,0,0,0,0,0,False,,
de.medizininformatikinitiative.kerndatensatz.icu,icu,https://www.medizininformatik-initiative.de/fhir/ext/modul-icu/StructureDefinition/bilanz-einfuhr-enterale-fluesse,SD_MII_ICU_Bilanz_Einfuhr_Enterale_Fluesse,Observation,2025.0.1,2025.0.2,canonical-only,0,0,0,0,0,False,,
de.medizininformatikinitiative.kerndatensatz.icu,icu,https://www.medizininformatik-initiative.de/fhir/ext/modul-icu/StructureDefinition/bilanz-einfuhr-enterale-fluesse,SD_MII_ICU_Bilanz_Einfuhr_Enterale_Fluesse,Observation,2025.0.2,2025.0.3,identical,0,0,0,0,0,False,,
de.medizininformatikinitiative.kerndatensatz.icu,icu,https://www.medizininformatik-initiative.de/fhir/ext/modul-icu/StructureDefinition/bilanz-einfuhr-enterale-fluesse,SD_MII_ICU_Bilanz_Einfuhr_Enterale_Fluesse,Observation,2025.0.3,2025.0.4,identical,0,0,0,0,0,False,,
de.medizininformatikinitiative.kerndatensatz.icu,icu,https://www.medizininformatik-initiative.de/fhir/ext/modul-icu/StructureDefinition/bilanz-einfuhr-enterale-fluessigkeit,SD_MII_ICU_Bilanz_Einfuhr_Enterale_Fluessigkeit,Observation,2025.0.0,2025.0.1,identical,0,0,0,0,0,False,,
de.medizininformatikinitiative.kerndatensatz.icu,icu,https://www.medizininformatik-initiative.de/fhir/ext/modul-icu/StructureDefinition/bilanz-einfuhr-enterale-fluessigkeit,SD_MII_ICU_Bilanz_Einfuhr_Enterale_Fluessigkeit,Observation,2025.0.1,2025.0.2,canonical-only,0,0,0,0,0,False,,
de.medizininformatikinitiative.kerndatensatz.icu,icu,https://www.medizininformatik-initiative.de/fhir/ext/modul-icu/StructureDefinition/bilanz-einfuhr-enterale-fluessigkeit,SD_MII_ICU_Bilanz_Einfuhr_Enterale_Fluessigkeit,Observation,2025.0.2,2025.0.3,identical,0,0,0,0,0,False,,
de.medizininformatikinitiative.kerndatensatz.icu,icu,https://www.medizininformatik-initiative.de/fhir/ext/modul-icu/StructureDefinition/bilanz-einfuhr-enterale-fluessigkeit,SD_MII_ICU_Bilanz_Einfuhr_Enterale_Fluessigkeit,Observation,2025.0.3,2025.0.4,identical,0,0,0,0,0,False,,
de.medizininformatikinitiative.kerndatensatz.icu,icu,https://www.medizininformatik-initiative.de/fhir/ext/modul-icu/StructureDefinition/bilanz-einfuhr-fluessigkeit-gesamt,SD_MII_ICU_Bilanz_Einfuhr_Fluessigkeit_Gesamt,Observation,2025.0.0,2025.0.1,identical,0,0,0,0,0,False,,
de.medizininformatikinitiative.kerndatensatz.icu,icu,https://www.medizininformatik-initiative.de/fhir/ext/modul-icu/StructureDefinition/bilanz-einfuhr-fluessigkeit-gesamt,SD_MII_ICU_Bilanz_Einfuhr_Fluessigkeit_Gesamt,Observation,2025.0.1,2025.0.2,canonical-only,0,0,0,0,0,False,,
de.medizininformatikinitiative.kerndatensatz.icu,icu,https://www.medizininformatik-initiative.de/fhir/ext/modul-icu/StructureDefinition/bilanz-einfuhr-fluessigkeit-gesamt,SD_MII_ICU_Bilanz_Einfuhr_Fluessigkeit_Gesamt,Observation,2025.0.2,2025.0.3,identical,0,0,0,0,0,False,,
de.medizininformatikinitiative.kerndatensatz.icu,icu,https://www.medizininformatik-initiative.de/fhir/ext/modul-icu/StructureDefinition/bilanz-einfuhr-fluessigkeit-gesamt,SD_MII_ICU_Bilanz_Einfuhr_Fluessigkeit_Gesamt,Observation,2025.0.3,2025.0.4,identical,0,0,0,0,0,False,,
de.medizininformatikinitiative.kerndatensatz.icu,icu,https://www.medizininformatik-initiative.de/fhir/ext/modul-icu/StructureDefinition/bilanz-einfuhr-oraler-fluesse,SD_MII_ICU_Bilanz_Einfuhr_Oraler_Fluesse,Observation,2025.0.0,2025.0.1,identical,0,0,0,0,0,False,,
de.medizininformatikinitiative.kerndatensatz.icu,icu,https://www.medizininformatik-initiative.de/fhir/ext/modul-icu/StructureDefinition/bilanz-einfuhr-oraler-fluesse,SD_MII_ICU_Bilanz_Einfuhr_Oraler_Fluesse,Observation,2025.0.1,2025.0.2,canonical-only,0,0,0,0,0,False,,
de.medizininformatikinitiative.kerndatensatz.icu,icu,https://www.medizininformatik-initiative.de/fhir/ext/modul-icu/StructureDefinition/bilanz-einfuhr-oraler-fluesse,SD_MII_ICU_Bilanz_Einfuhr_Oraler_Fluesse,Observation,2025.0.2,2025.0.3,identical,0,0,0,0,0,False,,
de.medizininformatikinitiative.kerndatensatz.icu,icu,https://www.medizininformatik-initiative.de/fhir/ext/modul-icu/StructureDefinition/bilanz-einfuhr-oraler-fluesse,SD_MII_ICU_Bilanz_Einfuhr_Oraler_Fluesse,Observation,2025.0.3,2025.0.4,identical,0,0,0,0,0,False,,
de.medizininformatikinitiative.kerndatensatz.icu,icu,https://www.medizininformatik-initiative.de/fhir/ext/modul-icu/StructureDefinition/bilanz-einfuhr-oraler-fluessigkeit,SD_MII_ICU_Bilanz_Einfuhr_Oraler_Fluessigkeit,Observation,2025.0.0,2025.0.1,identical,0,0,0,0,0,False,,
de.medizininformatikinitiative.kerndatensatz.icu,icu,https://www.medizininformatik-initiative.de/fhir/ext/modul-icu/StructureDefinition/bilanz-einfuhr-oraler-fluessigkeit,SD_MII_ICU_Bilanz_Einfuhr_Oraler_Fluessigkeit,Observation,2025.0.1,2025.0.2,canonical-only,0,0,0,0,0,False,,
de.medizininformatikinitiative.kerndatensatz.icu,icu,https://www.medizininformatik-initiative.de/fhir/ext/modul-icu/StructureDefinition/bilanz-einfuhr-oraler-fluessigkeit,SD_MII_ICU_Bilanz_Einfuhr_Oraler_Fluessigkeit,Observation,2025.0.2,2025.0.3,identical,0,0,0,0,0,False,,
de.medizininformatikinitiative.kerndatensatz.icu,icu,https://www.medizininformatik-initiative.de/fhir/ext/modul-icu/StructureDefinition/bilanz-einfuhr-oraler-fluessigkeit,SD_MII_ICU_Bilanz_Einfuhr_Oraler_Fluessigkeit,Observation,2025.0.3,2025.0.4,identical,0,0,0,0,0,False,,
de.medizininformatikinitiative.kerndatensatz.icu,icu,https://www.medizininformatik-initiative.de/fhir/ext/modul-icu/StructureDefinition/bilanz-gesamte-ausfuhr,SD_MII_ICU_Bilanz_Gesamte_Ausfuhr,Observation,2025.0.0,2025.0.1,identical,0,0,0,0,0,False,,
de.medizininformatikinitiative.kerndatensatz.icu,icu,https://www.medizininformatik-initiative.de/fhir/ext/modul-icu/StructureDefinition/bilanz-gesamte-ausfuhr,SD_MII_ICU_Bilanz_Gesamte_Ausfuhr,Observation,2025.0.1,2025.0.2,canonical-only,0,0,0,0,0,False,,
de.medizininformatikinitiative.kerndatensatz.icu,icu,https://www.medizininformatik-initiative.de/fhir/ext/modul-icu/StructureDefinition/bilanz-gesamte-ausfuhr,SD_MII_ICU_Bilanz_Gesamte_Ausfuhr,Observation,2025.0.2,2025.0.3,identical,0,0,0,0,0,False,,
de.medizininformatikinitiative.kerndatensatz.icu,icu,https://www.medizininformatik-initiative.de/fhir/ext/modul-icu/StructureDefinition/bilanz-gesamte-ausfuhr,SD_MII_ICU_Bilanz_Gesamte_Ausfuhr,Observation,2025.0.3,2025.0.4,identical,0,0,0,0,0,False,,
de.medizininformatikinitiative.kerndatensatz.icu,icu,https://www.medizininformatik-initiative.de/fhir/ext/modul-icu/StructureDefinition/bilanz-gesamte-einfuhr,SD_MII_ICU_Bilanz_Gesamte_Einfuhr,Observation,2025.0.0,2025.0.1,identical,0,0,0,0,0,False,,
de.medizininformatikinitiative.kerndatensatz.icu,icu,https://www.medizininformatik-initiative.de/fhir/ext/modul-icu/StructureDefinition/bilanz-gesamte-einfuhr,SD_MII_ICU_Bilanz_Gesamte_Einfuhr,Observation,2025.0.1,2025.0.2,canonical-only,0,0,0,0,0,False,,
de.medizininformatikinitiative.kerndatensatz.icu,icu,https://www.medizininformatik-initiative.de/fhir/ext/modul-icu/StructureDefinition/bilanz-gesamte-einfuhr,SD_MII_ICU_Bilanz_Gesamte_Einfuhr,Observation,2025.0.2,2025.0.3,identical,0,0,0,0,0,False,,
de.medizininformatikinitiative.kerndatensatz.icu,icu,https://www.medizininformatik-initiative.de/fhir/ext/modul-icu/StructureDefinition/bilanz-gesamte-einfuhr,SD_MII_ICU_Bilanz_Gesamte_Einfuhr,Observation,2025.0.3,2025.0.4,identical,0,0,0,0,0,False,,
de.medizininformatikinitiative.kerndatensatz.icu,icu,https://www.medizininformatik-initiative.de/fhir/ext/modul-icu/StructureDefinition/bilanz-gesamte-tages-bilanz,SD_MII_ICU_Bilanz_Gesamte_Tages_Bilanz,Observation,2025.0.0,2025.0.1,identical,0,0,0,0,0,False,,
de.medizininformatikinitiative.kerndatensatz.icu,icu,https://www.medizininformatik-initiative.de/fhir/ext/modul-icu/StructureDefinition/bilanz-gesamte-tages-bilanz,SD_MII_ICU_Bilanz_Gesamte_Tages_Bilanz,Observation,2025.0.1,2025.0.2,canonical-only,0,0,0,0,0,False,,
de.medizininformatikinitiative.kerndatensatz.icu,icu,https://www.medizininformatik-initiative.de/fhir/ext/modul-icu/StructureDefinition/bilanz-gesamte-tages-bilanz,SD_MII_ICU_Bilanz_Gesamte_Tages_Bilanz,Observation,2025.0.2,2025.0.3,identical,0,0,0,0,0,False,,
de.medizininformatikinitiative.kerndatensatz.icu,icu,https://www.medizininformatik-initiative.de/fhir/ext/modul-icu/StructureDefinition/bilanz-gesamte-tages-bilanz,SD_MII_ICU_Bilanz_Gesamte_Tages_Bilanz,Observation,2025.0.3,2025.0.4,identical,0,0,0,0,0,False,,
de.medizininformatikinitiative.kerndatensatz.icu,icu,https://www.medizininformatik-initiative.de/fhir/ext/modul-icu/StructureDefinition/blutfluss-cardiovasculaeres-geraet,SD_MII_ICU_Blutfluss_Cardiovasculaeres_Geraet,Observation,1.0.0,2025.0.0,mixed,3,0,1,0,0,True,Observation.code.coding|Observation.code.coding:IEEE-11073|Observation.code.coding:loinc,
de.medizininformatikinitiative.kerndatensatz.icu,icu,https://www.medizininformatik-initiative.de/fhir/ext/modul-icu/StructureDefinition/blutfluss-cardiovasculaeres-geraet,SD_MII_ICU_Blutfluss_Cardiovasculaeres_Geraet,Observation,2025.0.0,2025.0.1,identical,0,0,0,0,0,False,,
de.medizininformatikinitiative.kerndatensatz.icu,icu,https://www.medizininformatik-initiative.de/fhir/ext/modul-icu/StructureDefinition/blutfluss-cardiovasculaeres-geraet,SD_MII_ICU_Blutfluss_Cardiovasculaeres_Geraet,Observation,2025.0.1,2025.0.2,identical,0,0,0,0,0,False,,
de.medizininformatikinitiative.kerndatensatz.icu,icu,https://www.medizininformatik-initiative.de/fhir/ext/modul-icu/StructureDefinition/blutfluss-cardiovasculaeres-geraet,SD_MII_ICU_Blutfluss_Cardiovasculaeres_Geraet,Observation,2025.0.2,2025.0.3,identical,0,0,0,0,0,False,,
de.medizininformatikinitiative.kerndatensatz.icu,icu,https://www.medizininformatik-initiative.de/fhir/ext/modul-icu/StructureDefinition/blutfluss-cardiovasculaeres-geraet,SD_MII_ICU_Blutfluss_Cardiovasculaeres_Geraet,Observation,2025.0.3,2025.0.4,identical,0,0,0,0,0,False,,
de.medizininformatikinitiative.kerndatensatz.icu,icu,https://www.medizininformatik-initiative.de/fhir/ext/modul-icu/StructureDefinition/blutfluss-extrakorporaler-gasaustausch,SD_MII_ICU_Blutfluss_Extrakorporaler_Gasaustausch,Observation,1.0.0,2025.0.0,mixed,3,0,1,0,0,True,Observation.code.coding|Observation.code.coding:IEEE-11073|Observation.code.coding:loinc,
de.medizininformatikinitiative.kerndatensatz.icu,icu,https://www.medizininformatik-initiative.de/fhir/ext/modul-icu/StructureDefinition/blutfluss-extrakorporaler-gasaustausch,SD_MII_ICU_Blutfluss_Extrakorporaler_Gasaustausch,Observation,2025.0.0,2025.0.1,identical,0,0,0,0,0,False,,
de.medizininformatikinitiative.kerndatensatz.icu,icu,https://www.medizininformatik-initiative.de/fhir/ext/modul-icu/StructureDefinition/blutfluss-extrakorporaler-gasaustausch,SD_MII_ICU_Blutfluss_Extrakorporaler_Gasaustausch,Observation,2025.0.1,2025.0.2,identical,0,0,0,0,0,False,,
de.medizininformatikinitiative.kerndatensatz.icu,icu,https://www.medizininformatik-initiative.de/fhir/ext/modul-icu/StructureDefinition/blutfluss-extrakorporaler-gasaustausch,SD_MII_ICU_Blutfluss_Extrakorporaler_Gasaustausch,Observation,2025.0.2,2025.0.3,identical,0,0,0,0,0,False,,
de.medizininformatikinitiative.kerndatensatz.icu,icu,https://www.medizininformatik-initiative.de/fhir/ext/modul-icu/StructureDefinition/blutfluss-extrakorporaler-gasaustausch,SD_MII_ICU_Blutfluss_Extrakorporaler_Gasaustausch,Observation,2025.0.3,2025.0.4,identical,0,0,0,0,0,False,,
de.medizininformatikinitiative.kerndatensatz.icu,icu,https://www.medizininformatik-initiative.de/fhir/ext/modul-icu/StructureDefinition/blutflussindex-extrakorporaler-gasaustausch,SD_MII_ICU_Blutflussindex_Extrakorporaler_Gasaustausch,Observation,1.0.0,2025.0.0,mixed,3,0,1,0,0,True,Observation.code.coding|Observation.code.coding:IEEE-11073|Observation.code.coding:loinc,
de.medizininformatikinitiative.kerndatensatz.icu,icu,https://www.medizininformatik-initiative.de/fhir/ext/modul-icu/StructureDefinition/blutflussindex-extrakorporaler-gasaustausch,SD_MII_ICU_Blutflussindex_Extrakorporaler_Gasaustausch,Observation,2025.0.0,2025.0.1,identical,0,0,0,0,0,False,,
de.medizininformatikinitiative.kerndatensatz.icu,icu,https://www.medizininformatik-initiative.de/fhir/ext/modul-icu/StructureDefinition/blutflussindex-extrakorporaler-gasaustausch,SD_MII_ICU_Blutflussindex_Extrakorporaler_Gasaustausch,Observation,2025.0.1,2025.0.2,identical,0,0,0,0,0,False,,
de.medizininformatikinitiative.kerndatensatz.icu,icu,https://www.medizininformatik-initiative.de/fhir/ext/modul-icu/StructureDefinition/blutflussindex-extrakorporaler-gasaustausch,SD_MII_ICU_Blutflussindex_Extrakorporaler_Gasaustausch,Observation,2025.0.2,2025.0.3,identical,0,0,0,0,0,False,,
de.medizininformatikinitiative.kerndatensatz.icu,icu,https://www.medizininformatik-initiative.de/fhir/ext/modul-icu/StructureDefinition/blutflussindex-extrakorporaler-gasaustausch,SD_MII_ICU_Blutflussindex_Extrakorporaler_Gasaustausch,Observation,2025.0.3,2025.0.4,identical,0,0,0,0,0,False,,
de.medizininformatikinitiative.kerndatensatz.icu,icu,https://www.medizininformatik-initiative.de/fhir/ext/modul-icu/StructureDefinition/dauer-extrakorporaler-gasaustausch,SD_MII_ICU_Dauer_Extrakorporaler_Gasaustausch,Observation,1.0.0,2025.0.0,mixed,3,0,1,0,0,True,Observation.code.coding|Observation.code.coding:IEEE-11073|Observation.code.coding:loinc,
de.medizininformatikinitiative.kerndatensatz.icu,icu,https://www.medizininformatik-initiative.de/fhir/ext/modul-icu/StructureDefinition/dauer-extrakorporaler-gasaustausch,SD_MII_ICU_Dauer_Extrakorporaler_Gasaustausch,Observation,2025.0.0,2025.0.1,identical,0,0,0,0,0,False,,
de.medizininformatikinitiative.kerndatensatz.icu,icu,https://www.medizininformatik-initiative.de/fhir/ext/modul-icu/StructureDefinition/dauer-extrakorporaler-gasaustausch,SD_MII_ICU_Dauer_Extrakorporaler_Gasaustausch,Observation,2025.0.1,2025.0.2,identical,0,0,0,0,0,False,,
de.medizininformatikinitiative.kerndatensatz.icu,icu,https://www.medizininformatik-initiative.de/fhir/ext/modul-icu/StructureDefinition/dauer-extrakorporaler-gasaustausch,SD_MII_ICU_Dauer_Extrakorporaler_Gasaustausch,Observation,2025.0.2,2025.0.3,identical,0,0,0,0,0,False,,
de.medizininformatikinitiative.kerndatensatz.icu,icu,https://www.medizininformatik-initiative.de/fhir/ext/modul-icu/StructureDefinition/dauer-extrakorporaler-gasaustausch,SD_MII_ICU_Dauer_Extrakorporaler_Gasaustausch,Observation,2025.0.3,2025.0.4,identical,0,0,0,0,0,False,,
de.medizininformatikinitiative.kerndatensatz.icu,icu,https://www.medizininformatik-initiative.de/fhir/ext/modul-icu/StructureDefinition/dauer-haemodialysesitzung,SD_MII_ICU_Dauer_Haemodialysesitzung,Observation,1.0.0,2025.0.0,mixed,3,0,1,0,0,True,Observation.code.coding|Observation.code.coding:IEEE-11073|Observation.code.coding:loinc,
de.medizininformatikinitiative.kerndatensatz.icu,icu,https://www.medizininformatik-initiative.de/fhir/ext/modul-icu/StructureDefinition/dauer-haemodialysesitzung,SD_MII_ICU_Dauer_Haemodialysesitzung,Observation,2025.0.0,2025.0.1,identical,0,0,0,0,0,False,,
de.medizininformatikinitiative.kerndatensatz.icu,icu,https://www.medizininformatik-initiative.de/fhir/ext/modul-icu/StructureDefinition/dauer-haemodialysesitzung,SD_MII_ICU_Dauer_Haemodialysesitzung,Observation,2025.0.1,2025.0.2,identical,0,0,0,0,0,False,,
de.medizininformatikinitiative.kerndatensatz.icu,icu,https://www.medizininformatik-initiative.de/fhir/ext/modul-icu/StructureDefinition/dauer-haemodialysesitzung,SD_MII_ICU_Dauer_Haemodialysesitzung,Observation,2025.0.2,2025.0.3,identical,0,0,0,0,0,False,,
de.medizininformatikinitiative.kerndatensatz.icu,icu,https://www.medizininformatik-initiative.de/fhir/ext/modul-icu/StructureDefinition/dauer-haemodialysesitzung,SD_MII_ICU_Dauer_Haemodialysesitzung,Observation,2025.0.3,2025.0.4,identical,0,0,0,0,0,False,,
de.medizininformatikinitiative.kerndatensatz.icu,icu,https://www.medizininformatik-initiative.de/fhir/ext/modul-icu/StructureDefinition/devicemetric-eingestellte-gemessene-parameter-beatmung,SD_MII_ICU_Devicemetric_Eingestellte_Gemessene_Parameter_Beatmung,DeviceMetric,1.0.0,2025.0.0,identical,0,0,0,0,0,False,,
de.medizininformatikinitiative.kerndatensatz.icu,icu,https://www.medizininformatik-initiative.de/fhir/ext/modul-icu/StructureDefinition/devicemetric-eingestellte-gemessene-parameter-beatmung,SD_MII_ICU_Devicemetric_Eingestellte_Gemessene_Parameter_Beatmung,DeviceMetric,2025.0.0,2025.0.1,identical,0,0,0,0,0,False,,
de.medizininformatikinitiative.kerndatensatz.icu,icu,https://www.medizininformatik-initiative.de/fhir/ext/modul-icu/StructureDefinition/devicemetric-eingestellte-gemessene-parameter-beatmung,SD_MII_ICU_Devicemetric_Eingestellte_Gemessene_Parameter_Beatmung,DeviceMetric,2025.0.1,2025.0.2,canonical-only,0,0,0,0,0,False,,
de.medizininformatikinitiative.kerndatensatz.icu,icu,https://www.medizininformatik-initiative.de/fhir/ext/modul-icu/StructureDefinition/devicemetric-eingestellte-gemessene-parameter-beatmung,SD_MII_ICU_Devicemetric_Eingestellte_Gemessene_Parameter_Beatmung,DeviceMetric,2025.0.2,2025.0.3,canonical-only,0,0,0,0,0,False,,
de.medizininformatikinitiative.kerndatensatz.icu,icu,https://www.medizininformatik-initiative.de/fhir/ext/modul-icu/StructureDefinition/devicemetric-eingestellte-gemessene-parameter-beatmung,SD_MII_ICU_Devicemetric_Eingestellte_Gemessene_Parameter_Beatmung,DeviceMetric,2025.0.3,2025.0.4,identical,0,0,0,0,0,False,,
de.medizininformatikinitiative.kerndatensatz.icu,icu,https://www.medizininformatik-initiative.de/fhir/ext/modul-icu/StructureDefinition/devicemetric-eingestellte-gemessene-parameter-extrakorporale-verfahren,SD_MII_ICU_Devicemetric_Eingestellte_Gemessene_Parameter_Extrakorporale_Verfahren,DeviceMetric,1.0.0,2025.0.0,identical,0,0,0,0,0,False,,
de.medizininformatikinitiative.kerndatensatz.icu,icu,https://www.medizininformatik-initiative.de/fhir/ext/modul-icu/StructureDefinition/devicemetric-eingestellte-gemessene-parameter-extrakorporale-verfahren,SD_MII_ICU_Devicemetric_Eingestellte_Gemessene_Parameter_Extrakorporale_Verfahren,DeviceMetric,2025.0.0,2025.0.1,identical,0,0,0,0,0,False,,
de.medizininformatikinitiative.kerndatensatz.icu,icu,https://www.medizininformatik-initiative.de/fhir/ext/modul-icu/StructureDefinition/devicemetric-eingestellte-gemessene-parameter-extrakorporale-verfahren,SD_MII_ICU_Devicemetric_Eingestellte_Gemessene_Parameter_Extrakorporale_Verfahren,DeviceMetric,2025.0.1,2025.0.2,canonical-only,0,0,0,0,0,False,,
de.medizininformatikinitiative.kerndatensatz.icu,icu,https://www.medizininformatik-initiative.de/fhir/ext/modul-icu/StructureDefinition/devicemetric-eingestellte-gemessene-parameter-extrakorporale-verfahren,SD_MII_ICU_Devicemetric_Eingestellte_Gemessene_Parameter_Extrakorporale_Verfahren,DeviceMetric,2025.0.2,2025.0.3,canonical-only,0,0,0,0,0,False,,
de.medizininformatikinitiative.kerndatensatz.icu,icu,https://www.medizininformatik-initiative.de/fhir/ext/modul-icu/StructureDefinition/devicemetric-eingestellte-gemessene-parameter-extrakorporale-verfahren,SD_MII_ICU_Devicemetric_Eingestellte_Gemessene_Parameter_Extrakorporale_Verfahren,DeviceMetric,2025.0.3,2025.0.4,identical,0,0,0,0,0,False,,
de.medizininformatikinitiative.kerndatensatz.icu,icu,https://www.medizininformatik-initiative.de/fhir/ext/modul-icu/StructureDefinition/druckdifferenz-beatmung,SD_MII_ICU_Druckdifferenz_Beatmung,Observation,1.0.0,2025.0.0,mixed,3,4,2,0,0,True,Observation.code.coding|Observation.code.coding:sct|Observation.value[x],Observation.value[x]:valueQuantity.code|Observation.value[x]:valueQuantity.system|Observation.value[x]:valueQuantity.unit|Observation.value[x]:valueQuantity.value
de.medizininformatikinitiative.kerndatensatz.icu,icu,https://www.medizininformatik-initiative.de/fhir/ext/modul-icu/StructureDefinition/druckdifferenz-beatmung,SD_MII_ICU_Druckdifferenz_Beatmung,Observation,2025.0.0,2025.0.1,identical,0,0,0,0,0,False,,
de.medizininformatikinitiative.kerndatensatz.icu,icu,https://www.medizininformatik-initiative.de/fhir/ext/modul-icu/StructureDefinition/druckdifferenz-beatmung,SD_MII_ICU_Druckdifferenz_Beatmung,Observation,2025.0.1,2025.0.2,identical,0,0,0,0,0,False,,
de.medizininformatikinitiative.kerndatensatz.icu,icu,https://www.medizininformatik-initiative.de/fhir/ext/modul-icu/StructureDefinition/druckdifferenz-beatmung,SD_MII_ICU_Druckdifferenz_Beatmung,Observation,2025.0.2,2025.0.3,identical,0,0,0,0,0,False,,
de.medizininformatikinitiative.kerndatensatz.icu,icu,https://www.medizininformatik-initiative.de/fhir/ext/modul-icu/StructureDefinition/druckdifferenz-beatmung,SD_MII_ICU_Druckdifferenz_Beatmung,Observation,2025.0.3,2025.0.4,identical,0,0,0,0,0,False,,
de.medizininformatikinitiative.kerndatensatz.icu,icu,https://www.medizininformatik-initiative.de/fhir/ext/modul-icu/StructureDefinition/dynamische-kompliance,SD_MII_ICU_Dynamische_Kompliance,Observation,1.0.0,2025.0.0,mixed,2,4,3,0,0,True,Observation.code.coding|Observation.value[x],Observation.value[x]:valueQuantity.code|Observation.value[x]:valueQuantity.system|Observation.value[x]:valueQuantity.unit|Observation.value[x]:valueQuantity.value
de.medizininformatikinitiative.kerndatensatz.icu,icu,https://www.medizininformatik-initiative.de/fhir/ext/modul-icu/StructureDefinition/dynamische-kompliance,SD_MII_ICU_Dynamische_Kompliance,Observation,2025.0.0,2025.0.1,identical,0,0,0,0,0,False,,
de.medizininformatikinitiative.kerndatensatz.icu,icu,https://www.medizininformatik-initiative.de/fhir/ext/modul-icu/StructureDefinition/dynamische-kompliance,SD_MII_ICU_Dynamische_Kompliance,Observation,2025.0.1,2025.0.2,identical,0,0,0,0,0,False,,
de.medizininformatikinitiative.kerndatensatz.icu,icu,https://www.medizininformatik-initiative.de/fhir/ext/modul-icu/StructureDefinition/dynamische-kompliance,SD_MII_ICU_Dynamische_Kompliance,Observation,2025.0.2,2025.0.3,identical,0,0,0,0,0,False,,
de.medizininformatikinitiative.kerndatensatz.icu,icu,https://www.medizininformatik-initiative.de/fhir/ext/modul-icu/StructureDefinition/dynamische-kompliance,SD_MII_ICU_Dynamische_Kompliance,Observation,2025.0.3,2025.0.4,identical,0,0,0,0,0,False,,
de.medizininformatikinitiative.kerndatensatz.icu,icu,https://www.medizininformatik-initiative.de/fhir/ext/modul-icu/StructureDefinition/eingestellter-inspiratorischer-gasfluss,SD_MII_ICU_Eingestellter_Inspiratorischer_Gasfluss,Observation,1.0.0,2025.0.0,mixed,4,5,1,0,0,True,Observation.category|Observation.code.coding:IEEE-11073|Observation.code.coding:sct|Observation.value[x],Observation.category:Beatmung.coding|Observation.value[x]:valueQuantity.code|Observation.value[x]:valueQuantity.system|Observation.value[x]:valueQuantity.unit|Observation.value[x]:valueQuantity.value
de.medizininformatikinitiative.kerndatensatz.icu,icu,https://www.medizininformatik-initiative.de/fhir/ext/modul-icu/StructureDefinition/eingestellter-inspiratorischer-gasfluss,SD_MII_ICU_Eingestellter_Inspiratorischer_Gasfluss,Observation,2025.0.0,2025.0.1,identical,0,0,0,0,0,False,,
de.medizininformatikinitiative.kerndatensatz.icu,icu,https://www.medizininformatik-initiative.de/fhir/ext/modul-icu/StructureDefinition/eingestellter-inspiratorischer-gasfluss,SD_MII_ICU_Eingestellter_Inspiratorischer_Gasfluss,Observation,2025.0.1,2025.0.2,identical,0,0,0,0,0,False,,
de.medizininformatikinitiative.kerndatensatz.icu,icu,https://www.medizininformatik-initiative.de/fhir/ext/modul-icu/StructureDefinition/eingestellter-inspiratorischer-gasfluss,SD_MII_ICU_Eingestellter_Inspiratorischer_Gasfluss,Observation,2025.0.2,2025.0.3,identical,0,0,0,0,0,False,,
de.medizininformatikinitiative.kerndatensatz.icu,icu,https://www.medizininformatik-initiative.de/fhir/ext/modul-icu/StructureDefinition/eingestellter-inspiratorischer-gasfluss,SD_MII_ICU_Eingestellter_Inspiratorischer_Gasfluss,Observation,2025.0.3,2025.0.4,identical,0,0,0,0,0,False,,
de.medizininformatikinitiative.kerndatensatz.icu,icu,https://www.medizininformatik-initiative.de/fhir/ext/modul-icu/StructureDefinition/einstellung-ausatmungszeit-beatmung,SD_MII_ICU_Einstellung_Ausatmungszeit_Beatmung,Observation,1.0.0,2025.0.0,mixed,1,0,3,0,0,True,Observation.code.coding:IEEE-11073,
de.medizininformatikinitiative.kerndatensatz.icu,icu,https://www.medizininformatik-initiative.de/fhir/ext/modul-icu/StructureDefinition/einstellung-ausatmungszeit-beatmung,SD_MII_ICU_Einstellung_Ausatmungszeit_Beatmung,Observation,2025.0.0,2025.0.1,identical,0,0,0,0,0,False,,
de.medizininformatikinitiative.kerndatensatz.icu,icu,https://www.medizininformatik-initiative.de/fhir/ext/modul-icu/StructureDefinition/einstellung-ausatmungszeit-beatmung,SD_MII_ICU_Einstellung_Ausatmungszeit_Beatmung,Observation,2025.0.1,2025.0.2,identical,0,0,0,0,0,False,,
de.medizininformatikinitiative.kerndatensatz.icu,icu,https://www.medizininformatik-initiative.de/fhir/ext/modul-icu/StructureDefinition/einstellung-ausatmungszeit-beatmung,SD_MII_ICU_Einstellung_Ausatmungszeit_Beatmung,Observation,2025.0.2,2025.0.3,identical,0,0,0,0,0,False,,
de.medizininformatikinitiative.kerndatensatz.icu,icu,https://www.medizininformatik-initiative.de/fhir/ext/modul-icu/StructureDefinition/einstellung-ausatmungszeit-beatmung,SD_MII_ICU_Einstellung_Ausatmungszeit_Beatmung,Observation,2025.0.3,2025.0.4,identical,0,0,0,0,0,False,,
de.medizininformatikinitiative.kerndatensatz.icu,icu,https://www.medizininformatik-initiative.de/fhir/ext/modul-icu/StructureDefinition/einstellung-einatmungszeit-beatmung,SD_MII_ICU_Einstellung_Einatmungszeit_Beatmung,Observation,1.0.0,2025.0.0,modified,0,0,4,0,0,True,,
de.medizininformatikinitiative.kerndatensatz.icu,icu,https://www.medizininformatik-initiative.de/fhir/ext/modul-icu/StructureDefinition/einstellung-einatmungszeit-beatmung,SD_MII_ICU_Einstellung_Einatmungszeit_Beatmung,Observation,2025.0.0,2025.0.1,identical,0,0,0,0,0,False,,
de.medizininformatikinitiative.kerndatensatz.icu,icu,https://www.medizininformatik-initiative.de/fhir/ext/modul-icu/StructureDefinition/einstellung-einatmungszeit-beatmung,SD_MII_ICU_Einstellung_Einatmungszeit_Beatmung,Observation,2025.0.1,2025.0.2,identical,0,0,0,0,0,False,,
de.medizininformatikinitiative.kerndatensatz.icu,icu,https://www.medizininformatik-initiative.de/fhir/ext/modul-icu/StructureDefinition/einstellung-einatmungszeit-beatmung,SD_MII_ICU_Einstellung_Einatmungszeit_Beatmung,Observation,2025.0.2,2025.0.3,identical,0,0,0,0,0,False,,
de.medizininformatikinitiative.kerndatensatz.icu,icu,https://www.medizininformatik-initiative.de/fhir/ext/modul-icu/StructureDefinition/einstellung-einatmungszeit-beatmung,SD_MII_ICU_Einstellung_Einatmungszeit_Beatmung,Observation,2025.0.3,2025.0.4,identical,0,0,0,0,0,False,,
de.medizininformatikinitiative.kerndatensatz.icu,icu,https://www.medizininformatik-initiative.de/fhir/ext/modul-icu/StructureDefinition/endexspiratorischer-kohlendioxidpartialdruck,SD_MII_ICU_Endexspiratorischer_Kohlendioxidpartialdruck,Observation,2025.0.0,2025.0.1,identical,0,0,0,0,0,False,,
de.medizininformatikinitiative.kerndatensatz.icu,icu,https://www.medizininformatik-initiative.de/fhir/ext/modul-icu/StructureDefinition/endexspiratorischer-kohlendioxidpartialdruck,SD_MII_ICU_Endexspiratorischer_Kohlendioxidpartialdruck,Observation,2025.0.1,2025.0.2,identical,0,0,0,0,0,False,,
de.medizininformatikinitiative.kerndatensatz.icu,icu,https://www.medizininformatik-initiative.de/fhir/ext/modul-icu/StructureDefinition/endexspiratorischer-kohlendioxidpartialdruck,SD_MII_ICU_Endexspiratorischer_Kohlendioxidpartialdruck,Observation,2025.0.2,2025.0.3,identical,0,0,0,0,0,False,,
de.medizininformatikinitiative.kerndatensatz.icu,icu,https://www.medizininformatik-initiative.de/fhir/ext/modul-icu/StructureDefinition/endexspiratorischer-kohlendioxidpartialdruck,SD_MII_ICU_Endexspiratorischer_Kohlendioxidpartialdruck,Observation,2025.0.3,2025.0.4,identical,0,0,0,0,0,False,,
de.medizininformatikinitiative.kerndatensatz.icu,icu,https://www.medizininformatik-initiative.de/fhir/ext/modul-icu/StructureDefinition/exspiratorischer-gasfluss,SD_MII_ICU_Exspiratorischer_Gasfluss,Observation,1.0.0,2025.0.0,mixed,4,5,2,0,0,True,Observation.category|Observation.code.coding|Observation.code.coding:sct|Observation.value[x],Observation.category:Beatmung.coding|Observation.value[x]:valueQuantity.code|Observation.value[x]:valueQuantity.system|Observation.value[x]:valueQuantity.unit|Observation.value[x]:valueQuantity.value
de.medizininformatikinitiative.kerndatensatz.icu,icu,https://www.medizininformatik-initiative.de/fhir/ext/modul-icu/StructureDefinition/exspiratorischer-gasfluss,SD_MII_ICU_Exspiratorischer_Gasfluss,Observation,2025.0.0,2025.0.1,identical,0,0,0,0,0,False,,
de.medizininformatikinitiative.kerndatensatz.icu,icu,https://www.medizininformatik-initiative.de/fhir/ext/modul-icu/StructureDefinition/exspiratorischer-gasfluss,SD_MII_ICU_Exspiratorischer_Gasfluss,Observation,2025.0.1,2025.0.2,identical,0,0,0,0,0,False,,
de.medizininformatikinitiative.kerndatensatz.icu,icu,https://www.medizininformatik-initiative.de/fhir/ext/modul-icu/StructureDefinition/exspiratorischer-gasfluss,SD_MII_ICU_Exspiratorischer_Gasfluss,Observation,2025.0.2,2025.0.3,identical,0,0,0,0,0,False,,
de.medizininformatikinitiative.kerndatensatz.icu,icu,https://www.medizininformatik-initiative.de/fhir/ext/modul-icu/StructureDefinition/exspiratorischer-gasfluss,SD_MII_ICU_Exspiratorischer_Gasfluss,Observation,2025.0.3,2025.0.4,identical,0,0,0,0,0,False,,
de.medizininformatikinitiative.kerndatensatz.icu,icu,https://www.medizininformatik-initiative.de/fhir/ext/modul-icu/StructureDefinition/exspiratorischer-sauerstoffpartialdruck,SD_MII_ICU_Exspiratorischer_Sauerstoffpartialdruck,Observation,1.0.0,2025.0.0,mixed,1,0,4,0,0,True,Observation.category,
de.medizininformatikinitiative.kerndatensatz.icu,icu,https://www.medizininformatik-initiative.de/fhir/ext/modul-icu/StructureDefinition/exspiratorischer-sauerstoffpartialdruck,SD_MII_ICU_Exspiratorischer_Sauerstoffpartialdruck,Observation,2025.0.0,2025.0.1,identical,0,0,0,0,0,False,,
de.medizininformatikinitiative.kerndatensatz.icu,icu,https://www.medizininformatik-initiative.de/fhir/ext/modul-icu/StructureDefinition/exspiratorischer-sauerstoffpartialdruck,SD_MII_ICU_Exspiratorischer_Sauerstoffpartialdruck,Observation,2025.0.1,2025.0.2,identical,0,0,0,0,0,False,,
de.medizininformatikinitiative.kerndatensatz.icu,icu,https://www.medizininformatik-initiative.de/fhir/ext/modul-icu/StructureDefinition/exspiratorischer-sauerstoffpartialdruck,SD_MII_ICU_Exspiratorischer_Sauerstoffpartialdruck,Observation,2025.0.2,2025.0.3,identical,0,0,0,0,0,False,,
de.medizininformatikinitiative.kerndatensatz.icu,icu,https://www.medizininformatik-initiative.de/fhir/ext/modul-icu/StructureDefinition/exspiratorischer-sauerstoffpartialdruck,SD_MII_ICU_Exspiratorischer_Sauerstoffpartialdruck,Observation,2025.0.3,2025.0.4,identical,0,0,0,0,0,False,,
de.medizininformatikinitiative.kerndatensatz.icu,icu,https://www.medizininformatik-initiative.de/fhir/ext/modul-icu/StructureDefinition/extrakorporales-verfahren,SD_MII_ICU_Extrakorporales_Verfahren,Procedure,1.0.0,2025.0.0,identical,0,0,0,0,0,False,,
de.medizininformatikinitiative.kerndatensatz.icu,icu,https://www.medizininformatik-initiative.de/fhir/ext/modul-icu/StructureDefinition/extrakorporales-verfahren,SD_MII_ICU_Extrakorporales_Verfahren,Procedure,2025.0.0,2025.0.1,identical,0,0,0,0,0,False,,
de.medizininformatikinitiative.kerndatensatz.icu,icu,https://www.medizininformatik-initiative.de/fhir/ext/modul-icu/StructureDefinition/extrakorporales-verfahren,SD_MII_ICU_Extrakorporales_Verfahren,Procedure,2025.0.1,2025.0.2,canonical-only,0,0,0,0,0,False,,
de.medizininformatikinitiative.kerndatensatz.icu,icu,https://www.medizininformatik-initiative.de/fhir/ext/modul-icu/StructureDefinition/extrakorporales-verfahren,SD_MII_ICU_Extrakorporales_Verfahren,Procedure,2025.0.2,2025.0.3,canonical-only,0,0,0,0,0,False,,
de.medizininformatikinitiative.kerndatensatz.icu,icu,https://www.medizininformatik-initiative.de/fhir/ext/modul-icu/StructureDefinition/extrakorporales-verfahren,SD_MII_ICU_Extrakorporales_Verfahren,Procedure,2025.0.3,2025.0.4,identical,0,0,0,0,0,False,,
de.medizininformatikinitiative.kerndatensatz.icu,icu,https://www.medizininformatik-initiative.de/fhir/ext/modul-icu/StructureDefinition/gasfluss,SD_MII_ICU_Gasfluss,Observation,2025.0.0,2025.0.1,identical,0,0,0,0,0,False,,
de.medizininformatikinitiative.kerndatensatz.icu,icu,https://www.medizininformatik-initiative.de/fhir/ext/modul-icu/StructureDefinition/gasfluss,SD_MII_ICU_Gasfluss,Observation,2025.0.1,2025.0.2,identical,0,0,0,0,0,False,,
de.medizininformatikinitiative.kerndatensatz.icu,icu,https://www.medizininformatik-initiative.de/fhir/ext/modul-icu/StructureDefinition/gasfluss,SD_MII_ICU_Gasfluss,Observation,2025.0.2,2025.0.3,identical,0,0,0,0,0,False,,
de.medizininformatikinitiative.kerndatensatz.icu,icu,https://www.medizininformatik-initiative.de/fhir/ext/modul-icu/StructureDefinition/gasfluss,SD_MII_ICU_Gasfluss,Observation,2025.0.3,2025.0.4,identical,0,0,0,0,0,False,,
de.medizininformatikinitiative.kerndatensatz.icu,icu,https://www.medizininformatik-initiative.de/fhir/ext/modul-icu/StructureDefinition/haemodialyse-blutfluss,SD_MII_ICU_Haemodialyse_Blutfluss,Observation,1.0.0,2025.0.0,mixed,3,0,1,0,0,True,Observation.code.coding|Observation.code.coding:IEEE-11073|Observation.code.coding:loinc,
de.medizininformatikinitiative.kerndatensatz.icu,icu,https://www.medizininformatik-initiative.de/fhir/ext/modul-icu/StructureDefinition/haemodialyse-blutfluss,SD_MII_ICU_Haemodialyse_Blutfluss,Observation,2025.0.0,2025.0.1,identical,0,0,0,0,0,False,,
de.medizininformatikinitiative.kerndatensatz.icu,icu,https://www.medizininformatik-initiative.de/fhir/ext/modul-icu/StructureDefinition/haemodialyse-blutfluss,SD_MII_ICU_Haemodialyse_Blutfluss,Observation,2025.0.1,2025.0.2,identical,0,0,0,0,0,False,,
de.medizininformatikinitiative.kerndatensatz.icu,icu,https://www.medizininformatik-initiative.de/fhir/ext/modul-icu/StructureDefinition/haemodialyse-blutfluss,SD_MII_ICU_Haemodialyse_Blutfluss,Observation,2025.0.2,2025.0.3,identical,0,0,0,0,0,False,,
de.medizininformatikinitiative.kerndatensatz.icu,icu,https://www.medizininformatik-initiative.de/fhir/ext/modul-icu/StructureDefinition/haemodialyse-blutfluss,SD_MII_ICU_Haemodialyse_Blutfluss,Observation,2025.0.3,2025.0.4,identical,0,0,0,0,0,False,,
de.medizininformatikinitiative.kerndatensatz.icu,icu,https://www.medizininformatik-initiative.de/fhir/ext/modul-icu/StructureDefinition/herzfrequenz,SD_MII_ICU_Herzfrequenz,Observation,1.0.0,2025.0.0,mixed,2,4,3,0,1,True,Observation.code.coding|Observation.value[x].unit,Observation.category|Observation.category:vs-cat|Observation.code.coding:loinc.code|Observation.code.coding:loinc.system
de.medizininformatikinitiative.kerndatensatz.icu,icu,https://www.medizininformatik-initiative.de/fhir/ext/modul-icu/StructureDefinition/herzfrequenz,SD_MII_ICU_Herzfrequenz,Observation,2025.0.0,2025.0.1,identical,0,0,0,0,0,False,,
de.medizininformatikinitiative.kerndatensatz.icu,icu,https://www.medizininformatik-initiative.de/fhir/ext/modul-icu/StructureDefinition/herzfrequenz,SD_MII_ICU_Herzfrequenz,Observation,2025.0.1,2025.0.2,canonical-only,0,0,0,0,0,False,,
de.medizininformatikinitiative.kerndatensatz.icu,icu,https://www.medizininformatik-initiative.de/fhir/ext/modul-icu/StructureDefinition/herzfrequenz,SD_MII_ICU_Herzfrequenz,Observation,2025.0.2,2025.0.3,identical,0,0,0,0,0,False,,
de.medizininformatikinitiative.kerndatensatz.icu,icu,https://www.medizininformatik-initiative.de/fhir/ext/modul-icu/StructureDefinition/herzfrequenz,SD_MII_ICU_Herzfrequenz,Observation,2025.0.3,2025.0.4,identical,0,0,0,0,0,False,,
de.medizininformatikinitiative.kerndatensatz.icu,icu,https://www.medizininformatik-initiative.de/fhir/ext/modul-icu/StructureDefinition/horowitz-in-arteriellem-blut,SD_MII_ICU_Horowitz_In_Arteriellem_Blut,Observation,1.0.0,2025.0.0,mixed,4,0,2,0,0,True,Observation.category|Observation.code.coding|Observation.code.coding:sct|Observation.value[x],
de.medizininformatikinitiative.kerndatensatz.icu,icu,https://www.medizininformatik-initiative.de/fhir/ext/modul-icu/StructureDefinition/horowitz-in-arteriellem-blut,SD_MII_ICU_Horowitz_In_Arteriellem_Blut,Observation,2025.0.0,2025.0.1,identical,0,0,0,0,0,False,,
de.medizininformatikinitiative.kerndatensatz.icu,icu,https://www.medizininformatik-initiative.de/fhir/ext/modul-icu/StructureDefinition/horowitz-in-arteriellem-blut,SD_MII_ICU_Horowitz_In_Arteriellem_Blut,Observation,2025.0.1,2025.0.2,identical,0,0,0,0,0,False,,
de.medizininformatikinitiative.kerndatensatz.icu,icu,https://www.medizininformatik-initiative.de/fhir/ext/modul-icu/StructureDefinition/horowitz-in-arteriellem-blut,SD_MII_ICU_Horowitz_In_Arteriellem_Blut,Observation,2025.0.2,2025.0.3,identical,0,0,0,0,0,False,,
de.medizininformatikinitiative.kerndatensatz.icu,icu,https://www.medizininformatik-initiative.de/fhir/ext/modul-icu/StructureDefinition/horowitz-in-arteriellem-blut,SD_MII_ICU_Horowitz_In_Arteriellem_Blut,Observation,2025.0.3,2025.0.4,identical,0,0,0,0,0,False,,
de.medizininformatikinitiative.kerndatensatz.icu,icu,https://www.medizininformatik-initiative.de/fhir/ext/modul-icu/StructureDefinition/icu-device,SD_MII_ICU_Icu_Device,Device,1.0.0,2025.0.0,identical,0,0,0,0,0,False,,
de.medizininformatikinitiative.kerndatensatz.icu,icu,https://www.medizininformatik-initiative.de/fhir/ext/modul-icu/StructureDefinition/icu-device,SD_MII_ICU_Icu_Device,Device,2025.0.0,2025.0.1,identical,0,0,0,0,0,False,,
de.medizininformatikinitiative.kerndatensatz.icu,icu,https://www.medizininformatik-initiative.de/fhir/ext/modul-icu/StructureDefinition/icu-device,SD_MII_ICU_Icu_Device,Device,2025.0.1,2025.0.2,identical,0,0,0,0,0,False,,
de.medizininformatikinitiative.kerndatensatz.icu,icu,https://www.medizininformatik-initiative.de/fhir/ext/modul-icu/StructureDefinition/icu-device,SD_MII_ICU_Icu_Device,Device,2025.0.2,2025.0.3,identical,0,0,0,0,0,False,,
de.medizininformatikinitiative.kerndatensatz.icu,icu,https://www.medizininformatik-initiative.de/fhir/ext/modul-icu/StructureDefinition/icu-device,SD_MII_ICU_Icu_Device,Device,2025.0.3,2025.0.4,identical,0,0,0,0,0,False,,
de.medizininformatikinitiative.kerndatensatz.icu,icu,https://www.medizininformatik-initiative.de/fhir/ext/modul-icu/StructureDefinition/inspiratorische-sauerstofffraktion,SD_MII_ICU_Inspiratorische_Sauerstofffraktion,Observation,1.0.0,2025.0.0,mixed,2,0,3,0,0,True,Observation.category|Observation.code.coding:IEEE-11073,
de.medizininformatikinitiative.kerndatensatz.icu,icu,https://www.medizininformatik-initiative.de/fhir/ext/modul-icu/StructureDefinition/inspiratorische-sauerstofffraktion,SD_MII_ICU_Inspiratorische_Sauerstofffraktion,Observation,2025.0.0,2025.0.1,identical,0,0,0,0,0,False,,
de.medizininformatikinitiative.kerndatensatz.icu,icu,https://www.medizininformatik-initiative.de/fhir/ext/modul-icu/StructureDefinition/inspiratorische-sauerstofffraktion,SD_MII_ICU_Inspiratorische_Sauerstofffraktion,Observation,2025.0.1,2025.0.2,identical,0,0,0,0,0,False,,
de.medizininformatikinitiative.kerndatensatz.icu,icu,https://www.medizininformatik-initiative.de/fhir/ext/modul-icu/StructureDefinition/inspiratorische-sauerstofffraktion,SD_MII_ICU_Inspiratorische_Sauerstofffraktion,Observation,2025.0.2,2025.0.3,identical,0,0,0,0,0,False,,
de.medizininformatikinitiative.kerndatensatz.icu,icu,https://www.medizininformatik-initiative.de/fhir/ext/modul-icu/StructureDefinition/inspiratorische-sauerstofffraktion,SD_MII_ICU_Inspiratorische_Sauerstofffraktion,Observation,2025.0.3,2025.0.4,identical,0,0,0,0,0,False,,
de.medizininformatikinitiative.kerndatensatz.icu,icu,https://www.medizininformatik-initiative.de/fhir/ext/modul-icu/StructureDefinition/inspiratorische-sauerstofffraktion-eingestellt,SD_MII_ICU_Inspiratorische_Sauerstofffraktion_Eingestellt,Observation,1.0.0,2025.0.0,mixed,2,0,3,0,0,True,Observation.category|Observation.code.coding:IEEE-11073,
de.medizininformatikinitiative.kerndatensatz.icu,icu,https://www.medizininformatik-initiative.de/fhir/ext/modul-icu/StructureDefinition/inspiratorische-sauerstofffraktion-eingestellt,SD_MII_ICU_Inspiratorische_Sauerstofffraktion_Eingestellt,Observation,2025.0.0,2025.0.1,identical,0,0,0,0,0,False,,
de.medizininformatikinitiative.kerndatensatz.icu,icu,https://www.medizininformatik-initiative.de/fhir/ext/modul-icu/StructureDefinition/inspiratorische-sauerstofffraktion-eingestellt,SD_MII_ICU_Inspiratorische_Sauerstofffraktion_Eingestellt,Observation,2025.0.1,2025.0.2,identical,0,0,0,0,0,False,,
de.medizininformatikinitiative.kerndatensatz.icu,icu,https://www.medizininformatik-initiative.de/fhir/ext/modul-icu/StructureDefinition/inspiratorische-sauerstofffraktion-eingestellt,SD_MII_ICU_Inspiratorische_Sauerstofffraktion_Eingestellt,Observation,2025.0.2,2025.0.3,identical,0,0,0,0,0,False,,
de.medizininformatikinitiative.kerndatensatz.icu,icu,https://www.medizininformatik-initiative.de/fhir/ext/modul-icu/StructureDefinition/inspiratorische-sauerstofffraktion-eingestellt,SD_MII_ICU_Inspiratorische_Sauerstofffraktion_Eingestellt,Observation,2025.0.3,2025.0.4,identical,0,0,0,0,0,False,,
de.medizininformatikinitiative.kerndatensatz.icu,icu,https://www.medizininformatik-initiative.de/fhir/ext/modul-icu/StructureDefinition/inspiratorische-sauerstofffraktion-gemessen,SD_MII_ICU_Inspiratorische_Sauerstofffraktion_Gemessen,Observation,2025.0.0,2025.0.1,identical,0,0,0,0,0,False,,
de.medizininformatikinitiative.kerndatensatz.icu,icu,https://www.medizininformatik-initiative.de/fhir/ext/modul-icu/StructureDefinition/inspiratorische-sauerstofffraktion-gemessen,SD_MII_ICU_Inspiratorische_Sauerstofffraktion_Gemessen,Observation,2025.0.1,2025.0.2,identical,0,0,0,0,0,False,,
de.medizininformatikinitiative.kerndatensatz.icu,icu,https://www.medizininformatik-initiative.de/fhir/ext/modul-icu/StructureDefinition/inspiratorische-sauerstofffraktion-gemessen,SD_MII_ICU_Inspiratorische_Sauerstofffraktion_Gemessen,Observation,2025.0.2,2025.0.3,identical,0,0,0,0,0,False,,
de.medizininformatikinitiative.kerndatensatz.icu,icu,https://www.medizininformatik-initiative.de/fhir/ext/modul-icu/StructureDefinition/inspiratorische-sauerstofffraktion-gemessen,SD_MII_ICU_Inspiratorische_Sauerstofffraktion_Gemessen,Observation,2025.0.3,2025.0.4,identical,0,0,0,0,0,False,,
de.medizininformatikinitiative.kerndatensatz.icu,icu,https://www.medizininformatik-initiative.de/fhir/ext/modul-icu/StructureDefinition/inspiratorischer-gasfluss,SD_MII_ICU_Inspiratorischer_Gasfluss,Observation,1.0.0,2025.0.0,mixed,4,5,2,0,0,True,Observation.category|Observation.code.coding|Observation.code.coding:sct|Observation.value[x],Observation.category:Beatmung.coding|Observation.value[x]:valueQuantity.code|Observation.value[x]:valueQuantity.system|Observation.value[x]:valueQuantity.unit|Observation.value[x]:valueQuantity.value
de.medizininformatikinitiative.kerndatensatz.icu,icu,https://www.medizininformatik-initiative.de/fhir/ext/modul-icu/StructureDefinition/inspiratorischer-gasfluss,SD_MII_ICU_Inspiratorischer_Gasfluss,Observation,2025.0.0,2025.0.1,identical,0,0,0,0,0,False,,
de.medizininformatikinitiative.kerndatensatz.icu,icu,https://www.medizininformatik-initiative.de/fhir/ext/modul-icu/StructureDefinition/inspiratorischer-gasfluss,SD_MII_ICU_Inspiratorischer_Gasfluss,Observation,2025.0.1,2025.0.2,identical,0,0,0,0,0,False,,
de.medizininformatikinitiative.kerndatensatz.icu,icu,https://www.medizininformatik-initiative.de/fhir/ext/modul-icu/StructureDefinition/inspiratorischer-gasfluss,SD_MII_ICU_Inspiratorischer_Gasfluss,Observation,2025.0.2,2025.0.3,identical,0,0,0,0,0,False,,
de.medizininformatikinitiative.kerndatensatz.icu,icu,https://www.medizininformatik-initiative.de/fhir/ext/modul-icu/StructureDefinition/inspiratorischer-gasfluss,SD_MII_ICU_Inspiratorischer_Gasfluss,Observation,2025.0.3,2025.0.4,identical,0,0,0,0,0,False,,
de.medizininformatikinitiative.kerndatensatz.icu,icu,https://www.medizininformatik-initiative.de/fhir/ext/modul-icu/StructureDefinition/ionisiertes-kalzium-nierenersatzverfahren,SD_MII_ICU_Ionisiertes_Kalzium_Nierenersatzverfahren,Observation,1.0.0,2025.0.0,mixed,3,0,1,0,0,True,Observation.code.coding|Observation.code.coding:IEEE-11073|Observation.code.coding:sct,
de.medizininformatikinitiative.kerndatensatz.icu,icu,https://www.medizininformatik-initiative.de/fhir/ext/modul-icu/StructureDefinition/ionisiertes-kalzium-nierenersatzverfahren,SD_MII_ICU_Ionisiertes_Kalzium_Nierenersatzverfahren,Observation,2025.0.0,2025.0.1,identical,0,0,0,0,0,False,,
de.medizininformatikinitiative.kerndatensatz.icu,icu,https://www.medizininformatik-initiative.de/fhir/ext/modul-icu/StructureDefinition/ionisiertes-kalzium-nierenersatzverfahren,SD_MII_ICU_Ionisiertes_Kalzium_Nierenersatzverfahren,Observation,2025.0.1,2025.0.2,identical,0,0,0,0,0,False,,
de.medizininformatikinitiative.kerndatensatz.icu,icu,https://www.medizininformatik-initiative.de/fhir/ext/modul-icu/StructureDefinition/ionisiertes-kalzium-nierenersatzverfahren,SD_MII_ICU_Ionisiertes_Kalzium_Nierenersatzverfahren,Observation,2025.0.2,2025.0.3,identical,0,0,0,0,0,False,,
de.medizininformatikinitiative.kerndatensatz.icu,icu,https://www.medizininformatik-initiative.de/fhir/ext/modul-icu/StructureDefinition/ionisiertes-kalzium-nierenersatzverfahren,SD_MII_ICU_Ionisiertes_Kalzium_Nierenersatzverfahren,Observation,2025.0.3,2025.0.4,identical,0,0,0,0,0,False,,
de.medizininformatikinitiative.kerndatensatz.icu,icu,https://www.medizininformatik-initiative.de/fhir/ext/modul-icu/StructureDefinition/koerpergewicht,SD_MII_ICU_Koerpergewicht,Observation,1.0.0,2025.0.0,mixed,16,8,6,1,0,True,Observation.category:VSCat|Observation.category:VSCat.coding|Observation.category:VSCat.coding.code|Observation.category:VSCat.coding.display|Observation.category:VSCat.coding.system|Observation.category:sct.coding.display|Observation.code.coding:loinc.code|Observation.code.coding:loinc.display|Observation.code.coding:loinc.system|Observation.code.coding:snomed|Observation.code.coding:snomed.code|Observation.code.coding:snomed.display|Observation.code.coding:snomed.system|Observation.effective[x]:effectivePeriod|Observation.effective[x]:effectivePeriod.end|Observation.effective[x]:effectivePeriod.start,Observation.category:vs-cat|Observation.category:vs-cat.coding|Observation.category:vs-cat.coding.code|Observation.category:vs-cat.coding.system|Observation.code.coding:sct|Observation.code.coding:sct.code|Observation.code.coding:sct.system|Observation.component.value[x]
de.medizininformatikinitiative.kerndatensatz.icu,icu,https://www.medizininformatik-initiative.de/fhir/ext/modul-icu/StructureDefinition/koerpergewicht,SD_MII_ICU_Koerpergewicht,Observation,2025.0.0,2025.0.1,identical,0,0,0,0,0,False,,
de.medizininformatikinitiative.kerndatensatz.icu,icu,https://www.medizininformatik-initiative.de/fhir/ext/modul-icu/StructureDefinition/koerpergewicht,SD_MII_ICU_Koerpergewicht,Observation,2025.0.1,2025.0.2,identical,0,0,0,0,0,False,,
de.medizininformatikinitiative.kerndatensatz.icu,icu,https://www.medizininformatik-initiative.de/fhir/ext/modul-icu/StructureDefinition/koerpergewicht,SD_MII_ICU_Koerpergewicht,Observation,2025.0.2,2025.0.3,identical,0,0,0,0,0,False,,
de.medizininformatikinitiative.kerndatensatz.icu,icu,https://www.medizininformatik-initiative.de/fhir/ext/modul-icu/StructureDefinition/koerpergewicht,SD_MII_ICU_Koerpergewicht,Observation,2025.0.3,2025.0.4,identical,0,0,0,0,0,False,,
de.medizininformatikinitiative.kerndatensatz.icu,icu,https://www.medizininformatik-initiative.de/fhir/ext/modul-icu/StructureDefinition/koerpergroesse,SD_MII_ICU_Koerpergroesse,Observation,1.0.0,2025.0.0,mixed,14,11,5,0,0,True,Observation.category:VSCat|Observation.category:VSCat.coding|Observation.category:VSCat.coding.code|Observation.category:VSCat.coding.display|Observation.category:VSCat.coding.system|Observation.category:sct.coding.display|Observation.code.coding:loinc.display|Observation.code.coding:snomed|Observation.code.coding:snomed.code|Observation.code.coding:snomed.display|Observation.code.coding:snomed.system|Observation.effective[x]:effectivePeriod|Observation.effective[x]:effectivePeriod.end|Observation.effective[x]:effectivePeriod.start,Observation.category:vs-cat|Observation.category:vs-cat.coding|Observation.category:vs-cat.coding.code|Observation.category:vs-cat.coding.system|Observation.code.coding:loinc-fhir-core|Observation.code.coding:loinc-fhir-core.code|Observation.code.coding:loinc-fhir-core.system|Observation.code.coding:sct|Observation.code.coding:sct.code|Observation.code.coding:sct.system|Observation.component.value[x]
de.medizininformatikinitiative.kerndatensatz.icu,icu,https://www.medizininformatik-initiative.de/fhir/ext/modul-icu/StructureDefinition/koerpergroesse,SD_MII_ICU_Koerpergroesse,Observation,2025.0.0,2025.0.1,identical,0,0,0,0,0,False,,
de.medizininformatikinitiative.kerndatensatz.icu,icu,https://www.medizininformatik-initiative.de/fhir/ext/modul-icu/StructureDefinition/koerpergroesse,SD_MII_ICU_Koerpergroesse,Observation,2025.0.1,2025.0.2,identical,0,0,0,0,0,False,,
de.medizininformatikinitiative.kerndatensatz.icu,icu,https://www.medizininformatik-initiative.de/fhir/ext/modul-icu/StructureDefinition/koerpergroesse,SD_MII_ICU_Koerpergroesse,Observation,2025.0.2,2025.0.3,identical,0,0,0,0,0,False,,
de.medizininformatikinitiative.kerndatensatz.icu,icu,https://www.medizininformatik-initiative.de/fhir/ext/modul-icu/StructureDefinition/koerpergroesse,SD_MII_ICU_Koerpergroesse,Observation,2025.0.3,2025.0.4,identical,0,0,0,0,0,False,,
de.medizininformatikinitiative.kerndatensatz.icu,icu,https://www.medizininformatik-initiative.de/fhir/ext/modul-icu/StructureDefinition/kopfumfang,SD_MII_ICU_Kopfumfang,Observation,1.0.0,2025.0.0,mixed,2,4,7,0,0,True,Observation.code.coding:sct.code|Observation.code.coding:sct.system,Observation.category:vs-cat|Observation.category:vs-cat.coding|Observation.category:vs-cat.coding.code|Observation.category:vs-cat.coding.system
de.medizininformatikinitiative.kerndatensatz.icu,icu,https://www.medizininformatik-initiative.de/fhir/ext/modul-icu/StructureDefinition/kopfumfang,SD_MII_ICU_Kopfumfang,Observation,2025.0.0,2025.0.1,identical,0,0,0,0,0,False,,
de.medizininformatikinitiative.kerndatensatz.icu,icu,https://www.medizininformatik-initiative.de/fhir/ext/modul-icu/StructureDefinition/kopfumfang,SD_MII_ICU_Kopfumfang,Observation,2025.0.1,2025.0.2,identical,0,0,0,0,0,False,,
de.medizininformatikinitiative.kerndatensatz.icu,icu,https://www.medizininformatik-initiative.de/fhir/ext/modul-icu/StructureDefinition/kopfumfang,SD_MII_ICU_Kopfumfang,Observation,2025.0.2,2025.0.3,identical,0,0,0,0,0,False,,
de.medizininformatikinitiative.kerndatensatz.icu,icu,https://www.medizininformatik-initiative.de/fhir/ext/modul-icu/StructureDefinition/kopfumfang,SD_MII_ICU_Kopfumfang,Observation,2025.0.3,2025.0.4,mixed,3,3,1,0,0,True,Observation.code.coding:snomed|Observation.code.coding:snomed.code|Observation.code.coding:snomed.system,Observation.code.coding:sct|Observation.code.coding:sct.code|Observation.code.coding:sct.system
de.medizininformatikinitiative.kerndatensatz.icu,icu,https://www.medizininformatik-initiative.de/fhir/ext/modul-icu/StructureDefinition/maximaler-beatmungsdruck,SD_MII_ICU_Maximaler_Beatmungsdruck,Observation,1.0.0,2025.0.0,mixed,1,0,3,0,0,True,Observation.code.coding,
de.medizininformatikinitiative.kerndatensatz.icu,icu,https://www.medizininformatik-initiative.de/fhir/ext/modul-icu/StructureDefinition/maximaler-beatmungsdruck,SD_MII_ICU_Maximaler_Beatmungsdruck,Observation,2025.0.0,2025.0.1,identical,0,0,0,0,0,False,,
de.medizininformatikinitiative.kerndatensatz.icu,icu,https://www.medizininformatik-initiative.de/fhir/ext/modul-icu/StructureDefinition/maximaler-beatmungsdruck,SD_MII_ICU_Maximaler_Beatmungsdruck,Observation,2025.0.1,2025.0.2,identical,0,0,0,0,0,False,,
de.medizininformatikinitiative.kerndatensatz.icu,icu,https://www.medizininformatik-initiative.de/fhir/ext/modul-icu/StructureDefinition/maximaler-beatmungsdruck,SD_MII_ICU_Maximaler_Beatmungsdruck,Observation,2025.0.2,2025.0.3,identical,0,0,0,0,0,False,,
de.medizininformatikinitiative.kerndatensatz.icu,icu,https://www.medizininformatik-initiative.de/fhir/ext/modul-icu/StructureDefinition/maximaler-beatmungsdruck,SD_MII_ICU_Maximaler_Beatmungsdruck,Observation,2025.0.3,2025.0.4,identical,0,0,0,0,0,False,,
de.medizininformatikinitiative.kerndatensatz.icu,icu,https://www.medizininformatik-initiative.de/fhir/ext/modul-icu/StructureDefinition/mechanische-atemfrequenz-beatmet,SD_MII_ICU_Mechanische_Atemfrequenz_Beatmet,Observation,1.0.0,2025.0.0,mixed,1,0,3,0,0,True,Observation.code.coding,
de.medizininformatikinitiative.kerndatensatz.icu,icu,https://www.medizininformatik-initiative.de/fhir/ext/modul-icu/StructureDefinition/mechanische-atemfrequenz-beatmet,SD_MII_ICU_Mechanische_Atemfrequenz_Beatmet,Observation,2025.0.0,2025.0.1,identical,0,0,0,0,0,False,,
de.medizininformatikinitiative.kerndatensatz.icu,icu,https://www.medizininformatik-initiative.de/fhir/ext/modul-icu/StructureDefinition/mechanische-atemfrequenz-beatmet,SD_MII_ICU_Mechanische_Atemfrequenz_Beatmet,Observation,2025.0.1,2025.0.2,identical,0,0,0,0,0,False,,
de.medizininformatikinitiative.kerndatensatz.icu,icu,https://www.medizininformatik-initiative.de/fhir/ext/modul-icu/StructureDefinition/mechanische-atemfrequenz-beatmet,SD_MII_ICU_Mechanische_Atemfrequenz_Beatmet,Observation,2025.0.2,2025.0.3,identical,0,0,0,0,0,False,,
de.medizininformatikinitiative.kerndatensatz.icu,icu,https://www.medizininformatik-initiative.de/fhir/ext/modul-icu/StructureDefinition/mechanische-atemfrequenz-beatmet,SD_MII_ICU_Mechanische_Atemfrequenz_Beatmet,Observation,2025.0.3,2025.0.4,identical,0,0,0,0,0,False,,
de.medizininformatikinitiative.kerndatensatz.icu,icu,https://www.medizininformatik-initiative.de/fhir/ext/modul-icu/StructureDefinition/mii-pr-icu-arterieller-blutdruck,MII_PR_ICU_Arterieller_Blutdruck,Observation,2026.0.0,2026.0.1,identical,0,0,0,0,0,False,,
de.medizininformatikinitiative.kerndatensatz.icu,icu,https://www.medizininformatik-initiative.de/fhir/ext/modul-icu/StructureDefinition/mii-pr-icu-arterieller-druck,MII_PR_ICU_Arterieller_Druck,Observation,2026.0.0,2026.0.1,identical,0,0,0,0,0,False,,
de.medizininformatikinitiative.kerndatensatz.icu,icu,https://www.medizininformatik-initiative.de/fhir/ext/modul-icu/StructureDefinition/mii-pr-icu-arterieller-druck,MII_PR_ICU_Arterieller_Druck,Observation,2026.0.1,2026.0.2,identical,0,0,0,0,0,False,,
de.medizininformatikinitiative.kerndatensatz.icu,icu,https://www.medizininformatik-initiative.de/fhir/ext/modul-icu/StructureDefinition/mii-pr-icu-atemfrequenz,MII_PR_ICU_Atemfrequenz,Observation,2026.0.0,2026.0.1,identical,0,0,0,0,0,False,,
de.medizininformatikinitiative.kerndatensatz.icu,icu,https://www.medizininformatik-initiative.de/fhir/ext/modul-icu/StructureDefinition/mii-pr-icu-atemwegsdruck-bei-mittlerem-expiratorischem-gasfluss,MII_PR_ICU_Atemwegsdruck_Bei_Mittlerem_Expiratorischem_Gasfluss,Observation,2026.0.0,2026.0.1,identical,0,0,0,0,0,False,,
de.medizininformatikinitiative.kerndatensatz.icu,icu,https://www.medizininformatik-initiative.de/fhir/ext/modul-icu/StructureDefinition/mii-pr-icu-atemwegsdruck-bei-mittlerem-expiratorischem-gasfluss,MII_PR_ICU_Atemwegsdruck_Bei_Mittlerem_Expiratorischem_Gasfluss,Observation,2026.0.1,2026.0.2,identical,0,0,0,0,0,False,,
de.medizininformatikinitiative.kerndatensatz.icu,icu,https://www.medizininformatik-initiative.de/fhir/ext/modul-icu/StructureDefinition/mii-pr-icu-atemwegsdruck-bei-null-expiratorischem-gasfluss,MII_PR_ICU_Atemwegsdruck_Bei_Null_Expiratorischem_Gasfluss,Observation,2026.0.0,2026.0.1,identical,0,0,0,0,0,False,,
de.medizininformatikinitiative.kerndatensatz.icu,icu,https://www.medizininformatik-initiative.de/fhir/ext/modul-icu/StructureDefinition/mii-pr-icu-atemwegsdruck-bei-null-expiratorischem-gasfluss,MII_PR_ICU_Atemwegsdruck_Bei_Null_Expiratorischem_Gasfluss,Observation,2026.0.1,2026.0.2,identical,0,0,0,0,0,False,,
de.medizininformatikinitiative.kerndatensatz.icu,icu,https://www.medizininformatik-initiative.de/fhir/ext/modul-icu/StructureDefinition/mii-pr-icu-atemzugvolumen-einstellung,MII_PR_ICU_Atemzugvolumen_Einstellung,Observation,2026.0.0,2026.0.1,identical,0,0,0,0,0,False,,
de.medizininformatikinitiative.kerndatensatz.icu,icu,https://www.medizininformatik-initiative.de/fhir/ext/modul-icu/StructureDefinition/mii-pr-icu-atemzugvolumen-einstellung,MII_PR_ICU_Atemzugvolumen_Einstellung,Observation,2026.0.1,2026.0.2,identical,0,0,0,0,0,False,,
de.medizininformatikinitiative.kerndatensatz.icu,icu,https://www.medizininformatik-initiative.de/fhir/ext/modul-icu/StructureDefinition/mii-pr-icu-atemzugvolumen-waehrend-beatmung,MII_PR_ICU_Atemzugvolumen_Waehrend_Beatmung,Observation,2026.0.0,2026.0.1,identical,0,0,0,0,0,False,,
de.medizininformatikinitiative.kerndatensatz.icu,icu,https://www.medizininformatik-initiative.de/fhir/ext/modul-icu/StructureDefinition/mii-pr-icu-atemzugvolumen-waehrend-beatmung,MII_PR_ICU_Atemzugvolumen_Waehrend_Beatmung,Observation,2026.0.1,2026.0.2,identical,0,0,0,0,0,False,,
de.medizininformatikinitiative.kerndatensatz.icu,icu,https://www.medizininformatik-initiative.de/fhir/ext/modul-icu/StructureDefinition/mii-pr-icu-beatmung,MII_PR_ICU_Beatmung,Procedure,2026.0.0,2026.0.1,identical,0,0,0,0,0,False,,
de.medizininformatikinitiative.kerndatensatz.icu,icu,https://www.medizininformatik-initiative.de/fhir/ext/modul-icu/StructureDefinition/mii-pr-icu-beatmung,MII_PR_ICU_Beatmung,Procedure,2026.0.1,2026.0.2,identical,0,0,0,0,0,False,,
de.medizininformatikinitiative.kerndatensatz.icu,icu,https://www.medizininformatik-initiative.de/fhir/ext/modul-icu/StructureDefinition/mii-pr-icu-beatmung,MII_PR_ICU_Beatmung,Procedure,2026.0.2,2026.0.3,identical,0,0,0,0,0,False,,
de.medizininformatikinitiative.kerndatensatz.icu,icu,https://www.medizininformatik-initiative.de/fhir/ext/modul-icu/StructureDefinition/mii-pr-icu-beatmung,MII_PR_ICU_Beatmung,Procedure,2026.0.3,2027.0.0-ballot.3,mixed,2,0,1,0,0,False,Procedure|Procedure.encounter,
de.medizininformatikinitiative.kerndatensatz.icu,icu,https://www.medizininformatik-initiative.de/fhir/ext/modul-icu/StructureDefinition/mii-pr-icu-beatmungsvolumen-pro-minute-maschineller-beatmung,MII_PR_ICU_Beatmungsvolumen_Pro_Minute_Maschineller_Beatmung,Observation,2026.0.0,2026.0.1,identical,0,0,0,0,0,False,,
de.medizininformatikinitiative.kerndatensatz.icu,icu,https://www.medizininformatik-initiative.de/fhir/ext/modul-icu/StructureDefinition/mii-pr-icu-beatmungsvolumen-pro-minute-maschineller-beatmung,MII_PR_ICU_Beatmungsvolumen_Pro_Minute_Maschineller_Beatmung,Observation,2026.0.1,2026.0.2,identical,0,0,0,0,0,False,,
de.medizininformatikinitiative.kerndatensatz.icu,icu,https://www.medizininformatik-initiative.de/fhir/ext/modul-icu/StructureDefinition/mii-pr-icu-beatmungszeit-hohem-druck,MII_PR_ICU_Beatmungszeit_Hohem_Druck,Observation,2026.0.0,2026.0.1,identical,0,0,0,0,0,False,,
de.medizininformatikinitiative.kerndatensatz.icu,icu,https://www.medizininformatik-initiative.de/fhir/ext/modul-icu/StructureDefinition/mii-pr-icu-beatmungszeit-hohem-druck,MII_PR_ICU_Beatmungszeit_Hohem_Druck,Observation,2026.0.1,2026.0.2,identical,0,0,0,0,0,False,,
de.medizininformatikinitiative.kerndatensatz.icu,icu,https://www.medizininformatik-initiative.de/fhir/ext/modul-icu/StructureDefinition/mii-pr-icu-beatmungszeit-niedrigem-druck,MII_PR_ICU_Beatmungszeit_Niedrigem_Druck,Observation,2026.0.0,2026.0.1,identical,0,0,0,0,0,False,,
de.medizininformatikinitiative.kerndatensatz.icu,icu,https://www.medizininformatik-initiative.de/fhir/ext/modul-icu/StructureDefinition/mii-pr-icu-beatmungszeit-niedrigem-druck,MII_PR_ICU_Beatmungszeit_Niedrigem_Druck,Observation,2026.0.1,2026.0.2,identical,0,0,0,0,0,False,,
de.medizininformatikinitiative.kerndatensatz.icu,icu,https://www.medizininformatik-initiative.de/fhir/ext/modul-icu/StructureDefinition/mii-pr-icu-bilanz,MII_PR_ICU_Bilanz,Observation,2026.0.0,2026.0.1,identical,0,0,0,0,0,False,,
de.medizininformatikinitiative.kerndatensatz.icu,icu,https://www.medizininformatik-initiative.de/fhir/ext/modul-icu/StructureDefinition/mii-pr-icu-bilanz,MII_PR_ICU_Bilanz,Observation,2026.0.1,2026.0.2,modified,0,0,2,0,0,False,,
de.medizininformatikinitiative.kerndatensatz.icu,icu,https://www.medizininformatik-initiative.de/fhir/ext/modul-icu/StructureDefinition/mii-pr-icu-bilanz,MII_PR_ICU_Bilanz,Observation,2026.0.2,2026.0.3,canonical-only,0,0,0,0,0,False,,
de.medizininformatikinitiative.kerndatensatz.icu,icu,https://www.medizininformatik-initiative.de/fhir/ext/modul-icu/StructureDefinition/mii-pr-icu-bilanz,MII_PR_ICU_Bilanz,Observation,2026.0.3,2027.0.0-ballot.3,elements-added,1,0,0,0,0,False,Observation,
de.medizininformatikinitiative.kerndatensatz.icu,icu,https://www.medizininformatik-initiative.de/fhir/ext/modul-icu/StructureDefinition/mii-pr-icu-bilanz-abnahme-haemofiltration-einzelmesswerte,MII_PR_ICU_Bilanz_Abnahme_Haemofiltration_Einzelmesswerte,Observation,2026.0.0,2026.0.1,identical,0,0,0,0,0,False,,
de.medizininformatikinitiative.kerndatensatz.icu,icu,https://www.medizininformatik-initiative.de/fhir/ext/modul-icu/StructureDefinition/mii-pr-icu-bilanz-ausfuhr-blutverlust,MII_PR_ICU_Bilanz_Ausfuhr_Blutverlust,Observation,2026.0.2,2026.0.3,identical,0,0,0,0,0,False,,
de.medizininformatikinitiative.kerndatensatz.icu,icu,https://www.medizininformatik-initiative.de/fhir/ext/modul-icu/StructureDefinition/mii-pr-icu-bilanz-ausfuhr-blutverlust,MII_PR_ICU_Bilanz_Ausfuhr_Blutverlust,Observation,2026.0.3,2027.0.0-ballot.3,elements-added,1,0,0,0,0,False,Observation,
de.medizininformatikinitiative.kerndatensatz.icu,icu,https://www.medizininformatik-initiative.de/fhir/ext/modul-icu/StructureDefinition/mii-pr-icu-bilanz-ausfuhr-drainage-generisch,MII_PR_ICU_Bilanz_Ausfuhr_Drainage_Generisch,Observation,2026.0.0,2026.0.1,identical,0,0,0,0,0,False,,
de.medizininformatikinitiative.kerndatensatz.icu,icu,https://www.medizininformatik-initiative.de/fhir/ext/modul-icu/StructureDefinition/mii-pr-icu-bilanz-ausfuhr-drainage-generisch,MII_PR_ICU_Bilanz_Ausfuhr_Drainage_Generisch,Observation,2026.0.1,2026.0.2,mixed,3,0,2,0,0,True,Observation.code.coding|Observation.code.coding:loinc|Observation.value[x].unit,
de.medizininformatikinitiative.kerndatensatz.icu,icu,https://www.medizininformatik-initiative.de/fhir/ext/modul-icu/StructureDefinition/mii-pr-icu-bilanz-ausfuhr-drainage-generisch,MII_PR_ICU_Bilanz_Ausfuhr_Drainage_Generisch,Observation,2026.0.2,2026.0.3,canonical-only,0,0,0,0,0,False,,
de.medizininformatikinitiative.kerndatensatz.icu,icu,https://www.medizininformatik-initiative.de/fhir/ext/modul-icu/StructureDefinition/mii-pr-icu-bilanz-ausfuhr-drainage-generisch,MII_PR_ICU_Bilanz_Ausfuhr_Drainage_Generisch,Observation,2026.0.3,2027.0.0-ballot.3,elements-added,1,0,0,0,0,False,Observation,
de.medizininformatikinitiative.kerndatensatz.icu,icu,https://www.medizininformatik-initiative.de/fhir/ext/modul-icu/StructureDefinition/mii-pr-icu-bilanz-ausfuhr-drainage-op,MII_PR_ICU_Bilanz_Ausfuhr_Drainage_OP,Observation,2026.0.0,2026.0.1,identical,0,0,0,0,0,False,,
de.medizininformatikinitiative.kerndatensatz.icu,icu,https://www.medizininformatik-initiative.de/fhir/ext/modul-icu/StructureDefinition/mii-pr-icu-bilanz-ausfuhr-drainage-wund,MII_PR_ICU_Bilanz_Ausfuhr_Drainage_Wund,Observation,2026.0.0,2026.0.1,identical,0,0,0,0,0,False,,
de.medizininformatikinitiative.kerndatensatz.icu,icu,https://www.medizininformatik-initiative.de/fhir/ext/modul-icu/StructureDefinition/mii-pr-icu-bilanz-ausfuhr-fluessigkeit-gesamt,MII_PR_ICU_Bilanz_Ausfuhr_Fluessigkeit_Gesamt,Observation,2026.0.0,2026.0.1,identical,0,0,0,0,0,False,,
de.medizininformatikinitiative.kerndatensatz.icu,icu,https://www.medizininformatik-initiative.de/fhir/ext/modul-icu/StructureDefinition/mii-pr-icu-bilanz-ausfuhr-fluessigkeit-gesamt,MII_PR_ICU_Bilanz_Ausfuhr_Fluessigkeit_Gesamt,Observation,2026.0.1,2026.0.2,mixed,1,0,1,0,0,True,Observation.value[x].unit,
de.medizininformatikinitiative.kerndatensatz.icu,icu,https://www.medizininformatik-initiative.de/fhir/ext/modul-icu/StructureDefinition/mii-pr-icu-bilanz-ausfuhr-fluessigkeit-gesamt,MII_PR_ICU_Bilanz_Ausfuhr_Fluessigkeit_Gesamt,Observation,2026.0.2,2026.0.3,identical,0,0,0,0,0,False,,
de.medizininformatikinitiative.kerndatensatz.icu,icu,https://www.medizininformatik-initiative.de/fhir/ext/modul-icu/StructureDefinition/mii-pr-icu-bilanz-ausfuhr-fluessigkeit-gesamt,MII_PR_ICU_Bilanz_Ausfuhr_Fluessigkeit_Gesamt,Observation,2026.0.3,2027.0.0-ballot.3,elements-added,1,0,0,0,0,False,Observation,
de.medizininformatikinitiative.kerndatensatz.icu,icu,https://www.medizininformatik-initiative.de/fhir/ext/modul-icu/StructureDefinition/mii-pr-icu-bilanz-ausfuhr-gallenfluessigkeit,MII_PR_ICU_Bilanz_Ausfuhr_Gallenfluessigkeit,Observation,2026.0.0,2026.0.1,identical,0,0,0,0,0,False,,
de.medizininformatikinitiative.kerndatensatz.icu,icu,https://www.medizininformatik-initiative.de/fhir/ext/modul-icu/StructureDefinition/mii-pr-icu-bilanz-ausfuhr-gallenfluessigkeit,MII_PR_ICU_Bilanz_Ausfuhr_Gallenfluessigkeit,Observation,2026.0.1,2026.0.2,mixed,1,0,1,0,0,True,Observation.value[x].unit,
de.medizininformatikinitiative.kerndatensatz.icu,icu,https://www.medizininformatik-initiative.de/fhir/ext/modul-icu/StructureDefinition/mii-pr-icu-bilanz-ausfuhr-gallenfluessigkeit,MII_PR_ICU_Bilanz_Ausfuhr_Gallenfluessigkeit,Observation,2026.0.2,2026.0.3,identical,0,0,0,0,0,False,,
de.medizininformatikinitiative.kerndatensatz.icu,icu,https://www.medizininformatik-initiative.de/fhir/ext/modul-icu/StructureDefinition/mii-pr-icu-bilanz-ausfuhr-gallenfluessigkeit,MII_PR_ICU_Bilanz_Ausfuhr_Gallenfluessigkeit,Observation,2026.0.3,2027.0.0-ballot.3,elements-added,1,0,0,0,0,False,Observation,
de.medizininformatikinitiative.kerndatensatz.icu,icu,https://www.medizininformatik-initiative.de/fhir/ext/modul-icu/StructureDefinition/mii-pr-icu-bilanz-ausfuhr-gallengang,MII_PR_ICU_Bilanz_Ausfuhr_Gallengang,Observation,2026.0.0,2026.0.1,identical,0,0,0,0,0,False,,
de.medizininformatikinitiative.kerndatensatz.icu,icu,https://www.medizininformatik-initiative.de/fhir/ext/modul-icu/StructureDefinition/mii-pr-icu-bilanz-ausfuhr-haemofiltration-einzelmesswerte,MII_PR_ICU_Bilanz_Ausfuhr_Haemofiltration_Einzelmesswerte,Observation,2026.0.2,2026.0.3,identical,0,0,0,0,0,False,,
de.medizininformatikinitiative.kerndatensatz.icu,icu,https://www.medizininformatik-initiative.de/fhir/ext/modul-icu/StructureDefinition/mii-pr-icu-bilanz-ausfuhr-haemofiltration-einzelmesswerte,MII_PR_ICU_Bilanz_Ausfuhr_Haemofiltration_Einzelmesswerte,Observation,2026.0.3,2027.0.0-ballot.3,elements-added,1,0,0,0,0,False,Observation,
de.medizininformatikinitiative.kerndatensatz.icu,icu,https://www.medizininformatik-initiative.de/fhir/ext/modul-icu/StructureDefinition/mii-pr-icu-bilanz-ausfuhr-magensonde,MII_PR_ICU_Bilanz_Ausfuhr_Magensonde,Observation,2026.0.0,2026.0.1,identical,0,0,0,0,0,False,,
de.medizininformatikinitiative.kerndatensatz.icu,icu,https://www.medizininformatik-initiative.de/fhir/ext/modul-icu/StructureDefinition/mii-pr-icu-bilanz-ausfuhr-magensonde,MII_PR_ICU_Bilanz_Ausfuhr_Magensonde,Observation,2026.0.1,2026.0.2,mixed,1,0,1,0,0,True,Observation.value[x].unit,
de.medizininformatikinitiative.kerndatensatz.icu,icu,https://www.medizininformatik-initiative.de/fhir/ext/modul-icu/StructureDefinition/mii-pr-icu-bilanz-ausfuhr-magensonde,MII_PR_ICU_Bilanz_Ausfuhr_Magensonde,Observation,2026.0.2,2026.0.3,identical,0,0,0,0,0,False,,
de.medizininformatikinitiative.kerndatensatz.icu,icu,https://www.medizininformatik-initiative.de/fhir/ext/modul-icu/StructureDefinition/mii-pr-icu-bilanz-ausfuhr-magensonde,MII_PR_ICU_Bilanz_Ausfuhr_Magensonde,Observation,2026.0.3,2027.0.0-ballot.3,elements-added,1,0,0,0,0,False,Observation,
de.medizininformatikinitiative.kerndatensatz.icu,icu,https://www.medizininformatik-initiative.de/fhir/ext/modul-icu/StructureDefinition/mii-pr-icu-bilanz-ausfuhr-op-drainage,MII_PR_ICU_Bilanz_Ausfuhr_OP_Drainage,Observation,2026.0.2,2026.0.3,identical,0,0,0,0,0,False,,
de.medizininformatikinitiative.kerndatensatz.icu,icu,https://www.medizininformatik-initiative.de/fhir/ext/modul-icu/StructureDefinition/mii-pr-icu-bilanz-ausfuhr-op-drainage,MII_PR_ICU_Bilanz_Ausfuhr_OP_Drainage,Observation,2026.0.3,2027.0.0-ballot.3,elements-added,1,0,0,0,0,False,Observation,
de.medizininformatikinitiative.kerndatensatz.icu,icu,https://www.medizininformatik-initiative.de/fhir/ext/modul-icu/StructureDefinition/mii-pr-icu-bilanz-ausfuhr-opdrainage,MII_PR_ICU_Bilanz_Ausfuhr_Opdrainage,Observation,2026.0.0,2026.0.1,identical,0,0,0,0,0,False,,
de.medizininformatikinitiative.kerndatensatz.icu,icu,https://www.medizininformatik-initiative.de/fhir/ext/modul-icu/StructureDefinition/mii-pr-icu-bilanz-ausfuhr-pankreasdrainage,MII_PR_ICU_Bilanz_Ausfuhr_Pankreasdrainage,Observation,2026.0.0,2026.0.1,identical,0,0,0,0,0,False,,
de.medizininformatikinitiative.kerndatensatz.icu,icu,https://www.medizininformatik-initiative.de/fhir/ext/modul-icu/StructureDefinition/mii-pr-icu-bilanz-ausfuhr-pankreasdrainage,MII_PR_ICU_Bilanz_Ausfuhr_Pankreasdrainage,Observation,2026.0.1,2026.0.2,mixed,2,0,1,0,0,True,Observation.code.coding|Observation.value[x].unit,
de.medizininformatikinitiative.kerndatensatz.icu,icu,https://www.medizininformatik-initiative.de/fhir/ext/modul-icu/StructureDefinition/mii-pr-icu-bilanz-ausfuhr-pankreasdrainage,MII_PR_ICU_Bilanz_Ausfuhr_Pankreasdrainage,Observation,2026.0.2,2026.0.3,identical,0,0,0,0,0,False,,
de.medizininformatikinitiative.kerndatensatz.icu,icu,https://www.medizininformatik-initiative.de/fhir/ext/modul-icu/StructureDefinition/mii-pr-icu-bilanz-ausfuhr-pankreasdrainage,MII_PR_ICU_Bilanz_Ausfuhr_Pankreasdrainage,Observation,2026.0.3,2027.0.0-ballot.3,elements-added,1,0,0,0,0,False,Observation,
de.medizininformatikinitiative.kerndatensatz.icu,icu,https://www.medizininformatik-initiative.de/fhir/ext/modul-icu/StructureDefinition/mii-pr-icu-bilanz-ausfuhr-stuhlgang,MII_PR_ICU_Bilanz_Ausfuhr_Stuhlgang,Observation,2026.0.0,2026.0.1,identical,0,0,0,0,0,False,,
de.medizininformatikinitiative.kerndatensatz.icu,icu,https://www.medizininformatik-initiative.de/fhir/ext/modul-icu/StructureDefinition/mii-pr-icu-bilanz-ausfuhr-stuhlgang,MII_PR_ICU_Bilanz_Ausfuhr_Stuhlgang,Observation,2026.0.1,2026.0.2,mixed,1,0,2,0,0,True,Observation.value[x].unit,
de.medizininformatikinitiative.kerndatensatz.icu,icu,https://www.medizininformatik-initiative.de/fhir/ext/modul-icu/StructureDefinition/mii-pr-icu-bilanz-ausfuhr-stuhlgang,MII_PR_ICU_Bilanz_Ausfuhr_Stuhlgang,Observation,2026.0.2,2026.0.3,identical,0,0,0,0,0,False,,
de.medizininformatikinitiative.kerndatensatz.icu,icu,https://www.medizininformatik-initiative.de/fhir/ext/modul-icu/StructureDefinition/mii-pr-icu-bilanz-ausfuhr-stuhlgang,MII_PR_ICU_Bilanz_Ausfuhr_Stuhlgang,Observation,2026.0.3,2027.0.0-ballot.3,elements-added,1,0,0,0,0,False,Observation,
de.medizininformatikinitiative.kerndatensatz.icu,icu,https://www.medizininformatik-initiative.de/fhir/ext/modul-icu/StructureDefinition/mii-pr-icu-bilanz-ausfuhr-urin,MII_PR_ICU_Bilanz_Ausfuhr_Urin,Observation,2026.0.0,2026.0.1,identical,0,0,0,0,0,False,,
de.medizininformatikinitiative.kerndatensatz.icu,icu,https://www.medizininformatik-initiative.de/fhir/ext/modul-icu/StructureDefinition/mii-pr-icu-bilanz-ausfuhr-urin,MII_PR_ICU_Bilanz_Ausfuhr_Urin,Observation,2026.0.1,2026.0.2,mixed,1,0,1,0,0,True,Observation.value[x].unit,
de.medizininformatikinitiative.kerndatensatz.icu,icu,https://www.medizininformatik-initiative.de/fhir/ext/modul-icu/StructureDefinition/mii-pr-icu-bilanz-ausfuhr-urin,MII_PR_ICU_Bilanz_Ausfuhr_Urin,Observation,2026.0.2,2026.0.3,identical,0,0,0,0,0,False,,
de.medizininformatikinitiative.kerndatensatz.icu,icu,https://www.medizininformatik-initiative.de/fhir/ext/modul-icu/StructureDefinition/mii-pr-icu-bilanz-ausfuhr-urin,MII_PR_ICU_Bilanz_Ausfuhr_Urin,Observation,2026.0.3,2027.0.0-ballot.3,elements-added,1,0,0,0,0,False,Observation,
de.medizininformatikinitiative.kerndatensatz.icu,icu,https://www.medizininformatik-initiative.de/fhir/ext/modul-icu/StructureDefinition/mii-pr-icu-bilanz-ausfuhr-wunddrainage,MII_PR_ICU_Bilanz_Ausfuhr_Wunddrainage,Observation,2026.0.0,2026.0.1,identical,0,0,0,0,0,False,,
de.medizininformatikinitiative.kerndatensatz.icu,icu,https://www.medizininformatik-initiative.de/fhir/ext/modul-icu/StructureDefinition/mii-pr-icu-bilanz-ausfuhr-wunddrainage,MII_PR_ICU_Bilanz_Ausfuhr_Wunddrainage,Observation,2026.0.1,2026.0.2,mixed,1,0,1,0,0,True,Observation.value[x].unit,
de.medizininformatikinitiative.kerndatensatz.icu,icu,https://www.medizininformatik-initiative.de/fhir/ext/modul-icu/StructureDefinition/mii-pr-icu-bilanz-ausfuhr-wunddrainage,MII_PR_ICU_Bilanz_Ausfuhr_Wunddrainage,Observation,2026.0.2,2026.0.3,identical,0,0,0,0,0,False,,
de.medizininformatikinitiative.kerndatensatz.icu,icu,https://www.medizininformatik-initiative.de/fhir/ext/modul-icu/StructureDefinition/mii-pr-icu-bilanz-ausfuhr-wunddrainage,MII_PR_ICU_Bilanz_Ausfuhr_Wunddrainage,Observation,2026.0.3,2027.0.0-ballot.3,elements-added,1,0,0,0,0,False,Observation,
de.medizininformatikinitiative.kerndatensatz.icu,icu,https://www.medizininformatik-initiative.de/fhir/ext/modul-icu/StructureDefinition/mii-pr-icu-bilanz-blutverlust,MII_PR_ICU_Bilanz_Blutverlust,Observation,2026.0.0,2026.0.1,identical,0,0,0,0,0,False,,
de.medizininformatikinitiative.kerndatensatz.icu,icu,https://www.medizininformatik-initiative.de/fhir/ext/modul-icu/StructureDefinition/mii-pr-icu-bilanz-einfuhr-enterale-fluesse,MII_PR_ICU_Bilanz_Einfuhr_Enterale_Fluesse,Observation,2026.0.0,2026.0.1,identical,0,0,0,0,0,False,,
de.medizininformatikinitiative.kerndatensatz.icu,icu,https://www.medizininformatik-initiative.de/fhir/ext/modul-icu/StructureDefinition/mii-pr-icu-bilanz-einfuhr-enterale-fluessigkeit,MII_PR_ICU_Bilanz_Einfuhr_Enterale_Fluessigkeit,Observation,2026.0.0,2026.0.1,identical,0,0,0,0,0,False,,
de.medizininformatikinitiative.kerndatensatz.icu,icu,https://www.medizininformatik-initiative.de/fhir/ext/modul-icu/StructureDefinition/mii-pr-icu-bilanz-einfuhr-enterale-fluessigkeit,MII_PR_ICU_Bilanz_Einfuhr_Enterale_Fluessigkeit,Observation,2026.0.1,2026.0.2,mixed,1,0,1,0,0,True,Observation.value[x].unit,
de.medizininformatikinitiative.kerndatensatz.icu,icu,https://www.medizininformatik-initiative.de/fhir/ext/modul-icu/StructureDefinition/mii-pr-icu-bilanz-einfuhr-enterale-fluessigkeit,MII_PR_ICU_Bilanz_Einfuhr_Enterale_Fluessigkeit,Observation,2026.0.2,2026.0.3,identical,0,0,0,0,0,False,,
de.medizininformatikinitiative.kerndatensatz.icu,icu,https://www.medizininformatik-initiative.de/fhir/ext/modul-icu/StructureDefinition/mii-pr-icu-bilanz-einfuhr-enterale-fluessigkeit,MII_PR_ICU_Bilanz_Einfuhr_Enterale_Fluessigkeit,Observation,2026.0.3,2027.0.0-ballot.3,elements-added,1,0,0,0,0,False,Observation,
de.medizininformatikinitiative.kerndatensatz.icu,icu,https://www.medizininformatik-initiative.de/fhir/ext/modul-icu/StructureDefinition/mii-pr-icu-bilanz-einfuhr-fluessigkeit-gesamt,MII_PR_ICU_Bilanz_Einfuhr_Fluessigkeit_Gesamt,Observation,2026.0.0,2026.0.1,identical,0,0,0,0,0,False,,
de.medizininformatikinitiative.kerndatensatz.icu,icu,https://www.medizininformatik-initiative.de/fhir/ext/modul-icu/StructureDefinition/mii-pr-icu-bilanz-einfuhr-fluessigkeit-gesamt,MII_PR_ICU_Bilanz_Einfuhr_Fluessigkeit_Gesamt,Observation,2026.0.1,2026.0.2,mixed,2,0,2,0,0,True,Observation.code.coding|Observation.value[x].unit,
de.medizininformatikinitiative.kerndatensatz.icu,icu,https://www.medizininformatik-initiative.de/fhir/ext/modul-icu/StructureDefinition/mii-pr-icu-bilanz-einfuhr-fluessigkeit-gesamt,MII_PR_ICU_Bilanz_Einfuhr_Fluessigkeit_Gesamt,Observation,2026.0.2,2026.0.3,identical,0,0,0,0,0,False,,
de.medizininformatikinitiative.kerndatensatz.icu,icu,https://www.medizininformatik-initiative.de/fhir/ext/modul-icu/StructureDefinition/mii-pr-icu-bilanz-einfuhr-fluessigkeit-gesamt,MII_PR_ICU_Bilanz_Einfuhr_Fluessigkeit_Gesamt,Observation,2026.0.3,2027.0.0-ballot.3,elements-added,1,0,0,0,0,False,Observation,
de.medizininformatikinitiative.kerndatensatz.icu,icu,https://www.medizininformatik-initiative.de/fhir/ext/modul-icu/StructureDefinition/mii-pr-icu-bilanz-einfuhr-oraler-fluesse,MII_PR_ICU_Bilanz_Einfuhr_Oraler_Fluesse,Observation,2026.0.0,2026.0.1,identical,0,0,0,0,0,False,,
de.medizininformatikinitiative.kerndatensatz.icu,icu,https://www.medizininformatik-initiative.de/fhir/ext/modul-icu/StructureDefinition/mii-pr-icu-bilanz-einfuhr-oraler-fluessigkeit,MII_PR_ICU_Bilanz_Einfuhr_Oraler_Fluessigkeit,Observation,2026.0.0,2026.0.1,identical,0,0,0,0,0,False,,
de.medizininformatikinitiative.kerndatensatz.icu,icu,https://www.medizininformatik-initiative.de/fhir/ext/modul-icu/StructureDefinition/mii-pr-icu-bilanz-gesamte-ausfuhr,MII_PR_ICU_Bilanz_Gesamte_Ausfuhr,Observation,2026.0.0,2026.0.1,identical,0,0,0,0,0,False,,
de.medizininformatikinitiative.kerndatensatz.icu,icu,https://www.medizininformatik-initiative.de/fhir/ext/modul-icu/StructureDefinition/mii-pr-icu-bilanz-gesamte-einfuhr,MII_PR_ICU_Bilanz_Gesamte_Einfuhr,Observation,2026.0.0,2026.0.1,identical,0,0,0,0,0,False,,
de.medizininformatikinitiative.kerndatensatz.icu,icu,https://www.medizininformatik-initiative.de/fhir/ext/modul-icu/StructureDefinition/mii-pr-icu-bilanz-gesamte-tages-bilanz,MII_PR_ICU_Bilanz_Gesamte_Tages_Bilanz,Observation,2026.0.0,2026.0.1,identical,0,0,0,0,0,False,,
de.medizininformatikinitiative.kerndatensatz.icu,icu,https://www.medizininformatik-initiative.de/fhir/ext/modul-icu/StructureDefinition/mii-pr-icu-bilanz-tagesbilanz-fluessigkeit,MII_PR_ICU_Bilanz_Tagesbilanz_Fluessigkeit,Observation,2026.0.2,2026.0.3,identical,0,0,0,0,0,False,,
de.medizininformatikinitiative.kerndatensatz.icu,icu,https://www.medizininformatik-initiative.de/fhir/ext/modul-icu/StructureDefinition/mii-pr-icu-bilanz-tagesbilanz-fluessigkeit,MII_PR_ICU_Bilanz_Tagesbilanz_Fluessigkeit,Observation,2026.0.3,2027.0.0-ballot.3,elements-added,1,0,0,0,0,False,Observation,
de.medizininformatikinitiative.kerndatensatz.icu,icu,https://www.medizininformatik-initiative.de/fhir/ext/modul-icu/StructureDefinition/mii-pr-icu-blutfluss-cardiovasculaeres-geraet,MII_PR_ICU_Blutfluss_Cardiovasculaeres_Geraet,Observation,2026.0.0,2026.0.1,identical,0,0,0,0,0,False,,
de.medizininformatikinitiative.kerndatensatz.icu,icu,https://www.medizininformatik-initiative.de/fhir/ext/modul-icu/StructureDefinition/mii-pr-icu-blutfluss-cardiovasculaeres-geraet,MII_PR_ICU_Blutfluss_Cardiovasculaeres_Geraet,Observation,2026.0.1,2026.0.2,identical,0,0,0,0,0,False,,
de.medizininformatikinitiative.kerndatensatz.icu,icu,https://www.medizininformatik-initiative.de/fhir/ext/modul-icu/StructureDefinition/mii-pr-icu-blutfluss-extrakorporaler-gasaustausch,MII_PR_ICU_Blutfluss_Extrakorporaler_Gasaustausch,Observation,2026.0.0,2026.0.1,identical,0,0,0,0,0,False,,
de.medizininformatikinitiative.kerndatensatz.icu,icu,https://www.medizininformatik-initiative.de/fhir/ext/modul-icu/StructureDefinition/mii-pr-icu-blutfluss-extrakorporaler-gasaustausch,MII_PR_ICU_Blutfluss_Extrakorporaler_Gasaustausch,Observation,2026.0.1,2026.0.2,identical,0,0,0,0,0,False,,
de.medizininformatikinitiative.kerndatensatz.icu,icu,https://www.medizininformatik-initiative.de/fhir/ext/modul-icu/StructureDefinition/mii-pr-icu-blutflussindex-extrakorporaler-gasaustausch,MII_PR_ICU_Blutflussindex_Extrakorporaler_Gasaustausch,Observation,2026.0.0,2026.0.1,identical,0,0,0,0,0,False,,
de.medizininformatikinitiative.kerndatensatz.icu,icu,https://www.medizininformatik-initiative.de/fhir/ext/modul-icu/StructureDefinition/mii-pr-icu-blutflussindex-extrakorporaler-gasaustausch,MII_PR_ICU_Blutflussindex_Extrakorporaler_Gasaustausch,Observation,2026.0.1,2026.0.2,identical,0,0,0,0,0,False,,
de.medizininformatikinitiative.kerndatensatz.icu,icu,https://www.medizininformatik-initiative.de/fhir/ext/modul-icu/StructureDefinition/mii-pr-icu-dauer-extrakorporaler-gasaustausch,MII_PR_ICU_Dauer_Extrakorporaler_Gasaustausch,Observation,2026.0.0,2026.0.1,identical,0,0,0,0,0,False,,
de.medizininformatikinitiative.kerndatensatz.icu,icu,https://www.medizininformatik-initiative.de/fhir/ext/modul-icu/StructureDefinition/mii-pr-icu-dauer-extrakorporaler-gasaustausch,MII_PR_ICU_Dauer_Extrakorporaler_Gasaustausch,Observation,2026.0.1,2026.0.2,identical,0,0,0,0,0,False,,
de.medizininformatikinitiative.kerndatensatz.icu,icu,https://www.medizininformatik-initiative.de/fhir/ext/modul-icu/StructureDefinition/mii-pr-icu-dauer-haemodialysesitzung,MII_PR_ICU_Dauer_Haemodialysesitzung,Observation,2026.0.0,2026.0.1,identical,0,0,0,0,0,False,,
de.medizininformatikinitiative.kerndatensatz.icu,icu,https://www.medizininformatik-initiative.de/fhir/ext/modul-icu/StructureDefinition/mii-pr-icu-dauer-haemodialysesitzung,MII_PR_ICU_Dauer_Haemodialysesitzung,Observation,2026.0.1,2026.0.2,identical,0,0,0,0,0,False,,
de.medizininformatikinitiative.kerndatensatz.icu,icu,https://www.medizininformatik-initiative.de/fhir/ext/modul-icu/StructureDefinition/mii-pr-icu-device,MII_PR_ICU_Device,Device,2026.0.3,2027.0.0-ballot.3,elements-added,1,0,0,0,0,False,Device,
de.medizininformatikinitiative.kerndatensatz.icu,icu,https://www.medizininformatik-initiative.de/fhir/ext/modul-icu/StructureDefinition/mii-pr-icu-devicemetric-eingestellte-gemessene-parameter-beatmung,MII_PR_ICU_Devicemetric_Eingestellte_Gemessene_Parameter_Beatmung,DeviceMetric,2026.0.0,2026.0.1,identical,0,0,0,0,0,False,,
de.medizininformatikinitiative.kerndatensatz.icu,icu,https://www.medizininformatik-initiative.de/fhir/ext/modul-icu/StructureDefinition/mii-pr-icu-devicemetric-eingestellte-gemessene-parameter-beatmung,MII_PR_ICU_Devicemetric_Eingestellte_Gemessene_Parameter_Beatmung,DeviceMetric,2026.0.1,2026.0.2,identical,0,0,0,0,0,False,,
de.medizininformatikinitiative.kerndatensatz.icu,icu,https://www.medizininformatik-initiative.de/fhir/ext/modul-icu/StructureDefinition/mii-pr-icu-devicemetric-eingestellte-gemessene-parameter-extrakorporale-verfahren,MII_PR_ICU_Devicemetric_Eingestellte_Gemessene_Parameter_Extrakorporale_Verfahren,DeviceMetric,2026.0.0,2026.0.1,identical,0,0,0,0,0,False,,
de.medizininformatikinitiative.kerndatensatz.icu,icu,https://www.medizininformatik-initiative.de/fhir/ext/modul-icu/StructureDefinition/mii-pr-icu-devicemetric-eingestellte-gemessene-parameter-extrakorporale-verfahren,MII_PR_ICU_Devicemetric_Eingestellte_Gemessene_Parameter_Extrakorporale_Verfahren,DeviceMetric,2026.0.1,2026.0.2,identical,0,0,0,0,0,False,,
de.medizininformatikinitiative.kerndatensatz.icu,icu,https://www.medizininformatik-initiative.de/fhir/ext/modul-icu/StructureDefinition/mii-pr-icu-dm-eingest-gem-parameter-extrakorporale-verfahren,MII_PR_ICU_Devicemetric_Eingestellte_Gemessene_Parameter_Extrakorporale_Verfahren,DeviceMetric,2026.0.3,2027.0.0-ballot.3,elements-added,1,0,0,0,0,False,DeviceMetric,
de.medizininformatikinitiative.kerndatensatz.icu,icu,https://www.medizininformatik-initiative.de/fhir/ext/modul-icu/StructureDefinition/mii-pr-icu-dm-eingestellte-gemessene-parameter-beatmung,MII_PR_ICU_Devicemetric_Eingestellte_Gemessene_Parameter_Beatmung,DeviceMetric,2026.0.3,2027.0.0-ballot.3,elements-added,1,0,0,0,0,False,DeviceMetric,
de.medizininformatikinitiative.kerndatensatz.icu,icu,https://www.medizininformatik-initiative.de/fhir/ext/modul-icu/StructureDefinition/mii-pr-icu-druckdifferenz-beatmung,MII_PR_ICU_Druckdifferenz_Beatmung,Observation,2026.0.0,2026.0.1,identical,0,0,0,0,0,False,,
de.medizininformatikinitiative.kerndatensatz.icu,icu,https://www.medizininformatik-initiative.de/fhir/ext/modul-icu/StructureDefinition/mii-pr-icu-druckdifferenz-beatmung,MII_PR_ICU_Druckdifferenz_Beatmung,Observation,2026.0.1,2026.0.2,identical,0,0,0,0,0,False,,
de.medizininformatikinitiative.kerndatensatz.icu,icu,https://www.medizininformatik-initiative.de/fhir/ext/modul-icu/StructureDefinition/mii-pr-icu-dynamische-kompliance,MII_PR_ICU_Dynamische_Kompliance,Observation,2026.0.0,2026.0.1,identical,0,0,0,0,0,False,,
de.medizininformatikinitiative.kerndatensatz.icu,icu,https://www.medizininformatik-initiative.de/fhir/ext/modul-icu/StructureDefinition/mii-pr-icu-dynamische-kompliance,MII_PR_ICU_Dynamische_Kompliance,Observation,2026.0.1,2026.0.2,identical,0,0,0,0,0,False,,
de.medizininformatikinitiative.kerndatensatz.icu,icu,https://www.medizininformatik-initiative.de/fhir/ext/modul-icu/StructureDefinition/mii-pr-icu-ect-arterieller-druck,MII_PR_ICU_ECT_Arterieller_Druck,Observation,2026.0.0,2026.0.1,identical,0,0,0,0,0,False,,
de.medizininformatikinitiative.kerndatensatz.icu,icu,https://www.medizininformatik-initiative.de/fhir/ext/modul-icu/StructureDefinition/mii-pr-icu-ect-arterieller-druck,MII_PR_ICU_ECT_Arterieller_Druck,Observation,2026.0.1,2026.0.3,canonical-only,0,0,0,0,0,False,,
de.medizininformatikinitiative.kerndatensatz.icu,icu,https://www.medizininformatik-initiative.de/fhir/ext/modul-icu/StructureDefinition/mii-pr-icu-ect-arterieller-druck,MII_PR_ICU_ECT_Arterieller_Druck,Observation,2026.0.3,2027.0.0-ballot.3,elements-added,1,0,0,0,0,False,Observation,
de.medizininformatikinitiative.kerndatensatz.icu,icu,https://www.medizininformatik-initiative.de/fhir/ext/modul-icu/StructureDefinition/mii-pr-icu-ect-blutfluss-cardiovasculaeres-geraet,MII_PR_ICU_ECT_Blutfluss_Cardiovasculaeres_Geraet,Observation,2026.0.0,2026.0.1,identical,0,0,0,0,0,False,,
de.medizininformatikinitiative.kerndatensatz.icu,icu,https://www.medizininformatik-initiative.de/fhir/ext/modul-icu/StructureDefinition/mii-pr-icu-ect-blutfluss-cardiovasculaeres-geraet,MII_PR_ICU_ECT_Blutfluss_Cardiovasculaeres_Geraet,Observation,2026.0.1,2026.0.3,elements-removed,0,1,0,0,0,True,,Observation.code.coding
de.medizininformatikinitiative.kerndatensatz.icu,icu,https://www.medizininformatik-initiative.de/fhir/ext/modul-icu/StructureDefinition/mii-pr-icu-ect-blutfluss-cardiovasculaeres-geraet,MII_PR_ICU_ECT_Blutfluss_Cardiovasculaeres_Geraet,Observation,2026.0.3,2027.0.0-ballot.3,elements-added,1,0,0,0,0,False,Observation,
de.medizininformatikinitiative.kerndatensatz.icu,icu,https://www.medizininformatik-initiative.de/fhir/ext/modul-icu/StructureDefinition/mii-pr-icu-ect-blutfluss-extrakorporaler-gasaustausch,MII_PR_ICU_ECT_Blutfluss_Extrakorporaler_Gasaustausch,Observation,2026.0.0,2026.0.1,identical,0,0,0,0,0,False,,
de.medizininformatikinitiative.kerndatensatz.icu,icu,https://www.medizininformatik-initiative.de/fhir/ext/modul-icu/StructureDefinition/mii-pr-icu-ect-blutfluss-extrakorporaler-gasaustausch,MII_PR_ICU_ECT_Blutfluss_Extrakorporaler_Gasaustausch,Observation,2026.0.1,2026.0.3,elements-removed,0,1,0,0,0,True,,Observation.code.coding
de.medizininformatikinitiative.kerndatensatz.icu,icu,https://www.medizininformatik-initiative.de/fhir/ext/modul-icu/StructureDefinition/mii-pr-icu-ect-blutfluss-extrakorporaler-gasaustausch,MII_PR_ICU_ECT_Blutfluss_Extrakorporaler_Gasaustausch,Observation,2026.0.3,2027.0.0-ballot.3,elements-added,1,0,0,0,0,False,Observation,
de.medizininformatikinitiative.kerndatensatz.icu,icu,https://www.medizininformatik-initiative.de/fhir/ext/modul-icu/StructureDefinition/mii-pr-icu-ect-blutflussindex-extrakorporaler-gasaustausch,MII_PR_ICU_ECT_Blutflussindex_Extrakorporaler_Gasaustausch,Observation,2026.0.0,2026.0.1,identical,0,0,0,0,0,False,,
de.medizininformatikinitiative.kerndatensatz.icu,icu,https://www.medizininformatik-initiative.de/fhir/ext/modul-icu/StructureDefinition/mii-pr-icu-ect-blutflussindex-extrakorporaler-gasaustausch,MII_PR_ICU_ECT_Blutflussindex_Extrakorporaler_Gasaustausch,Observation,2026.0.1,2026.0.3,elements-removed,0,1,0,0,0,True,,Observation.code.coding
de.medizininformatikinitiative.kerndatensatz.icu,icu,https://www.medizininformatik-initiative.de/fhir/ext/modul-icu/StructureDefinition/mii-pr-icu-ect-blutflussindex-extrakorporaler-gasaustausch,MII_PR_ICU_ECT_Blutflussindex_Extrakorporaler_Gasaustausch,Observation,2026.0.3,2027.0.0-ballot.3,elements-added,1,0,0,0,0,False,Observation,
de.medizininformatikinitiative.kerndatensatz.icu,icu,https://www.medizininformatik-initiative.de/fhir/ext/modul-icu/StructureDefinition/mii-pr-icu-ect-dauer-extrakorporaler-gasaustausch,MII_PR_ICU_ECT_Dauer_Extrakorporaler_Gasaustausch,Observation,2026.0.0,2026.0.1,identical,0,0,0,0,0,False,,
de.medizininformatikinitiative.kerndatensatz.icu,icu,https://www.medizininformatik-initiative.de/fhir/ext/modul-icu/StructureDefinition/mii-pr-icu-ect-dauer-extrakorporaler-gasaustausch,MII_PR_ICU_ECT_Dauer_Extrakorporaler_Gasaustausch,Observation,2026.0.1,2026.0.3,elements-removed,0,1,0,0,0,True,,Observation.code.coding
de.medizininformatikinitiative.kerndatensatz.icu,icu,https://www.medizininformatik-initiative.de/fhir/ext/modul-icu/StructureDefinition/mii-pr-icu-ect-dauer-extrakorporaler-gasaustausch,MII_PR_ICU_ECT_Dauer_Extrakorporaler_Gasaustausch,Observation,2026.0.3,2027.0.0-ballot.3,elements-added,1,0,0,0,0,False,Observation,
de.medizininformatikinitiative.kerndatensatz.icu,icu,https://www.medizininformatik-initiative.de/fhir/ext/modul-icu/StructureDefinition/mii-pr-icu-ect-dauer-haemodialysesitzung,MII_PR_ICU_ECT_Dauer_Haemodialysesitzung,Observation,2026.0.0,2026.0.1,identical,0,0,0,0,0,False,,
de.medizininformatikinitiative.kerndatensatz.icu,icu,https://www.medizininformatik-initiative.de/fhir/ext/modul-icu/StructureDefinition/mii-pr-icu-ect-dauer-haemodialysesitzung,MII_PR_ICU_ECT_Dauer_Haemodialysesitzung,Observation,2026.0.1,2026.0.3,elements-removed,0,1,0,0,0,True,,Observation.code.coding
de.medizininformatikinitiative.kerndatensatz.icu,icu,https://www.medizininformatik-initiative.de/fhir/ext/modul-icu/StructureDefinition/mii-pr-icu-ect-dauer-haemodialysesitzung,MII_PR_ICU_ECT_Dauer_Haemodialysesitzung,Observation,2026.0.3,2027.0.0-ballot.3,elements-added,1,0,0,0,0,False,Observation,
de.medizininformatikinitiative.kerndatensatz.icu,icu,https://www.medizininformatik-initiative.de/fhir/ext/modul-icu/StructureDefinition/mii-pr-icu-ect-devicemetric-eingestellte-gemessene-parameter-extrakorporale-verfahren,MII_PR_ICU_ECT_Devicemetric_Eingestellte_Gemessene_Parameter_Extrakorporale_Verfahren,DeviceMetric,2026.0.0,2026.0.1,identical,0,0,0,0,0,False,,
de.medizininformatikinitiative.kerndatensatz.icu,icu,https://www.medizininformatik-initiative.de/fhir/ext/modul-icu/StructureDefinition/mii-pr-icu-ect-extrakorporales-verfahren,MII_PR_ICU_ECT_Extrakorporales_Verfahren,Procedure,2026.0.0,2026.0.1,identical,0,0,0,0,0,False,,
de.medizininformatikinitiative.kerndatensatz.icu,icu,https://www.medizininformatik-initiative.de/fhir/ext/modul-icu/StructureDefinition/mii-pr-icu-ect-gasfluss,MII_PR_ICU_ECT_Gasfluss,Observation,2026.0.0,2026.0.1,identical,0,0,0,0,0,False,,
de.medizininformatikinitiative.kerndatensatz.icu,icu,https://www.medizininformatik-initiative.de/fhir/ext/modul-icu/StructureDefinition/mii-pr-icu-ect-gasfluss,MII_PR_ICU_ECT_Gasfluss,Observation,2026.0.1,2026.0.3,canonical-only,0,0,0,0,0,False,,
de.medizininformatikinitiative.kerndatensatz.icu,icu,https://www.medizininformatik-initiative.de/fhir/ext/modul-icu/StructureDefinition/mii-pr-icu-ect-gasfluss,MII_PR_ICU_ECT_Gasfluss,Observation,2026.0.3,2027.0.0-ballot.3,elements-added,1,0,0,0,0,False,Observation,
de.medizininformatikinitiative.kerndatensatz.icu,icu,https://www.medizininformatik-initiative.de/fhir/ext/modul-icu/StructureDefinition/mii-pr-icu-ect-haemodialyse-blutfluss,MII_PR_ICU_ECT_Haemodialyse_Blutfluss,Observation,2026.0.0,2026.0.1,identical,0,0,0,0,0,False,,
de.medizininformatikinitiative.kerndatensatz.icu,icu,https://www.medizininformatik-initiative.de/fhir/ext/modul-icu/StructureDefinition/mii-pr-icu-ect-haemodialyse-blutfluss,MII_PR_ICU_ECT_Haemodialyse_Blutfluss,Observation,2026.0.1,2026.0.3,elements-removed,0,1,0,0,0,True,,Observation.code.coding
de.medizininformatikinitiative.kerndatensatz.icu,icu,https://www.medizininformatik-initiative.de/fhir/ext/modul-icu/StructureDefinition/mii-pr-icu-ect-haemodialyse-blutfluss,MII_PR_ICU_ECT_Haemodialyse_Blutfluss,Observation,2026.0.3,2027.0.0-ballot.3,elements-added,1,0,0,0,0,False,Observation,
de.medizininformatikinitiative.kerndatensatz.icu,icu,https://www.medizininformatik-initiative.de/fhir/ext/modul-icu/StructureDefinition/mii-pr-icu-ect-ionisiertes-kalzium-nierenersatzverfahren,MII_PR_ICU_ECT_Ionisiertes_Kalzium_Nierenersatzverfahren,Observation,2026.0.0,2026.0.1,identical,0,0,0,0,0,False,,
de.medizininformatikinitiative.kerndatensatz.icu,icu,https://www.medizininformatik-initiative.de/fhir/ext/modul-icu/StructureDefinition/mii-pr-icu-ect-ionisiertes-kalzium-nierenersatzverfahren,MII_PR_ICU_ECT_Ionisiertes_Kalzium_Nierenersatzverfahren,Observation,2026.0.1,2026.0.3,elements-removed,0,1,0,0,0,True,,Observation.code.coding
de.medizininformatikinitiative.kerndatensatz.icu,icu,https://www.medizininformatik-initiative.de/fhir/ext/modul-icu/StructureDefinition/mii-pr-icu-ect-ionisiertes-kalzium-nierenersatzverfahren,MII_PR_ICU_ECT_Ionisiertes_Kalzium_Nierenersatzverfahren,Observation,2026.0.3,2027.0.0-ballot.3,elements-added,1,0,0,0,0,False,Observation,
de.medizininformatikinitiative.kerndatensatz.icu,icu,https://www.medizininformatik-initiative.de/fhir/ext/modul-icu/StructureDefinition/mii-pr-icu-ect-parameter-von-extrakorporalen-verfahren,MII_PR_ICU_ECT_Parameter_Von_Extrakorporalen_Verfahren,Observation,2026.0.0,2026.0.1,identical,0,0,0,0,0,False,,
de.medizininformatikinitiative.kerndatensatz.icu,icu,https://www.medizininformatik-initiative.de/fhir/ext/modul-icu/StructureDefinition/mii-pr-icu-ect-substituatfluss,MII_PR_ICU_ECT_Substituatfluss,Observation,2026.0.0,2026.0.1,identical,0,0,0,0,0,False,,
de.medizininformatikinitiative.kerndatensatz.icu,icu,https://www.medizininformatik-initiative.de/fhir/ext/modul-icu/StructureDefinition/mii-pr-icu-ect-substituatfluss,MII_PR_ICU_ECT_Substituatfluss,Observation,2026.0.1,2026.0.3,elements-removed,0,1,0,0,0,True,,Observation.code.coding
de.medizininformatikinitiative.kerndatensatz.icu,icu,https://www.medizininformatik-initiative.de/fhir/ext/modul-icu/StructureDefinition/mii-pr-icu-ect-substituatfluss,MII_PR_ICU_ECT_Substituatfluss,Observation,2026.0.3,2027.0.0-ballot.3,elements-added,1,0,0,0,0,False,Observation,
de.medizininformatikinitiative.kerndatensatz.icu,icu,https://www.medizininformatik-initiative.de/fhir/ext/modul-icu/StructureDefinition/mii-pr-icu-ect-substituatvolumen,MII_PR_ICU_ECT_Substituatvolumen,Observation,2026.0.0,2026.0.1,identical,0,0,0,0,0,False,,
de.medizininformatikinitiative.kerndatensatz.icu,icu,https://www.medizininformatik-initiative.de/fhir/ext/modul-icu/StructureDefinition/mii-pr-icu-ect-substituatvolumen,MII_PR_ICU_ECT_Substituatvolumen,Observation,2026.0.1,2026.0.3,mixed,2,1,0,0,0,True,Observation.code.coding:IEEE-11073.system|Observation.code.coding:loinc.system,Observation.code.coding
de.medizininformatikinitiative.kerndatensatz.icu,icu,https://www.medizininformatik-initiative.de/fhir/ext/modul-icu/StructureDefinition/mii-pr-icu-ect-substituatvolumen,MII_PR_ICU_ECT_Substituatvolumen,Observation,2026.0.3,2027.0.0-ballot.3,elements-added,1,0,0,0,0,False,Observation,
de.medizininformatikinitiative.kerndatensatz.icu,icu,https://www.medizininformatik-initiative.de/fhir/ext/modul-icu/StructureDefinition/mii-pr-icu-ect-venoeser-druck,MII_PR_ICU_ECT_Venoeser_Druck,Observation,2026.0.0,2026.0.1,identical,0,0,0,0,0,False,,
de.medizininformatikinitiative.kerndatensatz.icu,icu,https://www.medizininformatik-initiative.de/fhir/ext/modul-icu/StructureDefinition/mii-pr-icu-ect-venoeser-druck,MII_PR_ICU_ECT_Venoeser_Druck,Observation,2026.0.1,2026.0.3,elements-removed,0,1,0,0,0,True,,Observation.code.coding
de.medizininformatikinitiative.kerndatensatz.icu,icu,https://www.medizininformatik-initiative.de/fhir/ext/modul-icu/StructureDefinition/mii-pr-icu-ect-venoeser-druck,MII_PR_ICU_ECT_Venoeser_Druck,Observation,2026.0.3,2027.0.0-ballot.3,elements-added,1,0,0,0,0,False,Observation,
de.medizininformatikinitiative.kerndatensatz.icu,icu,https://www.medizininformatik-initiative.de/fhir/ext/modul-icu/StructureDefinition/mii-pr-icu-eingestellter-inspiratorischer-gasfluss,MII_PR_ICU_Eingestellter_Inspiratorischer_Gasfluss,Observation,2026.0.0,2026.0.1,identical,0,0,0,0,0,False,,
de.medizininformatikinitiative.kerndatensatz.icu,icu,https://www.medizininformatik-initiative.de/fhir/ext/modul-icu/StructureDefinition/mii-pr-icu-eingestellter-inspiratorischer-gasfluss,MII_PR_ICU_Eingestellter_Inspiratorischer_Gasfluss,Observation,2026.0.1,2026.0.2,identical,0,0,0,0,0,False,,
de.medizininformatikinitiative.kerndatensatz.icu,icu,https://www.medizininformatik-initiative.de/fhir/ext/modul-icu/StructureDefinition/mii-pr-icu-einstellung-ausatmungszeit-beatmung,MII_PR_ICU_Einstellung_Ausatmungszeit_Beatmung,Observation,2026.0.0,2026.0.1,identical,0,0,0,0,0,False,,
de.medizininformatikinitiative.kerndatensatz.icu,icu,https://www.medizininformatik-initiative.de/fhir/ext/modul-icu/StructureDefinition/mii-pr-icu-einstellung-ausatmungszeit-beatmung,MII_PR_ICU_Einstellung_Ausatmungszeit_Beatmung,Observation,2026.0.1,2026.0.2,identical,0,0,0,0,0,False,,
de.medizininformatikinitiative.kerndatensatz.icu,icu,https://www.medizininformatik-initiative.de/fhir/ext/modul-icu/StructureDefinition/mii-pr-icu-einstellung-einatmungszeit-beatmung,MII_PR_ICU_Einstellung_Einatmungszeit_Beatmung,Observation,2026.0.0,2026.0.1,identical,0,0,0,0,0,False,,
de.medizininformatikinitiative.kerndatensatz.icu,icu,https://www.medizininformatik-initiative.de/fhir/ext/modul-icu/StructureDefinition/mii-pr-icu-einstellung-einatmungszeit-beatmung,MII_PR_ICU_Einstellung_Einatmungszeit_Beatmung,Observation,2026.0.1,2026.0.2,identical,0,0,0,0,0,False,,
de.medizininformatikinitiative.kerndatensatz.icu,icu,https://www.medizininformatik-initiative.de/fhir/ext/modul-icu/StructureDefinition/mii-pr-icu-endexpiratorischer-kohlendioxidpartialdruck,MII_PR_ICU_Endexpiratorischer_Kohlendioxidpartialdruck,Observation,2026.0.0,2026.0.1,identical,0,0,0,0,0,False,,
de.medizininformatikinitiative.kerndatensatz.icu,icu,https://www.medizininformatik-initiative.de/fhir/ext/modul-icu/StructureDefinition/mii-pr-icu-endexpiratorischer-kohlendioxidpartialdruck,MII_PR_ICU_Endexpiratorischer_Kohlendioxidpartialdruck,Observation,2026.0.1,2026.0.2,identical,0,0,0,0,0,False,,
de.medizininformatikinitiative.kerndatensatz.icu,icu,https://www.medizininformatik-initiative.de/fhir/ext/modul-icu/StructureDefinition/mii-pr-icu-exspiratorischer-gasfluss,MII_PR_ICU_Exspiratorischer_Gasfluss,Observation,2026.0.0,2026.0.1,identical,0,0,0,0,0,False,,
de.medizininformatikinitiative.kerndatensatz.icu,icu,https://www.medizininformatik-initiative.de/fhir/ext/modul-icu/StructureDefinition/mii-pr-icu-exspiratorischer-gasfluss,MII_PR_ICU_Exspiratorischer_Gasfluss,Observation,2026.0.1,2026.0.2,identical,0,0,0,0,0,False,,
de.medizininformatikinitiative.kerndatensatz.icu,icu,https://www.medizininformatik-initiative.de/fhir/ext/modul-icu/StructureDefinition/mii-pr-icu-exspiratorischer-sauerstoffpartialdruck,MII_PR_ICU_Exspiratorischer_Sauerstoffpartialdruck,Observation,2026.0.0,2026.0.1,identical,0,0,0,0,0,False,,
de.medizininformatikinitiative.kerndatensatz.icu,icu,https://www.medizininformatik-initiative.de/fhir/ext/modul-icu/StructureDefinition/mii-pr-icu-exspiratorischer-sauerstoffpartialdruck,MII_PR_ICU_Exspiratorischer_Sauerstoffpartialdruck,Observation,2026.0.1,2026.0.2,identical,0,0,0,0,0,False,,
de.medizininformatikinitiative.kerndatensatz.icu,icu,https://www.medizininformatik-initiative.de/fhir/ext/modul-icu/StructureDefinition/mii-pr-icu-extrakorporales-verfahren,MII_PR_ICU_Extrakorporales_Verfahren,Procedure,2026.0.0,2026.0.1,identical,0,0,0,0,0,False,,
de.medizininformatikinitiative.kerndatensatz.icu,icu,https://www.medizininformatik-initiative.de/fhir/ext/modul-icu/StructureDefinition/mii-pr-icu-extrakorporales-verfahren,MII_PR_ICU_Extrakorporales_Verfahren,Procedure,2026.0.1,2026.0.2,identical,0,0,0,0,0,False,,
de.medizininformatikinitiative.kerndatensatz.icu,icu,https://www.medizininformatik-initiative.de/fhir/ext/modul-icu/StructureDefinition/mii-pr-icu-extrakorporales-verfahren,MII_PR_ICU_Extrakorporales_Verfahren,Procedure,2026.0.2,2026.0.3,identical,0,0,0,0,0,False,,
de.medizininformatikinitiative.kerndatensatz.icu,icu,https://www.medizininformatik-initiative.de/fhir/ext/modul-icu/StructureDefinition/mii-pr-icu-extrakorporales-verfahren,MII_PR_ICU_Extrakorporales_Verfahren,Procedure,2026.0.3,2027.0.0-ballot.3,elements-added,2,0,0,0,0,False,Procedure|Procedure.encounter,
de.medizininformatikinitiative.kerndatensatz.icu,icu,https://www.medizininformatik-initiative.de/fhir/ext/modul-icu/StructureDefinition/mii-pr-icu-gasfluss,MII_PR_ICU_Gasfluss,Observation,2026.0.0,2026.0.1,identical,0,0,0,0,0,False,,
de.medizininformatikinitiative.kerndatensatz.icu,icu,https://www.medizininformatik-initiative.de/fhir/ext/modul-icu/StructureDefinition/mii-pr-icu-gasfluss,MII_PR_ICU_Gasfluss,Observation,2026.0.1,2026.0.2,identical,0,0,0,0,0,False,,
de.medizininformatikinitiative.kerndatensatz.icu,icu,https://www.medizininformatik-initiative.de/fhir/ext/modul-icu/StructureDefinition/mii-pr-icu-haemodialyse-blutfluss,MII_PR_ICU_Haemodialyse_Blutfluss,Observation,2026.0.0,2026.0.1,identical,0,0,0,0,0,False,,
de.medizininformatikinitiative.kerndatensatz.icu,icu,https://www.medizininformatik-initiative.de/fhir/ext/modul-icu/StructureDefinition/mii-pr-icu-haemodialyse-blutfluss,MII_PR_ICU_Haemodialyse_Blutfluss,Observation,2026.0.1,2026.0.2,identical,0,0,0,0,0,False,,
de.medizininformatikinitiative.kerndatensatz.icu,icu,https://www.medizininformatik-initiative.de/fhir/ext/modul-icu/StructureDefinition/mii-pr-icu-herzfrequenz,MII_PR_ICU_Herzfrequenz,Observation,2026.0.0,2026.0.1,identical,0,0,0,0,0,False,,
de.medizininformatikinitiative.kerndatensatz.icu,icu,https://www.medizininformatik-initiative.de/fhir/ext/modul-icu/StructureDefinition/mii-pr-icu-horowitz-in-arteriellem-blut,MII_PR_ICU_Horowitz_In_Arteriellem_Blut,Observation,2026.0.0,2026.0.1,identical,0,0,0,0,0,False,,
de.medizininformatikinitiative.kerndatensatz.icu,icu,https://www.medizininformatik-initiative.de/fhir/ext/modul-icu/StructureDefinition/mii-pr-icu-horowitz-in-arteriellem-blut,MII_PR_ICU_Horowitz_In_Arteriellem_Blut,Observation,2026.0.1,2026.0.2,identical,0,0,0,0,0,False,,
de.medizininformatikinitiative.kerndatensatz.icu,icu,https://www.medizininformatik-initiative.de/fhir/ext/modul-icu/StructureDefinition/mii-pr-icu-icu-device,MII_PR_ICU_Device,Device,2026.0.0,2026.0.1,identical,0,0,0,0,0,False,,
de.medizininformatikinitiative.kerndatensatz.icu,icu,https://www.medizininformatik-initiative.de/fhir/ext/modul-icu/StructureDefinition/mii-pr-icu-icu-device,MII_PR_ICU_Device,Device,2026.0.1,2026.0.2,identical,0,0,0,0,0,False,,
de.medizininformatikinitiative.kerndatensatz.icu,icu,https://www.medizininformatik-initiative.de/fhir/ext/modul-icu/StructureDefinition/mii-pr-icu-inspiratorische-sauerstofffraktion-eingestellt,MII_PR_ICU_Inspiratorische_Sauerstofffraktion_Eingestellt,Observation,2026.0.0,2026.0.1,identical,0,0,0,0,0,False,,
de.medizininformatikinitiative.kerndatensatz.icu,icu,https://www.medizininformatik-initiative.de/fhir/ext/modul-icu/StructureDefinition/mii-pr-icu-inspiratorische-sauerstofffraktion-eingestellt,MII_PR_ICU_Inspiratorische_Sauerstofffraktion_Eingestellt,Observation,2026.0.1,2026.0.2,identical,0,0,0,0,0,False,,
de.medizininformatikinitiative.kerndatensatz.icu,icu,https://www.medizininformatik-initiative.de/fhir/ext/modul-icu/StructureDefinition/mii-pr-icu-inspiratorische-sauerstofffraktion-gemessen,MII_PR_ICU_Inspiratorische_Sauerstofffraktion_Gemessen,Observation,2026.0.0,2026.0.1,identical,0,0,0,0,0,False,,
de.medizininformatikinitiative.kerndatensatz.icu,icu,https://www.medizininformatik-initiative.de/fhir/ext/modul-icu/StructureDefinition/mii-pr-icu-inspiratorische-sauerstofffraktion-gemessen,MII_PR_ICU_Inspiratorische_Sauerstofffraktion_Gemessen,Observation,2026.0.1,2026.0.2,identical,0,0,0,0,0,False,,
de.medizininformatikinitiative.kerndatensatz.icu,icu,https://www.medizininformatik-initiative.de/fhir/ext/modul-icu/StructureDefinition/mii-pr-icu-inspiratorischer-gasfluss,MII_PR_ICU_Inspiratorischer_Gasfluss,Observation,2026.0.0,2026.0.1,identical,0,0,0,0,0,False,,
de.medizininformatikinitiative.kerndatensatz.icu,icu,https://www.medizininformatik-initiative.de/fhir/ext/modul-icu/StructureDefinition/mii-pr-icu-inspiratorischer-gasfluss,MII_PR_ICU_Inspiratorischer_Gasfluss,Observation,2026.0.1,2026.0.2,identical,0,0,0,0,0,False,,
de.medizininformatikinitiative.kerndatensatz.icu,icu,https://www.medizininformatik-initiative.de/fhir/ext/modul-icu/StructureDefinition/mii-pr-icu-ionisiertes-kalzium-nierenersatzverfahren,MII_PR_ICU_Ionisiertes_Kalzium_Nierenersatzverfahren,Observation,2026.0.0,2026.0.1,identical,0,0,0,0,0,False,,
de.medizininformatikinitiative.kerndatensatz.icu,icu,https://www.medizininformatik-initiative.de/fhir/ext/modul-icu/StructureDefinition/mii-pr-icu-ionisiertes-kalzium-nierenersatzverfahren,MII_PR_ICU_Ionisiertes_Kalzium_Nierenersatzverfahren,Observation,2026.0.1,2026.0.2,identical,0,0,0,0,0,False,,
de.medizininformatikinitiative.kerndatensatz.icu,icu,https://www.medizininformatik-initiative.de/fhir/ext/modul-icu/StructureDefinition/mii-pr-icu-koerpergewicht,MII_PR_ICU_Koerpergewicht,Observation,2026.0.0,2026.0.1,identical,0,0,0,0,0,False,,
de.medizininformatikinitiative.kerndatensatz.icu,icu,https://www.medizininformatik-initiative.de/fhir/ext/modul-icu/StructureDefinition/mii-pr-icu-koerpergroesse,MII_PR_ICU_Koerpergroesse,Observation,2026.0.0,2026.0.1,identical,0,0,0,0,0,False,,
de.medizininformatikinitiative.kerndatensatz.icu,icu,https://www.medizininformatik-initiative.de/fhir/ext/modul-icu/StructureDefinition/mii-pr-icu-kopfumfang,MII_PR_ICU_Kopfumfang,Observation,2026.0.0,2026.0.1,identical,0,0,0,0,0,False,,
de.medizininformatikinitiative.kerndatensatz.icu,icu,https://www.medizininformatik-initiative.de/fhir/ext/modul-icu/StructureDefinition/mii-pr-icu-maximaler-beatmungsdruck,MII_PR_ICU_Maximaler_Beatmungsdruck,Observation,2026.0.0,2026.0.1,identical,0,0,0,0,0,False,,
de.medizininformatikinitiative.kerndatensatz.icu,icu,https://www.medizininformatik-initiative.de/fhir/ext/modul-icu/StructureDefinition/mii-pr-icu-maximaler-beatmungsdruck,MII_PR_ICU_Maximaler_Beatmungsdruck,Observation,2026.0.1,2026.0.2,identical,0,0,0,0,0,False,,
de.medizininformatikinitiative.kerndatensatz.icu,icu,https://www.medizininformatik-initiative.de/fhir/ext/modul-icu/StructureDefinition/mii-pr-icu-mechanische-atemfrequenz-beatmet,MII_PR_ICU_Mechanische_Atemfrequenz_Beatmet,Observation,2026.0.0,2026.0.1,identical,0,0,0,0,0,False,,
de.medizininformatikinitiative.kerndatensatz.icu,icu,https://www.medizininformatik-initiative.de/fhir/ext/modul-icu/StructureDefinition/mii-pr-icu-mechanische-atemfrequenz-beatmet,MII_PR_ICU_Mechanische_Atemfrequenz_Beatmet,Observation,2026.0.1,2026.0.2,identical,0,0,0,0,0,False,,
de.medizininformatikinitiative.kerndatensatz.icu,icu,https://www.medizininformatik-initiative.de/fhir/ext/modul-icu/StructureDefinition/mii-pr-icu-mittlerer-beatmungsdruck,MII_PR_ICU_Mittlerer_Beatmungsdruck,Observation,2026.0.0,2026.0.1,identical,0,0,0,0,0,False,,
de.medizininformatikinitiative.kerndatensatz.icu,icu,https://www.medizininformatik-initiative.de/fhir/ext/modul-icu/StructureDefinition/mii-pr-icu-mittlerer-beatmungsdruck,MII_PR_ICU_Mittlerer_Beatmungsdruck,Observation,2026.0.1,2026.0.2,identical,0,0,0,0,0,False,,
de.medizininformatikinitiative.kerndatensatz.icu,icu,https://www.medizininformatik-initiative.de/fhir/ext/modul-icu/StructureDefinition/mii-pr-icu-muv-arterieller-blutdruck,MII_PR_ICU_MUV_Arterieller_Blutdruck,Observation,2026.0.0,2026.0.1,identical,0,0,0,0,0,False,,
de.medizininformatikinitiative.kerndatensatz.icu,icu,https://www.medizininformatik-initiative.de/fhir/ext/modul-icu/StructureDefinition/mii-pr-icu-muv-arterieller-blutdruck,MII_PR_ICU_MUV_Arterieller_Blutdruck,Observation,2026.0.1,2026.0.2,mixed,10,5,3,0,0,True,Observation.component:DiastolicBP.value[x]:valueQuantity|Observation.component:DiastolicBP.value[x]:valueQuantity.code|Observation.component:DiastolicBP.value[x]:valueQuantity.system|Observation.component:DiastolicBP.value[x]:valueQuantity.unit|Observation.component:DiastolicBP.value[x]:valueQuantity.value|Observation.component:SystolicBP.value[x]:valueQuantity|Observation.component:SystolicBP.value[x]:valueQuantity.code|Observation.component:SystolicBP.value[x]:valueQuantity.system|Observation.component:SystolicBP.value[x]:valueQuantity.unit|Observation.component:SystolicBP.value[x]:valueQuantity.value,Observation.code.coding:sct.version|Observation.component:meanBP.value[x].code|Observation.component:meanBP.value[x].system|Observation.component:meanBP.value[x].unit|Observation.component:meanBP.value[x].value
de.medizininformatikinitiative.kerndatensatz.icu,icu,https://www.medizininformatik-initiative.de/fhir/ext/modul-icu/StructureDefinition/mii-pr-icu-muv-arterieller-blutdruck,MII_PR_ICU_MUV_Arterieller_Blutdruck,Observation,2026.0.2,2026.0.3,identical,0,0,0,0,0,False,,
de.medizininformatikinitiative.kerndatensatz.icu,icu,https://www.medizininformatik-initiative.de/fhir/ext/modul-icu/StructureDefinition/mii-pr-icu-muv-arterieller-blutdruck,MII_PR_ICU_MUV_Arterieller_Blutdruck,Observation,2026.0.3,2027.0.0-ballot.3,elements-added,10,0,0,0,0,False,Observation|Observation.component:meanBP.value[x].code|Observation.component:meanBP.value[x].system|Observation.component:meanBP.value[x].unit|Observation.component:meanBP.value[x].value|Observation.component:meanBP.value[x]:valueQuantity|Observation.component:meanBP.value[x]:valueQuantity.code|Observation.component:meanBP.value[x]:valueQuantity.system|Observation.component:meanBP.value[x]:valueQuantity.unit|Observation.component:meanBP.value[x]:valueQuantity.value,
de.medizininformatikinitiative.kerndatensatz.icu,icu,https://www.medizininformatik-initiative.de/fhir/ext/modul-icu/StructureDefinition/mii-pr-icu-muv-atemfrequenz,MII_PR_ICU_MUV_Atemfrequenz,Observation,2026.0.0,2026.0.1,identical,0,0,0,0,0,False,,
de.medizininformatikinitiative.kerndatensatz.icu,icu,https://www.medizininformatik-initiative.de/fhir/ext/modul-icu/StructureDefinition/mii-pr-icu-muv-atemfrequenz,MII_PR_ICU_MUV_Atemfrequenz,Observation,2026.0.1,2026.0.2,modified,0,0,2,0,0,True,,
de.medizininformatikinitiative.kerndatensatz.icu,icu,https://www.medizininformatik-initiative.de/fhir/ext/modul-icu/StructureDefinition/mii-pr-icu-muv-atemfrequenz,MII_PR_ICU_MUV_Atemfrequenz,Observation,2026.0.2,2026.0.3,identical,0,0,0,0,0,False,,
de.medizininformatikinitiative.kerndatensatz.icu,icu,https://www.medizininformatik-initiative.de/fhir/ext/modul-icu/StructureDefinition/mii-pr-icu-muv-atemfrequenz,MII_PR_ICU_MUV_Atemfrequenz,Observation,2026.0.3,2027.0.0-ballot.3,elements-added,1,0,0,0,0,False,Observation,
de.medizininformatikinitiative.kerndatensatz.icu,icu,https://www.medizininformatik-initiative.de/fhir/ext/modul-icu/StructureDefinition/mii-pr-icu-muv-herzfrequenz,MII_PR_ICU_MUV_Herzfrequenz,Observation,2026.0.0,2026.0.1,identical,0,0,0,0,0,False,,
de.medizininformatikinitiative.kerndatensatz.icu,icu,https://www.medizininformatik-initiative.de/fhir/ext/modul-icu/StructureDefinition/mii-pr-icu-muv-herzfrequenz,MII_PR_ICU_MUV_Herzfrequenz,Observation,2026.0.1,2026.0.2,identical,0,0,0,0,0,False,,
de.medizininformatikinitiative.kerndatensatz.icu,icu,https://www.medizininformatik-initiative.de/fhir/ext/modul-icu/StructureDefinition/mii-pr-icu-muv-herzfrequenz,MII_PR_ICU_MUV_Herzfrequenz,Observation,2026.0.2,2026.0.3,identical,0,0,0,0,0,False,,
de.medizininformatikinitiative.kerndatensatz.icu,icu,https://www.medizininformatik-initiative.de/fhir/ext/modul-icu/StructureDefinition/mii-pr-icu-muv-herzfrequenz,MII_PR_ICU_MUV_Herzfrequenz,Observation,2026.0.3,2027.0.0-ballot.3,elements-added,1,0,0,0,0,False,Observation,
de.medizininformatikinitiative.kerndatensatz.icu,icu,https://www.medizininformatik-initiative.de/fhir/ext/modul-icu/StructureDefinition/mii-pr-icu-muv-koerpergewicht,MII_PR_ICU_MUV_Koerpergewicht,Observation,2026.0.0,2026.0.1,identical,0,0,0,0,0,False,,
de.medizininformatikinitiative.kerndatensatz.icu,icu,https://www.medizininformatik-initiative.de/fhir/ext/modul-icu/StructureDefinition/mii-pr-icu-muv-koerpergewicht,MII_PR_ICU_MUV_Koerpergewicht,Observation,2026.0.1,2026.0.2,mixed,1,1,6,0,1,True,Observation,Observation.dataAbsentReason
de.medizininformatikinitiative.kerndatensatz.icu,icu,https://www.medizininformatik-initiative.de/fhir/ext/modul-icu/StructureDefinition/mii-pr-icu-muv-koerpergewicht,MII_PR_ICU_MUV_Koerpergewicht,Observation,2026.0.2,2026.0.3,canonical-only,0,0,0,0,0,False,,
de.medizininformatikinitiative.kerndatensatz.icu,icu,https://www.medizininformatik-initiative.de/fhir/ext/modul-icu/StructureDefinition/mii-pr-icu-muv-koerpergewicht,MII_PR_ICU_MUV_Koerpergewicht,Observation,2026.0.3,2027.0.0-ballot.3,identical,0,0,0,0,0,False,,
de.medizininformatikinitiative.kerndatensatz.icu,icu,https://www.medizininformatik-initiative.de/fhir/ext/modul-icu/StructureDefinition/mii-pr-icu-muv-koerpergroesse,MII_PR_ICU_MUV_Koerpergroesse,Observation,2026.0.0,2026.0.1,identical,0,0,0,0,0,False,,
de.medizininformatikinitiative.kerndatensatz.icu,icu,https://www.medizininformatik-initiative.de/fhir/ext/modul-icu/StructureDefinition/mii-pr-icu-muv-koerpergroesse,MII_PR_ICU_MUV_Koerpergroesse,Observation,2026.0.1,2026.0.2,mixed,0,2,5,0,0,True,,Observation.interpretation|Observation.referenceRange
de.medizininformatikinitiative.kerndatensatz.icu,icu,https://www.medizininformatik-initiative.de/fhir/ext/modul-icu/StructureDefinition/mii-pr-icu-muv-koerpergroesse,MII_PR_ICU_MUV_Koerpergroesse,Observation,2026.0.2,2026.0.3,identical,0,0,0,0,0,False,,
de.medizininformatikinitiative.kerndatensatz.icu,icu,https://www.medizininformatik-initiative.de/fhir/ext/modul-icu/StructureDefinition/mii-pr-icu-muv-koerpergroesse,MII_PR_ICU_MUV_Koerpergroesse,Observation,2026.0.3,2027.0.0-ballot.3,elements-added,1,0,0,0,0,False,Observation,
de.medizininformatikinitiative.kerndatensatz.icu,icu,https://www.medizininformatik-initiative.de/fhir/ext/modul-icu/StructureDefinition/mii-pr-icu-muv-koerperlaenge,MII_PR_ICU_MUV_Koerperlaenge,Observation,2026.0.3,2027.0.0-ballot.3,identical,0,0,0,0,0,False,,
de.medizininformatikinitiative.kerndatensatz.icu,icu,https://www.medizininformatik-initiative.de/fhir/ext/modul-icu/StructureDefinition/mii-pr-icu-muv-kopfumfang,MII_PR_ICU_MUV_Kopfumfang,Observation,2026.0.0,2026.0.1,identical,0,0,0,0,0,False,,
de.medizininformatikinitiative.kerndatensatz.icu,icu,https://www.medizininformatik-initiative.de/fhir/ext/modul-icu/StructureDefinition/mii-pr-icu-muv-kopfumfang,MII_PR_ICU_MUV_Kopfumfang,Observation,2026.0.1,2026.0.2,modified,0,0,5,0,1,True,,
de.medizininformatikinitiative.kerndatensatz.icu,icu,https://www.medizininformatik-initiative.de/fhir/ext/modul-icu/StructureDefinition/mii-pr-icu-muv-kopfumfang,MII_PR_ICU_MUV_Kopfumfang,Observation,2026.0.2,2026.0.3,identical,0,0,0,0,0,False,,
de.medizininformatikinitiative.kerndatensatz.icu,icu,https://www.medizininformatik-initiative.de/fhir/ext/modul-icu/StructureDefinition/mii-pr-icu-muv-kopfumfang,MII_PR_ICU_MUV_Kopfumfang,Observation,2026.0.3,2027.0.0-ballot.3,elements-added,1,0,0,0,0,False,Observation,
de.medizininformatikinitiative.kerndatensatz.icu,icu,https://www.medizininformatik-initiative.de/fhir/ext/modul-icu/StructureDefinition/mii-pr-icu-parameter-von-beatmung,MII_PR_ICU_Parameter_Von_Beatmung,Observation,2026.0.0,2026.0.1,identical,0,0,0,0,0,False,,
de.medizininformatikinitiative.kerndatensatz.icu,icu,https://www.medizininformatik-initiative.de/fhir/ext/modul-icu/StructureDefinition/mii-pr-icu-parameter-von-beatmung,MII_PR_ICU_Parameter_Von_Beatmung,Observation,2026.0.1,2026.0.2,identical,0,0,0,0,0,False,,
de.medizininformatikinitiative.kerndatensatz.icu,icu,https://www.medizininformatik-initiative.de/fhir/ext/modul-icu/StructureDefinition/mii-pr-icu-parameter-von-beatmung,MII_PR_ICU_Parameter_Von_Beatmung,Observation,2026.0.2,2026.0.3,mixed,1,0,4,1,0,True,Observation.value[x].value,
de.medizininformatikinitiative.kerndatensatz.icu,icu,https://www.medizininformatik-initiative.de/fhir/ext/modul-icu/StructureDefinition/mii-pr-icu-parameter-von-beatmung,MII_PR_ICU_Parameter_Von_Beatmung,Observation,2026.0.3,2027.0.0-ballot.3,canonical-only,0,0,0,0,0,False,,
de.medizininformatikinitiative.kerndatensatz.icu,icu,https://www.medizininformatik-initiative.de/fhir/ext/modul-icu/StructureDefinition/mii-pr-icu-parameter-von-extrakorporalen-verfahren,MII_PR_ICU_Parameter_Von_Extrakorporalen_Verfahren,Observation,2026.0.0,2026.0.1,identical,0,0,0,0,0,False,,
de.medizininformatikinitiative.kerndatensatz.icu,icu,https://www.medizininformatik-initiative.de/fhir/ext/modul-icu/StructureDefinition/mii-pr-icu-parameter-von-extrakorporalen-verfahren,MII_PR_ICU_Parameter_Von_Extrakorporalen_Verfahren,Observation,2026.0.1,2026.0.2,identical,0,0,0,0,0,False,,
de.medizininformatikinitiative.kerndatensatz.icu,icu,https://www.medizininformatik-initiative.de/fhir/ext/modul-icu/StructureDefinition/mii-pr-icu-parameter-von-extrakorporalen-verfahren,MII_PR_ICU_Parameter_Von_Extrakorporalen_Verfahren,Observation,2026.0.2,2026.0.3,modified,0,0,1,0,0,False,,
de.medizininformatikinitiative.kerndatensatz.icu,icu,https://www.medizininformatik-initiative.de/fhir/ext/modul-icu/StructureDefinition/mii-pr-icu-parameter-von-extrakorporalen-verfahren,MII_PR_ICU_Parameter_Von_Extrakorporalen_Verfahren,Observation,2026.0.3,2027.0.0-ballot.3,identical,0,0,0,0,0,False,,
de.medizininformatikinitiative.kerndatensatz.icu,icu,https://www.medizininformatik-initiative.de/fhir/ext/modul-icu/StructureDefinition/mii-pr-icu-positiv-endexpiratorischer-druck,MII_PR_ICU_Positiv_Endexpiratorischer_Druck,Observation,2026.0.0,2026.0.1,identical,0,0,0,0,0,False,,
de.medizininformatikinitiative.kerndatensatz.icu,icu,https://www.medizininformatik-initiative.de/fhir/ext/modul-icu/StructureDefinition/mii-pr-icu-positiv-endexpiratorischer-druck,MII_PR_ICU_Positiv_Endexpiratorischer_Druck,Observation,2026.0.1,2026.0.2,identical,0,0,0,0,0,False,,
de.medizininformatikinitiative.kerndatensatz.icu,icu,https://www.medizininformatik-initiative.de/fhir/ext/modul-icu/StructureDefinition/mii-pr-icu-score,MII_PR_ICU_Score,Observation,2026.0.0,2027.0.0-ballot.3,mixed,4,8,9,0,4,True,Observation.code.coding:ieee11073|Observation.code.coding:ieee11073.code|Observation.code.coding:ieee11073.system|Observation.code.coding:sct.version,Observation.bodySite|Observation.category:assessment-scale.coding.code|Observation.category:assessment-scale.coding.system|Observation.category:survey.coding.code|Observation.category:survey.coding.system|Observation.component.interpretation|Observation.note|Observation.referenceRange
de.medizininformatikinitiative.kerndatensatz.icu,icu,https://www.medizininformatik-initiative.de/fhir/ext/modul-icu/StructureDefinition/mii-pr-icu-score-cam-icu,MII_PR_ICU_Score_CAM_ICU,Observation,2026.0.0,2027.0.0-ballot.3,elements-added,1,0,0,0,0,False,Observation,
de.medizininformatikinitiative.kerndatensatz.icu,icu,https://www.medizininformatik-initiative.de/fhir/ext/modul-icu/StructureDefinition/mii-pr-icu-score-icdsc,MII_PR_ICU_Score_ICDSC,Observation,2026.0.0,2027.0.0-ballot.3,elements-added,1,0,0,0,0,False,Observation,
de.medizininformatikinitiative.kerndatensatz.icu,icu,https://www.medizininformatik-initiative.de/fhir/ext/modul-icu/StructureDefinition/mii-pr-icu-score-rass,MII_PR_ICU_Score_RASS,Observation,2026.0.0,2027.0.0-ballot.3,mixed,19,5,3,2,0,True,Observation.bodySite|Observation.category:exam|Observation.code.coding|Observation.code.coding.code|Observation.code.coding.display|Observation.code.coding.system|Observation.dataAbsentReason|Observation.effective[x]|Observation.encounter|Observation.interpretation|Observation.issued|Observation.note|Observation.performer|Observation.specimen|Observation.subject|Observation.value[x].coding|Observation.value[x].coding:Loinc|Observation.value[x].coding:Loinc.code|Observation.value[x].coding:Loinc.system,Observation.value[x]:valueCodeableConcept|Observation.value[x]:valueCodeableConcept.coding|Observation.value[x]:valueCodeableConcept.coding:loinc|Observation.value[x]:valueCodeableConcept.extension|Observation.value[x]:valueCodeableConcept.extension:ordinalValue
de.medizininformatikinitiative.kerndatensatz.icu,icu,https://www.medizininformatik-initiative.de/fhir/ext/modul-icu/StructureDefinition/mii-pr-icu-score-sofa,MII_PR_ICU_Score_SOFA,Observation,2026.0.0,2027.0.0-ballot.3,elements-added,1,0,0,0,0,False,Observation,
de.medizininformatikinitiative.kerndatensatz.icu,icu,https://www.medizininformatik-initiative.de/fhir/ext/modul-icu/StructureDefinition/mii-pr-icu-spontane-atemfrequenz-beatmet,MII_PR_ICU_Spontane_Atemfrequenz_Beatmet,Observation,2026.0.0,2026.0.1,identical,0,0,0,0,0,False,,
de.medizininformatikinitiative.kerndatensatz.icu,icu,https://www.medizininformatik-initiative.de/fhir/ext/modul-icu/StructureDefinition/mii-pr-icu-spontane-atemfrequenz-beatmet,MII_PR_ICU_Spontane_Atemfrequenz_Beatmet,Observation,2026.0.1,2026.0.2,identical,0,0,0,0,0,False,,
de.medizininformatikinitiative.kerndatensatz.icu,icu,https://www.medizininformatik-initiative.de/fhir/ext/modul-icu/StructureDefinition/mii-pr-icu-spontane-mechanische-atemfrequenz-beatmet,MII_PR_ICU_Spontane_Mechanische_Atemfrequenz_Beatmet,Observation,2026.0.0,2026.0.1,identical,0,0,0,0,0,False,,
de.medizininformatikinitiative.kerndatensatz.icu,icu,https://www.medizininformatik-initiative.de/fhir/ext/modul-icu/StructureDefinition/mii-pr-icu-spontane-mechanische-atemfrequenz-beatmet,MII_PR_ICU_Spontane_Mechanische_Atemfrequenz_Beatmet,Observation,2026.0.1,2026.0.2,identical,0,0,0,0,0,False,,
de.medizininformatikinitiative.kerndatensatz.icu,icu,https://www.medizininformatik-initiative.de/fhir/ext/modul-icu/StructureDefinition/mii-pr-icu-spontanes-atemzugvolumen,MII_PR_ICU_Spontanes_Atemzugvolumen,Observation,2026.0.0,2026.0.1,identical,0,0,0,0,0,False,,
de.medizininformatikinitiative.kerndatensatz.icu,icu,https://www.medizininformatik-initiative.de/fhir/ext/modul-icu/StructureDefinition/mii-pr-icu-spontanes-atemzugvolumen,MII_PR_ICU_Spontanes_Atemzugvolumen,Observation,2026.0.1,2026.0.2,identical,0,0,0,0,0,False,,
de.medizininformatikinitiative.kerndatensatz.icu,icu,https://www.medizininformatik-initiative.de/fhir/ext/modul-icu/StructureDefinition/mii-pr-icu-spontanes-mechanisches-atemzugvolumen-waehrend-beatmung,MII_PR_ICU_Spontanes_Plus_Mechanisches_Atemzugvolumen,Observation,2026.0.0,2026.0.1,identical,0,0,0,0,0,False,,
de.medizininformatikinitiative.kerndatensatz.icu,icu,https://www.medizininformatik-initiative.de/fhir/ext/modul-icu/StructureDefinition/mii-pr-icu-spontanes-mechanisches-atemzugvolumen-waehrend-beatmung,MII_PR_ICU_Spontanes_Plus_Mechanisches_Atemzugvolumen,Observation,2026.0.1,2026.0.2,identical,0,0,0,0,0,False,,
de.medizininformatikinitiative.kerndatensatz.icu,icu,https://www.medizininformatik-initiative.de/fhir/ext/modul-icu/StructureDefinition/mii-pr-icu-substituatfluss,MII_PR_ICU_Substituatfluss,Observation,2026.0.0,2026.0.1,identical,0,0,0,0,0,False,,
de.medizininformatikinitiative.kerndatensatz.icu,icu,https://www.medizininformatik-initiative.de/fhir/ext/modul-icu/StructureDefinition/mii-pr-icu-substituatfluss,MII_PR_ICU_Substituatfluss,Observation,2026.0.1,2026.0.2,identical,0,0,0,0,0,False,,
de.medizininformatikinitiative.kerndatensatz.icu,icu,https://www.medizininformatik-initiative.de/fhir/ext/modul-icu/StructureDefinition/mii-pr-icu-substituatvolumen,MII_PR_ICU_Substituatvolumen,Observation,2026.0.0,2026.0.1,identical,0,0,0,0,0,False,,
de.medizininformatikinitiative.kerndatensatz.icu,icu,https://www.medizininformatik-initiative.de/fhir/ext/modul-icu/StructureDefinition/mii-pr-icu-substituatvolumen,MII_PR_ICU_Substituatvolumen,Observation,2026.0.1,2026.0.2,identical,0,0,0,0,0,False,,
de.medizininformatikinitiative.kerndatensatz.icu,icu,https://www.medizininformatik-initiative.de/fhir/ext/modul-icu/StructureDefinition/mii-pr-icu-unterstuetzungsdruck-beatmung,MII_PR_ICU_Unterstuezungsdruck_Beatmung,Observation,2026.0.0,2026.0.1,identical,0,0,0,0,0,False,,
de.medizininformatikinitiative.kerndatensatz.icu,icu,https://www.medizininformatik-initiative.de/fhir/ext/modul-icu/StructureDefinition/mii-pr-icu-unterstuetzungsdruck-beatmung,MII_PR_ICU_Unterstuezungsdruck_Beatmung,Observation,2026.0.1,2026.0.2,identical,0,0,0,0,0,False,,
de.medizininformatikinitiative.kerndatensatz.icu,icu,https://www.medizininformatik-initiative.de/fhir/ext/modul-icu/StructureDefinition/mii-pr-icu-venoeser-druck,MII_PR_ICU_Venoeser_Druck,Observation,2026.0.0,2026.0.1,identical,0,0,0,0,0,False,,
de.medizininformatikinitiative.kerndatensatz.icu,icu,https://www.medizininformatik-initiative.de/fhir/ext/modul-icu/StructureDefinition/mii-pr-icu-venoeser-druck,MII_PR_ICU_Venoeser_Druck,Observation,2026.0.1,2026.0.2,identical,0,0,0,0,0,False,,
de.medizininformatikinitiative.kerndatensatz.icu,icu,https://www.medizininformatik-initiative.de/fhir/ext/modul-icu/StructureDefinition/mii-pr-icu-vent-atemwegsdruck-bei-mitl-exspiratorischem-gasfluss,MII_PR_ICU_VENT_Atemwegsdruck_Bei_Mitl_Exspiratorischem_Gasfluss,Observation,2026.0.0,2026.0.1,identical,0,0,0,0,0,False,,
de.medizininformatikinitiative.kerndatensatz.icu,icu,https://www.medizininformatik-initiative.de/fhir/ext/modul-icu/StructureDefinition/mii-pr-icu-vent-atemwegsdruck-bei-mittlerem-expiratorischem-gasfluss,MII_PR_ICU_VENT_Atemwegsdruck_Bei_Mittlerem_Expiratorischem_Gasfluss,Observation,2026.0.3,2027.0.0-ballot.3,elements-added,1,0,0,0,0,False,Observation,
de.medizininformatikinitiative.kerndatensatz.icu,icu,https://www.medizininformatik-initiative.de/fhir/ext/modul-icu/StructureDefinition/mii-pr-icu-vent-atemwegsdruck-bei-null-expiratorischem-gasfluss,MII_PR_ICU_VENT_Atemwegsdruck_Bei_Null_Expiratorischem_Gasfluss,Observation,2026.0.3,2027.0.0-ballot.3,elements-added,1,0,0,0,0,False,Observation,
de.medizininformatikinitiative.kerndatensatz.icu,icu,https://www.medizininformatik-initiative.de/fhir/ext/modul-icu/StructureDefinition/mii-pr-icu-vent-atemwegsdruck-bei-null-exspiratorischem-gasfluss,MII_PR_ICU_VENT_Atemwegsdruck_Bei_Null_Exspiratorischem_Gasfluss,Observation,2026.0.0,2026.0.1,identical,0,0,0,0,0,False,,
de.medizininformatikinitiative.kerndatensatz.icu,icu,https://www.medizininformatik-initiative.de/fhir/ext/modul-icu/StructureDefinition/mii-pr-icu-vent-atemzugvolumen-einstellung,MII_PR_ICU_VENT_Atemzugvolumen_Einstellung,Observation,2026.0.0,2026.0.1,identical,0,0,0,0,0,False,,
de.medizininformatikinitiative.kerndatensatz.icu,icu,https://www.medizininformatik-initiative.de/fhir/ext/modul-icu/StructureDefinition/mii-pr-icu-vent-atemzugvolumen-einstellung,MII_PR_ICU_VENT_Atemzugvolumen_Einstellung,Observation,2026.0.1,2026.0.3,mixed,1,3,0,0,0,True,Observation.category:kuenstlicheBeatmung,Observation.category.coding|Observation.effective[x]|Observation.value[x]:valueQuantity
de.medizininformatikinitiative.kerndatensatz.icu,icu,https://www.medizininformatik-initiative.de/fhir/ext/modul-icu/StructureDefinition/mii-pr-icu-vent-atemzugvolumen-einstellung,MII_PR_ICU_VENT_Atemzugvolumen_Einstellung,Observation,2026.0.3,2027.0.0-ballot.3,elements-added,1,0,0,0,0,False,Observation,
de.medizininformatikinitiative.kerndatensatz.icu,icu,https://www.medizininformatik-initiative.de/fhir/ext/modul-icu/StructureDefinition/mii-pr-icu-vent-atemzugvolumen-waehrend-beatmung,MII_PR_ICU_VENT_Atemzugvolumen_Waehrend_Beatmung,Observation,2026.0.0,2026.0.1,identical,0,0,0,0,0,False,,
de.medizininformatikinitiative.kerndatensatz.icu,icu,https://www.medizininformatik-initiative.de/fhir/ext/modul-icu/StructureDefinition/mii-pr-icu-vent-atemzugvolumen-waehrend-beatmung,MII_PR_ICU_VENT_Atemzugvolumen_Waehrend_Beatmung,Observation,2026.0.1,2026.0.3,mixed,1,2,0,0,0,True,Observation.category:kuenstlicheBeatmung,Observation.effective[x]|Observation.value[x]:valueQuantity
de.medizininformatikinitiative.kerndatensatz.icu,icu,https://www.medizininformatik-initiative.de/fhir/ext/modul-icu/StructureDefinition/mii-pr-icu-vent-atemzugvolumen-waehrend-beatmung,MII_PR_ICU_VENT_Atemzugvolumen_Waehrend_Beatmung,Observation,2026.0.3,2027.0.0-ballot.3,elements-added,1,0,0,0,0,False,Observation,
de.medizininformatikinitiative.kerndatensatz.icu,icu,https://www.medizininformatik-initiative.de/fhir/ext/modul-icu/StructureDefinition/mii-pr-icu-vent-beatmung,MII_PR_ICU_VENT_Beatmung,Procedure,2026.0.0,2026.0.1,identical,0,0,0,0,0,False,,
de.medizininformatikinitiative.kerndatensatz.icu,icu,https://www.medizininformatik-initiative.de/fhir/ext/modul-icu/StructureDefinition/mii-pr-icu-vent-beatmungsvolumen-pro-minute-maschineller,MII_PR_ICU_VENT_Beatmungsvolumen_Pro_Minute_Maschineller,Observation,2026.0.0,2026.0.1,identical,0,0,0,0,0,False,,
de.medizininformatikinitiative.kerndatensatz.icu,icu,https://www.medizininformatik-initiative.de/fhir/ext/modul-icu/StructureDefinition/mii-pr-icu-vent-beatmungsvolumen-pro-minute-maschineller-beatmung,MII_PR_ICU_VENT_Beatmungsvolumen_Pro_Minute_Maschineller_Beatmung,Observation,2026.0.3,2027.0.0-ballot.3,elements-added,1,0,0,0,0,False,Observation,
de.medizininformatikinitiative.kerndatensatz.icu,icu,https://www.medizininformatik-initiative.de/fhir/ext/modul-icu/StructureDefinition/mii-pr-icu-vent-beatmungszeit-hohem-druck,MII_PR_ICU_VENT_Beatmungszeit_Hohem_Druck,Observation,2026.0.0,2026.0.1,identical,0,0,0,0,0,False,,
de.medizininformatikinitiative.kerndatensatz.icu,icu,https://www.medizininformatik-initiative.de/fhir/ext/modul-icu/StructureDefinition/mii-pr-icu-vent-beatmungszeit-hohem-druck,MII_PR_ICU_VENT_Beatmungszeit_Hohem_Druck,Observation,2026.0.1,2026.0.3,mixed,1,2,0,0,0,True,Observation.category:kuenstlicheBeatmung,Observation.effective[x]|Observation.value[x]:valueQuantity
de.medizininformatikinitiative.kerndatensatz.icu,icu,https://www.medizininformatik-initiative.de/fhir/ext/modul-icu/StructureDefinition/mii-pr-icu-vent-beatmungszeit-hohem-druck,MII_PR_ICU_VENT_Beatmungszeit_Hohem_Druck,Observation,2026.0.3,2027.0.0-ballot.3,elements-added,1,0,0,0,0,False,Observation,
de.medizininformatikinitiative.kerndatensatz.icu,icu,https://www.medizininformatik-initiative.de/fhir/ext/modul-icu/StructureDefinition/mii-pr-icu-vent-beatmungszeit-niedrigem-druck,MII_PR_ICU_VENT_Beatmungszeit_Niedrigem_Druck,Observation,2026.0.0,2026.0.1,identical,0,0,0,0,0,False,,
de.medizininformatikinitiative.kerndatensatz.icu,icu,https://www.medizininformatik-initiative.de/fhir/ext/modul-icu/StructureDefinition/mii-pr-icu-vent-beatmungszeit-niedrigem-druck,MII_PR_ICU_VENT_Beatmungszeit_Niedrigem_Druck,Observation,2026.0.1,2026.0.3,mixed,1,2,0,0,0,True,Observation.category:kuenstlicheBeatmung,Observation.effective[x]|Observation.value[x]:valueQuantity
de.medizininformatikinitiative.kerndatensatz.icu,icu,https://www.medizininformatik-initiative.de/fhir/ext/modul-icu/StructureDefinition/mii-pr-icu-vent-beatmungszeit-niedrigem-druck,MII_PR_ICU_VENT_Beatmungszeit_Niedrigem_Druck,Observation,2026.0.3,2027.0.0-ballot.3,elements-added,1,0,0,0,0,False,Observation,
de.medizininformatikinitiative.kerndatensatz.icu,icu,https://www.medizininformatik-initiative.de/fhir/ext/modul-icu/StructureDefinition/mii-pr-icu-vent-devicemetric-eingestellte-gemessene-parameter-beatmung,MII_PR_ICU_VENT_Devicemetric_Eingestellte_Gemessene_Parameter_Beatmung,DeviceMetric,2026.0.0,2026.0.1,identical,0,0,0,0,0,False,,
de.medizininformatikinitiative.kerndatensatz.icu,icu,https://www.medizininformatik-initiative.de/fhir/ext/modul-icu/StructureDefinition/mii-pr-icu-vent-druckdifferenz-beatmung,MII_PR_ICU_VENT_Druckdifferenz_Beatmung,Observation,2026.0.0,2026.0.1,identical,0,0,0,0,0,False,,
de.medizininformatikinitiative.kerndatensatz.icu,icu,https://www.medizininformatik-initiative.de/fhir/ext/modul-icu/StructureDefinition/mii-pr-icu-vent-druckdifferenz-beatmung,MII_PR_ICU_VENT_Druckdifferenz_Beatmung,Observation,2026.0.1,2026.0.3,mixed,1,2,0,0,0,True,Observation.category:kuenstlicheBeatmung,Observation.effective[x]|Observation.value[x]:valueQuantity
de.medizininformatikinitiative.kerndatensatz.icu,icu,https://www.medizininformatik-initiative.de/fhir/ext/modul-icu/StructureDefinition/mii-pr-icu-vent-druckdifferenz-beatmung,MII_PR_ICU_VENT_Druckdifferenz_Beatmung,Observation,2026.0.3,2027.0.0-ballot.3,elements-added,1,0,0,0,0,False,Observation,
de.medizininformatikinitiative.kerndatensatz.icu,icu,https://www.medizininformatik-initiative.de/fhir/ext/modul-icu/StructureDefinition/mii-pr-icu-vent-dynamische-kompliance,MII_PR_ICU_VENT_Dynamische_Kompliance,Observation,2026.0.0,2026.0.1,identical,0,0,0,0,0,False,,
de.medizininformatikinitiative.kerndatensatz.icu,icu,https://www.medizininformatik-initiative.de/fhir/ext/modul-icu/StructureDefinition/mii-pr-icu-vent-dynamische-kompliance,MII_PR_ICU_VENT_Dynamische_Kompliance,Observation,2026.0.1,2026.0.3,mixed,1,2,0,0,0,True,Observation.category:kuenstlicheBeatmung,Observation.effective[x]|Observation.value[x]:valueQuantity
de.medizininformatikinitiative.kerndatensatz.icu,icu,https://www.medizininformatik-initiative.de/fhir/ext/modul-icu/StructureDefinition/mii-pr-icu-vent-dynamische-kompliance,MII_PR_ICU_VENT_Dynamische_Kompliance,Observation,2026.0.3,2027.0.0-ballot.3,elements-added,1,0,0,0,0,False,Observation,
de.medizininformatikinitiative.kerndatensatz.icu,icu,https://www.medizininformatik-initiative.de/fhir/ext/modul-icu/StructureDefinition/mii-pr-icu-vent-eingestellter-inspiratorischer-gasfluss,MII_PR_ICU_VENT_Eingestellter_Inspiratorischer_Gasfluss,Observation,2026.0.0,2026.0.1,identical,0,0,0,0,0,False,,
de.medizininformatikinitiative.kerndatensatz.icu,icu,https://www.medizininformatik-initiative.de/fhir/ext/modul-icu/StructureDefinition/mii-pr-icu-vent-eingestellter-inspiratorischer-gasfluss,MII_PR_ICU_VENT_Eingestellter_Inspiratorischer_Gasfluss,Observation,2026.0.1,2026.0.3,mixed,1,3,0,0,0,True,Observation.category:kuenstlicheBeatmung,Observation.category|Observation.category:Beatmung|Observation.value[x]:valueQuantity
de.medizininformatikinitiative.kerndatensatz.icu,icu,https://www.medizininformatik-initiative.de/fhir/ext/modul-icu/StructureDefinition/mii-pr-icu-vent-eingestellter-inspiratorischer-gasfluss,MII_PR_ICU_VENT_Eingestellter_Inspiratorischer_Gasfluss,Observation,2026.0.3,2027.0.0-ballot.3,elements-added,1,0,0,0,0,False,Observation,
de.medizininformatikinitiative.kerndatensatz.icu,icu,https://www.medizininformatik-initiative.de/fhir/ext/modul-icu/StructureDefinition/mii-pr-icu-vent-einstellung-ausatmungszeit-beatmung,MII_PR_ICU_VENT_Einstellung_Ausatmungszeit_Beatmung,Observation,2026.0.0,2026.0.1,identical,0,0,0,0,0,False,,
de.medizininformatikinitiative.kerndatensatz.icu,icu,https://www.medizininformatik-initiative.de/fhir/ext/modul-icu/StructureDefinition/mii-pr-icu-vent-einstellung-ausatmungszeit-beatmung,MII_PR_ICU_VENT_Einstellung_Ausatmungszeit_Beatmung,Observation,2026.0.1,2026.0.3,mixed,1,1,0,0,0,True,Observation.category:kuenstlicheBeatmung,Observation.effective[x]
de.medizininformatikinitiative.kerndatensatz.icu,icu,https://www.medizininformatik-initiative.de/fhir/ext/modul-icu/StructureDefinition/mii-pr-icu-vent-einstellung-ausatmungszeit-beatmung,MII_PR_ICU_VENT_Einstellung_Ausatmungszeit_Beatmung,Observation,2026.0.3,2027.0.0-ballot.3,elements-added,1,0,0,0,0,False,Observation,
de.medizininformatikinitiative.kerndatensatz.icu,icu,https://www.medizininformatik-initiative.de/fhir/ext/modul-icu/StructureDefinition/mii-pr-icu-vent-einstellung-einatmungszeit-beatmung,MII_PR_ICU_VENT_Einstellung_Einatmungszeit_Beatmung,Observation,2026.0.0,2026.0.1,identical,0,0,0,0,0,False,,
de.medizininformatikinitiative.kerndatensatz.icu,icu,https://www.medizininformatik-initiative.de/fhir/ext/modul-icu/StructureDefinition/mii-pr-icu-vent-einstellung-einatmungszeit-beatmung,MII_PR_ICU_VENT_Einstellung_Einatmungszeit_Beatmung,Observation,2026.0.1,2026.0.3,mixed,1,1,0,0,0,True,Observation.category:kuenstlicheBeatmung,Observation.effective[x]
de.medizininformatikinitiative.kerndatensatz.icu,icu,https://www.medizininformatik-initiative.de/fhir/ext/modul-icu/StructureDefinition/mii-pr-icu-vent-einstellung-einatmungszeit-beatmung,MII_PR_ICU_VENT_Einstellung_Einatmungszeit_Beatmung,Observation,2026.0.3,2027.0.0-ballot.3,elements-added,1,0,0,0,0,False,Observation,
de.medizininformatikinitiative.kerndatensatz.icu,icu,https://www.medizininformatik-initiative.de/fhir/ext/modul-icu/StructureDefinition/mii-pr-icu-vent-endexpiratorischer-kohlendioxidpartialdruck,MII_PR_ICU_VENT_Endexpiratorischer_Kohlendioxidpartialdruck,Observation,2026.0.3,2027.0.0-ballot.3,elements-added,1,0,0,0,0,False,Observation,
de.medizininformatikinitiative.kerndatensatz.icu,icu,https://www.medizininformatik-initiative.de/fhir/ext/modul-icu/StructureDefinition/mii-pr-icu-vent-endexspiratorischer-kohlendioxidpartialdruck,MII_PR_ICU_VENT_Endexspiratorischer_Kohlendioxidpartialdruck,Observation,2026.0.0,2026.0.1,identical,0,0,0,0,0,False,,
de.medizininformatikinitiative.kerndatensatz.icu,icu,https://www.medizininformatik-initiative.de/fhir/ext/modul-icu/StructureDefinition/mii-pr-icu-vent-exspiratorischer-gasfluss,MII_PR_ICU_VENT_Exspiratorischer_Gasfluss,Observation,2026.0.0,2026.0.1,identical,0,0,0,0,0,False,,
de.medizininformatikinitiative.kerndatensatz.icu,icu,https://www.medizininformatik-initiative.de/fhir/ext/modul-icu/StructureDefinition/mii-pr-icu-vent-exspiratorischer-gasfluss,MII_PR_ICU_VENT_Exspiratorischer_Gasfluss,Observation,2026.0.1,2026.0.3,mixed,1,3,0,0,0,True,Observation.category:kuenstlicheBeatmung,Observation.category|Observation.category:Beatmung|Observation.value[x]:valueQuantity
de.medizininformatikinitiative.kerndatensatz.icu,icu,https://www.medizininformatik-initiative.de/fhir/ext/modul-icu/StructureDefinition/mii-pr-icu-vent-exspiratorischer-gasfluss,MII_PR_ICU_VENT_Exspiratorischer_Gasfluss,Observation,2026.0.3,2027.0.0-ballot.3,elements-added,1,0,0,0,0,False,Observation,
de.medizininformatikinitiative.kerndatensatz.icu,icu,https://www.medizininformatik-initiative.de/fhir/ext/modul-icu/StructureDefinition/mii-pr-icu-vent-exspiratorischer-sauerstoffpartialdruck,MII_PR_ICU_VENT_Exspiratorischer_Sauerstoffpartialdruck,Observation,2026.0.0,2026.0.1,identical,0,0,0,0,0,False,,
de.medizininformatikinitiative.kerndatensatz.icu,icu,https://www.medizininformatik-initiative.de/fhir/ext/modul-icu/StructureDefinition/mii-pr-icu-vent-exspiratorischer-sauerstoffpartialdruck,MII_PR_ICU_VENT_Exspiratorischer_Sauerstoffpartialdruck,Observation,2026.0.1,2026.0.3,mixed,2,2,0,0,0,True,Observation.category:Sauerstofftherapie|Observation.category:kuenstlicheBeatmung,Observation.category|Observation.category:Beatmung
de.medizininformatikinitiative.kerndatensatz.icu,icu,https://www.medizininformatik-initiative.de/fhir/ext/modul-icu/StructureDefinition/mii-pr-icu-vent-exspiratorischer-sauerstoffpartialdruck,MII_PR_ICU_VENT_Exspiratorischer_Sauerstoffpartialdruck,Observation,2026.0.3,2027.0.0-ballot.3,elements-added,1,0,0,0,0,False,Observation,
de.medizininformatikinitiative.kerndatensatz.icu,icu,https://www.medizininformatik-initiative.de/fhir/ext/modul-icu/StructureDefinition/mii-pr-icu-vent-horowitz-in-arteriellem-blut,MII_PR_ICU_VENT_Horowitz_In_Arteriellem_Blut,Observation,2026.0.0,2026.0.1,identical,0,0,0,0,0,False,,
de.medizininformatikinitiative.kerndatensatz.icu,icu,https://www.medizininformatik-initiative.de/fhir/ext/modul-icu/StructureDefinition/mii-pr-icu-vent-horowitz-in-arteriellem-blut,MII_PR_ICU_VENT_Horowitz_In_Arteriellem_Blut,Observation,2026.0.1,2026.0.3,mixed,2,3,0,0,0,True,Observation.category:Sauerstofftherapie|Observation.category:kuenstlicheBeatmung,Observation.category|Observation.category:vs-cat|Observation.value[x]:valueQuantity
de.medizininformatikinitiative.kerndatensatz.icu,icu,https://www.medizininformatik-initiative.de/fhir/ext/modul-icu/StructureDefinition/mii-pr-icu-vent-horowitz-in-arteriellem-blut,MII_PR_ICU_VENT_Horowitz_In_Arteriellem_Blut,Observation,2026.0.3,2027.0.0-ballot.3,elements-added,1,0,0,0,0,False,Observation,
de.medizininformatikinitiative.kerndatensatz.icu,icu,https://www.medizininformatik-initiative.de/fhir/ext/modul-icu/StructureDefinition/mii-pr-icu-vent-inspiratorische-sauerstofffraktion,MII_PR_ICU_VENT_Inspiratorische_Sauerstofffraktion,Observation,2026.0.0,2026.0.1,identical,0,0,0,0,0,False,,
de.medizininformatikinitiative.kerndatensatz.icu,icu,https://www.medizininformatik-initiative.de/fhir/ext/modul-icu/StructureDefinition/mii-pr-icu-vent-inspiratorische-sauerstofffraktion,MII_PR_ICU_VENT_Inspiratorische_Sauerstofffraktion,Observation,2026.0.1,2026.0.3,mixed,3,3,1,0,0,True,Observation.category:Sauerstofftherapie|Observation.category:kuenstlicheBeatmung|Observation.value[x],Observation.category|Observation.category:Beatmung|Observation.code.coding
de.medizininformatikinitiative.kerndatensatz.icu,icu,https://www.medizininformatik-initiative.de/fhir/ext/modul-icu/StructureDefinition/mii-pr-icu-vent-inspiratorische-sauerstofffraktion,MII_PR_ICU_VENT_Inspiratorische_Sauerstofffraktion,Observation,2026.0.3,2027.0.0-ballot.3,elements-added,1,0,0,0,0,False,Observation,
de.medizininformatikinitiative.kerndatensatz.icu,icu,https://www.medizininformatik-initiative.de/fhir/ext/modul-icu/StructureDefinition/mii-pr-icu-vent-inspiratorische-sauerstofffraktion-eingestellt,MII_PR_ICU_VENT_Inspiratorische_Sauerstofffraktion_Eingestellt,Observation,2026.0.0,2026.0.1,identical,0,0,0,0,0,False,,
de.medizininformatikinitiative.kerndatensatz.icu,icu,https://www.medizininformatik-initiative.de/fhir/ext/modul-icu/StructureDefinition/mii-pr-icu-vent-inspiratorische-sauerstofffraktion-gemessen,MII_PR_ICU_VENT_Inspiratorische_Sauerstofffraktion_Gemessen,Observation,2026.0.0,2026.0.1,identical,0,0,0,0,0,False,,
de.medizininformatikinitiative.kerndatensatz.icu,icu,https://www.medizininformatik-initiative.de/fhir/ext/modul-icu/StructureDefinition/mii-pr-icu-vent-inspiratorischer-gasfluss,MII_PR_ICU_VENT_Inspiratorischer_Gasfluss,Observation,2026.0.0,2026.0.1,identical,0,0,0,0,0,False,,
de.medizininformatikinitiative.kerndatensatz.icu,icu,https://www.medizininformatik-initiative.de/fhir/ext/modul-icu/StructureDefinition/mii-pr-icu-vent-inspiratorischer-gasfluss,MII_PR_ICU_VENT_Inspiratorischer_Gasfluss,Observation,2026.0.1,2026.0.3,mixed,1,3,0,0,0,True,Observation.category:kuenstlicheBeatmung,Observation.category|Observation.category:Beatmung|Observation.value[x]:valueQuantity
de.medizininformatikinitiative.kerndatensatz.icu,icu,https://www.medizininformatik-initiative.de/fhir/ext/modul-icu/StructureDefinition/mii-pr-icu-vent-inspiratorischer-gasfluss,MII_PR_ICU_VENT_Inspiratorischer_Gasfluss,Observation,2026.0.3,2027.0.0-ballot.3,elements-added,1,0,0,0,0,False,Observation,
de.medizininformatikinitiative.kerndatensatz.icu,icu,https://www.medizininformatik-initiative.de/fhir/ext/modul-icu/StructureDefinition/mii-pr-icu-vent-maximaler-beatmungsdruck,MII_PR_ICU_VENT_Maximaler_Beatmungsdruck,Observation,2026.0.0,2026.0.1,identical,0,0,0,0,0,False,,
de.medizininformatikinitiative.kerndatensatz.icu,icu,https://www.medizininformatik-initiative.de/fhir/ext/modul-icu/StructureDefinition/mii-pr-icu-vent-maximaler-beatmungsdruck,MII_PR_ICU_VENT_Maximaler_Beatmungsdruck,Observation,2026.0.1,2026.0.3,mixed,1,3,1,0,0,True,Observation.category:kuenstlicheBeatmung,Observation.code.coding:sct|Observation.effective[x]|Observation.value[x]:valueQuantity
de.medizininformatikinitiative.kerndatensatz.icu,icu,https://www.medizininformatik-initiative.de/fhir/ext/modul-icu/StructureDefinition/mii-pr-icu-vent-maximaler-beatmungsdruck,MII_PR_ICU_VENT_Maximaler_Beatmungsdruck,Observation,2026.0.3,2027.0.0-ballot.3,elements-added,1,0,0,0,0,False,Observation,
de.medizininformatikinitiative.kerndatensatz.icu,icu,https://www.medizininformatik-initiative.de/fhir/ext/modul-icu/StructureDefinition/mii-pr-icu-vent-mechanische-atemfrequenz-beatmet,MII_PR_ICU_VENT_Mechanische_Atemfrequenz_Beatmet,Observation,2026.0.0,2026.0.1,identical,0,0,0,0,0,False,,
de.medizininformatikinitiative.kerndatensatz.icu,icu,https://www.medizininformatik-initiative.de/fhir/ext/modul-icu/StructureDefinition/mii-pr-icu-vent-mechanische-atemfrequenz-beatmet,MII_PR_ICU_VENT_Mechanische_Atemfrequenz_Beatmet,Observation,2026.0.1,2026.0.3,mixed,1,2,0,0,0,True,Observation.category:kuenstlicheBeatmung,Observation.effective[x]|Observation.value[x]:valueQuantity
de.medizininformatikinitiative.kerndatensatz.icu,icu,https://www.medizininformatik-initiative.de/fhir/ext/modul-icu/StructureDefinition/mii-pr-icu-vent-mechanische-atemfrequenz-beatmet,MII_PR_ICU_VENT_Mechanische_Atemfrequenz_Beatmet,Observation,2026.0.3,2027.0.0-ballot.3,elements-added,1,0,0,0,0,False,Observation,
de.medizininformatikinitiative.kerndatensatz.icu,icu,https://www.medizininformatik-initiative.de/fhir/ext/modul-icu/StructureDefinition/mii-pr-icu-vent-mittlerer-beatmungsdruck,MII_PR_ICU_VENT_Mittlerer_Beatmungsdruck,Observation,2026.0.0,2026.0.1,identical,0,0,0,0,0,False,,
de.medizininformatikinitiative.kerndatensatz.icu,icu,https://www.medizininformatik-initiative.de/fhir/ext/modul-icu/StructureDefinition/mii-pr-icu-vent-mittlerer-beatmungsdruck,MII_PR_ICU_VENT_Mittlerer_Beatmungsdruck,Observation,2026.0.1,2027.0.0-ballot.3,mixed,1,2,0,0,0,True,Observation,Observation.effective[x]|Observation.value[x]:valueQuantity
de.medizininformatikinitiative.kerndatensatz.icu,icu,https://www.medizininformatik-initiative.de/fhir/ext/modul-icu/StructureDefinition/mii-pr-icu-vent-mittlerer-inspiratorischer-beatmungsdruck,MII_PR_ICU_VENT_Mittlerer_Inspiratorischer_Beatmungsdruck,Observation,2026.0.3,2027.0.0-ballot.3,elements-added,1,0,0,0,0,False,Observation,
de.medizininformatikinitiative.kerndatensatz.icu,icu,https://www.medizininformatik-initiative.de/fhir/ext/modul-icu/StructureDefinition/mii-pr-icu-vent-parameter-von-beatmung,MII_PR_ICU_VENT_Parameter_Von_Beatmung,Observation,2026.0.0,2026.0.1,identical,0,0,0,0,0,False,,
de.medizininformatikinitiative.kerndatensatz.icu,icu,https://www.medizininformatik-initiative.de/fhir/ext/modul-icu/StructureDefinition/mii-pr-icu-vent-plateau-beatmungsdruck,MII_PR_ICU_VENT_Plateau_Beatmungsdruck,Observation,2026.0.3,2027.0.0-ballot.3,elements-added,1,0,0,0,0,False,Observation,
de.medizininformatikinitiative.kerndatensatz.icu,icu,https://www.medizininformatik-initiative.de/fhir/ext/modul-icu/StructureDefinition/mii-pr-icu-vent-positiv-endexpiratorischer-druck,MII_PR_ICU_VENT_Positiv_Endexpiratorischer_Druck,Observation,2026.0.3,2027.0.0-ballot.3,elements-added,1,0,0,0,0,False,Observation,
de.medizininformatikinitiative.kerndatensatz.icu,icu,https://www.medizininformatik-initiative.de/fhir/ext/modul-icu/StructureDefinition/mii-pr-icu-vent-positiv-endexspiratorischer-druck,MII_PR_ICU_VENT_Positiv_Endexspiratorischer_Druck,Observation,2026.0.0,2026.0.1,identical,0,0,0,0,0,False,,
de.medizininformatikinitiative.kerndatensatz.icu,icu,https://www.medizininformatik-initiative.de/fhir/ext/modul-icu/StructureDefinition/mii-pr-icu-vent-spontane-atemfrequenz-beatmet,MII_PR_ICU_VENT_Spontane_Atemfrequenz_Beatmet,Observation,2026.0.0,2026.0.1,identical,0,0,0,0,0,False,,
de.medizininformatikinitiative.kerndatensatz.icu,icu,https://www.medizininformatik-initiative.de/fhir/ext/modul-icu/StructureDefinition/mii-pr-icu-vent-spontane-atemfrequenz-beatmet,MII_PR_ICU_VENT_Spontane_Atemfrequenz_Beatmet,Observation,2026.0.1,2026.0.3,mixed,1,1,2,0,0,True,Observation.category:kuenstlicheBeatmung,Observation.effective[x]
de.medizininformatikinitiative.kerndatensatz.icu,icu,https://www.medizininformatik-initiative.de/fhir/ext/modul-icu/StructureDefinition/mii-pr-icu-vent-spontane-atemfrequenz-beatmet,MII_PR_ICU_VENT_Spontane_Atemfrequenz_Beatmet,Observation,2026.0.3,2027.0.0-ballot.3,elements-added,1,0,0,0,0,False,Observation,
de.medizininformatikinitiative.kerndatensatz.icu,icu,https://www.medizininformatik-initiative.de/fhir/ext/modul-icu/StructureDefinition/mii-pr-icu-vent-spontane-mechanische-atemfrequenz-beatmet,MII_PR_ICU_VENT_Spontane_Mechanische_Atemfrequenz_Beatmet,Observation,2026.0.0,2026.0.1,identical,0,0,0,0,0,False,,
de.medizininformatikinitiative.kerndatensatz.icu,icu,https://www.medizininformatik-initiative.de/fhir/ext/modul-icu/StructureDefinition/mii-pr-icu-vent-spontane-mechanische-atemfrequenz-beatmet,MII_PR_ICU_VENT_Spontane_Mechanische_Atemfrequenz_Beatmet,Observation,2026.0.1,2026.0.3,mixed,1,1,0,0,0,True,Observation.category:kuenstlicheBeatmung,Observation.effective[x]
de.medizininformatikinitiative.kerndatensatz.icu,icu,https://www.medizininformatik-initiative.de/fhir/ext/modul-icu/StructureDefinition/mii-pr-icu-vent-spontane-mechanische-atemfrequenz-beatmet,MII_PR_ICU_VENT_Spontane_Mechanische_Atemfrequenz_Beatmet,Observation,2026.0.3,2027.0.0-ballot.3,elements-added,1,0,0,0,0,False,Observation,
de.medizininformatikinitiative.kerndatensatz.icu,icu,https://www.medizininformatik-initiative.de/fhir/ext/modul-icu/StructureDefinition/mii-pr-icu-vent-spontanes-atemzugvolumen,MII_PR_ICU_VENT_Spontanes_Atemzugvolumen,Observation,2026.0.0,2026.0.1,identical,0,0,0,0,0,False,,
de.medizininformatikinitiative.kerndatensatz.icu,icu,https://www.medizininformatik-initiative.de/fhir/ext/modul-icu/StructureDefinition/mii-pr-icu-vent-spontanes-atemzugvolumen,MII_PR_ICU_VENT_Spontanes_Atemzugvolumen,Observation,2026.0.1,2026.0.3,mixed,1,3,1,0,0,True,Observation.category:kuenstlicheBeatmung,Observation.code.coding|Observation.effective[x]|Observation.value[x]:valueQuantity
de.medizininformatikinitiative.kerndatensatz.icu,icu,https://www.medizininformatik-initiative.de/fhir/ext/modul-icu/StructureDefinition/mii-pr-icu-vent-spontanes-atemzugvolumen,MII_PR_ICU_VENT_Spontanes_Atemzugvolumen,Observation,2026.0.3,2027.0.0-ballot.3,elements-added,1,0,0,0,0,False,Observation,
de.medizininformatikinitiative.kerndatensatz.icu,icu,https://www.medizininformatik-initiative.de/fhir/ext/modul-icu/StructureDefinition/mii-pr-icu-vent-spontanes-mechanisches-atemzugvolumen-waehrend,MII_PR_ICU_VENT_Spontanes_Mechanisches_Atemzugvolumen_Waehrend,Observation,2026.0.0,2026.0.1,identical,0,0,0,0,0,False,,
de.medizininformatikinitiative.kerndatensatz.icu,icu,https://www.medizininformatik-initiative.de/fhir/ext/modul-icu/StructureDefinition/mii-pr-icu-vent-spontanes-mechanisches-atemzugvolumen-waehrend-beatmung,MII_PR_ICU_VENT_Spontanes_Plus_Mechanisches_Atemzugvolumen,Observation,2026.0.3,2027.0.0-ballot.3,elements-added,1,0,0,0,0,False,Observation,
de.medizininformatikinitiative.kerndatensatz.icu,icu,https://www.medizininformatik-initiative.de/fhir/ext/modul-icu/StructureDefinition/mii-pr-icu-vent-unterstuetzungsdruck-beatmung,MII_PR_ICU_VENT_Unterstuezungsdruck_Beatmung,Observation,2026.0.0,2026.0.1,identical,0,0,0,0,0,False,,
de.medizininformatikinitiative.kerndatensatz.icu,icu,https://www.medizininformatik-initiative.de/fhir/ext/modul-icu/StructureDefinition/mii-pr-icu-vent-unterstuetzungsdruck-beatmung,MII_PR_ICU_VENT_Unterstuezungsdruck_Beatmung,Observation,2026.0.1,2026.0.3,mixed,1,2,0,0,0,True,Observation.category:kuenstlicheBeatmung,Observation.effective[x]|Observation.value[x]:valueQuantity
de.medizininformatikinitiative.kerndatensatz.icu,icu,https://www.medizininformatik-initiative.de/fhir/ext/modul-icu/StructureDefinition/mii-pr-icu-vent-unterstuetzungsdruck-beatmung,MII_PR_ICU_VENT_Unterstuezungsdruck_Beatmung,Observation,2026.0.3,2027.0.0-ballot.3,elements-added,1,0,0,0,0,False,Observation,
de.medizininformatikinitiative.kerndatensatz.icu,icu,https://www.medizininformatik-initiative.de/fhir/ext/modul-icu/StructureDefinition/mii-pr-icu-vent-zeitverhaeltnis-ein-ausatmung,MII_PR_ICU_VENT_Zeitverhaeltnis_Ein_Ausatmung,Observation,2026.0.0,2026.0.1,identical,0,0,0,0,0,False,,
de.medizininformatikinitiative.kerndatensatz.icu,icu,https://www.medizininformatik-initiative.de/fhir/ext/modul-icu/StructureDefinition/mii-pr-icu-vent-zeitverhaeltnis-ein-ausatmung,MII_PR_ICU_VENT_Zeitverhaeltnis_Ein_Ausatmung,Observation,2026.0.1,2026.0.3,mixed,1,2,0,0,0,True,Observation.category:kuenstlicheBeatmung,Observation.effective[x]|Observation.value[x]:valueQuantity
de.medizininformatikinitiative.kerndatensatz.icu,icu,https://www.medizininformatik-initiative.de/fhir/ext/modul-icu/StructureDefinition/mii-pr-icu-vent-zeitverhaeltnis-ein-ausatmung,MII_PR_ICU_VENT_Zeitverhaeltnis_Ein_Ausatmung,Observation,2026.0.3,2027.0.0-ballot.3,elements-added,1,0,0,0,0,False,Observation,
de.medizininformatikinitiative.kerndatensatz.icu,icu,https://www.medizininformatik-initiative.de/fhir/ext/modul-icu/StructureDefinition/mii-pr-icu-zeitverhaeltnis-ein-ausatmung,MIIPR_ICU_Zeitverhaeltnis_Ein_Ausatmung,Observation,2026.0.0,2026.0.1,identical,0,0,0,0,0,False,,
de.medizininformatikinitiative.kerndatensatz.icu,icu,https://www.medizininformatik-initiative.de/fhir/ext/modul-icu/StructureDefinition/mii-pr-icu-zeitverhaeltnis-ein-ausatmung,MIIPR_ICU_Zeitverhaeltnis_Ein_Ausatmung,Observation,2026.0.1,2026.0.2,identical,0,0,0,0,0,False,,
de.medizininformatikinitiative.kerndatensatz.icu,icu,https://www.medizininformatik-initiative.de/fhir/ext/modul-icu/StructureDefinition/mittlerer-beatmungsdruck,SD_MII_ICU_Mittlerer_Beatmungsdruck,Observation,1.0.0,2025.0.0,mixed,1,0,3,0,0,True,Observation.code.coding,
de.medizininformatikinitiative.kerndatensatz.icu,icu,https://www.medizininformatik-initiative.de/fhir/ext/modul-icu/StructureDefinition/mittlerer-beatmungsdruck,SD_MII_ICU_Mittlerer_Beatmungsdruck,Observation,2025.0.0,2025.0.1,identical,0,0,0,0,0,False,,
de.medizininformatikinitiative.kerndatensatz.icu,icu,https://www.medizininformatik-initiative.de/fhir/ext/modul-icu/StructureDefinition/mittlerer-beatmungsdruck,SD_MII_ICU_Mittlerer_Beatmungsdruck,Observation,2025.0.1,2025.0.2,identical,0,0,0,0,0,False,,
de.medizininformatikinitiative.kerndatensatz.icu,icu,https://www.medizininformatik-initiative.de/fhir/ext/modul-icu/StructureDefinition/mittlerer-beatmungsdruck,SD_MII_ICU_Mittlerer_Beatmungsdruck,Observation,2025.0.2,2025.0.3,identical,0,0,0,0,0,False,,
de.medizininformatikinitiative.kerndatensatz.icu,icu,https://www.medizininformatik-initiative.de/fhir/ext/modul-icu/StructureDefinition/mittlerer-beatmungsdruck,SD_MII_ICU_Mittlerer_Beatmungsdruck,Observation,2025.0.3,2025.0.4,identical,0,0,0,0,0,False,,
de.medizininformatikinitiative.kerndatensatz.icu,icu,https://www.medizininformatik-initiative.de/fhir/ext/modul-icu/StructureDefinition/parameter-von-beatmung,SD_MII_ICU_Parameter_Von_Beatmung,Observation,1.0.0,2025.0.0,canonical-only,0,0,0,0,0,False,,
de.medizininformatikinitiative.kerndatensatz.icu,icu,https://www.medizininformatik-initiative.de/fhir/ext/modul-icu/StructureDefinition/parameter-von-beatmung,SD_MII_ICU_Parameter_Von_Beatmung,Observation,2025.0.0,2025.0.1,identical,0,0,0,0,0,False,,
de.medizininformatikinitiative.kerndatensatz.icu,icu,https://www.medizininformatik-initiative.de/fhir/ext/modul-icu/StructureDefinition/parameter-von-beatmung,SD_MII_ICU_Parameter_Von_Beatmung,Observation,2025.0.1,2025.0.2,canonical-only,0,0,0,0,0,False,,
de.medizininformatikinitiative.kerndatensatz.icu,icu,https://www.medizininformatik-initiative.de/fhir/ext/modul-icu/StructureDefinition/parameter-von-beatmung,SD_MII_ICU_Parameter_Von_Beatmung,Observation,2025.0.2,2025.0.3,canonical-only,0,0,0,0,0,False,,
de.medizininformatikinitiative.kerndatensatz.icu,icu,https://www.medizininformatik-initiative.de/fhir/ext/modul-icu/StructureDefinition/parameter-von-beatmung,SD_MII_ICU_Parameter_Von_Beatmung,Observation,2025.0.3,2025.0.4,identical,0,0,0,0,0,False,,
de.medizininformatikinitiative.kerndatensatz.icu,icu,https://www.medizininformatik-initiative.de/fhir/ext/modul-icu/StructureDefinition/parameter-von-extrakorporalen-verfahren,SD_MII_ICU_Parameter_Von_Extrakorporalen_Verfahren,Observation,1.0.0,2025.0.0,identical,0,0,0,0,0,False,,
de.medizininformatikinitiative.kerndatensatz.icu,icu,https://www.medizininformatik-initiative.de/fhir/ext/modul-icu/StructureDefinition/parameter-von-extrakorporalen-verfahren,SD_MII_ICU_Parameter_Von_Extrakorporalen_Verfahren,Observation,2025.0.0,2025.0.1,identical,0,0,0,0,0,False,,
de.medizininformatikinitiative.kerndatensatz.icu,icu,https://www.medizininformatik-initiative.de/fhir/ext/modul-icu/StructureDefinition/parameter-von-extrakorporalen-verfahren,SD_MII_ICU_Parameter_Von_Extrakorporalen_Verfahren,Observation,2025.0.1,2025.0.2,canonical-only,0,0,0,0,0,False,,
de.medizininformatikinitiative.kerndatensatz.icu,icu,https://www.medizininformatik-initiative.de/fhir/ext/modul-icu/StructureDefinition/parameter-von-extrakorporalen-verfahren,SD_MII_ICU_Parameter_Von_Extrakorporalen_Verfahren,Observation,2025.0.2,2025.0.3,canonical-only,0,0,0,0,0,False,,
de.medizininformatikinitiative.kerndatensatz.icu,icu,https://www.medizininformatik-initiative.de/fhir/ext/modul-icu/StructureDefinition/parameter-von-extrakorporalen-verfahren,SD_MII_ICU_Parameter_Von_Extrakorporalen_Verfahren,Observation,2025.0.3,2025.0.4,identical,0,0,0,0,0,False,,
de.medizininformatikinitiative.kerndatensatz.icu,icu,https://www.medizininformatik-initiative.de/fhir/ext/modul-icu/StructureDefinition/positiv-endexspiratorischer-druck,SD_MII_ICU_Positiv_Endexspiratorischer_Druck,Observation,2025.0.0,2025.0.1,identical,0,0,0,0,0,False,,
de.medizininformatikinitiative.kerndatensatz.icu,icu,https://www.medizininformatik-initiative.de/fhir/ext/modul-icu/StructureDefinition/positiv-endexspiratorischer-druck,SD_MII_ICU_Positiv_Endexspiratorischer_Druck,Observation,2025.0.1,2025.0.2,identical,0,0,0,0,0,False,,
de.medizininformatikinitiative.kerndatensatz.icu,icu,https://www.medizininformatik-initiative.de/fhir/ext/modul-icu/StructureDefinition/positiv-endexspiratorischer-druck,SD_MII_ICU_Positiv_Endexspiratorischer_Druck,Observation,2025.0.2,2025.0.3,identical,0,0,0,0,0,False,,
de.medizininformatikinitiative.kerndatensatz.icu,icu,https://www.medizininformatik-initiative.de/fhir/ext/modul-icu/StructureDefinition/positiv-endexspiratorischer-druck,SD_MII_ICU_Positiv_Endexspiratorischer_Druck,Observation,2025.0.3,2025.0.4,identical,0,0,0,0,0,False,,
de.medizininformatikinitiative.kerndatensatz.icu,icu,https://www.medizininformatik-initiative.de/fhir/ext/modul-icu/StructureDefinition/score,SD_MII_ICU_Score,Observation,2025.0.0,2025.0.1,identical,0,0,0,0,0,False,,
de.medizininformatikinitiative.kerndatensatz.icu,icu,https://www.medizininformatik-initiative.de/fhir/ext/modul-icu/StructureDefinition/score,SD_MII_ICU_Score,Observation,2025.0.1,2025.0.2,identical,0,0,0,0,0,False,,
de.medizininformatikinitiative.kerndatensatz.icu,icu,https://www.medizininformatik-initiative.de/fhir/ext/modul-icu/StructureDefinition/score,SD_MII_ICU_Score,Observation,2025.0.2,2025.0.3,identical,0,0,0,0,0,False,,
de.medizininformatikinitiative.kerndatensatz.icu,icu,https://www.medizininformatik-initiative.de/fhir/ext/modul-icu/StructureDefinition/score-apgar-1-min,SD_MII_ICU_Score_Apgar_1_Min,Observation,2025.0.0,2025.0.1,identical,0,0,0,0,0,False,,
de.medizininformatikinitiative.kerndatensatz.icu,icu,https://www.medizininformatik-initiative.de/fhir/ext/modul-icu/StructureDefinition/score-apgar-1-min,SD_MII_ICU_Score_Apgar_1_Min,Observation,2025.0.1,2025.0.2,canonical-only,0,0,0,0,0,False,,
de.medizininformatikinitiative.kerndatensatz.icu,icu,https://www.medizininformatik-initiative.de/fhir/ext/modul-icu/StructureDefinition/score-apgar-1-min,SD_MII_ICU_Score_Apgar_1_Min,Observation,2025.0.2,2025.0.3,canonical-only,0,0,0,0,0,False,,
de.medizininformatikinitiative.kerndatensatz.icu,icu,https://www.medizininformatik-initiative.de/fhir/ext/modul-icu/StructureDefinition/score-apgar-10-min,SD_MII_ICU_Score_Apgar_10_Min,Observation,2025.0.0,2025.0.1,identical,0,0,0,0,0,False,,
de.medizininformatikinitiative.kerndatensatz.icu,icu,https://www.medizininformatik-initiative.de/fhir/ext/modul-icu/StructureDefinition/score-apgar-10-min,SD_MII_ICU_Score_Apgar_10_Min,Observation,2025.0.1,2025.0.2,canonical-only,0,0,0,0,0,False,,
de.medizininformatikinitiative.kerndatensatz.icu,icu,https://www.medizininformatik-initiative.de/fhir/ext/modul-icu/StructureDefinition/score-apgar-10-min,SD_MII_ICU_Score_Apgar_10_Min,Observation,2025.0.2,2025.0.3,canonical-only,0,0,0,0,0,False,,
de.medizininformatikinitiative.kerndatensatz.icu,icu,https://www.medizininformatik-initiative.de/fhir/ext/modul-icu/StructureDefinition/score-apgar-5-min,SD_MII_ICU_Score_Apgar_5_Min,Observation,2025.0.0,2025.0.1,identical,0,0,0,0,0,False,,
de.medizininformatikinitiative.kerndatensatz.icu,icu,https://www.medizininformatik-initiative.de/fhir/ext/modul-icu/StructureDefinition/score-apgar-5-min,SD_MII_ICU_Score_Apgar_5_Min,Observation,2025.0.1,2025.0.2,canonical-only,0,0,0,0,0,False,,
de.medizininformatikinitiative.kerndatensatz.icu,icu,https://www.medizininformatik-initiative.de/fhir/ext/modul-icu/StructureDefinition/score-apgar-5-min,SD_MII_ICU_Score_Apgar_5_Min,Observation,2025.0.2,2025.0.3,canonical-only,0,0,0,0,0,False,,
de.medizininformatikinitiative.kerndatensatz.icu,icu,https://www.medizininformatik-initiative.de/fhir/ext/modul-icu/StructureDefinition/score-cha2ds2-vasc,SD_MII_ICU_Score_CHA2DS2_VASc,Observation,2025.0.0,2025.0.1,identical,0,0,0,0,0,False,,
de.medizininformatikinitiative.kerndatensatz.icu,icu,https://www.medizininformatik-initiative.de/fhir/ext/modul-icu/StructureDefinition/score-cha2ds2-vasc,SD_MII_ICU_Score_CHA2DS2_VASc,Observation,2025.0.1,2025.0.2,canonical-only,0,0,0,0,0,False,,
de.medizininformatikinitiative.kerndatensatz.icu,icu,https://www.medizininformatik-initiative.de/fhir/ext/modul-icu/StructureDefinition/score-cha2ds2-vasc,SD_MII_ICU_Score_CHA2DS2_VASc,Observation,2025.0.2,2025.0.3,canonical-only,0,0,0,0,0,False,,
de.medizininformatikinitiative.kerndatensatz.icu,icu,https://www.medizininformatik-initiative.de/fhir/ext/modul-icu/StructureDefinition/score-child-pugh,SD_MII_ICU_Score_Child_Pugh,Observation,2025.0.0,2025.0.1,identical,0,0,0,0,0,False,,
de.medizininformatikinitiative.kerndatensatz.icu,icu,https://www.medizininformatik-initiative.de/fhir/ext/modul-icu/StructureDefinition/score-child-pugh,SD_MII_ICU_Score_Child_Pugh,Observation,2025.0.1,2025.0.2,canonical-only,0,0,0,0,0,False,,
de.medizininformatikinitiative.kerndatensatz.icu,icu,https://www.medizininformatik-initiative.de/fhir/ext/modul-icu/StructureDefinition/score-child-pugh,SD_MII_ICU_Score_Child_Pugh,Observation,2025.0.2,2025.0.3,canonical-only,0,0,0,0,0,False,,
de.medizininformatikinitiative.kerndatensatz.icu,icu,https://www.medizininformatik-initiative.de/fhir/ext/modul-icu/StructureDefinition/score-frailty-index,SD_MII_ICU_Score_Frailty Index,Observation,2025.0.0,2025.0.1,identical,0,0,0,0,0,False,,
de.medizininformatikinitiative.kerndatensatz.icu,icu,https://www.medizininformatik-initiative.de/fhir/ext/modul-icu/StructureDefinition/score-frailty-index,SD_MII_ICU_Score_Frailty Index,Observation,2025.0.1,2025.0.2,canonical-only,0,0,0,0,0,False,,
de.medizininformatikinitiative.kerndatensatz.icu,icu,https://www.medizininformatik-initiative.de/fhir/ext/modul-icu/StructureDefinition/score-frailty-index,SD_MII_ICU_Score_Frailty Index,Observation,2025.0.2,2025.0.3,canonical-only,0,0,0,0,0,False,,
de.medizininformatikinitiative.kerndatensatz.icu,icu,https://www.medizininformatik-initiative.de/fhir/ext/modul-icu/StructureDefinition/score-glasgow-coma,SD_MII_ICU_Score_Glasgow_Coma,Observation,2025.0.0,2025.0.1,identical,0,0,0,0,0,False,,
de.medizininformatikinitiative.kerndatensatz.icu,icu,https://www.medizininformatik-initiative.de/fhir/ext/modul-icu/StructureDefinition/score-glasgow-coma,SD_MII_ICU_Score_Glasgow_Coma,Observation,2025.0.1,2025.0.2,canonical-only,0,0,0,0,0,False,,
de.medizininformatikinitiative.kerndatensatz.icu,icu,https://www.medizininformatik-initiative.de/fhir/ext/modul-icu/StructureDefinition/score-glasgow-coma,SD_MII_ICU_Score_Glasgow_Coma,Observation,2025.0.2,2025.0.3,canonical-only,0,0,0,0,0,False,,
de.medizininformatikinitiative.kerndatensatz.icu,icu,https://www.medizininformatik-initiative.de/fhir/ext/modul-icu/StructureDefinition/score-sofa,SD_MII_ICU_Score_SOFA,Observation,2025.0.0,2025.0.1,identical,0,0,0,0,0,False,,
de.medizininformatikinitiative.kerndatensatz.icu,icu,https://www.medizininformatik-initiative.de/fhir/ext/modul-icu/StructureDefinition/score-sofa,SD_MII_ICU_Score_SOFA,Observation,2025.0.1,2025.0.2,canonical-only,0,0,0,0,0,False,,
de.medizininformatikinitiative.kerndatensatz.icu,icu,https://www.medizininformatik-initiative.de/fhir/ext/modul-icu/StructureDefinition/score-sofa,SD_MII_ICU_Score_SOFA,Observation,2025.0.2,2025.0.3,canonical-only,0,0,0,0,0,False,,
de.medizininformatikinitiative.kerndatensatz.icu,icu,https://www.medizininformatik-initiative.de/fhir/ext/modul-icu/StructureDefinition/score-therapeutic-intervention,SD_MII_ICU_Score_Therapeutic_Intervention,Observation,2025.0.0,2025.0.1,identical,0,0,0,0,0,False,,
de.medizininformatikinitiative.kerndatensatz.icu,icu,https://www.medizininformatik-initiative.de/fhir/ext/modul-icu/StructureDefinition/score-therapeutic-intervention,SD_MII_ICU_Score_Therapeutic_Intervention,Observation,2025.0.1,2025.0.2,canonical-only,0,0,0,0,0,False,,
de.medizininformatikinitiative.kerndatensatz.icu,icu,https://www.medizininformatik-initiative.de/fhir/ext/modul-icu/StructureDefinition/score-therapeutic-intervention,SD_MII_ICU_Score_Therapeutic_Intervention,Observation,2025.0.2,2025.0.3,canonical-only,0,0,0,0,0,False,,
de.medizininformatikinitiative.kerndatensatz.icu,icu,https://www.medizininformatik-initiative.de/fhir/ext/modul-icu/StructureDefinition/spontane-atemfrequenz-beatmet,SD_MII_ICU_Spontane_Atemfrequenz_Beatmet,Observation,1.0.0,2025.0.0,mixed,1,0,3,0,0,True,Observation.code.coding:loinc,
de.medizininformatikinitiative.kerndatensatz.icu,icu,https://www.medizininformatik-initiative.de/fhir/ext/modul-icu/StructureDefinition/spontane-atemfrequenz-beatmet,SD_MII_ICU_Spontane_Atemfrequenz_Beatmet,Observation,2025.0.0,2025.0.1,identical,0,0,0,0,0,False,,
de.medizininformatikinitiative.kerndatensatz.icu,icu,https://www.medizininformatik-initiative.de/fhir/ext/modul-icu/StructureDefinition/spontane-atemfrequenz-beatmet,SD_MII_ICU_Spontane_Atemfrequenz_Beatmet,Observation,2025.0.1,2025.0.2,identical,0,0,0,0,0,False,,
de.medizininformatikinitiative.kerndatensatz.icu,icu,https://www.medizininformatik-initiative.de/fhir/ext/modul-icu/StructureDefinition/spontane-atemfrequenz-beatmet,SD_MII_ICU_Spontane_Atemfrequenz_Beatmet,Observation,2025.0.2,2025.0.3,identical,0,0,0,0,0,False,,
de.medizininformatikinitiative.kerndatensatz.icu,icu,https://www.medizininformatik-initiative.de/fhir/ext/modul-icu/StructureDefinition/spontane-atemfrequenz-beatmet,SD_MII_ICU_Spontane_Atemfrequenz_Beatmet,Observation,2025.0.3,2025.0.4,identical,0,0,0,0,0,False,,
de.medizininformatikinitiative.kerndatensatz.icu,icu,https://www.medizininformatik-initiative.de/fhir/ext/modul-icu/StructureDefinition/spontane-mechanische-atemfrequenz-beatmet,SD_MII_ICU_Spontane_Mechanische_Atemfrequenz_Beatmet,Observation,1.0.0,2025.0.0,modified,0,0,4,0,0,True,,
de.medizininformatikinitiative.kerndatensatz.icu,icu,https://www.medizininformatik-initiative.de/fhir/ext/modul-icu/StructureDefinition/spontane-mechanische-atemfrequenz-beatmet,SD_MII_ICU_Spontane_Mechanische_Atemfrequenz_Beatmet,Observation,2025.0.0,2025.0.1,identical,0,0,0,0,0,False,,
de.medizininformatikinitiative.kerndatensatz.icu,icu,https://www.medizininformatik-initiative.de/fhir/ext/modul-icu/StructureDefinition/spontane-mechanische-atemfrequenz-beatmet,SD_MII_ICU_Spontane_Mechanische_Atemfrequenz_Beatmet,Observation,2025.0.1,2025.0.2,identical,0,0,0,0,0,False,,
de.medizininformatikinitiative.kerndatensatz.icu,icu,https://www.medizininformatik-initiative.de/fhir/ext/modul-icu/StructureDefinition/spontane-mechanische-atemfrequenz-beatmet,SD_MII_ICU_Spontane_Mechanische_Atemfrequenz_Beatmet,Observation,2025.0.2,2025.0.3,identical,0,0,0,0,0,False,,
de.medizininformatikinitiative.kerndatensatz.icu,icu,https://www.medizininformatik-initiative.de/fhir/ext/modul-icu/StructureDefinition/spontane-mechanische-atemfrequenz-beatmet,SD_MII_ICU_Spontane_Mechanische_Atemfrequenz_Beatmet,Observation,2025.0.3,2025.0.4,identical,0,0,0,0,0,False,,
de.medizininformatikinitiative.kerndatensatz.icu,icu,https://www.medizininformatik-initiative.de/fhir/ext/modul-icu/StructureDefinition/spontanes-atemzugvolumen,SD_MII_ICU_Spontanes_Atemzugvolumen,Observation,1.0.0,2025.0.0,mixed,3,4,2,0,0,True,Observation.code.coding|Observation.code.coding:IEEE-11073|Observation.value[x],Observation.value[x]:valueQuantity.code|Observation.value[x]:valueQuantity.system|Observation.value[x]:valueQuantity.unit|Observation.value[x]:valueQuantity.value
de.medizininformatikinitiative.kerndatensatz.icu,icu,https://www.medizininformatik-initiative.de/fhir/ext/modul-icu/StructureDefinition/spontanes-atemzugvolumen,SD_MII_ICU_Spontanes_Atemzugvolumen,Observation,2025.0.0,2025.0.1,identical,0,0,0,0,0,False,,
de.medizininformatikinitiative.kerndatensatz.icu,icu,https://www.medizininformatik-initiative.de/fhir/ext/modul-icu/StructureDefinition/spontanes-atemzugvolumen,SD_MII_ICU_Spontanes_Atemzugvolumen,Observation,2025.0.1,2025.0.2,identical,0,0,0,0,0,False,,
de.medizininformatikinitiative.kerndatensatz.icu,icu,https://www.medizininformatik-initiative.de/fhir/ext/modul-icu/StructureDefinition/spontanes-atemzugvolumen,SD_MII_ICU_Spontanes_Atemzugvolumen,Observation,2025.0.2,2025.0.3,identical,0,0,0,0,0,False,,
de.medizininformatikinitiative.kerndatensatz.icu,icu,https://www.medizininformatik-initiative.de/fhir/ext/modul-icu/StructureDefinition/spontanes-atemzugvolumen,SD_MII_ICU_Spontanes_Atemzugvolumen,Observation,2025.0.3,2025.0.4,identical,0,0,0,0,0,False,,
de.medizininformatikinitiative.kerndatensatz.icu,icu,https://www.medizininformatik-initiative.de/fhir/ext/modul-icu/StructureDefinition/spontanes-mechanisches-atemzugvolumen-waehrend,SD_MII_ICU_Spontanes_Mechanisches_Atemzugvolumen_Waehrend,Observation,2025.0.0,2025.0.1,identical,0,0,0,0,0,False,,
de.medizininformatikinitiative.kerndatensatz.icu,icu,https://www.medizininformatik-initiative.de/fhir/ext/modul-icu/StructureDefinition/spontanes-mechanisches-atemzugvolumen-waehrend,SD_MII_ICU_Spontanes_Mechanisches_Atemzugvolumen_Waehrend,Observation,2025.0.1,2025.0.2,identical,0,0,0,0,0,False,,
de.medizininformatikinitiative.kerndatensatz.icu,icu,https://www.medizininformatik-initiative.de/fhir/ext/modul-icu/StructureDefinition/spontanes-mechanisches-atemzugvolumen-waehrend,SD_MII_ICU_Spontanes_Mechanisches_Atemzugvolumen_Waehrend,Observation,2025.0.2,2025.0.3,identical,0,0,0,0,0,False,,
de.medizininformatikinitiative.kerndatensatz.icu,icu,https://www.medizininformatik-initiative.de/fhir/ext/modul-icu/StructureDefinition/spontanes-mechanisches-atemzugvolumen-waehrend,SD_MII_ICU_Spontanes_Mechanisches_Atemzugvolumen_Waehrend,Observation,2025.0.3,2025.0.4,identical,0,0,0,0,0,False,,
de.medizininformatikinitiative.kerndatensatz.icu,icu,https://www.medizininformatik-initiative.de/fhir/ext/modul-icu/StructureDefinition/substituatfluss,SD_MII_ICU_Substituatfluss,Observation,1.0.0,2025.0.0,mixed,3,0,1,0,0,True,Observation.code.coding|Observation.code.coding:IEEE-11073|Observation.code.coding:loinc,
de.medizininformatikinitiative.kerndatensatz.icu,icu,https://www.medizininformatik-initiative.de/fhir/ext/modul-icu/StructureDefinition/substituatfluss,SD_MII_ICU_Substituatfluss,Observation,2025.0.0,2025.0.1,identical,0,0,0,0,0,False,,
de.medizininformatikinitiative.kerndatensatz.icu,icu,https://www.medizininformatik-initiative.de/fhir/ext/modul-icu/StructureDefinition/substituatfluss,SD_MII_ICU_Substituatfluss,Observation,2025.0.1,2025.0.2,identical,0,0,0,0,0,False,,
de.medizininformatikinitiative.kerndatensatz.icu,icu,https://www.medizininformatik-initiative.de/fhir/ext/modul-icu/StructureDefinition/substituatfluss,SD_MII_ICU_Substituatfluss,Observation,2025.0.2,2025.0.3,identical,0,0,0,0,0,False,,
de.medizininformatikinitiative.kerndatensatz.icu,icu,https://www.medizininformatik-initiative.de/fhir/ext/modul-icu/StructureDefinition/substituatfluss,SD_MII_ICU_Substituatfluss,Observation,2025.0.3,2025.0.4,identical,0,0,0,0,0,False,,
de.medizininformatikinitiative.kerndatensatz.icu,icu,https://www.medizininformatik-initiative.de/fhir/ext/modul-icu/StructureDefinition/substituatvolumen,SD_MII_ICU_Substituatvolumen,Observation,1.0.0,2025.0.0,mixed,3,0,1,0,0,True,Observation.code.coding|Observation.code.coding:IEEE-11073|Observation.code.coding:loinc,
de.medizininformatikinitiative.kerndatensatz.icu,icu,https://www.medizininformatik-initiative.de/fhir/ext/modul-icu/StructureDefinition/substituatvolumen,SD_MII_ICU_Substituatvolumen,Observation,2025.0.0,2025.0.1,identical,0,0,0,0,0,False,,
de.medizininformatikinitiative.kerndatensatz.icu,icu,https://www.medizininformatik-initiative.de/fhir/ext/modul-icu/StructureDefinition/substituatvolumen,SD_MII_ICU_Substituatvolumen,Observation,2025.0.1,2025.0.2,identical,0,0,0,0,0,False,,
de.medizininformatikinitiative.kerndatensatz.icu,icu,https://www.medizininformatik-initiative.de/fhir/ext/modul-icu/StructureDefinition/substituatvolumen,SD_MII_ICU_Substituatvolumen,Observation,2025.0.2,2025.0.3,identical,0,0,0,0,0,False,,
de.medizininformatikinitiative.kerndatensatz.icu,icu,https://www.medizininformatik-initiative.de/fhir/ext/modul-icu/StructureDefinition/substituatvolumen,SD_MII_ICU_Substituatvolumen,Observation,2025.0.3,2025.0.4,identical,0,0,0,0,0,False,,
de.medizininformatikinitiative.kerndatensatz.icu,icu,https://www.medizininformatik-initiative.de/fhir/ext/modul-icu/StructureDefinition/unterstuetzungsdruck-beatmung,SD_MII_ICU_Unterstuezungsdruck_Beatmung,Observation,1.0.0,2025.0.0,mixed,3,5,1,0,0,True,Observation.code.coding:IEEE-11073|Observation.code.coding:sct|Observation.value[x],Observation.category.coding|Observation.value[x]:valueQuantity.code|Observation.value[x]:valueQuantity.system|Observation.value[x]:valueQuantity.unit|Observation.value[x]:valueQuantity.value
de.medizininformatikinitiative.kerndatensatz.icu,icu,https://www.medizininformatik-initiative.de/fhir/ext/modul-icu/StructureDefinition/unterstuetzungsdruck-beatmung,SD_MII_ICU_Unterstuezungsdruck_Beatmung,Observation,2025.0.0,2025.0.1,identical,0,0,0,0,0,False,,
de.medizininformatikinitiative.kerndatensatz.icu,icu,https://www.medizininformatik-initiative.de/fhir/ext/modul-icu/StructureDefinition/unterstuetzungsdruck-beatmung,SD_MII_ICU_Unterstuezungsdruck_Beatmung,Observation,2025.0.1,2025.0.2,identical,0,0,0,0,0,False,,
de.medizininformatikinitiative.kerndatensatz.icu,icu,https://www.medizininformatik-initiative.de/fhir/ext/modul-icu/StructureDefinition/unterstuetzungsdruck-beatmung,SD_MII_ICU_Unterstuezungsdruck_Beatmung,Observation,2025.0.2,2025.0.3,identical,0,0,0,0,0,False,,
de.medizininformatikinitiative.kerndatensatz.icu,icu,https://www.medizininformatik-initiative.de/fhir/ext/modul-icu/StructureDefinition/unterstuetzungsdruck-beatmung,SD_MII_ICU_Unterstuezungsdruck_Beatmung,Observation,2025.0.3,2025.0.4,identical,0,0,0,0,0,False,,
de.medizininformatikinitiative.kerndatensatz.icu,icu,https://www.medizininformatik-initiative.de/fhir/ext/modul-icu/StructureDefinition/venoeser-druck,SD_MII_ICU_Venoeser_Druck,Observation,1.0.0,2025.0.0,mixed,3,0,1,0,0,True,Observation.code.coding|Observation.code.coding:IEEE-11073|Observation.code.coding:loinc,
de.medizininformatikinitiative.kerndatensatz.icu,icu,https://www.medizininformatik-initiative.de/fhir/ext/modul-icu/StructureDefinition/venoeser-druck,SD_MII_ICU_Venoeser_Druck,Observation,2025.0.0,2025.0.1,identical,0,0,0,0,0,False,,
de.medizininformatikinitiative.kerndatensatz.icu,icu,https://www.medizininformatik-initiative.de/fhir/ext/modul-icu/StructureDefinition/venoeser-druck,SD_MII_ICU_Venoeser_Druck,Observation,2025.0.1,2025.0.2,identical,0,0,0,0,0,False,,
de.medizininformatikinitiative.kerndatensatz.icu,icu,https://www.medizininformatik-initiative.de/fhir/ext/modul-icu/StructureDefinition/venoeser-druck,SD_MII_ICU_Venoeser_Druck,Observation,2025.0.2,2025.0.3,identical,0,0,0,0,0,False,,
de.medizininformatikinitiative.kerndatensatz.icu,icu,https://www.medizininformatik-initiative.de/fhir/ext/modul-icu/StructureDefinition/venoeser-druck,SD_MII_ICU_Venoeser_Druck,Observation,2025.0.3,2025.0.4,identical,0,0,0,0,0,False,,
de.medizininformatikinitiative.kerndatensatz.icu,icu,https://www.medizininformatik-initiative.de/fhir/ext/modul-icu/StructureDefinition/zeitverhaeltnis-ein-ausatmung,SD_MII_ICU_Zeitverhaeltnis_Ein_Ausatmung,Observation,1.0.0,2025.0.0,mixed,2,4,3,0,0,True,Observation.code.coding|Observation.value[x],Observation.value[x]:valueQuantity.code|Observation.value[x]:valueQuantity.system|Observation.value[x]:valueQuantity.unit|Observation.value[x]:valueQuantity.value
de.medizininformatikinitiative.kerndatensatz.icu,icu,https://www.medizininformatik-initiative.de/fhir/ext/modul-icu/StructureDefinition/zeitverhaeltnis-ein-ausatmung,SD_MII_ICU_Zeitverhaeltnis_Ein_Ausatmung,Observation,2025.0.0,2025.0.1,identical,0,0,0,0,0,False,,
de.medizininformatikinitiative.kerndatensatz.icu,icu,https://www.medizininformatik-initiative.de/fhir/ext/modul-icu/StructureDefinition/zeitverhaeltnis-ein-ausatmung,SD_MII_ICU_Zeitverhaeltnis_Ein_Ausatmung,Observation,2025.0.1,2025.0.2,identical,0,0,0,0,0,False,,
de.medizininformatikinitiative.kerndatensatz.icu,icu,https://www.medizininformatik-initiative.de/fhir/ext/modul-icu/StructureDefinition/zeitverhaeltnis-ein-ausatmung,SD_MII_ICU_Zeitverhaeltnis_Ein_Ausatmung,Observation,2025.0.2,2025.0.3,identical,0,0,0,0,0,False,,
de.medizininformatikinitiative.kerndatensatz.icu,icu,https://www.medizininformatik-initiative.de/fhir/ext/modul-icu/StructureDefinition/zeitverhaeltnis-ein-ausatmung,SD_MII_ICU_Zeitverhaeltnis_Ein_Ausatmung,Observation,2025.0.3,2025.0.4,identical,0,0,0,0,0,False,,
de.medizininformatikinitiative.kerndatensatz.laborbefund,laborbefund,https://www.medizininformatik-initiative.de/fhir/core/StructureDefinition/DiagnosticReportLab,DiagnosticReportLab,DiagnosticReport,0.9.0,0.9.1,identical,0,0,0,0,0,False,,
de.medizininformatikinitiative.kerndatensatz.laborbefund,laborbefund,https://www.medizininformatik-initiative.de/fhir/core/StructureDefinition/DiagnosticReportLab,DiagnosticReportLab,DiagnosticReport,0.9.1,0.9.2,canonical-only,0,0,0,0,0,False,,
de.medizininformatikinitiative.kerndatensatz.laborbefund,laborbefund,https://www.medizininformatik-initiative.de/fhir/core/StructureDefinition/ObservationLab,ObservationLab,Observation,0.9.0,0.9.1,mixed,10,4,3,0,0,True,Observation.issued|Observation.value[x]:valueCodeableConcept|Observation.value[x]:valueCodeableConcept.coding|Observation.value[x]:valueCodeableConcept.coding.code|Observation.value[x]:valueCodeableConcept.coding.system|Observation.value[x]:valueQuantity|Observation.value[x]:valueQuantity.code|Observation.value[x]:valueQuantity.system|Observation.value[x]:valueQuantity.unit|Observation.value[x]:valueQuantity.value,Observation.value[x].code|Observation.value[x].system|Observation.value[x].unit|Observation.value[x].value
de.medizininformatikinitiative.kerndatensatz.laborbefund,laborbefund,https://www.medizininformatik-initiative.de/fhir/core/StructureDefinition/ObservationLab,ObservationLab,Observation,0.9.1,0.9.2,elements-removed,0,1,0,0,0,True,,Observation.component
de.medizininformatikinitiative.kerndatensatz.laborbefund,laborbefund,https://www.medizininformatik-initiative.de/fhir/core/StructureDefinition/ServiceRequestLab,ServiceRequestLab,ServiceRequest,0.9.0,0.9.1,canonical-only,0,0,0,0,0,False,,
de.medizininformatikinitiative.kerndatensatz.laborbefund,laborbefund,https://www.medizininformatik-initiative.de/fhir/core/StructureDefinition/ServiceRequestLab,ServiceRequestLab,ServiceRequest,0.9.1,0.9.2,canonical-only,0,0,0,0,0,False,,
de.medizininformatikinitiative.kerndatensatz.laborbefund,laborbefund,https://www.medizininformatik-initiative.de/fhir/core/modul-labor/StructureDefinition/DiagnosticReportLab,DiagnosticReportLab,DiagnosticReport,0.9.9,0.9.10,identical,0,0,0,0,0,False,,
de.medizininformatikinitiative.kerndatensatz.laborbefund,laborbefund,https://www.medizininformatik-initiative.de/fhir/core/modul-labor/StructureDefinition/DiagnosticReportLab,DiagnosticReportLab,DiagnosticReport,0.9.10,1.0.0,identical,0,0,0,0,0,False,,
de.medizininformatikinitiative.kerndatensatz.laborbefund,laborbefund,https://www.medizininformatik-initiative.de/fhir/core/modul-labor/StructureDefinition/DiagnosticReportLab,DiagnosticReportLab,DiagnosticReport,1.0.0,1.0.1,identical,0,0,0,0,0,False,,
de.medizininformatikinitiative.kerndatensatz.laborbefund,laborbefund,https://www.medizininformatik-initiative.de/fhir/core/modul-labor/StructureDefinition/DiagnosticReportLab,DiagnosticReportLab,DiagnosticReport,1.0.1,1.0.2,identical,0,0,0,0,0,False,,
de.medizininformatikinitiative.kerndatensatz.laborbefund,laborbefund,https://www.medizininformatik-initiative.de/fhir/core/modul-labor/StructureDefinition/DiagnosticReportLab,DiagnosticReportLab,DiagnosticReport,1.0.2,1.0.3,canonical-only,0,0,0,0,0,False,,
de.medizininformatikinitiative.kerndatensatz.laborbefund,laborbefund,https://www.medizininformatik-initiative.de/fhir/core/modul-labor/StructureDefinition/DiagnosticReportLab,DiagnosticReportLab,DiagnosticReport,1.0.3,1.0.4,mixed,0,6,2,1,0,True,,DiagnosticReport.category.coding:diagnostic-service-sections.code|DiagnosticReport.category.coding:diagnostic-service-sections.system|DiagnosticReport.category.coding:loinc-lab.code|DiagnosticReport.category.coding:loinc-lab.system|DiagnosticReport.code.coding:loinc-labReport.code|DiagnosticReport.code.coding:loinc-labReport.system
de.medizininformatikinitiative.kerndatensatz.laborbefund,laborbefund,https://www.medizininformatik-initiative.de/fhir/core/modul-labor/StructureDefinition/DiagnosticReportLab,DiagnosticReportLab,DiagnosticReport,1.0.4,1.0.5,identical,0,0,0,0,0,False,,
de.medizininformatikinitiative.kerndatensatz.laborbefund,laborbefund,https://www.medizininformatik-initiative.de/fhir/core/modul-labor/StructureDefinition/DiagnosticReportLab,DiagnosticReportLab,DiagnosticReport,1.0.5,1.0.6,identical,0,0,0,0,0,False,,
de.medizininformatikinitiative.kerndatensatz.laborbefund,laborbefund,https://www.medizininformatik-initiative.de/fhir/core/modul-labor/StructureDefinition/DiagnosticReportLab,DiagnosticReportLab,DiagnosticReport,1.0.6,2025.0.0,mixed,1,0,4,0,0,True,DiagnosticReport.effective[x].extension:QuelleKlinischesBezugsdatum,
de.medizininformatikinitiative.kerndatensatz.laborbefund,laborbefund,https://www.medizininformatik-initiative.de/fhir/core/modul-labor/StructureDefinition/DiagnosticReportLab,DiagnosticReportLab,DiagnosticReport,2025.0.0,2025.0.1,identical,0,0,0,0,0,False,,
de.medizininformatikinitiative.kerndatensatz.laborbefund,laborbefund,https://www.medizininformatik-initiative.de/fhir/core/modul-labor/StructureDefinition/DiagnosticReportLab,DiagnosticReportLab,DiagnosticReport,2025.0.1,2025.0.2,identical,0,0,0,0,0,False,,
de.medizininformatikinitiative.kerndatensatz.laborbefund,laborbefund,https://www.medizininformatik-initiative.de/fhir/core/modul-labor/StructureDefinition/DiagnosticReportLab,DiagnosticReportLab,DiagnosticReport,2025.0.2,2026.0.0,mixed,15,3,2,1,0,True,DiagnosticReport.basedOn.identifier|DiagnosticReport.basedOn.reference|DiagnosticReport.category:lab-category|DiagnosticReport.category:lab-category.coding|DiagnosticReport.category:lab-category.coding.code|DiagnosticReport.category:lab-category.coding.display|DiagnosticReport.category:lab-category.coding.system|DiagnosticReport.code.coding.code|DiagnosticReport.code.coding.display|DiagnosticReport.code.coding.system|DiagnosticReport.encounter.identifier|DiagnosticReport.encounter.reference|DiagnosticReport.result.reference|DiagnosticReport.subject.identifier|DiagnosticReport.subject.reference,DiagnosticReport.category.coding|DiagnosticReport.category.coding:diagnostic-service-sections|DiagnosticReport.category.coding:loinc-lab
de.medizininformatikinitiative.kerndatensatz.laborbefund,laborbefund,https://www.medizininformatik-initiative.de/fhir/core/modul-labor/StructureDefinition/DiagnosticReportLab,DiagnosticReportLab,DiagnosticReport,2026.0.0,2026.0.1,identical,0,0,0,0,0,False,,
de.medizininformatikinitiative.kerndatensatz.laborbefund,laborbefund,https://www.medizininformatik-initiative.de/fhir/core/modul-labor/StructureDefinition/DiagnosticReportLab,DiagnosticReportLab,DiagnosticReport,2026.0.1,2026.0.2,elements-added,1,0,0,0,0,False,DiagnosticReport.effective[x].extension,
de.medizininformatikinitiative.kerndatensatz.laborbefund,laborbefund,https://www.medizininformatik-initiative.de/fhir/core/modul-labor/StructureDefinition/DiagnosticReportLab,DiagnosticReportLab,DiagnosticReport,2026.0.2,2026.0.3,identical,0,0,0,0,0,False,,
de.medizininformatikinitiative.kerndatensatz.laborbefund,laborbefund,https://www.medizininformatik-initiative.de/fhir/core/modul-labor/StructureDefinition/DiagnosticReportLab,DiagnosticReportLab,DiagnosticReport,2026.0.3,2027.0.0-ballot,mixed,1,5,0,0,0,True,DiagnosticReport.category:v2-lab,DiagnosticReport.category:lab-category|DiagnosticReport.category:lab-category.coding|DiagnosticReport.category:lab-category.coding.code|DiagnosticReport.category:lab-category.coding.display|DiagnosticReport.category:lab-category.coding.system
de.medizininformatikinitiative.kerndatensatz.laborbefund,laborbefund,https://www.medizininformatik-initiative.de/fhir/core/modul-labor/StructureDefinition/ObservationLab,ObservationLab,Observation,0.9.9,0.9.10,identical,0,0,0,0,0,False,,
de.medizininformatikinitiative.kerndatensatz.laborbefund,laborbefund,https://www.medizininformatik-initiative.de/fhir/core/modul-labor/StructureDefinition/ObservationLab,ObservationLab,Observation,0.9.10,1.0.0,identical,0,0,0,0,0,False,,
de.medizininformatikinitiative.kerndatensatz.laborbefund,laborbefund,https://www.medizininformatik-initiative.de/fhir/core/modul-labor/StructureDefinition/ObservationLab,ObservationLab,Observation,1.0.0,1.0.1,canonical-only,0,0,0,0,0,False,,
de.medizininformatikinitiative.kerndatensatz.laborbefund,laborbefund,https://www.medizininformatik-initiative.de/fhir/core/modul-labor/StructureDefinition/ObservationLab,ObservationLab,Observation,1.0.1,1.0.2,canonical-only,0,0,0,0,0,False,,
de.medizininformatikinitiative.kerndatensatz.laborbefund,laborbefund,https://www.medizininformatik-initiative.de/fhir/core/modul-labor/StructureDefinition/ObservationLab,ObservationLab,Observation,1.0.2,1.0.3,mixed,2,0,1,0,0,False,Observation.effective[x].extension|Observation.effective[x].extension:QuelleKlinischesBezugsdatum,
de.medizininformatikinitiative.kerndatensatz.laborbefund,laborbefund,https://www.medizininformatik-initiative.de/fhir/core/modul-labor/StructureDefinition/ObservationLab,ObservationLab,Observation,1.0.3,1.0.4,mixed,1,4,1,0,0,True,Observation.meta,Observation.category.coding:loinc-observation.code|Observation.category.coding:loinc-observation.system|Observation.category.coding:observation-category.code|Observation.category.coding:observation-category.system
de.medizininformatikinitiative.kerndatensatz.laborbefund,laborbefund,https://www.medizininformatik-initiative.de/fhir/core/modul-labor/StructureDefinition/ObservationLab,ObservationLab,Observation,1.0.4,1.0.5,identical,0,0,0,0,0,False,,
de.medizininformatikinitiative.kerndatensatz.laborbefund,laborbefund,https://www.medizininformatik-initiative.de/fhir/core/modul-labor/StructureDefinition/ObservationLab,ObservationLab,Observation,1.0.5,1.0.6,mixed,2,0,1,0,0,False,Observation|Observation.dataAbsentReason,
de.medizininformatikinitiative.kerndatensatz.laborbefund,laborbefund,https://www.medizininformatik-initiative.de/fhir/core/modul-labor/StructureDefinition/ObservationLab,ObservationLab,Observation,1.0.6,2025.0.0,mixed,4,1,7,0,0,True,Observation.value[x]:valueQuantity.extension:pqTranslation|Observation.value[x]:valueQuantity.value.extension:quantityPrecision|Observation.value[x]:valueRange|Observation.value[x]:valueRatio,Observation.effective[x].extension
de.medizininformatikinitiative.kerndatensatz.laborbefund,laborbefund,https://www.medizininformatik-initiative.de/fhir/core/modul-labor/StructureDefinition/ObservationLab,ObservationLab,Observation,2025.0.0,2025.0.1,canonical-only,0,0,0,0,0,False,,
de.medizininformatikinitiative.kerndatensatz.laborbefund,laborbefund,https://www.medizininformatik-initiative.de/fhir/core/modul-labor/StructureDefinition/ObservationLab,ObservationLab,Observation,2025.0.1,2025.0.2,identical,0,0,0,0,0,False,,
de.medizininformatikinitiative.kerndatensatz.laborbefund,laborbefund,https://www.medizininformatik-initiative.de/fhir/core/modul-labor/StructureDefinition/ObservationLab,ObservationLab,Observation,2025.0.2,2026.0.0,elements-added,22,0,0,0,0,False,Observation.category.coding.code|Observation.category.coding.display|Observation.category.coding.system|Observation.code.coding|Observation.code.coding.code|Observation.code.coding.display|Observation.code.coding.system|Observation.device.identifier|Observation.device.reference|Observation.encounter.identifier|Observation.encounter.reference|Observation.method.coding|Observation.method.coding.code|Observation.method.coding.display|Observation.method.coding.system|Observation.modifierExtension|Observation.modifierExtension:interpretationsbeeinflussendeEigenschaft|Observation.referenceRange.high|Observation.referenceRange.low|Observation.subject.identifier|Observation.subject.reference|Observation.value[x]:valueQuantity.comparator,
de.medizininformatikinitiative.kerndatensatz.laborbefund,laborbefund,https://www.medizininformatik-initiative.de/fhir/core/modul-labor/StructureDefinition/ObservationLab,ObservationLab,Observation,2026.0.0,2026.0.1,identical,0,0,0,0,0,False,,
de.medizininformatikinitiative.kerndatensatz.laborbefund,laborbefund,https://www.medizininformatik-initiative.de/fhir/core/modul-labor/StructureDefinition/ObservationLab,ObservationLab,Observation,2026.0.1,2026.0.2,elements-added,2,0,0,0,0,False,Observation.effective[x].extension|Observation.value[x]:valueQuantity.value.extension,
de.medizininformatikinitiative.kerndatensatz.laborbefund,laborbefund,https://www.medizininformatik-initiative.de/fhir/core/modul-labor/StructureDefinition/ObservationLab,ObservationLab,Observation,2026.0.2,2026.0.3,identical,0,0,0,0,0,False,,
de.medizininformatikinitiative.kerndatensatz.laborbefund,laborbefund,https://www.medizininformatik-initiative.de/fhir/core/modul-labor/StructureDefinition/ObservationLab,ObservationLab,Observation,2026.0.3,2027.0.0-ballot,mixed,5,2,4,0,0,True,Observation.basedOn|Observation.category:observation-category|Observation.code.coding.version|Observation.code.coding:loinc|Observation.value[x]:valueCodeableConcept.coding.version,Observation.category.coding:loinc-observation|Observation.category.coding:observation-category
de.medizininformatikinitiative.kerndatensatz.laborbefund,laborbefund,https://www.medizininformatik-initiative.de/fhir/core/modul-labor/StructureDefinition/ServiceRequestLab,ServiceRequestLab,ServiceRequest,0.9.9,0.9.10,identical,0,0,0,0,0,False,,
de.medizininformatikinitiative.kerndatensatz.laborbefund,laborbefund,https://www.medizininformatik-initiative.de/fhir/core/modul-labor/StructureDefinition/ServiceRequestLab,ServiceRequestLab,ServiceRequest,0.9.10,1.0.0,identical,0,0,0,0,0,False,,
de.medizininformatikinitiative.kerndatensatz.laborbefund,laborbefund,https://www.medizininformatik-initiative.de/fhir/core/modul-labor/StructureDefinition/ServiceRequestLab,ServiceRequestLab,ServiceRequest,1.0.0,1.0.1,identical,0,0,0,0,0,False,,
de.medizininformatikinitiative.kerndatensatz.laborbefund,laborbefund,https://www.medizininformatik-initiative.de/fhir/core/modul-labor/StructureDefinition/ServiceRequestLab,ServiceRequestLab,ServiceRequest,1.0.1,1.0.2,identical,0,0,0,0,0,False,,
de.medizininformatikinitiative.kerndatensatz.laborbefund,laborbefund,https://www.medizininformatik-initiative.de/fhir/core/modul-labor/StructureDefinition/ServiceRequestLab,ServiceRequestLab,ServiceRequest,1.0.2,1.0.3,modified,0,0,1,0,0,True,,
de.medizininformatikinitiative.kerndatensatz.laborbefund,laborbefund,https://www.medizininformatik-initiative.de/fhir/core/modul-labor/StructureDefinition/ServiceRequestLab,ServiceRequestLab,ServiceRequest,1.0.3,1.0.4,mixed,1,2,1,0,0,True,ServiceRequest.meta,ServiceRequest.category.coding:laboratory.code|ServiceRequest.category.coding:laboratory.system
de.medizininformatikinitiative.kerndatensatz.laborbefund,laborbefund,https://www.medizininformatik-initiative.de/fhir/core/modul-labor/StructureDefinition/ServiceRequestLab,ServiceRequestLab,ServiceRequest,1.0.4,1.0.5,identical,0,0,0,0,0,False,,
de.medizininformatikinitiative.kerndatensatz.laborbefund,laborbefund,https://www.medizininformatik-initiative.de/fhir/core/modul-labor/StructureDefinition/ServiceRequestLab,ServiceRequestLab,ServiceRequest,1.0.5,1.0.6,identical,0,0,0,0,0,False,,
de.medizininformatikinitiative.kerndatensatz.laborbefund,laborbefund,https://www.medizininformatik-initiative.de/fhir/core/modul-labor/StructureDefinition/ServiceRequestLab,ServiceRequestLab,ServiceRequest,1.0.6,2025.0.0,modified,0,0,2,0,0,True,,
de.medizininformatikinitiative.kerndatensatz.laborbefund,laborbefund,https://www.medizininformatik-initiative.de/fhir/core/modul-labor/StructureDefinition/ServiceRequestLab,ServiceRequestLab,ServiceRequest,2025.0.0,2025.0.1,identical,0,0,0,0,0,False,,
de.medizininformatikinitiative.kerndatensatz.laborbefund,laborbefund,https://www.medizininformatik-initiative.de/fhir/core/modul-labor/StructureDefinition/ServiceRequestLab,ServiceRequestLab,ServiceRequest,2025.0.1,2025.0.2,identical,0,0,0,0,0,False,,
de.medizininformatikinitiative.kerndatensatz.laborbefund,laborbefund,https://www.medizininformatik-initiative.de/fhir/core/modul-labor/StructureDefinition/ServiceRequestLab,ServiceRequestLab,ServiceRequest,2025.0.2,2026.0.0,elements-added,11,0,0,0,0,False,ServiceRequest.category.coding.code|ServiceRequest.category.coding.display|ServiceRequest.category.coding.system|ServiceRequest.code.coding|ServiceRequest.code.coding.code|ServiceRequest.code.coding.display|ServiceRequest.code.coding.system|ServiceRequest.encounter.identifier|ServiceRequest.encounter.reference|ServiceRequest.subject.identifier|ServiceRequest.subject.reference,
de.medizininformatikinitiative.kerndatensatz.laborbefund,laborbefund,https://www.medizininformatik-initiative.de/fhir/core/modul-labor/StructureDefinition/ServiceRequestLab,ServiceRequestLab,ServiceRequest,2026.0.0,2026.0.1,identical,0,0,0,0,0,False,,
de.medizininformatikinitiative.kerndatensatz.laborbefund,laborbefund,https://www.medizininformatik-initiative.de/fhir/core/modul-labor/StructureDefinition/ServiceRequestLab,ServiceRequestLab,ServiceRequest,2026.0.1,2026.0.2,identical,0,0,0,0,0,False,,
de.medizininformatikinitiative.kerndatensatz.laborbefund,laborbefund,https://www.medizininformatik-initiative.de/fhir/core/modul-labor/StructureDefinition/ServiceRequestLab,ServiceRequestLab,ServiceRequest,2026.0.2,2026.0.3,identical,0,0,0,0,0,False,,
de.medizininformatikinitiative.kerndatensatz.laborbefund,laborbefund,https://www.medizininformatik-initiative.de/fhir/core/modul-labor/StructureDefinition/ServiceRequestLab,ServiceRequestLab,ServiceRequest,2026.0.3,2027.0.0-ballot,elements-added,1,0,0,0,0,False,ServiceRequest.code.coding.version,
de.medizininformatikinitiative.kerndatensatz.medikation,medikation,https://www.medizininformatik-initiative.de/fhir/core/StructureDefinition/Medication,Medication,Medication,0.9.0,1.0.0,mixed,16,13,7,6,0,True,Medication.code.coding:atcClassDe|Medication.code.coding:atcClassDe.code|Medication.code.coding:atcClassDe.system|Medication.code.coding:atcClassEn|Medication.code.coding:atcClassEn.code|Medication.code.coding:atcClassEn.system|Medication.form.coding:EDQM|Medication.form.coding:EDQM.code|Medication.form.coding:EDQM.system|Medication.ingredient.extension|Medication.ingredient.extension:Wirkstoffrelation|Medication.ingredient.extension:Wirkstofftyp|Medication.ingredient.strength|Medication.ingredient.strength.denominator|Medication.ingredient.strength.numerator|Medication.meta,Medication.code.coding:atcClass|Medication.code.coding:atcClass.code|Medication.code.coding:atcClass.system|Medication.form.coding.code|Medication.form.coding.system|Medication.ingredient.item[x]:itemCodeableConcept.coding:ASK.extension|Medication.ingredient.item[x]:itemCodeableConcept.coding:ASK.extension:Wirkstofftyp|Medication.ingredient.item[x]:itemCodeableConcept.coding:CAS.extension|Medication.ingredient.item[x]:itemCodeableConcept.coding:CAS.extension:Wirkstofftyp|Medication.ingredient.item[x]:itemCodeableConcept.coding:SNOMED.extension|Medication.ingredient.item[x]:itemCodeableConcept.coding:SNOMED.extension:Wirkstofftyp|Medication.ingredient.item[x]:itemCodeableConcept.coding:UNII.extension|Medication.ingredient.item[x]:itemCodeableConcept.coding:UNII.extension:Wirkstofftyp
de.medizininformatikinitiative.kerndatensatz.medikation,medikation,https://www.medizininformatik-initiative.de/fhir/core/StructureDefinition/Medication,Medication,Medication,1.0.0,1.0.1,canonical-only,0,0,0,0,0,False,,
de.medizininformatikinitiative.kerndatensatz.medikation,medikation,https://www.medizininformatik-initiative.de/fhir/core/StructureDefinition/MedicationAdministration,MedicationAdministration,MedicationAdministration,0.9.0,1.0.0,mixed,14,9,3,2,0,True,MedicationAdministration.dosage.dose|MedicationAdministration.dosage.rate[x]|MedicationAdministration.dosage.route.coding:EDQM|MedicationAdministration.dosage.route.coding:EDQM.code|MedicationAdministration.dosage.route.coding:EDQM.system|MedicationAdministration.dosage.route.coding:SNOMED|MedicationAdministration.dosage.route.coding:SNOMED.code|MedicationAdministration.dosage.route.coding:SNOMED.system|MedicationAdministration.dosage.site.coding:SNOMED|MedicationAdministration.dosage.site.coding:SNOMED.code|MedicationAdministration.dosage.site.coding:SNOMED.system|MedicationAdministration.meta|MedicationAdministration.partOf|MedicationAdministration.reasonReference,MedicationAdministration.dosage.route.coding.code|MedicationAdministration.dosage.route.coding.system|MedicationAdministration.dosage.site.coding:codingEDQM|MedicationAdministration.dosage.site.coding:codingEDQM.code|MedicationAdministration.dosage.site.coding:codingEDQM.system|MedicationAdministration.dosage.site.coding:codingSNOMED|MedicationAdministration.dosage.site.coding:codingSNOMED.code|MedicationAdministration.dosage.site.coding:codingSNOMED.system|MedicationAdministration.subject.reference
de.medizininformatikinitiative.kerndatensatz.medikation,medikation,https://www.medizininformatik-initiative.de/fhir/core/StructureDefinition/MedicationAdministration,MedicationAdministration,MedicationAdministration,1.0.0,1.0.1,canonical-only,0,0,0,0,0,False,,
de.medizininformatikinitiative.kerndatensatz.medikation,medikation,https://www.medizininformatik-initiative.de/fhir/core/StructureDefinition/MedicationStatement,MedicationStatement,MedicationStatement,0.9.0,1.0.0,mixed,14,18,4,1,1,True,MedicationStatement.dosage.doseAndRate|MedicationStatement.dosage.doseAndRate.dose[x]|MedicationStatement.dosage.doseAndRate.rate[x]|MedicationStatement.dosage.route.coding:EDQM|MedicationStatement.dosage.route.coding:EDQM.code|MedicationStatement.dosage.route.coding:EDQM.system|MedicationStatement.dosage.route.coding:SNOMED|MedicationStatement.dosage.route.coding:SNOMED.code|MedicationStatement.dosage.route.coding:SNOMED.system|MedicationStatement.dosage.site.coding:SNOMED|MedicationStatement.dosage.site.coding:SNOMED.code|MedicationStatement.dosage.site.coding:SNOMED.system|MedicationStatement.meta|MedicationStatement.partOf,MedicationStatement.dosage.method.coding|MedicationStatement.dosage.method.coding:codingEDQM|MedicationStatement.dosage.method.coding:codingEDQM.code|MedicationStatement.dosage.method.coding:codingEDQM.system|MedicationStatement.dosage.method.coding:codingSNOMED|MedicationStatement.dosage.method.coding:codingSNOMED.code|MedicationStatement.dosage.method.coding:codingSNOMED.system|MedicationStatement.dosage.route.coding.code|MedicationStatement.dosage.route.coding.system|MedicationStatement.dosage.site.coding:codingEDQM|MedicationStatement.dosage.site.coding:codingEDQM.code|MedicationStatement.dosage.site.coding:codingEDQM.system|MedicationStatement.dosage.site.coding:codingSNOMED|MedicationStatement.dosage.site.coding:codingSNOMED.code|MedicationStatement.dosage.site.coding:codingSNOMED.system|MedicationStatement.informationSource|MedicationStatement.reasonCode|MedicationStatement.subject.reference
de.medizininformatikinitiative.kerndatensatz.medikation,medikation,https://www.medizininformatik-initiative.de/fhir/core/StructureDefinition/MedicationStatement,MedicationStatement,MedicationStatement,1.0.0,1.0.1,canonical-only,0,0,0,0,0,False,,
de.medizininformatikinitiative.kerndatensatz.medikation,medikation,https://www.medizininformatik-initiative.de/fhir/core/modul-medikation/StructureDefinition/Medication,Medication,Medication,1.0.2,1.0.3,identical,0,0,0,0,0,False,,
de.medizininformatikinitiative.kerndatensatz.medikation,medikation,https://www.medizininformatik-initiative.de/fhir/core/modul-medikation/StructureDefinition/Medication,Medication,Medication,1.0.3,1.0.4,identical,0,0,0,0,0,False,,
de.medizininformatikinitiative.kerndatensatz.medikation,medikation,https://www.medizininformatik-initiative.de/fhir/core/modul-medikation/StructureDefinition/Medication,Medication,Medication,1.0.4,1.0.5,identical,0,0,0,0,0,False,,
de.medizininformatikinitiative.kerndatensatz.medikation,medikation,https://www.medizininformatik-initiative.de/fhir/core/modul-medikation/StructureDefinition/Medication,Medication,Medication,1.0.5,1.0.6,identical,0,0,0,0,0,False,,
de.medizininformatikinitiative.kerndatensatz.medikation,medikation,https://www.medizininformatik-initiative.de/fhir/core/modul-medikation/StructureDefinition/Medication,Medication,Medication,1.0.6,1.0.7,canonical-only,0,0,0,0,0,False,,
de.medizininformatikinitiative.kerndatensatz.medikation,medikation,https://www.medizininformatik-initiative.de/fhir/core/modul-medikation/StructureDefinition/Medication,Medication,Medication,1.0.7,1.0.8,identical,0,0,0,0,0,False,,
de.medizininformatikinitiative.kerndatensatz.medikation,medikation,https://www.medizininformatik-initiative.de/fhir/core/modul-medikation/StructureDefinition/Medication,Medication,Medication,1.0.8,1.0.9,modified,0,0,2,0,0,False,,
de.medizininformatikinitiative.kerndatensatz.medikation,medikation,https://www.medizininformatik-initiative.de/fhir/core/modul-medikation/StructureDefinition/Medication,Medication,Medication,1.0.9,1.0.10,canonical-only,0,0,0,0,0,False,,
de.medizininformatikinitiative.kerndatensatz.medikation,medikation,https://www.medizininformatik-initiative.de/fhir/core/modul-medikation/StructureDefinition/Medication,Medication,Medication,1.0.10,1.0.11,mixed,15,16,6,0,0,True,Medication.ingredient.itemCodeableConcept|Medication.ingredient.itemCodeableConcept.coding|Medication.ingredient.itemCodeableConcept.coding:ASK|Medication.ingredient.itemCodeableConcept.coding:ASK.code|Medication.ingredient.itemCodeableConcept.coding:ASK.system|Medication.ingredient.itemCodeableConcept.coding:CAS|Medication.ingredient.itemCodeableConcept.coding:CAS.code|Medication.ingredient.itemCodeableConcept.coding:CAS.system|Medication.ingredient.itemCodeableConcept.coding:SNOMED|Medication.ingredient.itemCodeableConcept.coding:SNOMED.code|Medication.ingredient.itemCodeableConcept.coding:SNOMED.system|Medication.ingredient.itemCodeableConcept.coding:UNII|Medication.ingredient.itemCodeableConcept.coding:UNII.code|Medication.ingredient.itemCodeableConcept.coding:UNII.system|Medication.ingredient.itemCodeableConcept.text,Medication.ingredient.item[x]|Medication.ingredient.item[x]:itemCodeableConcept|Medication.ingredient.item[x]:itemCodeableConcept.coding|Medication.ingredient.item[x]:itemCodeableConcept.coding:ASK|Medication.ingredient.item[x]:itemCodeableConcept.coding:ASK.code|Medication.ingredient.item[x]:itemCodeableConcept.coding:ASK.system|Medication.ingredient.item[x]:itemCodeableConcept.coding:CAS|Medication.ingredient.item[x]:itemCodeableConcept.coding:CAS.code|Medication.ingredient.item[x]:itemCodeableConcept.coding:CAS.system|Medication.ingredient.item[x]:itemCodeableConcept.coding:SNOMED|Medication.ingredient.item[x]:itemCodeableConcept.coding:SNOMED.code|Medication.ingredient.item[x]:itemCodeableConcept.coding:SNOMED.system|Medication.ingredient.item[x]:itemCodeableConcept.coding:UNII|Medication.ingredient.item[x]:itemCodeableConcept.coding:UNII.code|Medication.ingredient.item[x]:itemCodeableConcept.coding:UNII.system|Medication.ingredient.item[x]:itemCodeableConcept.text
de.medizininformatikinitiative.kerndatensatz.medikation,medikation,https://www.medizininformatik-initiative.de/fhir/core/modul-medikation/StructureDefinition/Medication,Medication,Medication,1.0.11,2.0.0,mixed,17,15,2,1,0,True,Medication.ingredient.item[x]|Medication.ingredient.item[x]:itemCodeableConcept|Medication.ingredient.item[x]:itemCodeableConcept.coding|Medication.ingredient.item[x]:itemCodeableConcept.coding:ASK|Medication.ingredient.item[x]:itemCodeableConcept.coding:ASK.code|Medication.ingredient.item[x]:itemCodeableConcept.coding:ASK.system|Medication.ingredient.item[x]:itemCodeableConcept.coding:CAS|Medication.ingredient.item[x]:itemCodeableConcept.coding:CAS.code|Medication.ingredient.item[x]:itemCodeableConcept.coding:CAS.system|Medication.ingredient.item[x]:itemCodeableConcept.coding:SNOMED|Medication.ingredient.item[x]:itemCodeableConcept.coding:SNOMED.code|Medication.ingredient.item[x]:itemCodeableConcept.coding:SNOMED.system|Medication.ingredient.item[x]:itemCodeableConcept.coding:UNII|Medication.ingredient.item[x]:itemCodeableConcept.coding:UNII.code|Medication.ingredient.item[x]:itemCodeableConcept.coding:UNII.system|Medication.ingredient.item[x]:itemCodeableConcept.text|Medication.ingredient.item[x]:itemReference,Medication.ingredient.itemCodeableConcept|Medication.ingredient.itemCodeableConcept.coding|Medication.ingredient.itemCodeableConcept.coding:ASK|Medication.ingredient.itemCodeableConcept.coding:ASK.code|Medication.ingredient.itemCodeableConcept.coding:ASK.system|Medication.ingredient.itemCodeableConcept.coding:CAS|Medication.ingredient.itemCodeableConcept.coding:CAS.code|Medication.ingredient.itemCodeableConcept.coding:CAS.system|Medication.ingredient.itemCodeableConcept.coding:SNOMED|Medication.ingredient.itemCodeableConcept.coding:SNOMED.code|Medication.ingredient.itemCodeableConcept.coding:SNOMED.system|Medication.ingredient.itemCodeableConcept.coding:UNII|Medication.ingredient.itemCodeableConcept.coding:UNII.code|Medication.ingredient.itemCodeableConcept.coding:UNII.system|Medication.ingredient.itemCodeableConcept.text
de.medizininformatikinitiative.kerndatensatz.medikation,medikation,https://www.medizininformatik-initiative.de/fhir/core/modul-medikation/StructureDefinition/Medication,Medication,Medication,2.0.0,2025.0.0,mixed,2,0,2,0,0,True,Medication.code.coding:atcClassDe.version|Medication.code.coding:atcClassEn.version,
de.medizininformatikinitiative.kerndatensatz.medikation,medikation,https://www.medizininformatik-initiative.de/fhir/core/modul-medikation/StructureDefinition/Medication,Medication,Medication,2025.0.0,2025.0.1,modified,0,0,2,0,0,True,,
de.medizininformatikinitiative.kerndatensatz.medikation,medikation,https://www.medizininformatik-initiative.de/fhir/core/modul-medikation/StructureDefinition/Medication,Medication,Medication,2025.0.1,2026.0.0,identical,0,0,0,0,0,False,,
de.medizininformatikinitiative.kerndatensatz.medikation,medikation,https://www.medizininformatik-initiative.de/fhir/core/modul-medikation/StructureDefinition/Medication,Medication,Medication,2026.0.0,2026.0.1,identical,0,0,0,0,0,False,,
de.medizininformatikinitiative.kerndatensatz.medikation,medikation,https://www.medizininformatik-initiative.de/fhir/core/modul-medikation/StructureDefinition/Medication,Medication,Medication,2026.0.1,2027.0.0-ballot,canonical-only,0,0,0,0,0,False,,
de.medizininformatikinitiative.kerndatensatz.medikation,medikation,https://www.medizininformatik-initiative.de/fhir/core/modul-medikation/StructureDefinition/MedicationAdministration,MedicationAdministration,MedicationAdministration,1.0.2,1.0.3,identical,0,0,0,0,0,False,,
de.medizininformatikinitiative.kerndatensatz.medikation,medikation,https://www.medizininformatik-initiative.de/fhir/core/modul-medikation/StructureDefinition/MedicationAdministration,MedicationAdministration,MedicationAdministration,1.0.3,1.0.4,modified,0,0,1,0,0,False,,
de.medizininformatikinitiative.kerndatensatz.medikation,medikation,https://www.medizininformatik-initiative.de/fhir/core/modul-medikation/StructureDefinition/MedicationAdministration,MedicationAdministration,MedicationAdministration,1.0.4,1.0.5,identical,0,0,0,0,0,False,,
de.medizininformatikinitiative.kerndatensatz.medikation,medikation,https://www.medizininformatik-initiative.de/fhir/core/modul-medikation/StructureDefinition/MedicationAdministration,MedicationAdministration,MedicationAdministration,1.0.5,1.0.6,modified,0,0,1,0,0,True,,
de.medizininformatikinitiative.kerndatensatz.medikation,medikation,https://www.medizininformatik-initiative.de/fhir/core/modul-medikation/StructureDefinition/MedicationAdministration,MedicationAdministration,MedicationAdministration,1.0.6,1.0.7,canonical-only,0,0,0,0,0,False,,
de.medizininformatikinitiative.kerndatensatz.medikation,medikation,https://www.medizininformatik-initiative.de/fhir/core/modul-medikation/StructureDefinition/MedicationAdministration,MedicationAdministration,MedicationAdministration,1.0.7,1.0.8,identical,0,0,0,0,0,False,,
de.medizininformatikinitiative.kerndatensatz.medikation,medikation,https://www.medizininformatik-initiative.de/fhir/core/modul-medikation/StructureDefinition/MedicationAdministration,MedicationAdministration,MedicationAdministration,1.0.8,1.0.9,identical,0,0,0,0,0,False,,
de.medizininformatikinitiative.kerndatensatz.medikation,medikation,https://www.medizininformatik-initiative.de/fhir/core/modul-medikation/StructureDefinition/MedicationAdministration,MedicationAdministration,MedicationAdministration,1.0.9,1.0.10,identical,0,0,0,0,0,False,,
de.medizininformatikinitiative.kerndatensatz.medikation,medikation,https://www.medizininformatik-initiative.de/fhir/core/modul-medikation/StructureDefinition/MedicationAdministration,MedicationAdministration,MedicationAdministration,1.0.10,1.0.11,modified,0,0,3,0,0,False,,
de.medizininformatikinitiative.kerndatensatz.medikation,medikation,https://www.medizininformatik-initiative.de/fhir/core/modul-medikation/StructureDefinition/MedicationAdministration,MedicationAdministration,MedicationAdministration,1.0.11,2.0.0,elements-added,42,0,0,0,0,False,MedicationAdministration.category|MedicationAdministration.dosage.dose.code|MedicationAdministration.dosage.dose.system|MedicationAdministration.dosage.dose.unit|MedicationAdministration.dosage.dose.value|MedicationAdministration.dosage.rate[x]:rateQuantity|MedicationAdministration.dosage.rate[x]:rateQuantity.code|MedicationAdministration.dosage.rate[x]:rateQuantity.system|MedicationAdministration.dosage.rate[x]:rateQuantity.unit|MedicationAdministration.dosage.rate[x]:rateQuantity.value|MedicationAdministration.dosage.rate[x]:rateRatio|MedicationAdministration.dosage.rate[x]:rateRatio.denominator|MedicationAdministration.dosage.rate[x]:rateRatio.denominator.code|MedicationAdministration.dosage.rate[x]:rateRatio.denominator.system|MedicationAdministration.dosage.rate[x]:rateRatio.denominator.unit|MedicationAdministration.dosage.rate[x]:rateRatio.denominator.value|MedicationAdministration.dosage.rate[x]:rateRatio.numerator|MedicationAdministration.dosage.rate[x]:rateRatio.numerator.code|MedicationAdministration.dosage.rate[x]:rateRatio.numerator.system|MedicationAdministration.dosage.rate[x]:rateRatio.numerator.unit|MedicationAdministration.dosage.rate[x]:rateRatio.numerator.value|MedicationAdministration.dosage.text|MedicationAdministration.effective[x]:effectiveDateTime|MedicationAdministration.effective[x]:effectivePeriod|MedicationAdministration.identifier|MedicationAdministration.medication[x]:medicationCodeableConcept|MedicationAdministration.medication[x]:medicationCodeableConcept.coding|MedicationAdministration.medication[x]:medicationCodeableConcept.coding:Pharmazentralnummer|MedicationAdministration.medication[x]:medicationCodeableConcept.coding:Pharmazentralnummer.code|MedicationAdministration.medication[x]:medicationCodeableConcept.coding:Pharmazentralnummer.system|MedicationAdministration.medication[x]:medicationCodeableConcept.coding:atcClassDe|MedicationAdministration.medication[x]:medicationCodeableConcept.coding:atcClassDe.code|MedicationAdministration.medication[x]:medicationCodeableConcept.coding:atcClassDe.system|MedicationAdministration.medication[x]:medicationCodeableConcept.coding:atcClassEn|MedicationAdministration.medication[x]:medicationCodeableConcept.coding:atcClassEn.code|MedicationAdministration.medication[x]:medicationCodeableConcept.coding:atcClassEn.system|MedicationAdministration.medication[x]:medicationCodeableConcept.text|MedicationAdministration.medication[x]:medicationReference|MedicationAdministration.note|MedicationAdministration.performer|MedicationAdministration.reasonCode|MedicationAdministration.request,
de.medizininformatikinitiative.kerndatensatz.medikation,medikation,https://www.medizininformatik-initiative.de/fhir/core/modul-medikation/StructureDefinition/MedicationAdministration,MedicationAdministration,MedicationAdministration,2.0.0,2025.0.0,modified,0,0,3,0,0,True,,
de.medizininformatikinitiative.kerndatensatz.medikation,medikation,https://www.medizininformatik-initiative.de/fhir/core/modul-medikation/StructureDefinition/MedicationAdministration,MedicationAdministration,MedicationAdministration,2025.0.0,2025.0.1,mixed,3,0,1,0,0,False,MedicationAdministration.medication[x]:medicationCodeableConcept.coding:UNII|MedicationAdministration.medication[x]:medicationCodeableConcept.coding:UNII.code|MedicationAdministration.medication[x]:medicationCodeableConcept.coding:UNII.system,
de.medizininformatikinitiative.kerndatensatz.medikation,medikation,https://www.medizininformatik-initiative.de/fhir/core/modul-medikation/StructureDefinition/MedicationAdministration,MedicationAdministration,MedicationAdministration,2025.0.1,2026.0.0,canonical-only,0,0,0,0,0,False,,
de.medizininformatikinitiative.kerndatensatz.medikation,medikation,https://www.medizininformatik-initiative.de/fhir/core/modul-medikation/StructureDefinition/MedicationAdministration,MedicationAdministration,MedicationAdministration,2026.0.0,2026.0.1,identical,0,0,0,0,0,False,,
de.medizininformatikinitiative.kerndatensatz.medikation,medikation,https://www.medizininformatik-initiative.de/fhir/core/modul-medikation/StructureDefinition/MedicationAdministration,MedicationAdministration,MedicationAdministration,2026.0.1,2027.0.0-ballot,elements-added,1,0,0,0,0,False,MedicationAdministration,
de.medizininformatikinitiative.kerndatensatz.medikation,medikation,https://www.medizininformatik-initiative.de/fhir/core/modul-medikation/StructureDefinition/MedicationRequest,MII_PR_Medikation_MedicationRequest,MedicationRequest,2.0.0,2025.0.0,modified,0,0,4,0,2,True,,
de.medizininformatikinitiative.kerndatensatz.medikation,medikation,https://www.medizininformatik-initiative.de/fhir/core/modul-medikation/StructureDefinition/MedicationRequest,MII_PR_Medikation_MedicationRequest,MedicationRequest,2025.0.0,2025.0.1,mixed,3,0,1,0,0,False,MedicationRequest.medication[x]:medicationCodeableConcept.coding:UNII|MedicationRequest.medication[x]:medicationCodeableConcept.coding:UNII.code|MedicationRequest.medication[x]:medicationCodeableConcept.coding:UNII.system,
de.medizininformatikinitiative.kerndatensatz.medikation,medikation,https://www.medizininformatik-initiative.de/fhir/core/modul-medikation/StructureDefinition/MedicationRequest,MII_PR_Medikation_MedicationRequest,MedicationRequest,2025.0.1,2026.0.0,mixed,0,13,5,0,4,True,,MedicationRequest.dosageInstruction.doseAndRate|MedicationRequest.dosageInstruction.doseAndRate.dose[x]:doseQuantity|MedicationRequest.dosageInstruction.text|MedicationRequest.dosageInstruction.timing|MedicationRequest.dosageInstruction.timing.repeat|MedicationRequest.dosageInstruction.timing.repeat.bounds[x]|MedicationRequest.dosageInstruction.timing.repeat.bounds[x]:boundsDuration.unit|MedicationRequest.dosageInstruction.timing.repeat.dayOfWeek|MedicationRequest.dosageInstruction.timing.repeat.frequency|MedicationRequest.dosageInstruction.timing.repeat.period|MedicationRequest.dosageInstruction.timing.repeat.periodUnit|MedicationRequest.dosageInstruction.timing.repeat.timeOfDay|MedicationRequest.dosageInstruction.timing.repeat.when
de.medizininformatikinitiative.kerndatensatz.medikation,medikation,https://www.medizininformatik-initiative.de/fhir/core/modul-medikation/StructureDefinition/MedicationRequest,MII_PR_Medikation_MedicationRequest,MedicationRequest,2026.0.0,2026.0.1,identical,0,0,0,0,0,False,,
de.medizininformatikinitiative.kerndatensatz.medikation,medikation,https://www.medizininformatik-initiative.de/fhir/core/modul-medikation/StructureDefinition/MedicationRequest,MII_PR_Medikation_MedicationRequest,MedicationRequest,2026.0.1,2027.0.0-ballot,canonical-only,0,0,0,0,0,False,,
de.medizininformatikinitiative.kerndatensatz.medikation,medikation,https://www.medizininformatik-initiative.de/fhir/core/modul-medikation/StructureDefinition/MedicationStatement,MedicationStatement,MedicationStatement,1.0.2,1.0.3,identical,0,0,0,0,0,False,,
de.medizininformatikinitiative.kerndatensatz.medikation,medikation,https://www.medizininformatik-initiative.de/fhir/core/modul-medikation/StructureDefinition/MedicationStatement,MedicationStatement,MedicationStatement,1.0.3,1.0.4,modified,0,0,1,0,0,False,,
de.medizininformatikinitiative.kerndatensatz.medikation,medikation,https://www.medizininformatik-initiative.de/fhir/core/modul-medikation/StructureDefinition/MedicationStatement,MedicationStatement,MedicationStatement,1.0.4,1.0.5,identical,0,0,0,0,0,False,,
de.medizininformatikinitiative.kerndatensatz.medikation,medikation,https://www.medizininformatik-initiative.de/fhir/core/modul-medikation/StructureDefinition/MedicationStatement,MedicationStatement,MedicationStatement,1.0.5,1.0.6,modified,0,0,1,0,0,True,,
de.medizininformatikinitiative.kerndatensatz.medikation,medikation,https://www.medizininformatik-initiative.de/fhir/core/modul-medikation/StructureDefinition/MedicationStatement,MedicationStatement,MedicationStatement,1.0.6,1.0.7,canonical-only,0,0,0,0,0,False,,
de.medizininformatikinitiative.kerndatensatz.medikation,medikation,https://www.medizininformatik-initiative.de/fhir/core/modul-medikation/StructureDefinition/MedicationStatement,MedicationStatement,MedicationStatement,1.0.7,1.0.8,identical,0,0,0,0,0,False,,
de.medizininformatikinitiative.kerndatensatz.medikation,medikation,https://www.medizininformatik-initiative.de/fhir/core/modul-medikation/StructureDefinition/MedicationStatement,MedicationStatement,MedicationStatement,1.0.8,1.0.9,identical,0,0,0,0,0,False,,
de.medizininformatikinitiative.kerndatensatz.medikation,medikation,https://www.medizininformatik-initiative.de/fhir/core/modul-medikation/StructureDefinition/MedicationStatement,MedicationStatement,MedicationStatement,1.0.9,1.0.10,identical,0,0,0,0,0,False,,
de.medizininformatikinitiative.kerndatensatz.medikation,medikation,https://www.medizininformatik-initiative.de/fhir/core/modul-medikation/StructureDefinition/MedicationStatement,MedicationStatement,MedicationStatement,1.0.10,1.0.11,modified,0,0,3,0,0,False,,
de.medizininformatikinitiative.kerndatensatz.medikation,medikation,https://www.medizininformatik-initiative.de/fhir/core/modul-medikation/StructureDefinition/MedicationStatement,MedicationStatement,MedicationStatement,1.0.11,2.0.0,mixed,124,0,3,1,0,True,MedicationStatement.basedOn|MedicationStatement.category|MedicationStatement.category.coding|MedicationStatement.category.coding:contextCode|MedicationStatement.category.coding:usageCategory|MedicationStatement.dateAsserted|MedicationStatement.dosage.asNeeded[x]|MedicationStatement.dosage.asNeeded[x]:asNeededBoolean|MedicationStatement.dosage.asNeeded[x]:asNeededCodeableConcept|MedicationStatement.dosage.doseAndRate.dose[x]:doseQuantity|MedicationStatement.dosage.doseAndRate.dose[x]:doseQuantity.code|MedicationStatement.dosage.doseAndRate.dose[x]:doseQuantity.system|MedicationStatement.dosage.doseAndRate.dose[x]:doseQuantity.unit|MedicationStatement.dosage.doseAndRate.dose[x]:doseQuantity.value|MedicationStatement.dosage.doseAndRate.dose[x]:doseRange|MedicationStatement.dosage.doseAndRate.dose[x]:doseRange.high|MedicationStatement.dosage.doseAndRate.dose[x]:doseRange.high.code|MedicationStatement.dosage.doseAndRate.dose[x]:doseRange.high.system|MedicationStatement.dosage.doseAndRate.dose[x]:doseRange.high.unit|MedicationStatement.dosage.doseAndRate.dose[x]:doseRange.high.value|MedicationStatement.dosage.doseAndRate.dose[x]:doseRange.low|MedicationStatement.dosage.doseAndRate.dose[x]:doseRange.low.code|MedicationStatement.dosage.doseAndRate.dose[x]:doseRange.low.system|MedicationStatement.dosage.doseAndRate.dose[x]:doseRange.low.unit|MedicationStatement.dosage.doseAndRate.dose[x]:doseRange.low.value|MedicationStatement.dosage.doseAndRate.rate[x]:rateQuantity|MedicationStatement.dosage.doseAndRate.rate[x]:rateQuantity.code|MedicationStatement.dosage.doseAndRate.rate[x]:rateQuantity.system|MedicationStatement.dosage.doseAndRate.rate[x]:rateQuantity.unit|MedicationStatement.dosage.doseAndRate.rate[x]:rateQuantity.value|MedicationStatement.dosage.doseAndRate.rate[x]:rateRange|MedicationStatement.dosage.doseAndRate.rate[x]:rateRange.high|MedicationStatement.dosage.doseAndRate.rate[x]:rateRange.high.code|MedicationStatement.dosage.doseAndRate.rate[x]:rateRange.high.system|MedicationStatement.dosage.doseAndRate.rate[x]:rateRange.high.unit|MedicationStatement.dosage.doseAndRate.rate[x]:rateRange.high.value|MedicationStatement.dosage.doseAndRate.rate[x]:rateRange.low|MedicationStatement.dosage.doseAndRate.rate[x]:rateRange.low.code|MedicationStatement.dosage.doseAndRate.rate[x]:rateRange.low.system|MedicationStatement.dosage.doseAndRate.rate[x]:rateRange.low.unit|MedicationStatement.dosage.doseAndRate.rate[x]:rateRange.low.value|MedicationStatement.dosage.doseAndRate.rate[x]:rateRatio|MedicationStatement.dosage.doseAndRate.rate[x]:rateRatio.denominator|MedicationStatement.dosage.doseAndRate.rate[x]:rateRatio.denominator.code|MedicationStatement.dosage.doseAndRate.rate[x]:rateRatio.denominator.system|MedicationStatement.dosage.doseAndRate.rate[x]:rateRatio.denominator.unit|MedicationStatement.dosage.doseAndRate.rate[x]:rateRatio.denominator.value|MedicationStatement.dosage.doseAndRate.rate[x]:rateRatio.numerator|MedicationStatement.dosage.doseAndRate.rate[x]:rateRatio.numerator.code|MedicationStatement.dosage.doseAndRate.rate[x]:rateRatio.numerator.system|MedicationStatement.dosage.doseAndRate.rate[x]:rateRatio.numerator.unit|MedicationStatement.dosage.doseAndRate.rate[x]:rateRatio.numerator.value|MedicationStatement.dosage.maxDosePerAdministration|MedicationStatement.dosage.maxDosePerAdministration.code|MedicationStatement.dosage.maxDosePerAdministration.system|MedicationStatement.dosage.maxDosePerAdministration.unit|MedicationStatement.dosage.maxDosePerAdministration.value|MedicationStatement.dosage.maxDosePerPeriod|MedicationStatement.dosage.maxDosePerPeriod.denominator|MedicationStatement.dosage.maxDosePerPeriod.denominator.code|MedicationStatement.dosage.maxDosePerPeriod.denominator.system|MedicationStatement.dosage.maxDosePerPeriod.denominator.unit|MedicationStatement.dosage.maxDosePerPeriod.denominator.value|MedicationStatement.dosage.maxDosePerPeriod.numerator|MedicationStatement.dosage.maxDosePerPeriod.numerator.code|MedicationStatement.dosage.maxDosePerPeriod.numerator.system|MedicationStatement.dosage.maxDosePerPeriod.numerator.unit|MedicationStatement.dosage.maxDosePerPeriod.numerator.value|MedicationStatement.dosage.sequence|MedicationStatement.dosage.timing.event|MedicationStatement.dosage.timing.repeat|MedicationStatement.dosage.timing.repeat.bounds[x]|MedicationStatement.dosage.timing.repeat.bounds[x]:boundsDuration|MedicationStatement.dosage.timing.repeat.bounds[x]:boundsDuration.code|MedicationStatement.dosage.timing.repeat.bounds[x]:boundsDuration.system|MedicationStatement.dosage.timing.repeat.bounds[x]:boundsDuration.unit|MedicationStatement.dosage.timing.repeat.bounds[x]:boundsDuration.value|MedicationStatement.dosage.timing.repeat.bounds[x]:boundsPeriod|MedicationStatement.dosage.timing.repeat.bounds[x]:boundsPeriod.end|MedicationStatement.dosage.timing.repeat.bounds[x]:boundsPeriod.start|MedicationStatement.dosage.timing.repeat.bounds[x]:boundsRange|MedicationStatement.dosage.timing.repeat.bounds[x]:boundsRange.high|MedicationStatement.dosage.timing.repeat.bounds[x]:boundsRange.high.code|MedicationStatement.dosage.timing.repeat.bounds[x]:boundsRange.high.system|MedicationStatement.dosage.timing.repeat.bounds[x]:boundsRange.high.unit|MedicationStatement.dosage.timing.repeat.bounds[x]:boundsRange.high.value|MedicationStatement.dosage.timing.repeat.bounds[x]:boundsRange.low|MedicationStatement.dosage.timing.repeat.bounds[x]:boundsRange.low.code|MedicationStatement.dosage.timing.repeat.bounds[x]:boundsRange.low.system|MedicationStatement.dosage.timing.repeat.bounds[x]:boundsRange.low.unit|MedicationStatement.dosage.timing.repeat.bounds[x]:boundsRange.low.value|MedicationStatement.dosage.timing.repeat.count|MedicationStatement.dosage.timing.repeat.countMax|MedicationStatement.dosage.timing.repeat.dayOfWeek|MedicationStatement.dosage.timing.repeat.duration|MedicationStatement.dosage.timing.repeat.durationMax|MedicationStatement.dosage.timing.repeat.durationUnit|MedicationStatement.dosage.timing.repeat.frequency|MedicationStatement.dosage.timing.repeat.frequencyMax|MedicationStatement.dosage.timing.repeat.offset|MedicationStatement.dosage.timing.repeat.period|MedicationStatement.dosage.timing.repeat.periodMax|MedicationStatement.dosage.timing.repeat.periodUnit|MedicationStatement.dosage.timing.repeat.timeOfDay|MedicationStatement.dosage.timing.repeat.when|MedicationStatement.effective[x]:effectiveDateTime|MedicationStatement.effective[x]:effectivePeriod|MedicationStatement.identifier|MedicationStatement.informationSource|MedicationStatement.medication[x]:medicationCodeableConcept|MedicationStatement.medication[x]:medicationCodeableConcept.coding|MedicationStatement.medication[x]:medicationCodeableConcept.coding:Pharmazentralnummer|MedicationStatement.medication[x]:medicationCodeableConcept.coding:Pharmazentralnummer.code|MedicationStatement.medication[x]:medicationCodeableConcept.coding:Pharmazentralnummer.system|MedicationStatement.medication[x]:medicationCodeableConcept.coding:atcClassDe|MedicationStatement.medication[x]:medicationCodeableConcept.coding:atcClassDe.code|MedicationStatement.medication[x]:medicationCodeableConcept.coding:atcClassDe.system|MedicationStatement.medication[x]:medicationCodeableConcept.coding:atcClassEn|MedicationStatement.medication[x]:medicationCodeableConcept.coding:atcClassEn.code|MedicationStatement.medication[x]:medicationCodeableConcept.coding:atcClassEn.system|MedicationStatement.medication[x]:medicationCodeableConcept.text|MedicationStatement.medication[x]:medicationReference|MedicationStatement.note|MedicationStatement.reasonCode,
de.medizininformatikinitiative.kerndatensatz.medikation,medikation,https://www.medizininformatik-initiative.de/fhir/core/modul-medikation/StructureDefinition/MedicationStatement,MedicationStatement,MedicationStatement,2.0.0,2025.0.0,modified,0,0,2,0,0,True,,
de.medizininformatikinitiative.kerndatensatz.medikation,medikation,https://www.medizininformatik-initiative.de/fhir/core/modul-medikation/StructureDefinition/MedicationStatement,MedicationStatement,MedicationStatement,2025.0.0,2025.0.1,mixed,3,0,1,0,0,False,MedicationStatement.medication[x]:medicationCodeableConcept.coding:UNII|MedicationStatement.medication[x]:medicationCodeableConcept.coding:UNII.code|MedicationStatement.medication[x]:medicationCodeableConcept.coding:UNII.system,
de.medizininformatikinitiative.kerndatensatz.medikation,medikation,https://www.medizininformatik-initiative.de/fhir/core/modul-medikation/StructureDefinition/MedicationStatement,MedicationStatement,MedicationStatement,2025.0.1,2026.0.0,mixed,0,13,6,0,5,True,,MedicationStatement.dosage.doseAndRate|MedicationStatement.dosage.doseAndRate.dose[x]:doseRange.high|MedicationStatement.dosage.text|MedicationStatement.dosage.timing|MedicationStatement.dosage.timing.repeat|MedicationStatement.dosage.timing.repeat.bounds[x]|MedicationStatement.dosage.timing.repeat.bounds[x]:boundsDuration.unit|MedicationStatement.dosage.timing.repeat.dayOfWeek|MedicationStatement.dosage.timing.repeat.frequency|MedicationStatement.dosage.timing.repeat.period|MedicationStatement.dosage.timing.repeat.periodUnit|MedicationStatement.dosage.timing.repeat.timeOfDay|MedicationStatement.dosage.timing.repeat.when
de.medizininformatikinitiative.kerndatensatz.medikation,medikation,https://www.medizininformatik-initiative.de/fhir/core/modul-medikation/StructureDefinition/MedicationStatement,MedicationStatement,MedicationStatement,2026.0.0,2026.0.1,identical,0,0,0,0,0,False,,
de.medizininformatikinitiative.kerndatensatz.medikation,medikation,https://www.medizininformatik-initiative.de/fhir/core/modul-medikation/StructureDefinition/MedicationStatement,MedicationStatement,MedicationStatement,2026.0.1,2027.0.0-ballot,elements-added,1,0,0,0,0,False,MedicationStatement,
de.medizininformatikinitiative.kerndatensatz.medikation,medikation,https://www.medizininformatik-initiative.de/fhir/core/modul-medikation/StructureDefinition/medikationsliste,MII_PR_Medikation_Medikationsliste,List,2.0.0,2025.0.0,canonical-only,0,0,0,0,0,False,,
de.medizininformatikinitiative.kerndatensatz.medikation,medikation,https://www.medizininformatik-initiative.de/fhir/core/modul-medikation/StructureDefinition/medikationsliste,MII_PR_Medikation_Medikationsliste,List,2025.0.0,2025.0.1,identical,0,0,0,0,0,False,,
de.medizininformatikinitiative.kerndatensatz.medikation,medikation,https://www.medizininformatik-initiative.de/fhir/core/modul-medikation/StructureDefinition/medikationsliste,MII_PR_Medikation_Medikationsliste,List,2025.0.1,2026.0.0,identical,0,0,0,0,0,False,,
de.medizininformatikinitiative.kerndatensatz.medikation,medikation,https://www.medizininformatik-initiative.de/fhir/core/modul-medikation/StructureDefinition/medikationsliste,MII_PR_Medikation_Medikationsliste,List,2026.0.0,2026.0.1,identical,0,0,0,0,0,False,,
de.medizininformatikinitiative.kerndatensatz.medikation,medikation,https://www.medizininformatik-initiative.de/fhir/core/modul-medikation/StructureDefinition/medikationsliste,MII_PR_Medikation_Medikationsliste,List,2026.0.1,2027.0.0-ballot,identical,0,0,0,0,0,False,,
de.medizininformatikinitiative.kerndatensatz.meta,meta,https://www.medizininformatik-initiative.de/fhir/core/StructureDefinition/MII-Reference,MII-Reference,Reference,1.0.0,1.0.1,identical,0,0,0,0,0,False,,
de.medizininformatikinitiative.kerndatensatz.meta,meta,https://www.medizininformatik-initiative.de/fhir/core/StructureDefinition/MII-Reference,MII-Reference,Reference,1.0.1,1.0.2,canonical-only,0,0,0,0,0,False,,
de.medizininformatikinitiative.kerndatensatz.meta,meta,https://www.medizininformatik-initiative.de/fhir/core/StructureDefinition/MII-Reference,MII-Reference,Reference,1.0.2,1.0.3,identical,0,0,0,0,0,False,,
de.medizininformatikinitiative.kerndatensatz.meta,meta,https://www.medizininformatik-initiative.de/fhir/modul-meta/StructureDefinition/mii-pr-meta-searchparameter,MII_PR_Meta_SearchParameter,SearchParameter,2025.0.0,2025.0.1,identical,0,0,0,0,0,False,,
de.medizininformatikinitiative.kerndatensatz.meta,meta,https://www.medizininformatik-initiative.de/fhir/modul-meta/StructureDefinition/mii-pr-meta-searchparameter,MII_PR_Meta_SearchParameter,SearchParameter,2025.0.1,2025.0.2,identical,0,0,0,0,0,False,,
de.medizininformatikinitiative.kerndatensatz.meta,meta,https://www.medizininformatik-initiative.de/fhir/modul-meta/StructureDefinition/mii-pr-meta-searchparameter,MII_PR_Meta_SearchParameter,SearchParameter,2025.0.2,2025.0.3,identical,0,0,0,0,0,False,,
de.medizininformatikinitiative.kerndatensatz.meta,meta,https://www.medizininformatik-initiative.de/fhir/modul-meta/StructureDefinition/mii-pr-meta-searchparameter,MII_PR_Meta_SearchParameter,SearchParameter,2025.0.3,2026.0.0,identical,0,0,0,0,0,False,,
de.medizininformatikinitiative.kerndatensatz.meta,meta,https://www.medizininformatik-initiative.de/fhir/modul-meta/StructureDefinition/mii-pr-meta-searchparameter,MII_PR_Meta_SearchParameter,SearchParameter,2026.0.0,2027.0.0-ballot,elements-added,1,0,0,0,0,False,SearchParameter,
de.medizininformatikinitiative.kerndatensatz.mikrobiologie,mikrobiologie,https://www.medizininformatik-initiative.de/fhir/modul-mikrobio/StructureDefinition/diagnostic-report,MII_PR_Mikrobio_Diagnostic_Report,DiagnosticReport,0.0.1,0.0.2,identical,0,0,0,0,0,False,,
de.medizininformatikinitiative.kerndatensatz.mikrobiologie,mikrobiologie,https://www.medizininformatik-initiative.de/fhir/modul-mikrobio/StructureDefinition/empfindlichkeit,MII_PR_Mikrobio_Empfindlichkeit,Observation,0.0.1,0.0.2,identical,0,0,0,0,0,False,,
de.medizininformatikinitiative.kerndatensatz.mikrobiologie,mikrobiologie,https://www.medizininformatik-initiative.de/fhir/modul-mikrobio/StructureDefinition/immunologie-serologie,MII_PR_Mikrobio_Serologie_Immunologie,Observation,0.0.1,0.0.2,identical,0,0,0,0,0,False,,
de.medizininformatikinitiative.kerndatensatz.mikrobiologie,mikrobiologie,https://www.medizininformatik-initiative.de/fhir/modul-mikrobio/StructureDefinition/keimzahl,MII_PR_Mikrobio_Keimzahl,Observation,0.0.1,0.0.2,identical,0,0,0,0,0,False,,
de.medizininformatikinitiative.kerndatensatz.mikrobiologie,mikrobiologie,https://www.medizininformatik-initiative.de/fhir/modul-mikrobio/StructureDefinition/kultur-nachweis,MII_PR_Mikrobio_Kultur_Nachweis,Observation,0.0.1,0.0.2,identical,0,0,0,0,0,False,,
de.medizininformatikinitiative.kerndatensatz.mikrobiologie,mikrobiologie,https://www.medizininformatik-initiative.de/fhir/modul-mikrobio/StructureDefinition/mii-pr-mikrobio-diagnostic-report,MII_PR_Mikrobio_Diagnostic_Report,DiagnosticReport,2024.0.0,2025.0.0,identical,0,0,0,0,0,False,,
de.medizininformatikinitiative.kerndatensatz.mikrobiologie,mikrobiologie,https://www.medizininformatik-initiative.de/fhir/modul-mikrobio/StructureDefinition/mii-pr-mikrobio-diagnostic-report,MII_PR_Mikrobio_Diagnostic_Report,DiagnosticReport,2025.0.0,2025.0.1,identical,0,0,0,0,0,False,,
de.medizininformatikinitiative.kerndatensatz.mikrobiologie,mikrobiologie,https://www.medizininformatik-initiative.de/fhir/modul-mikrobio/StructureDefinition/mii-pr-mikrobio-diagnostic-report,MII_PR_Mikrobio_Diagnostic_Report,DiagnosticReport,2025.0.1,2025.0.2,mixed,0,1,1,0,0,True,,DiagnosticReport.specimen
de.medizininformatikinitiative.kerndatensatz.mikrobiologie,mikrobiologie,https://www.medizininformatik-initiative.de/fhir/modul-mikrobio/StructureDefinition/mii-pr-mikrobio-diagnostic-report,MII_PR_Mikrobio_Diagnostic_Report,DiagnosticReport,2025.0.2,2027.0.0-ballot2,mixed,5,3,0,0,0,True,DiagnosticReport.category|DiagnosticReport.category:mibi-category|DiagnosticReport.category:mibi-sub-category|DiagnosticReport.conclusion|DiagnosticReport.result,DiagnosticReport.category.coding|DiagnosticReport.category.coding:loinc-microbiology-specialization|DiagnosticReport.category.coding:snomed-microbiology-studies
de.medizininformatikinitiative.kerndatensatz.mikrobiologie,mikrobiologie,https://www.medizininformatik-initiative.de/fhir/modul-mikrobio/StructureDefinition/mii-pr-mikrobio-empfindlichkeit,MII_PR_Mikrobio_Empfindlichkeit,Observation,2024.0.0,2025.0.0,identical,0,0,0,0,0,False,,
de.medizininformatikinitiative.kerndatensatz.mikrobiologie,mikrobiologie,https://www.medizininformatik-initiative.de/fhir/modul-mikrobio/StructureDefinition/mii-pr-mikrobio-empfindlichkeit,MII_PR_Mikrobio_Empfindlichkeit,Observation,2025.0.0,2025.0.1,identical,0,0,0,0,0,False,,
de.medizininformatikinitiative.kerndatensatz.mikrobiologie,mikrobiologie,https://www.medizininformatik-initiative.de/fhir/modul-mikrobio/StructureDefinition/mii-pr-mikrobio-empfindlichkeit,MII_PR_Mikrobio_Empfindlichkeit,Observation,2025.0.1,2025.0.2,mixed,1,1,5,0,0,True,Observation.effective[x].extension,Observation.effective[x].extension:QuelleKlinischesBezugsdatum.url
de.medizininformatikinitiative.kerndatensatz.mikrobiologie,mikrobiologie,https://www.medizininformatik-initiative.de/fhir/modul-mikrobio/StructureDefinition/mii-pr-mikrobio-empfindlichkeit,MII_PR_Mikrobio_Empfindlichkeit,Observation,2025.0.2,2027.0.0-ballot2,mixed,11,37,7,0,7,True,Observation.category:mibi-category|Observation.extension:triggeredBy-r5|Observation.extension:triggeredBy-r5.extension:observation|Observation.extension:triggeredBy-r5.extension:type|Observation.interpretation.extension|Observation.interpretation.extension:Norm|Observation.value[x]:valueCodeableConcept|Observation.value[x]:valueCodeableConcept.extension|Observation.value[x]:valueCodeableConcept.extension:Norm|Observation.value[x]:valueQuantity|Observation.value[x]:valueQuantity.code,Observation.bodySite|Observation.category.coding|Observation.category.coding:loinc-microbiology-studies|Observation.category.coding:loinc-observation|Observation.category.coding:observation-category|Observation.component.value[x]|Observation.device|Observation.effective[x]|Observation.effective[x].extension|Observation.effective[x].extension:QuelleKlinischesBezugsdatum|Observation.encounter|Observation.id|Observation.identifier|Observation.identifier:analyseBefundCode|Observation.identifier:analyseBefundCode.assigner|Observation.identifier:analyseBefundCode.system|Observation.identifier:analyseBefundCode.type|Observation.identifier:analyseBefundCode.type.coding|Observation.identifier:analyseBefundCode.type.coding:observationInstanceV2|Observation.identifier:analyseBefundCode.type.coding:observationInstanceV2.code|Observation.identifier:analyseBefundCode.type.coding:observationInstanceV2.system|Observation.identifier:analyseBefundCode.value|Observation.interpretation:CLSI|Observation.interpretation:CLSI.coding.version|Observation.interpretation:EUCAST|Observation.interpretation:EUCAST.coding.version|Observation.issued|Observation.meta|Observation.meta.profile|Observation.meta.source|Observation.note|Observation.referenceRange|Observation.specimen.identifier|Observation.specimen.reference|Observation.status|Observation.subject|Observation.value[x].code
de.medizininformatikinitiative.kerndatensatz.mikrobiologie,mikrobiologie,https://www.medizininformatik-initiative.de/fhir/modul-mikrobio/StructureDefinition/mii-pr-mikrobio-keimzahl,MII_PR_Mikrobio_Keimzahl,Observation,2024.0.0,2025.0.0,identical,0,0,0,0,0,False,,
de.medizininformatikinitiative.kerndatensatz.mikrobiologie,mikrobiologie,https://www.medizininformatik-initiative.de/fhir/modul-mikrobio/StructureDefinition/mii-pr-mikrobio-keimzahl,MII_PR_Mikrobio_Keimzahl,Observation,2025.0.0,2025.0.1,identical,0,0,0,0,0,False,,
de.medizininformatikinitiative.kerndatensatz.mikrobiologie,mikrobiologie,https://www.medizininformatik-initiative.de/fhir/modul-mikrobio/StructureDefinition/mii-pr-mikrobio-keimzahl,MII_PR_Mikrobio_Keimzahl,Observation,2025.0.1,2025.0.2,mixed,1,1,5,0,0,True,Observation.effective[x].extension,Observation.effective[x].extension:QuelleKlinischesBezugsdatum.url
de.medizininformatikinitiative.kerndatensatz.mikrobiologie,mikrobiologie,https://www.medizininformatik-initiative.de/fhir/modul-mikrobio/StructureDefinition/mii-pr-mikrobio-keimzahl,MII_PR_Mikrobio_Keimzahl,Observation,2025.0.2,2027.0.0-ballot2,mixed,4,37,9,0,9,True,Observation.category:mibi-category|Observation.extension:triggeredBy-r5|Observation.extension:triggeredBy-r5.extension:observation|Observation.extension:triggeredBy-r5.extension:type,Observation|Observation.bodySite|Observation.category.coding|Observation.category.coding:loinc-microbiology-studies|Observation.category.coding:loinc-observation|Observation.category.coding:observation-category|Observation.component.value[x]|Observation.device|Observation.effective[x]|Observation.effective[x].extension|Observation.effective[x].extension:QuelleKlinischesBezugsdatum|Observation.encounter|Observation.id|Observation.identifier|Observation.identifier:analyseBefundCode|Observation.identifier:analyseBefundCode.assigner|Observation.identifier:analyseBefundCode.system|Observation.identifier:analyseBefundCode.type|Observation.identifier:analyseBefundCode.type.coding|Observation.identifier:analyseBefundCode.type.coding:observationInstanceV2|Observation.identifier:analyseBefundCode.type.coding:observationInstanceV2.code|Observation.identifier:analyseBefundCode.type.coding:observationInstanceV2.system|Observation.identifier:analyseBefundCode.value|Observation.issued|Observation.meta|Observation.meta.profile|Observation.meta.source|Observation.note|Observation.referenceRange|Observation.specimen.identifier|Observation.specimen.reference|Observation.status|Observation.subject|Observation.value[x]:valueCodeableConcept|Observation.value[x]:valueQuantity.system|Observation.value[x]:valueQuantity.unit|Observation.value[x]:valueQuantity.value
de.medizininformatikinitiative.kerndatensatz.mikrobiologie,mikrobiologie,https://www.medizininformatik-initiative.de/fhir/modul-mikrobio/StructureDefinition/mii-pr-mikrobio-kultur-nachweis,MII_PR_Mikrobio_Kultur_Nachweis,Observation,2024.0.0,2025.0.0,modified,0,0,3,2,0,False,,
de.medizininformatikinitiative.kerndatensatz.mikrobiologie,mikrobiologie,https://www.medizininformatik-initiative.de/fhir/modul-mikrobio/StructureDefinition/mii-pr-mikrobio-kultur-nachweis,MII_PR_Mikrobio_Kultur_Nachweis,Observation,2025.0.0,2025.0.1,identical,0,0,0,0,0,False,,
de.medizininformatikinitiative.kerndatensatz.mikrobiologie,mikrobiologie,https://www.medizininformatik-initiative.de/fhir/modul-mikrobio/StructureDefinition/mii-pr-mikrobio-kultur-nachweis,MII_PR_Mikrobio_Kultur_Nachweis,Observation,2025.0.1,2025.0.2,mixed,1,2,5,0,0,True,Observation.effective[x].extension,Observation.effective[x].extension:QuelleKlinischesBezugsdatum.url|Observation.value[x]:valueCodeableConcept
de.medizininformatikinitiative.kerndatensatz.mikrobiologie,mikrobiologie,https://www.medizininformatik-initiative.de/fhir/modul-mikrobio/StructureDefinition/mii-pr-mikrobio-mikroskopie,MII_PR_Mikrobio_Mikroskopie,Observation,2024.0.0,2025.0.0,modified,0,0,2,2,0,False,,
de.medizininformatikinitiative.kerndatensatz.mikrobiologie,mikrobiologie,https://www.medizininformatik-initiative.de/fhir/modul-mikrobio/StructureDefinition/mii-pr-mikrobio-mikroskopie,MII_PR_Mikrobio_Mikroskopie,Observation,2025.0.0,2025.0.1,identical,0,0,0,0,0,False,,
de.medizininformatikinitiative.kerndatensatz.mikrobiologie,mikrobiologie,https://www.medizininformatik-initiative.de/fhir/modul-mikrobio/StructureDefinition/mii-pr-mikrobio-mikroskopie,MII_PR_Mikrobio_Mikroskopie,Observation,2025.0.1,2025.0.2,mixed,1,2,8,0,0,True,Observation.effective[x].extension,Observation.effective[x].extension:QuelleKlinischesBezugsdatum.url|Observation.value[x]:valueCodeableConcept
de.medizininformatikinitiative.kerndatensatz.mikrobiologie,mikrobiologie,https://www.medizininformatik-initiative.de/fhir/modul-mikrobio/StructureDefinition/mii-pr-mikrobio-mikroskopie,MII_PR_Mikrobio_Mikroskopie,Observation,2025.0.2,2027.0.0-ballot2,mixed,15,46,7,0,7,True,Observation.category:mibi-category|Observation.component:menge|Observation.component:menge.code|Observation.component:menge.value[x]|Observation.component:menge.value[x]:valueCodeableConcept|Observation.component:menge.value[x]:valueQuantity|Observation.component:menge.value[x]:valueQuantity.code|Observation.component:menge.value[x]:valueRange|Observation.component:menge.value[x]:valueRange.high.code|Observation.component:menge.value[x]:valueRange.low.code|Observation.extension:faerbung|Observation.extension:triggeredBy-r5|Observation.extension:triggeredBy-r5.extension:observation|Observation.extension:triggeredBy-r5.extension:type|Observation.value[x]:valueCodeableConcept,Observation|Observation.bodySite|Observation.category.coding|Observation.category.coding:loinc-microbiology-studies|Observation.category.coding:loinc-observation|Observation.category.coding:observation-category|Observation.component:BarlettScore|Observation.component:BarlettScore.code|Observation.component:BarlettScore.value[x]|Observation.component:Morphologie|Observation.component:Morphologie.code|Observation.component:Morphologie.value[x]|Observation.component:NameMikroorganismus|Observation.component:NameMikroorganismus.code|Observation.component:NameMikroorganismus.value[x]|Observation.component:NugentScore|Observation.component:NugentScore.code|Observation.component:NugentScore.value[x]|Observation.device|Observation.effective[x]|Observation.effective[x].extension|Observation.effective[x].extension:QuelleKlinischesBezugsdatum|Observation.encounter|Observation.hasMember|Observation.id|Observation.identifier|Observation.identifier:analyseBefundCode|Observation.identifier:analyseBefundCode.assigner|Observation.identifier:analyseBefundCode.system|Observation.identifier:analyseBefundCode.type|Observation.identifier:analyseBefundCode.type.coding|Observation.identifier:analyseBefundCode.type.coding:observationInstanceV2|Observation.identifier:analyseBefundCode.type.coding:observationInstanceV2.code|Observation.identifier:analyseBefundCode.type.coding:observationInstanceV2.system|Observation.identifier:analyseBefundCode.value|Observation.interpretation|Observation.issued|Observation.meta|Observation.meta.profile|Observation.meta.source|Observation.note|Observation.referenceRange|Observation.specimen.identifier|Observation.specimen.reference|Observation.status|Observation.subject
de.medizininformatikinitiative.kerndatensatz.mikrobiologie,mikrobiologie,https://www.medizininformatik-initiative.de/fhir/modul-mikrobio/StructureDefinition/mii-pr-mikrobio-molekulare-diagnostik,MII_PR_Mikrobio_Molekulare_Diagnostik,Observation,2024.0.0,2025.0.0,modified,0,0,1,1,0,False,,
de.medizininformatikinitiative.kerndatensatz.mikrobiologie,mikrobiologie,https://www.medizininformatik-initiative.de/fhir/modul-mikrobio/StructureDefinition/mii-pr-mikrobio-molekulare-diagnostik,MII_PR_Mikrobio_Molekulare_Diagnostik,Observation,2025.0.0,2025.0.1,identical,0,0,0,0,0,False,,
de.medizininformatikinitiative.kerndatensatz.mikrobiologie,mikrobiologie,https://www.medizininformatik-initiative.de/fhir/modul-mikrobio/StructureDefinition/mii-pr-mikrobio-molekulare-diagnostik,MII_PR_Mikrobio_Molekulare_Diagnostik,Observation,2025.0.1,2025.0.2,mixed,1,2,7,0,0,True,Observation.effective[x].extension,Observation.effective[x].extension:QuelleKlinischesBezugsdatum.url|Observation.value[x]:valueCodeableConcept
de.medizininformatikinitiative.kerndatensatz.mikrobiologie,mikrobiologie,https://www.medizininformatik-initiative.de/fhir/modul-mikrobio/StructureDefinition/mii-pr-mikrobio-mre-klasse,MII_PR_Mikrobio_MRE_Klasse,Observation,2024.0.0,2025.0.0,identical,0,0,0,0,0,False,,
de.medizininformatikinitiative.kerndatensatz.mikrobiologie,mikrobiologie,https://www.medizininformatik-initiative.de/fhir/modul-mikrobio/StructureDefinition/mii-pr-mikrobio-mre-klasse,MII_PR_Mikrobio_MRE_Klasse,Observation,2025.0.0,2025.0.1,identical,0,0,0,0,0,False,,
de.medizininformatikinitiative.kerndatensatz.mikrobiologie,mikrobiologie,https://www.medizininformatik-initiative.de/fhir/modul-mikrobio/StructureDefinition/mii-pr-mikrobio-mre-klasse,MII_PR_Mikrobio_MRE_Klasse,Observation,2025.0.1,2025.0.2,mixed,1,2,5,0,1,True,Observation.effective[x].extension,Observation.effective[x].extension:QuelleKlinischesBezugsdatum.url|Observation.value[x]:valueCodeableConcept
de.medizininformatikinitiative.kerndatensatz.mikrobiologie,mikrobiologie,https://www.medizininformatik-initiative.de/fhir/modul-mikrobio/StructureDefinition/mii-pr-mikrobio-mrgn-klasse,MII_PR_Mikrobio_MRGN_Klasse,Observation,2024.0.0,2025.0.0,identical,0,0,0,0,0,False,,
de.medizininformatikinitiative.kerndatensatz.mikrobiologie,mikrobiologie,https://www.medizininformatik-initiative.de/fhir/modul-mikrobio/StructureDefinition/mii-pr-mikrobio-mrgn-klasse,MII_PR_Mikrobio_MRGN_Klasse,Observation,2025.0.0,2025.0.1,identical,0,0,0,0,0,False,,
de.medizininformatikinitiative.kerndatensatz.mikrobiologie,mikrobiologie,https://www.medizininformatik-initiative.de/fhir/modul-mikrobio/StructureDefinition/mii-pr-mikrobio-mrgn-klasse,MII_PR_Mikrobio_MRGN_Klasse,Observation,2025.0.1,2025.0.2,mixed,1,2,4,0,0,True,Observation.effective[x].extension,Observation.effective[x].extension:QuelleKlinischesBezugsdatum.url|Observation.value[x]:valueCodeableConcept
de.medizininformatikinitiative.kerndatensatz.mikrobiologie,mikrobiologie,https://www.medizininformatik-initiative.de/fhir/modul-mikrobio/StructureDefinition/mii-pr-mikrobio-mrgn-klasse,MII_PR_Mikrobio_MRGN_Klasse,Observation,2025.0.2,2027.0.0-ballot2,mixed,6,34,5,0,5,True,Observation.category:mibi-category|Observation.derivedFrom|Observation.extension:triggeredBy-r5|Observation.extension:triggeredBy-r5.extension:observation|Observation.extension:triggeredBy-r5.extension:type|Observation.value[x]:valueCodeableConcept,Observation|Observation.bodySite|Observation.category.coding|Observation.category.coding:loinc-microbiology-studies|Observation.category.coding:loinc-observation|Observation.category.coding:observation-category|Observation.device|Observation.effective[x]|Observation.effective[x].extension|Observation.effective[x].extension:QuelleKlinischesBezugsdatum|Observation.encounter|Observation.id|Observation.identifier|Observation.identifier:analyseBefundCode|Observation.identifier:analyseBefundCode.assigner|Observation.identifier:analyseBefundCode.system|Observation.identifier:analyseBefundCode.type|Observation.identifier:analyseBefundCode.type.coding|Observation.identifier:analyseBefundCode.type.coding:observationInstanceV2|Observation.identifier:analyseBefundCode.type.coding:observationInstanceV2.code|Observation.identifier:analyseBefundCode.type.coding:observationInstanceV2.system|Observation.identifier:analyseBefundCode.value|Observation.interpretation|Observation.issued|Observation.meta|Observation.meta.profile|Observation.meta.source|Observation.method|Observation.note|Observation.referenceRange|Observation.specimen.identifier|Observation.specimen.reference|Observation.status|Observation.subject
de.medizininformatikinitiative.kerndatensatz.mikrobiologie,mikrobiologie,https://www.medizininformatik-initiative.de/fhir/modul-mikrobio/StructureDefinition/mii-pr-mikrobio-resistenzgene,MII_PR_Mikrobio_Resistenzgene,Observation,2024.0.0,2025.0.0,modified,0,0,1,1,0,False,,
de.medizininformatikinitiative.kerndatensatz.mikrobiologie,mikrobiologie,https://www.medizininformatik-initiative.de/fhir/modul-mikrobio/StructureDefinition/mii-pr-mikrobio-resistenzgene,MII_PR_Mikrobio_Resistenzgene,Observation,2025.0.0,2025.0.1,identical,0,0,0,0,0,False,,
de.medizininformatikinitiative.kerndatensatz.mikrobiologie,mikrobiologie,https://www.medizininformatik-initiative.de/fhir/modul-mikrobio/StructureDefinition/mii-pr-mikrobio-resistenzgene,MII_PR_Mikrobio_Resistenzgene,Observation,2025.0.1,2025.0.2,mixed,1,2,6,0,0,True,Observation.effective[x].extension,Observation.effective[x].extension:QuelleKlinischesBezugsdatum.url|Observation.value[x]:valueCodeableConcept
de.medizininformatikinitiative.kerndatensatz.mikrobiologie,mikrobiologie,https://www.medizininformatik-initiative.de/fhir/modul-mikrobio/StructureDefinition/mii-pr-mikrobio-resistenzmutation,MII_PR_Mikrobio_Resistenzmutation,Observation,2024.0.0,2025.0.0,modified,0,0,1,1,0,False,,
de.medizininformatikinitiative.kerndatensatz.mikrobiologie,mikrobiologie,https://www.medizininformatik-initiative.de/fhir/modul-mikrobio/StructureDefinition/mii-pr-mikrobio-resistenzmutation,MII_PR_Mikrobio_Resistenzmutation,Observation,2025.0.0,2025.0.1,identical,0,0,0,0,0,False,,
de.medizininformatikinitiative.kerndatensatz.mikrobiologie,mikrobiologie,https://www.medizininformatik-initiative.de/fhir/modul-mikrobio/StructureDefinition/mii-pr-mikrobio-resistenzmutation,MII_PR_Mikrobio_Resistenzmutation,Observation,2025.0.1,2025.0.2,mixed,1,2,5,0,0,True,Observation.effective[x].extension,Observation.effective[x].extension:QuelleKlinischesBezugsdatum.url|Observation.value[x]:valueCodeableConcept
de.medizininformatikinitiative.kerndatensatz.mikrobiologie,mikrobiologie,https://www.medizininformatik-initiative.de/fhir/modul-mikrobio/StructureDefinition/mii-pr-mikrobio-serologie-immunologie,MII_PR_Mikrobio_Serologie_Immunologie,Observation,2024.0.0,2025.0.0,modified,0,0,1,1,0,False,,
de.medizininformatikinitiative.kerndatensatz.mikrobiologie,mikrobiologie,https://www.medizininformatik-initiative.de/fhir/modul-mikrobio/StructureDefinition/mii-pr-mikrobio-serologie-immunologie,MII_PR_Mikrobio_Serologie_Immunologie,Observation,2025.0.0,2025.0.1,identical,0,0,0,0,0,False,,
de.medizininformatikinitiative.kerndatensatz.mikrobiologie,mikrobiologie,https://www.medizininformatik-initiative.de/fhir/modul-mikrobio/StructureDefinition/mii-pr-mikrobio-serologie-immunologie,MII_PR_Mikrobio_Serologie_Immunologie,Observation,2025.0.1,2025.0.2,mixed,1,2,7,0,0,True,Observation.effective[x].extension,Observation.effective[x].extension:QuelleKlinischesBezugsdatum.url|Observation.value[x]:valueCodeableConcept
de.medizininformatikinitiative.kerndatensatz.mikrobiologie,mikrobiologie,https://www.medizininformatik-initiative.de/fhir/modul-mikrobio/StructureDefinition/mii-pr-mikrobio-virulenzfaktor,MII_PR_Mikrobio_Virulenzfaktor,Observation,2024.0.0,2025.0.0,identical,0,0,0,0,0,False,,
de.medizininformatikinitiative.kerndatensatz.mikrobiologie,mikrobiologie,https://www.medizininformatik-initiative.de/fhir/modul-mikrobio/StructureDefinition/mii-pr-mikrobio-virulenzfaktor,MII_PR_Mikrobio_Virulenzfaktor,Observation,2025.0.0,2025.0.1,identical,0,0,0,0,0,False,,
de.medizininformatikinitiative.kerndatensatz.mikrobiologie,mikrobiologie,https://www.medizininformatik-initiative.de/fhir/modul-mikrobio/StructureDefinition/mii-pr-mikrobio-virulenzfaktor,MII_PR_Mikrobio_Virulenzfaktor,Observation,2025.0.1,2025.0.2,mixed,1,2,4,0,0,True,Observation.effective[x].extension,Observation.effective[x].extension:QuelleKlinischesBezugsdatum.url|Observation.value[x]:valueCodeableConcept
de.medizininformatikinitiative.kerndatensatz.mikrobiologie,mikrobiologie,https://www.medizininformatik-initiative.de/fhir/modul-mikrobio/StructureDefinition/mii-pr-mikrobio-virulenzfaktor,MII_PR_Mikrobio_Virulenzfaktor,Observation,2025.0.2,2027.0.0-ballot2,mixed,5,34,5,0,5,True,Observation.category:mibi-category|Observation.extension:triggeredBy-r5|Observation.extension:triggeredBy-r5.extension:observation|Observation.extension:triggeredBy-r5.extension:type|Observation.value[x]:valueCodeableConcept,Observation|Observation.bodySite|Observation.category.coding|Observation.category.coding:loinc-microbiology-studies|Observation.category.coding:loinc-observation|Observation.category.coding:observation-category|Observation.device|Observation.effective[x]|Observation.effective[x].extension|Observation.effective[x].extension:QuelleKlinischesBezugsdatum|Observation.encounter|Observation.id|Observation.identifier|Observation.identifier:analyseBefundCode|Observation.identifier:analyseBefundCode.assigner|Observation.identifier:analyseBefundCode.system|Observation.identifier:analyseBefundCode.type|Observation.identifier:analyseBefundCode.type.coding|Observation.identifier:analyseBefundCode.type.coding:observationInstanceV2|Observation.identifier:analyseBefundCode.type.coding:observationInstanceV2.code|Observation.identifier:analyseBefundCode.type.coding:observationInstanceV2.system|Observation.identifier:analyseBefundCode.value|Observation.interpretation|Observation.issued|Observation.meta|Observation.meta.profile|Observation.meta.source|Observation.method|Observation.note|Observation.referenceRange|Observation.specimen.identifier|Observation.specimen.reference|Observation.status|Observation.subject
de.medizininformatikinitiative.kerndatensatz.mikrobiologie,mikrobiologie,https://www.medizininformatik-initiative.de/fhir/modul-mikrobio/StructureDefinition/mii-pr-mikrobio-voraussichtliche-empfindlichkeit,MII_PR_Mikrobio_voraussichtliche_Empfindlichkeit,Observation,0.0.1,0.0.2,identical,0,0,0,0,0,False,,
de.medizininformatikinitiative.kerndatensatz.mikrobiologie,mikrobiologie,https://www.medizininformatik-initiative.de/fhir/modul-mikrobio/StructureDefinition/mii-pr-mikrobio-voraussichtliche-empfindlichkeit,MII_PR_Mikrobio_voraussichtliche_Empfindlichkeit,Observation,0.0.2,2024.0.0,mixed,0,3,3,1,0,True,,Observation.category.coding:loinc-microbiology-studies.code|Observation.category.coding:loinc-microbiology-studies.display|Observation.effective[x].extension
de.medizininformatikinitiative.kerndatensatz.mikrobiologie,mikrobiologie,https://www.medizininformatik-initiative.de/fhir/modul-mikrobio/StructureDefinition/mii-pr-mikrobio-voraussichtliche-empfindlichkeit,MII_PR_Mikrobio_voraussichtliche_Empfindlichkeit,Observation,2024.0.0,2025.0.0,identical,0,0,0,0,0,False,,
de.medizininformatikinitiative.kerndatensatz.mikrobiologie,mikrobiologie,https://www.medizininformatik-initiative.de/fhir/modul-mikrobio/StructureDefinition/mii-pr-mikrobio-voraussichtliche-empfindlichkeit,MII_PR_Mikrobio_voraussichtliche_Empfindlichkeit,Observation,2025.0.0,2025.0.1,identical,0,0,0,0,0,False,,
de.medizininformatikinitiative.kerndatensatz.mikrobiologie,mikrobiologie,https://www.medizininformatik-initiative.de/fhir/modul-mikrobio/StructureDefinition/mii-pr-mikrobio-voraussichtliche-empfindlichkeit,MII_PR_Mikrobio_voraussichtliche_Empfindlichkeit,Observation,2025.0.1,2025.0.2,mixed,1,2,4,0,0,True,Observation.effective[x].extension,Observation.effective[x].extension:QuelleKlinischesBezugsdatum.url|Observation.value[x]:valueCodeableConcept
de.medizininformatikinitiative.kerndatensatz.mikrobiologie,mikrobiologie,https://www.medizininformatik-initiative.de/fhir/modul-mikrobio/StructureDefinition/mii-pr-mikrobio-voraussichtliche-empfindlichkeit,MII_PR_Mikrobio_voraussichtliche_Empfindlichkeit,Observation,2025.0.2,2027.0.0-ballot2,mixed,5,34,5,0,5,True,Observation.category:mibi-category|Observation.extension:triggeredBy-r5|Observation.extension:triggeredBy-r5.extension:observation|Observation.extension:triggeredBy-r5.extension:type|Observation.value[x]:valueCodeableConcept,Observation|Observation.bodySite|Observation.category.coding|Observation.category.coding:loinc-microbiology-studies|Observation.category.coding:loinc-observation|Observation.category.coding:observation-category|Observation.device|Observation.effective[x]|Observation.effective[x].extension|Observation.effective[x].extension:QuelleKlinischesBezugsdatum|Observation.encounter|Observation.id|Observation.identifier|Observation.identifier:analyseBefundCode|Observation.identifier:analyseBefundCode.assigner|Observation.identifier:analyseBefundCode.system|Observation.identifier:analyseBefundCode.type|Observation.identifier:analyseBefundCode.type.coding|Observation.identifier:analyseBefundCode.type.coding:observationInstanceV2|Observation.identifier:analyseBefundCode.type.coding:observationInstanceV2.code|Observation.identifier:analyseBefundCode.type.coding:observationInstanceV2.system|Observation.identifier:analyseBefundCode.value|Observation.interpretation|Observation.issued|Observation.meta|Observation.meta.profile|Observation.meta.source|Observation.method|Observation.note|Observation.referenceRange|Observation.specimen.identifier|Observation.specimen.reference|Observation.status|Observation.subject
de.medizininformatikinitiative.kerndatensatz.mikrobiologie,mikrobiologie,https://www.medizininformatik-initiative.de/fhir/modul-mikrobio/StructureDefinition/mikroskopie,MII_PR_Mikrobio_Mikroskopie,Observation,0.0.1,0.0.2,identical,0,0,0,0,0,False,,
de.medizininformatikinitiative.kerndatensatz.mikrobiologie,mikrobiologie,https://www.medizininformatik-initiative.de/fhir/modul-mikrobio/StructureDefinition/molekular-diagnostik,MII_PR_Mikrobio_Molekular_Diagnostik,Observation,0.0.1,0.0.2,identical,0,0,0,0,0,False,,
de.medizininformatikinitiative.kerndatensatz.mikrobiologie,mikrobiologie,https://www.medizininformatik-initiative.de/fhir/modul-mikrobio/StructureDefinition/mre-klasse,MII_PR_Mikrobio_MRE_Klasse,Observation,0.0.1,0.0.2,identical,0,0,0,0,0,False,,
de.medizininformatikinitiative.kerndatensatz.mikrobiologie,mikrobiologie,https://www.medizininformatik-initiative.de/fhir/modul-mikrobio/StructureDefinition/mrgn-klasse,MII_PR_Mikrobio_MRGN_Klasse,Observation,0.0.1,0.0.2,identical,0,0,0,0,0,False,,
de.medizininformatikinitiative.kerndatensatz.mikrobiologie,mikrobiologie,https://www.medizininformatik-initiative.de/fhir/modul-mikrobio/StructureDefinition/resistenzgene,MII_PR_Mikrobio_Resistenzgene,Observation,0.0.1,0.0.2,identical,0,0,0,0,0,False,,
de.medizininformatikinitiative.kerndatensatz.mikrobiologie,mikrobiologie,https://www.medizininformatik-initiative.de/fhir/modul-mikrobio/StructureDefinition/virulenzfaktor,MII_PR_Mikrobio_Virulenzfaktor,Observation,0.0.1,0.0.2,identical,0,0,0,0,0,False,,
de.medizininformatikinitiative.kerndatensatz.molgen,molgen,https://www.medizininformatik-initiative.de/fhir/ext/modul-molgen/StructureDefinition/anforderung-genetischer-test,MII_PR_MolGen_AnforderungGenetischerTest,ServiceRequest,1.0.0,2025.0.0,canonical-only,0,0,0,0,0,False,,
de.medizininformatikinitiative.kerndatensatz.molgen,molgen,https://www.medizininformatik-initiative.de/fhir/ext/modul-molgen/StructureDefinition/anforderung-genetischer-test,MII_PR_MolGen_AnforderungGenetischerTest,ServiceRequest,2025.0.0,2026.0.0,modified,0,0,1,0,0,False,,
de.medizininformatikinitiative.kerndatensatz.molgen,molgen,https://www.medizininformatik-initiative.de/fhir/ext/modul-molgen/StructureDefinition/anforderung-genetischer-test,MII_PR_MolGen_AnforderungGenetischerTest,ServiceRequest,2026.0.0,2026.0.1,canonical-only,0,0,0,0,0,False,,
de.medizininformatikinitiative.kerndatensatz.molgen,molgen,https://www.medizininformatik-initiative.de/fhir/ext/modul-molgen/StructureDefinition/anforderung-genetischer-test,MII_PR_MolGen_AnforderungGenetischerTest,ServiceRequest,2026.0.1,2026.0.2,identical,0,0,0,0,0,False,,
de.medizininformatikinitiative.kerndatensatz.molgen,molgen,https://www.medizininformatik-initiative.de/fhir/ext/modul-molgen/StructureDefinition/anforderung-genetischer-test,MII_PR_MolGen_AnforderungGenetischerTest,ServiceRequest,2026.0.2,2026.0.3,identical,0,0,0,0,0,False,,
de.medizininformatikinitiative.kerndatensatz.molgen,molgen,https://www.medizininformatik-initiative.de/fhir/ext/modul-molgen/StructureDefinition/anforderung-genetischer-test,MII_PR_MolGen_AnforderungGenetischerTest,ServiceRequest,2026.0.3,2026.0.4,identical,0,0,0,0,0,False,,
de.medizininformatikinitiative.kerndatensatz.molgen,molgen,https://www.medizininformatik-initiative.de/fhir/ext/modul-molgen/StructureDefinition/anforderung-genetischer-test,MII_PR_MolGen_AnforderungGenetischerTest,ServiceRequest,2026.0.4,2027.0.0-ballot.1,identical,0,0,0,0,0,False,,
de.medizininformatikinitiative.kerndatensatz.molgen,molgen,https://www.medizininformatik-initiative.de/fhir/ext/modul-molgen/StructureDefinition/diagnostische-implikation,MII_PR_MolGen_DiagnostischeImplikation,Observation,1.0.0,2025.0.0,canonical-only,0,0,0,0,0,False,,
de.medizininformatikinitiative.kerndatensatz.molgen,molgen,https://www.medizininformatik-initiative.de/fhir/ext/modul-molgen/StructureDefinition/diagnostische-implikation,MII_PR_MolGen_DiagnostischeImplikation,Observation,2025.0.0,2026.0.0,mixed,3,2,0,0,0,True,Observation.effective[x]|Observation.extension:workflow-relatedArtifact|Observation.issued,Observation.component:functional-effect|Observation.extension:related-artifact
de.medizininformatikinitiative.kerndatensatz.molgen,molgen,https://www.medizininformatik-initiative.de/fhir/ext/modul-molgen/StructureDefinition/diagnostische-implikation,MII_PR_MolGen_DiagnostischeImplikation,Observation,2026.0.0,2026.0.1,identical,0,0,0,0,0,False,,
de.medizininformatikinitiative.kerndatensatz.molgen,molgen,https://www.medizininformatik-initiative.de/fhir/ext/modul-molgen/StructureDefinition/diagnostische-implikation,MII_PR_MolGen_DiagnostischeImplikation,Observation,2026.0.1,2026.0.2,identical,0,0,0,0,0,False,,
de.medizininformatikinitiative.kerndatensatz.molgen,molgen,https://www.medizininformatik-initiative.de/fhir/ext/modul-molgen/StructureDefinition/diagnostische-implikation,MII_PR_MolGen_DiagnostischeImplikation,Observation,2026.0.2,2026.0.3,identical,0,0,0,0,0,False,,
de.medizininformatikinitiative.kerndatensatz.molgen,molgen,https://www.medizininformatik-initiative.de/fhir/ext/modul-molgen/StructureDefinition/diagnostische-implikation,MII_PR_MolGen_DiagnostischeImplikation,Observation,2026.0.3,2026.0.4,identical,0,0,0,0,0,False,,
de.medizininformatikinitiative.kerndatensatz.molgen,molgen,https://www.medizininformatik-initiative.de/fhir/ext/modul-molgen/StructureDefinition/diagnostische-implikation,MII_PR_MolGen_DiagnostischeImplikation,Observation,2026.0.4,2027.0.0-ballot.1,elements-added,1,0,0,0,0,False,Observation,
de.medizininformatikinitiative.kerndatensatz.molgen,molgen,https://www.medizininformatik-initiative.de/fhir/ext/modul-molgen/StructureDefinition/empfohlene-folgemassnahme,MII_PR_MolGen_EmpfohleneFolgemassnahme,Task,1.0.0,2025.0.0,canonical-only,0,0,0,0,0,False,,
de.medizininformatikinitiative.kerndatensatz.molgen,molgen,https://www.medizininformatik-initiative.de/fhir/ext/modul-molgen/StructureDefinition/empfohlene-folgemassnahme,MII_PR_MolGen_EmpfohleneFolgemassnahme,Task,2025.0.0,2026.0.0,canonical-only,0,0,0,0,0,False,,
de.medizininformatikinitiative.kerndatensatz.molgen,molgen,https://www.medizininformatik-initiative.de/fhir/ext/modul-molgen/StructureDefinition/empfohlene-folgemassnahme,MII_PR_MolGen_EmpfohleneFolgemassnahme,Task,2026.0.0,2026.0.1,identical,0,0,0,0,0,False,,
de.medizininformatikinitiative.kerndatensatz.molgen,molgen,https://www.medizininformatik-initiative.de/fhir/ext/modul-molgen/StructureDefinition/empfohlene-folgemassnahme,MII_PR_MolGen_EmpfohleneFolgemassnahme,Task,2026.0.1,2026.0.2,identical,0,0,0,0,0,False,,
de.medizininformatikinitiative.kerndatensatz.molgen,molgen,https://www.medizininformatik-initiative.de/fhir/ext/modul-molgen/StructureDefinition/empfohlene-folgemassnahme,MII_PR_MolGen_EmpfohleneFolgemassnahme,Task,2026.0.2,2026.0.3,identical,0,0,0,0,0,False,,
de.medizininformatikinitiative.kerndatensatz.molgen,molgen,https://www.medizininformatik-initiative.de/fhir/ext/modul-molgen/StructureDefinition/empfohlene-folgemassnahme,MII_PR_MolGen_EmpfohleneFolgemassnahme,Task,2026.0.3,2026.0.4,identical,0,0,0,0,0,False,,
de.medizininformatikinitiative.kerndatensatz.molgen,molgen,https://www.medizininformatik-initiative.de/fhir/ext/modul-molgen/StructureDefinition/empfohlene-folgemassnahme,MII_PR_MolGen_EmpfohleneFolgemassnahme,Task,2026.0.4,2027.0.0-ballot.1,elements-added,1,0,0,0,0,False,Task,
de.medizininformatikinitiative.kerndatensatz.molgen,molgen,https://www.medizininformatik-initiative.de/fhir/ext/modul-molgen/StructureDefinition/ergebnis-zusammenfassung,MII_PR_MolGen_ErgebnisZusammenfassung,Observation,1.0.0,2025.0.0,canonical-only,0,0,0,0,0,False,,
de.medizininformatikinitiative.kerndatensatz.molgen,molgen,https://www.medizininformatik-initiative.de/fhir/ext/modul-molgen/StructureDefinition/familienanamnese,MII_PR_MolGen_Familienanamnese,FamilyMemberHistory,1.0.0,2025.0.0,modified,0,0,1,0,0,True,,
de.medizininformatikinitiative.kerndatensatz.molgen,molgen,https://www.medizininformatik-initiative.de/fhir/ext/modul-molgen/StructureDefinition/familienanamnese,MII_PR_MolGen_Familienanamnese,FamilyMemberHistory,2025.0.0,2026.0.1,modified,0,0,11,0,0,True,,
de.medizininformatikinitiative.kerndatensatz.molgen,molgen,https://www.medizininformatik-initiative.de/fhir/ext/modul-molgen/StructureDefinition/familienanamnese,MII_PR_MolGen_Familienanamnese,FamilyMemberHistory,2026.0.1,2026.0.2,identical,0,0,0,0,0,False,,
de.medizininformatikinitiative.kerndatensatz.molgen,molgen,https://www.medizininformatik-initiative.de/fhir/ext/modul-molgen/StructureDefinition/familienanamnese,MII_PR_MolGen_Familienanamnese,FamilyMemberHistory,2026.0.2,2026.0.3,identical,0,0,0,0,0,False,,
de.medizininformatikinitiative.kerndatensatz.molgen,molgen,https://www.medizininformatik-initiative.de/fhir/ext/modul-molgen/StructureDefinition/familienanamnese,MII_PR_MolGen_Familienanamnese,FamilyMemberHistory,2026.0.3,2026.0.4,identical,0,0,0,0,0,False,,
de.medizininformatikinitiative.kerndatensatz.molgen,molgen,https://www.medizininformatik-initiative.de/fhir/ext/modul-molgen/StructureDefinition/familienanamnese,MII_PR_MolGen_Familienanamnese,FamilyMemberHistory,2026.0.4,2027.0.0-ballot.1,identical,0,0,0,0,0,False,,
de.medizininformatikinitiative.kerndatensatz.molgen,molgen,https://www.medizininformatik-initiative.de/fhir/ext/modul-molgen/StructureDefinition/genotyp,MII_PR_MolGen_Genotyp,Observation,1.0.0,2025.0.0,canonical-only,0,0,0,0,0,False,,
de.medizininformatikinitiative.kerndatensatz.molgen,molgen,https://www.medizininformatik-initiative.de/fhir/ext/modul-molgen/StructureDefinition/genotyp,MII_PR_MolGen_Genotyp,Observation,2025.0.0,2026.0.0,elements-added,2,0,0,0,0,False,Observation.effective[x]|Observation.issued,
de.medizininformatikinitiative.kerndatensatz.molgen,molgen,https://www.medizininformatik-initiative.de/fhir/ext/modul-molgen/StructureDefinition/genotyp,MII_PR_MolGen_Genotyp,Observation,2026.0.0,2026.0.1,identical,0,0,0,0,0,False,,
de.medizininformatikinitiative.kerndatensatz.molgen,molgen,https://www.medizininformatik-initiative.de/fhir/ext/modul-molgen/StructureDefinition/genotyp,MII_PR_MolGen_Genotyp,Observation,2026.0.1,2026.0.2,identical,0,0,0,0,0,False,,
de.medizininformatikinitiative.kerndatensatz.molgen,molgen,https://www.medizininformatik-initiative.de/fhir/ext/modul-molgen/StructureDefinition/genotyp,MII_PR_MolGen_Genotyp,Observation,2026.0.2,2026.0.3,identical,0,0,0,0,0,False,,
de.medizininformatikinitiative.kerndatensatz.molgen,molgen,https://www.medizininformatik-initiative.de/fhir/ext/modul-molgen/StructureDefinition/genotyp,MII_PR_MolGen_Genotyp,Observation,2026.0.3,2026.0.4,identical,0,0,0,0,0,False,,
de.medizininformatikinitiative.kerndatensatz.molgen,molgen,https://www.medizininformatik-initiative.de/fhir/ext/modul-molgen/StructureDefinition/genotyp,MII_PR_MolGen_Genotyp,Observation,2026.0.4,2027.0.0-ballot.1,elements-added,1,0,0,0,0,False,Observation,
de.medizininformatikinitiative.kerndatensatz.molgen,molgen,https://www.medizininformatik-initiative.de/fhir/ext/modul-molgen/StructureDefinition/medikationsempfehlung,MII_PR_MolGen_Medikationsempfehlung,Task,1.0.0,2025.0.0,canonical-only,0,0,0,0,0,False,,
de.medizininformatikinitiative.kerndatensatz.molgen,molgen,https://www.medizininformatik-initiative.de/fhir/ext/modul-molgen/StructureDefinition/medikationsempfehlung,MII_PR_MolGen_Medikationsempfehlung,Task,2025.0.0,2026.0.0,canonical-only,0,0,0,0,0,False,,
de.medizininformatikinitiative.kerndatensatz.molgen,molgen,https://www.medizininformatik-initiative.de/fhir/ext/modul-molgen/StructureDefinition/medikationsempfehlung,MII_PR_MolGen_Medikationsempfehlung,Task,2026.0.0,2026.0.1,identical,0,0,0,0,0,False,,
de.medizininformatikinitiative.kerndatensatz.molgen,molgen,https://www.medizininformatik-initiative.de/fhir/ext/modul-molgen/StructureDefinition/medikationsempfehlung,MII_PR_MolGen_Medikationsempfehlung,Task,2026.0.1,2026.0.2,identical,0,0,0,0,0,False,,
de.medizininformatikinitiative.kerndatensatz.molgen,molgen,https://www.medizininformatik-initiative.de/fhir/ext/modul-molgen/StructureDefinition/medikationsempfehlung,MII_PR_MolGen_Medikationsempfehlung,Task,2026.0.2,2026.0.3,identical,0,0,0,0,0,False,,
de.medizininformatikinitiative.kerndatensatz.molgen,molgen,https://www.medizininformatik-initiative.de/fhir/ext/modul-molgen/StructureDefinition/medikationsempfehlung,MII_PR_MolGen_Medikationsempfehlung,Task,2026.0.3,2026.0.4,identical,0,0,0,0,0,False,,
de.medizininformatikinitiative.kerndatensatz.molgen,molgen,https://www.medizininformatik-initiative.de/fhir/ext/modul-molgen/StructureDefinition/medikationsempfehlung,MII_PR_MolGen_Medikationsempfehlung,Task,2026.0.4,2027.0.0-ballot.1,identical,0,0,0,0,0,False,,
de.medizininformatikinitiative.kerndatensatz.molgen,molgen,https://www.medizininformatik-initiative.de/fhir/ext/modul-molgen/StructureDefinition/mii-pr-molgen-genomic-study,MII_PR_MolGen_GenomicStudy,Procedure,2026.0.0,2026.0.1,identical,0,0,0,0,0,False,,
de.medizininformatikinitiative.kerndatensatz.molgen,molgen,https://www.medizininformatik-initiative.de/fhir/ext/modul-molgen/StructureDefinition/mii-pr-molgen-genomic-study,MII_PR_MolGen_GenomicStudy,Procedure,2026.0.1,2026.0.2,identical,0,0,0,0,0,False,,
de.medizininformatikinitiative.kerndatensatz.molgen,molgen,https://www.medizininformatik-initiative.de/fhir/ext/modul-molgen/StructureDefinition/mii-pr-molgen-genomic-study,MII_PR_MolGen_GenomicStudy,Procedure,2026.0.2,2026.0.3,identical,0,0,0,0,0,False,,
de.medizininformatikinitiative.kerndatensatz.molgen,molgen,https://www.medizininformatik-initiative.de/fhir/ext/modul-molgen/StructureDefinition/mii-pr-molgen-genomic-study,MII_PR_MolGen_GenomicStudy,Procedure,2026.0.3,2026.0.4,identical,0,0,0,0,0,False,,
de.medizininformatikinitiative.kerndatensatz.molgen,molgen,https://www.medizininformatik-initiative.de/fhir/ext/modul-molgen/StructureDefinition/mii-pr-molgen-genomic-study,MII_PR_MolGen_GenomicStudy,Procedure,2026.0.4,2027.0.0-ballot.1,elements-added,1,0,0,0,0,False,Procedure,
de.medizininformatikinitiative.kerndatensatz.molgen,molgen,https://www.medizininformatik-initiative.de/fhir/ext/modul-molgen/StructureDefinition/mii-pr-molgen-genomic-study-analysis,MII_PR_MolGen_GenomicStudyAnalysis,Procedure,2026.0.0,2026.0.1,identical,0,0,0,0,0,False,,
de.medizininformatikinitiative.kerndatensatz.molgen,molgen,https://www.medizininformatik-initiative.de/fhir/ext/modul-molgen/StructureDefinition/mii-pr-molgen-genomic-study-analysis,MII_PR_MolGen_GenomicStudyAnalysis,Procedure,2026.0.1,2026.0.2,identical,0,0,0,0,0,False,,
de.medizininformatikinitiative.kerndatensatz.molgen,molgen,https://www.medizininformatik-initiative.de/fhir/ext/modul-molgen/StructureDefinition/mii-pr-molgen-genomic-study-analysis,MII_PR_MolGen_GenomicStudyAnalysis,Procedure,2026.0.2,2026.0.3,identical,0,0,0,0,0,False,,
de.medizininformatikinitiative.kerndatensatz.molgen,molgen,https://www.medizininformatik-initiative.de/fhir/ext/modul-molgen/StructureDefinition/mii-pr-molgen-genomic-study-analysis,MII_PR_MolGen_GenomicStudyAnalysis,Procedure,2026.0.3,2026.0.4,identical,0,0,0,0,0,False,,
de.medizininformatikinitiative.kerndatensatz.molgen,molgen,https://www.medizininformatik-initiative.de/fhir/ext/modul-molgen/StructureDefinition/mii-pr-molgen-genomic-study-analysis,MII_PR_MolGen_GenomicStudyAnalysis,Procedure,2026.0.4,2027.0.0-ballot.1,elements-added,1,0,0,0,0,False,Procedure,
de.medizininformatikinitiative.kerndatensatz.molgen,molgen,https://www.medizininformatik-initiative.de/fhir/ext/modul-molgen/StructureDefinition/mii-pr-molgen-molekulare-konsequenz,MII_PR_MolGen_MolekulareKonsequenz,Observation,2026.0.0,2026.0.1,identical,0,0,0,0,0,False,,
de.medizininformatikinitiative.kerndatensatz.molgen,molgen,https://www.medizininformatik-initiative.de/fhir/ext/modul-molgen/StructureDefinition/mii-pr-molgen-molekulare-konsequenz,MII_PR_MolGen_MolekulareKonsequenz,Observation,2026.0.1,2026.0.2,identical,0,0,0,0,0,False,,
de.medizininformatikinitiative.kerndatensatz.molgen,molgen,https://www.medizininformatik-initiative.de/fhir/ext/modul-molgen/StructureDefinition/mii-pr-molgen-molekulare-konsequenz,MII_PR_MolGen_MolekulareKonsequenz,Observation,2026.0.2,2026.0.3,identical,0,0,0,0,0,False,,
de.medizininformatikinitiative.kerndatensatz.molgen,molgen,https://www.medizininformatik-initiative.de/fhir/ext/modul-molgen/StructureDefinition/mii-pr-molgen-molekulare-konsequenz,MII_PR_MolGen_MolekulareKonsequenz,Observation,2026.0.3,2026.0.4,identical,0,0,0,0,0,False,,
de.medizininformatikinitiative.kerndatensatz.molgen,molgen,https://www.medizininformatik-initiative.de/fhir/ext/modul-molgen/StructureDefinition/mii-pr-molgen-molekulare-konsequenz,MII_PR_MolGen_MolekulareKonsequenz,Observation,2026.0.4,2027.0.0-ballot.1,elements-added,1,0,0,0,0,False,Observation,
de.medizininformatikinitiative.kerndatensatz.molgen,molgen,https://www.medizininformatik-initiative.de/fhir/ext/modul-molgen/StructureDefinition/mii-pr-molgen-molekularer-biomarker,MII_PR_MolGen_MolekularerBiomarker,Observation,2026.0.0,2026.0.1,identical,0,0,0,0,0,False,,
de.medizininformatikinitiative.kerndatensatz.molgen,molgen,https://www.medizininformatik-initiative.de/fhir/ext/modul-molgen/StructureDefinition/mii-pr-molgen-molekularer-biomarker,MII_PR_MolGen_MolekularerBiomarker,Observation,2026.0.1,2026.0.2,identical,0,0,0,0,0,False,,
de.medizininformatikinitiative.kerndatensatz.molgen,molgen,https://www.medizininformatik-initiative.de/fhir/ext/modul-molgen/StructureDefinition/mii-pr-molgen-molekularer-biomarker,MII_PR_MolGen_MolekularerBiomarker,Observation,2026.0.2,2026.0.3,identical,0,0,0,0,0,False,,
de.medizininformatikinitiative.kerndatensatz.molgen,molgen,https://www.medizininformatik-initiative.de/fhir/ext/modul-molgen/StructureDefinition/mii-pr-molgen-molekularer-biomarker,MII_PR_MolGen_MolekularerBiomarker,Observation,2026.0.3,2026.0.4,identical,0,0,0,0,0,False,,
de.medizininformatikinitiative.kerndatensatz.molgen,molgen,https://www.medizininformatik-initiative.de/fhir/ext/modul-molgen/StructureDefinition/mii-pr-molgen-molekularer-biomarker,MII_PR_MolGen_MolekularerBiomarker,Observation,2026.0.4,2027.0.0-ballot.1,elements-added,1,0,0,0,0,False,Observation,
de.medizininformatikinitiative.kerndatensatz.molgen,molgen,https://www.medizininformatik-initiative.de/fhir/ext/modul-molgen/StructureDefinition/mikrosatelliteninstabilitaet,MII_PR_MolGen_Mikrosatelliteninstabilitaet,Observation,1.0.0,2025.0.0,canonical-only,0,0,0,0,0,False,,
de.medizininformatikinitiative.kerndatensatz.molgen,molgen,https://www.medizininformatik-initiative.de/fhir/ext/modul-molgen/StructureDefinition/mikrosatelliteninstabilitaet,MII_PR_MolGen_Mikrosatelliteninstabilitaet,Observation,2025.0.0,2026.0.0,mixed,0,3,3,0,2,True,,Observation.category|Observation.component:conclusion-string|Observation.encounter
de.medizininformatikinitiative.kerndatensatz.molgen,molgen,https://www.medizininformatik-initiative.de/fhir/ext/modul-molgen/StructureDefinition/mikrosatelliteninstabilitaet,MII_PR_MolGen_Mikrosatelliteninstabilitaet,Observation,2026.0.0,2026.0.1,identical,0,0,0,0,0,False,,
de.medizininformatikinitiative.kerndatensatz.molgen,molgen,https://www.medizininformatik-initiative.de/fhir/ext/modul-molgen/StructureDefinition/mikrosatelliteninstabilitaet,MII_PR_MolGen_Mikrosatelliteninstabilitaet,Observation,2026.0.1,2026.0.2,identical,0,0,0,0,0,False,,
de.medizininformatikinitiative.kerndatensatz.molgen,molgen,https://www.medizininformatik-initiative.de/fhir/ext/modul-molgen/StructureDefinition/mikrosatelliteninstabilitaet,MII_PR_MolGen_Mikrosatelliteninstabilitaet,Observation,2026.0.2,2026.0.3,identical,0,0,0,0,0,False,,
de.medizininformatikinitiative.kerndatensatz.molgen,molgen,https://www.medizininformatik-initiative.de/fhir/ext/modul-molgen/StructureDefinition/mikrosatelliteninstabilitaet,MII_PR_MolGen_Mikrosatelliteninstabilitaet,Observation,2026.0.3,2026.0.4,identical,0,0,0,0,0,False,,
de.medizininformatikinitiative.kerndatensatz.molgen,molgen,https://www.medizininformatik-initiative.de/fhir/ext/modul-molgen/StructureDefinition/mikrosatelliteninstabilitaet,MII_PR_MolGen_Mikrosatelliteninstabilitaet,Observation,2026.0.4,2027.0.0-ballot.1,elements-added,1,0,0,0,0,False,Observation,
de.medizininformatikinitiative.kerndatensatz.molgen,molgen,https://www.medizininformatik-initiative.de/fhir/ext/modul-molgen/StructureDefinition/molekulargenetischer-befundbericht,MII_PR_MolGen_MolekulargenetischerBefundbericht,DiagnosticReport,1.0.0,2025.0.0,canonical-only,0,0,0,0,0,False,,
de.medizininformatikinitiative.kerndatensatz.molgen,molgen,https://www.medizininformatik-initiative.de/fhir/ext/modul-molgen/StructureDefinition/molekulargenetischer-befundbericht,MII_PR_MolGen_MolekulargenetischerBefundbericht,DiagnosticReport,2025.0.0,2026.0.0,mixed,4,7,0,0,0,True,DiagnosticReport.extension:genomic-risk-assessment|DiagnosticReport.extension:genomic-study|DiagnosticReport.extension:workflow-relatedArtifact|DiagnosticReport.result:biomarker,DiagnosticReport.extension:genomics-artifact|DiagnosticReport.extension:genomics-file|DiagnosticReport.extension:genomics-risk-assessment|DiagnosticReport.result:microsatellite-instability|DiagnosticReport.result:overall|DiagnosticReport.result:region-studied|DiagnosticReport.result:tumor-mutation-burden
de.medizininformatikinitiative.kerndatensatz.molgen,molgen,https://www.medizininformatik-initiative.de/fhir/ext/modul-molgen/StructureDefinition/molekulargenetischer-befundbericht,MII_PR_MolGen_MolekulargenetischerBefundbericht,DiagnosticReport,2026.0.0,2026.0.1,identical,0,0,0,0,0,False,,
de.medizininformatikinitiative.kerndatensatz.molgen,molgen,https://www.medizininformatik-initiative.de/fhir/ext/modul-molgen/StructureDefinition/molekulargenetischer-befundbericht,MII_PR_MolGen_MolekulargenetischerBefundbericht,DiagnosticReport,2026.0.1,2026.0.2,identical,0,0,0,0,0,False,,
de.medizininformatikinitiative.kerndatensatz.molgen,molgen,https://www.medizininformatik-initiative.de/fhir/ext/modul-molgen/StructureDefinition/molekulargenetischer-befundbericht,MII_PR_MolGen_MolekulargenetischerBefundbericht,DiagnosticReport,2026.0.2,2026.0.3,identical,0,0,0,0,0,False,,
de.medizininformatikinitiative.kerndatensatz.molgen,molgen,https://www.medizininformatik-initiative.de/fhir/ext/modul-molgen/StructureDefinition/molekulargenetischer-befundbericht,MII_PR_MolGen_MolekulargenetischerBefundbericht,DiagnosticReport,2026.0.3,2026.0.4,identical,0,0,0,0,0,False,,
de.medizininformatikinitiative.kerndatensatz.molgen,molgen,https://www.medizininformatik-initiative.de/fhir/ext/modul-molgen/StructureDefinition/molekulargenetischer-befundbericht,MII_PR_MolGen_MolekulargenetischerBefundbericht,DiagnosticReport,2026.0.4,2027.0.0-ballot.1,modified,0,0,1,0,0,False,,
de.medizininformatikinitiative.kerndatensatz.molgen,molgen,https://www.medizininformatik-initiative.de/fhir/ext/modul-molgen/StructureDefinition/mutationslast,MII_PR_MolGen_Mutationslast,Observation,1.0.0,2025.0.0,canonical-only,0,0,0,0,0,False,,
de.medizininformatikinitiative.kerndatensatz.molgen,molgen,https://www.medizininformatik-initiative.de/fhir/ext/modul-molgen/StructureDefinition/mutationslast,MII_PR_MolGen_Mutationslast,Observation,2025.0.0,2026.0.0,mixed,0,4,3,0,2,True,,Observation.category|Observation.component|Observation.component:conclusion-string|Observation.encounter
de.medizininformatikinitiative.kerndatensatz.molgen,molgen,https://www.medizininformatik-initiative.de/fhir/ext/modul-molgen/StructureDefinition/mutationslast,MII_PR_MolGen_Mutationslast,Observation,2026.0.0,2026.0.1,identical,0,0,0,0,0,False,,
de.medizininformatikinitiative.kerndatensatz.molgen,molgen,https://www.medizininformatik-initiative.de/fhir/ext/modul-molgen/StructureDefinition/mutationslast,MII_PR_MolGen_Mutationslast,Observation,2026.0.1,2026.0.2,identical,0,0,0,0,0,False,,
de.medizininformatikinitiative.kerndatensatz.molgen,molgen,https://www.medizininformatik-initiative.de/fhir/ext/modul-molgen/StructureDefinition/mutationslast,MII_PR_MolGen_Mutationslast,Observation,2026.0.2,2026.0.3,identical,0,0,0,0,0,False,,
de.medizininformatikinitiative.kerndatensatz.molgen,molgen,https://www.medizininformatik-initiative.de/fhir/ext/modul-molgen/StructureDefinition/mutationslast,MII_PR_MolGen_Mutationslast,Observation,2026.0.3,2026.0.4,identical,0,0,0,0,0,False,,
de.medizininformatikinitiative.kerndatensatz.molgen,molgen,https://www.medizininformatik-initiative.de/fhir/ext/modul-molgen/StructureDefinition/mutationslast,MII_PR_MolGen_Mutationslast,Observation,2026.0.4,2027.0.0-ballot.1,elements-added,1,0,0,0,0,False,Observation,
de.medizininformatikinitiative.kerndatensatz.molgen,molgen,https://www.medizininformatik-initiative.de/fhir/ext/modul-molgen/StructureDefinition/polygener-risiko-score,MII_PR_MolGen_PolygenerRisikoScore,RiskAssessment,1.0.0,2025.0.0,mixed,0,1,1,0,0,True,,RiskAssessment.prediction.extension
de.medizininformatikinitiative.kerndatensatz.molgen,molgen,https://www.medizininformatik-initiative.de/fhir/ext/modul-molgen/StructureDefinition/polygener-risiko-score,MII_PR_MolGen_PolygenerRisikoScore,RiskAssessment,2025.0.0,2026.0.0,elements-added,1,0,0,0,0,False,RiskAssessment.prediction.extension,
de.medizininformatikinitiative.kerndatensatz.molgen,molgen,https://www.medizininformatik-initiative.de/fhir/ext/modul-molgen/StructureDefinition/polygener-risiko-score,MII_PR_MolGen_PolygenerRisikoScore,RiskAssessment,2026.0.0,2026.0.1,identical,0,0,0,0,0,False,,
de.medizininformatikinitiative.kerndatensatz.molgen,molgen,https://www.medizininformatik-initiative.de/fhir/ext/modul-molgen/StructureDefinition/polygener-risiko-score,MII_PR_MolGen_PolygenerRisikoScore,RiskAssessment,2026.0.1,2026.0.2,elements-removed,0,1,0,0,0,True,,RiskAssessment.prediction.extension
de.medizininformatikinitiative.kerndatensatz.molgen,molgen,https://www.medizininformatik-initiative.de/fhir/ext/modul-molgen/StructureDefinition/polygener-risiko-score,MII_PR_MolGen_PolygenerRisikoScore,RiskAssessment,2026.0.2,2026.0.3,identical,0,0,0,0,0,False,,
de.medizininformatikinitiative.kerndatensatz.molgen,molgen,https://www.medizininformatik-initiative.de/fhir/ext/modul-molgen/StructureDefinition/polygener-risiko-score,MII_PR_MolGen_PolygenerRisikoScore,RiskAssessment,2026.0.3,2026.0.4,identical,0,0,0,0,0,False,,
de.medizininformatikinitiative.kerndatensatz.molgen,molgen,https://www.medizininformatik-initiative.de/fhir/ext/modul-molgen/StructureDefinition/polygener-risiko-score,MII_PR_MolGen_PolygenerRisikoScore,RiskAssessment,2026.0.4,2027.0.0-ballot.1,elements-added,2,0,0,0,0,False,RiskAssessment|RiskAssessment.prediction.extension,
de.medizininformatikinitiative.kerndatensatz.molgen,molgen,https://www.medizininformatik-initiative.de/fhir/ext/modul-molgen/StructureDefinition/therapeutische-implikation,MII_PR_MolGen_TherapeutischeImplikation,Observation,1.0.0,2025.0.0,canonical-only,0,0,0,0,0,False,,
de.medizininformatikinitiative.kerndatensatz.molgen,molgen,https://www.medizininformatik-initiative.de/fhir/ext/modul-molgen/StructureDefinition/therapeutische-implikation,MII_PR_MolGen_TherapeutischeImplikation,Observation,2025.0.0,2026.0.0,mixed,3,2,0,0,0,True,Observation.component:therapeutic-implication|Observation.effective[x]|Observation.issued,Observation.component:predicted-therapeutic-implication|Observation.component:prognosis
de.medizininformatikinitiative.kerndatensatz.molgen,molgen,https://www.medizininformatik-initiative.de/fhir/ext/modul-molgen/StructureDefinition/therapeutische-implikation,MII_PR_MolGen_TherapeutischeImplikation,Observation,2026.0.0,2026.0.1,identical,0,0,0,0,0,False,,
de.medizininformatikinitiative.kerndatensatz.molgen,molgen,https://www.medizininformatik-initiative.de/fhir/ext/modul-molgen/StructureDefinition/therapeutische-implikation,MII_PR_MolGen_TherapeutischeImplikation,Observation,2026.0.1,2026.0.2,identical,0,0,0,0,0,False,,
de.medizininformatikinitiative.kerndatensatz.molgen,molgen,https://www.medizininformatik-initiative.de/fhir/ext/modul-molgen/StructureDefinition/therapeutische-implikation,MII_PR_MolGen_TherapeutischeImplikation,Observation,2026.0.2,2026.0.3,identical,0,0,0,0,0,False,,
de.medizininformatikinitiative.kerndatensatz.molgen,molgen,https://www.medizininformatik-initiative.de/fhir/ext/modul-molgen/StructureDefinition/therapeutische-implikation,MII_PR_MolGen_TherapeutischeImplikation,Observation,2026.0.3,2026.0.4,identical,0,0,0,0,0,False,,
de.medizininformatikinitiative.kerndatensatz.molgen,molgen,https://www.medizininformatik-initiative.de/fhir/ext/modul-molgen/StructureDefinition/therapeutische-implikation,MII_PR_MolGen_TherapeutischeImplikation,Observation,2026.0.4,2027.0.0-ballot.1,identical,0,0,0,0,0,False,,
de.medizininformatikinitiative.kerndatensatz.molgen,molgen,https://www.medizininformatik-initiative.de/fhir/ext/modul-molgen/StructureDefinition/untersuchte-region,MII_PR_MolGen_UntersuchteRegion,Observation,1.0.0,2025.0.0,canonical-only,0,0,0,0,0,False,,
de.medizininformatikinitiative.kerndatensatz.molgen,molgen,https://www.medizininformatik-initiative.de/fhir/ext/modul-molgen/StructureDefinition/variante,MII_PR_MolGen_Variante,Observation,1.0.0,2025.0.0,canonical-only,0,0,0,0,0,False,,
de.medizininformatikinitiative.kerndatensatz.molgen,molgen,https://www.medizininformatik-initiative.de/fhir/ext/modul-molgen/StructureDefinition/variante,MII_PR_MolGen_Variante,Observation,2025.0.0,2026.0.0,mixed,5,5,0,0,0,True,Observation.component:representative-coding-hgvs|Observation.component:representative-protein-hgvs|Observation.component:representative-transcript-ref-seq|Observation.effective[x]|Observation.issued,Observation.component:amino-acid-change-type|Observation.component:coding-hgvs|Observation.component:molecular-consequence|Observation.component:protein-hgvs|Observation.component:transcript-ref-seq
de.medizininformatikinitiative.kerndatensatz.molgen,molgen,https://www.medizininformatik-initiative.de/fhir/ext/modul-molgen/StructureDefinition/variante,MII_PR_MolGen_Variante,Observation,2026.0.0,2026.0.1,identical,0,0,0,0,0,False,,
de.medizininformatikinitiative.kerndatensatz.molgen,molgen,https://www.medizininformatik-initiative.de/fhir/ext/modul-molgen/StructureDefinition/variante,MII_PR_MolGen_Variante,Observation,2026.0.1,2026.0.2,identical,0,0,0,0,0,False,,
de.medizininformatikinitiative.kerndatensatz.molgen,molgen,https://www.medizininformatik-initiative.de/fhir/ext/modul-molgen/StructureDefinition/variante,MII_PR_MolGen_Variante,Observation,2026.0.2,2026.0.3,identical,0,0,0,0,0,False,,
de.medizininformatikinitiative.kerndatensatz.molgen,molgen,https://www.medizininformatik-initiative.de/fhir/ext/modul-molgen/StructureDefinition/variante,MII_PR_MolGen_Variante,Observation,2026.0.3,2026.0.4,identical,0,0,0,0,0,False,,
de.medizininformatikinitiative.kerndatensatz.molgen,molgen,https://www.medizininformatik-initiative.de/fhir/ext/modul-molgen/StructureDefinition/variante,MII_PR_MolGen_Variante,Observation,2026.0.4,2027.0.0-ballot.1,elements-added,1,0,0,0,0,False,Observation,
de.medizininformatikinitiative.kerndatensatz.mtb,mtb,https://www.medizininformatik-initiative.de/fhir/ext/modul-mtb/StructureDefinition/genomic-study-device,MII_PR_MTB_Genomic_Study_Device,Device,2026.0.0,2026.0.1,identical,0,0,0,0,0,False,,
de.medizininformatikinitiative.kerndatensatz.mtb,mtb,https://www.medizininformatik-initiative.de/fhir/ext/modul-mtb/StructureDefinition/genomic-study-device,MII_PR_MTB_Genomic_Study_Device,Device,2026.0.1,2027.0.0-ballot.1,elements-added,1,0,0,0,0,False,Device,
de.medizininformatikinitiative.kerndatensatz.mtb,mtb,https://www.medizininformatik-initiative.de/fhir/ext/modul-mtb/StructureDefinition/mii-pr-mtb-antrag-kostenuebernahme,MII_PR_MTB_Antrag_Kostenuebernahme,Claim,2026.0.0,2026.0.1,identical,0,0,0,0,0,False,,
de.medizininformatikinitiative.kerndatensatz.mtb,mtb,https://www.medizininformatik-initiative.de/fhir/ext/modul-mtb/StructureDefinition/mii-pr-mtb-antrag-kostenuebernahme,MII_PR_MTB_Antrag_Kostenuebernahme,Claim,2026.0.1,2027.0.0-ballot.1,elements-added,1,0,0,0,0,False,Claim,
de.medizininformatikinitiative.kerndatensatz.mtb,mtb,https://www.medizininformatik-initiative.de/fhir/ext/modul-mtb/StructureDefinition/mii-pr-mtb-antwort-kostenuebernahme,MII_PR_MTB_Antwort_Kostenuebernahme,ClaimResponse,2026.0.0,2026.0.1,canonical-only,0,0,0,0,0,False,,
de.medizininformatikinitiative.kerndatensatz.mtb,mtb,https://www.medizininformatik-initiative.de/fhir/ext/modul-mtb/StructureDefinition/mii-pr-mtb-antwort-kostenuebernahme,MII_PR_MTB_Antwort_Kostenuebernahme,ClaimResponse,2026.0.1,2027.0.0-ballot.1,elements-added,1,0,0,0,0,False,ClaimResponse,
de.medizininformatikinitiative.kerndatensatz.mtb,mtb,https://www.medizininformatik-initiative.de/fhir/ext/modul-mtb/StructureDefinition/mii-pr-mtb-behandlungsepisode,MII_PR_MTB_Behandlungsepisode,ClinicalImpression,2026.0.0,2026.0.1,elements-added,1,0,0,0,0,False,ClinicalImpression.extension,
de.medizininformatikinitiative.kerndatensatz.mtb,mtb,https://www.medizininformatik-initiative.de/fhir/ext/modul-mtb/StructureDefinition/mii-pr-mtb-behandlungsepisode,MII_PR_MTB_Behandlungsepisode,ClinicalImpression,2026.0.1,2027.0.0-ballot.1,elements-added,1,0,0,0,0,False,ClinicalImpression,
de.medizininformatikinitiative.kerndatensatz.mtb,mtb,https://www.medizininformatik-initiative.de/fhir/ext/modul-mtb/StructureDefinition/mii-pr-mtb-biomarker-her2-status,MII_PR_MTB_BIOMARKER_HER2_STATUS,Observation,2026.0.0,2026.0.1,identical,0,0,0,0,0,False,,
de.medizininformatikinitiative.kerndatensatz.mtb,mtb,https://www.medizininformatik-initiative.de/fhir/ext/modul-mtb/StructureDefinition/mii-pr-mtb-biomarker-her2-status,MII_PR_MTB_BIOMARKER_HER2_STATUS,Observation,2026.0.1,2027.0.0-ballot.1,elements-added,1,0,0,0,0,False,Observation,
de.medizininformatikinitiative.kerndatensatz.mtb,mtb,https://www.medizininformatik-initiative.de/fhir/ext/modul-mtb/StructureDefinition/mii-pr-mtb-biopsie-auftrag,MII_PR_MTB_Biopsie_Auftrag,ServiceRequest,2026.0.0,2026.0.1,canonical-only,0,0,0,0,0,False,,
de.medizininformatikinitiative.kerndatensatz.mtb,mtb,https://www.medizininformatik-initiative.de/fhir/ext/modul-mtb/StructureDefinition/mii-pr-mtb-biopsie-auftrag,MII_PR_MTB_Biopsie_Auftrag,ServiceRequest,2026.0.1,2027.0.0-ballot.1,elements-added,1,0,0,0,0,False,ServiceRequest,
de.medizininformatikinitiative.kerndatensatz.mtb,mtb,https://www.medizininformatik-initiative.de/fhir/ext/modul-mtb/StructureDefinition/mii-pr-mtb-brcaness,MII_PR_MTB_BRCAness,Observation,2026.0.0,2026.0.1,identical,0,0,0,0,0,False,,
de.medizininformatikinitiative.kerndatensatz.mtb,mtb,https://www.medizininformatik-initiative.de/fhir/ext/modul-mtb/StructureDefinition/mii-pr-mtb-brcaness,MII_PR_MTB_BRCAness,Observation,2026.0.1,2027.0.0-ballot.1,elements-added,1,0,0,0,0,False,Observation,
de.medizininformatikinitiative.kerndatensatz.mtb,mtb,https://www.medizininformatik-initiative.de/fhir/ext/modul-mtb/StructureDefinition/mii-pr-mtb-consent-given,MII_PR_MTB_Consent_Given,Observation,2026.0.0,2026.0.1,identical,0,0,0,0,0,False,,
de.medizininformatikinitiative.kerndatensatz.mtb,mtb,https://www.medizininformatik-initiative.de/fhir/ext/modul-mtb/StructureDefinition/mii-pr-mtb-consent-given,MII_PR_MTB_Consent_Given,Observation,2026.0.1,2027.0.0-ballot.1,elements-added,1,0,0,0,0,False,Observation,
de.medizininformatikinitiative.kerndatensatz.mtb,mtb,https://www.medizininformatik-initiative.de/fhir/ext/modul-mtb/StructureDefinition/mii-pr-mtb-copy-number-variant,MII_PR_MTB_Copy_Number_Variant,Observation,2026.0.0,2026.0.1,identical,0,0,0,0,0,False,,
de.medizininformatikinitiative.kerndatensatz.mtb,mtb,https://www.medizininformatik-initiative.de/fhir/ext/modul-mtb/StructureDefinition/mii-pr-mtb-copy-number-variant,MII_PR_MTB_Copy_Number_Variant,Observation,2026.0.1,2027.0.0-ballot.1,elements-added,1,0,0,0,0,False,Observation,
de.medizininformatikinitiative.kerndatensatz.mtb,mtb,https://www.medizininformatik-initiative.de/fhir/ext/modul-mtb/StructureDefinition/mii-pr-mtb-diagnose-primaertumor,MII_PR_MTB_Diagnose_Primaertumor,Condition,2026.0.0,2026.0.1,identical,0,0,0,0,0,False,,
de.medizininformatikinitiative.kerndatensatz.mtb,mtb,https://www.medizininformatik-initiative.de/fhir/ext/modul-mtb/StructureDefinition/mii-pr-mtb-diagnose-primaertumor,MII_PR_MTB_Diagnose_Primaertumor,Condition,2026.0.1,2027.0.0-ballot.1,elements-added,1,0,0,0,0,False,Condition,
de.medizininformatikinitiative.kerndatensatz.mtb,mtb,https://www.medizininformatik-initiative.de/fhir/ext/modul-mtb/StructureDefinition/mii-pr-mtb-diagnostische-implikation,MII_PR_MTB_Diagnostische_Implikation,Observation,2026.0.0,2026.0.1,identical,0,0,0,0,0,False,,
de.medizininformatikinitiative.kerndatensatz.mtb,mtb,https://www.medizininformatik-initiative.de/fhir/ext/modul-mtb/StructureDefinition/mii-pr-mtb-diagnostische-implikation,MII_PR_MTB_Diagnostische_Implikation,Observation,2026.0.1,2027.0.0-ballot.1,elements-added,1,0,0,0,0,False,Observation,
de.medizininformatikinitiative.kerndatensatz.mtb,mtb,https://www.medizininformatik-initiative.de/fhir/ext/modul-mtb/StructureDefinition/mii-pr-mtb-dna-fusion,MII_PR_MTB_DNA_Fusion,Observation,2026.0.0,2026.0.1,identical,0,0,0,0,0,False,,
de.medizininformatikinitiative.kerndatensatz.mtb,mtb,https://www.medizininformatik-initiative.de/fhir/ext/modul-mtb/StructureDefinition/mii-pr-mtb-dna-fusion,MII_PR_MTB_DNA_Fusion,Observation,2026.0.1,2027.0.0-ballot.1,elements-added,1,0,0,0,0,False,Observation,
de.medizininformatikinitiative.kerndatensatz.mtb,mtb,https://www.medizininformatik-initiative.de/fhir/ext/modul-mtb/StructureDefinition/mii-pr-mtb-einfache-variante,MII_PR_MTB_Einfache_Variante,Observation,2026.0.0,2026.0.1,identical,0,0,0,0,0,False,,
de.medizininformatikinitiative.kerndatensatz.mtb,mtb,https://www.medizininformatik-initiative.de/fhir/ext/modul-mtb/StructureDefinition/mii-pr-mtb-einfache-variante,MII_PR_MTB_Einfache_Variante,Observation,2026.0.1,2027.0.0-ballot.1,elements-added,1,0,0,0,0,False,Observation,
de.medizininformatikinitiative.kerndatensatz.mtb,mtb,https://www.medizininformatik-initiative.de/fhir/ext/modul-mtb/StructureDefinition/mii-pr-mtb-follow-up-clinicalimpression,MII_PR_MTB_Follow_Up_ClinicalImpression,ClinicalImpression,2026.0.0,2026.0.1,identical,0,0,0,0,0,False,,
de.medizininformatikinitiative.kerndatensatz.mtb,mtb,https://www.medizininformatik-initiative.de/fhir/ext/modul-mtb/StructureDefinition/mii-pr-mtb-follow-up-clinicalimpression,MII_PR_MTB_Follow_Up_ClinicalImpression,ClinicalImpression,2026.0.1,2027.0.0-ballot.1,elements-added,1,0,0,0,0,False,ClinicalImpression,
de.medizininformatikinitiative.kerndatensatz.mtb,mtb,https://www.medizininformatik-initiative.de/fhir/ext/modul-mtb/StructureDefinition/mii-pr-mtb-genomic-study,MII_PR_MTB_Genomic_Study,Procedure,2026.0.0,2026.0.1,identical,0,0,0,0,0,False,,
de.medizininformatikinitiative.kerndatensatz.mtb,mtb,https://www.medizininformatik-initiative.de/fhir/ext/modul-mtb/StructureDefinition/mii-pr-mtb-genomic-study,MII_PR_MTB_Genomic_Study,Procedure,2026.0.1,2027.0.0-ballot.1,elements-added,1,0,0,0,0,False,Procedure,
de.medizininformatikinitiative.kerndatensatz.mtb,mtb,https://www.medizininformatik-initiative.de/fhir/ext/modul-mtb/StructureDefinition/mii-pr-mtb-genomic-study-analysis,MII_PR_MTB_Genomic_Study_Analysis,Procedure,2026.0.0,2026.0.1,identical,0,0,0,0,0,False,,
de.medizininformatikinitiative.kerndatensatz.mtb,mtb,https://www.medizininformatik-initiative.de/fhir/ext/modul-mtb/StructureDefinition/mii-pr-mtb-genomic-study-analysis,MII_PR_MTB_Genomic_Study_Analysis,Procedure,2026.0.1,2027.0.0-ballot.1,elements-added,1,0,0,0,0,False,Procedure,
de.medizininformatikinitiative.kerndatensatz.mtb,mtb,https://www.medizininformatik-initiative.de/fhir/ext/modul-mtb/StructureDefinition/mii-pr-mtb-histologie-evaluation-auftrag,MII_PR_MTB_Histologie_Evaluation_Auftrag,ServiceRequest,2026.0.0,2026.0.1,canonical-only,0,0,0,0,0,False,,
de.medizininformatikinitiative.kerndatensatz.mtb,mtb,https://www.medizininformatik-initiative.de/fhir/ext/modul-mtb/StructureDefinition/mii-pr-mtb-histologie-evaluation-auftrag,MII_PR_MTB_Histologie_Evaluation_Auftrag,ServiceRequest,2026.0.1,2027.0.0-ballot.1,elements-added,1,0,0,0,0,False,ServiceRequest,
de.medizininformatikinitiative.kerndatensatz.mtb,mtb,https://www.medizininformatik-initiative.de/fhir/ext/modul-mtb/StructureDefinition/mii-pr-mtb-hrd-score,MII_PR_MTB_HRD_Score,Observation,2026.0.0,2026.0.1,identical,0,0,0,0,0,False,,
de.medizininformatikinitiative.kerndatensatz.mtb,mtb,https://www.medizininformatik-initiative.de/fhir/ext/modul-mtb/StructureDefinition/mii-pr-mtb-hrd-score,MII_PR_MTB_HRD_Score,Observation,2026.0.1,2027.0.0-ballot.1,elements-added,1,0,0,0,0,False,Observation,
de.medizininformatikinitiative.kerndatensatz.mtb,mtb,https://www.medizininformatik-initiative.de/fhir/ext/modul-mtb/StructureDefinition/mii-pr-mtb-humangenetische-beratung-auftrag,MII_PR_MTB_Humangenetische_Beratung_Auftrag,ServiceRequest,2026.0.0,2026.0.1,canonical-only,0,0,0,0,0,False,,
de.medizininformatikinitiative.kerndatensatz.mtb,mtb,https://www.medizininformatik-initiative.de/fhir/ext/modul-mtb/StructureDefinition/mii-pr-mtb-humangenetische-beratung-auftrag,MII_PR_MTB_Humangenetische_Beratung_Auftrag,ServiceRequest,2026.0.1,2027.0.0-ballot.1,elements-added,1,0,0,0,0,False,ServiceRequest,
de.medizininformatikinitiative.kerndatensatz.mtb,mtb,https://www.medizininformatik-initiative.de/fhir/ext/modul-mtb/StructureDefinition/mii-pr-mtb-immunohistochemistry,MII_PR_MTB_Immunohistochemistry,Observation,2026.0.0,2026.0.1,identical,0,0,0,0,0,False,,
de.medizininformatikinitiative.kerndatensatz.mtb,mtb,https://www.medizininformatik-initiative.de/fhir/ext/modul-mtb/StructureDefinition/mii-pr-mtb-immunohistochemistry,MII_PR_MTB_Immunohistochemistry,Observation,2026.0.1,2027.0.0-ballot.1,identical,0,0,0,0,0,False,,
de.medizininformatikinitiative.kerndatensatz.mtb,mtb,https://www.medizininformatik-initiative.de/fhir/ext/modul-mtb/StructureDefinition/mii-pr-mtb-immunohistochemistry-her2,MII_PR_MTB_IMMUNOHISTOCHEMISTRY_HER2,Observation,2026.0.0,2026.0.1,identical,0,0,0,0,0,False,,
de.medizininformatikinitiative.kerndatensatz.mtb,mtb,https://www.medizininformatik-initiative.de/fhir/ext/modul-mtb/StructureDefinition/mii-pr-mtb-immunohistochemistry-her2,MII_PR_MTB_IMMUNOHISTOCHEMISTRY_HER2,Observation,2026.0.1,2027.0.0-ballot.1,elements-added,1,0,0,0,0,False,Observation,
de.medizininformatikinitiative.kerndatensatz.mtb,mtb,https://www.medizininformatik-initiative.de/fhir/ext/modul-mtb/StructureDefinition/mii-pr-mtb-immunohistochemistry-mmr,MII_PR_MTB_Immunohistochemistry_MMR,Observation,2026.0.0,2026.0.1,identical,0,0,0,0,0,False,,
de.medizininformatikinitiative.kerndatensatz.mtb,mtb,https://www.medizininformatik-initiative.de/fhir/ext/modul-mtb/StructureDefinition/mii-pr-mtb-immunohistochemistry-mmr,MII_PR_MTB_Immunohistochemistry_MMR,Observation,2026.0.1,2027.0.0-ballot.1,elements-added,1,0,0,0,0,False,Observation,
de.medizininformatikinitiative.kerndatensatz.mtb,mtb,https://www.medizininformatik-initiative.de/fhir/ext/modul-mtb/StructureDefinition/mii-pr-mtb-immunohistochemistry-pdl1,MII_PR_MTB_Immunohistochemistry_PDL1,Observation,2026.0.0,2026.0.1,identical,0,0,0,0,0,False,,
de.medizininformatikinitiative.kerndatensatz.mtb,mtb,https://www.medizininformatik-initiative.de/fhir/ext/modul-mtb/StructureDefinition/mii-pr-mtb-immunohistochemistry-pdl1,MII_PR_MTB_Immunohistochemistry_PDL1,Observation,2026.0.1,2027.0.0-ballot.1,elements-added,1,0,0,0,0,False,Observation,
de.medizininformatikinitiative.kerndatensatz.mtb,mtb,https://www.medizininformatik-initiative.de/fhir/ext/modul-mtb/StructureDefinition/mii-pr-mtb-immunohistochemistry-phosphorylation,MII_PR_MTB_Immunohistochemistry_Phosphorylation,Observation,2026.0.0,2026.0.1,identical,0,0,0,0,0,False,,
de.medizininformatikinitiative.kerndatensatz.mtb,mtb,https://www.medizininformatik-initiative.de/fhir/ext/modul-mtb/StructureDefinition/mii-pr-mtb-immunohistochemistry-phosphorylation,MII_PR_MTB_Immunohistochemistry_Phosphorylation,Observation,2026.0.1,2027.0.0-ballot.1,elements-added,1,0,0,0,0,False,Observation,
de.medizininformatikinitiative.kerndatensatz.mtb,mtb,https://www.medizininformatik-initiative.de/fhir/ext/modul-mtb/StructureDefinition/mii-pr-mtb-insituhybridization,MII_PR_MTB_Biomarker_InSituHybridization,Observation,2026.0.0,2026.0.1,identical,0,0,0,0,0,False,,
de.medizininformatikinitiative.kerndatensatz.mtb,mtb,https://www.medizininformatik-initiative.de/fhir/ext/modul-mtb/StructureDefinition/mii-pr-mtb-insituhybridization,MII_PR_MTB_Biomarker_InSituHybridization,Observation,2026.0.1,2027.0.0-ballot.1,identical,0,0,0,0,0,False,,
de.medizininformatikinitiative.kerndatensatz.mtb,mtb,https://www.medizininformatik-initiative.de/fhir/ext/modul-mtb/StructureDefinition/mii-pr-mtb-insituhybridization-her2,MII_PR_MTB_INSITUHYBRIDIZATION_HER2,Observation,2026.0.0,2026.0.1,identical,0,0,0,0,0,False,,
de.medizininformatikinitiative.kerndatensatz.mtb,mtb,https://www.medizininformatik-initiative.de/fhir/ext/modul-mtb/StructureDefinition/mii-pr-mtb-insituhybridization-her2,MII_PR_MTB_INSITUHYBRIDIZATION_HER2,Observation,2026.0.1,2027.0.0-ballot.1,elements-added,1,0,0,0,0,False,Observation,
de.medizininformatikinitiative.kerndatensatz.mtb,mtb,https://www.medizininformatik-initiative.de/fhir/ext/modul-mtb/StructureDefinition/mii-pr-mtb-mikrosatelliteninstabilitaet,MII_PR_MTB_Mikrosatelliteninstabilitaet,Observation,2026.0.0,2026.0.1,identical,0,0,0,0,0,False,,
de.medizininformatikinitiative.kerndatensatz.mtb,mtb,https://www.medizininformatik-initiative.de/fhir/ext/modul-mtb/StructureDefinition/mii-pr-mtb-mikrosatelliteninstabilitaet,MII_PR_MTB_Mikrosatelliteninstabilitaet,Observation,2026.0.1,2027.0.0-ballot.1,elements-added,1,0,0,0,0,False,Observation,
de.medizininformatikinitiative.kerndatensatz.mtb,mtb,https://www.medizininformatik-initiative.de/fhir/ext/modul-mtb/StructureDefinition/mii-pr-mtb-molecular-pathology-report,MII_PR_MTB_Molecular_Pathology_Report,DiagnosticReport,2026.0.0,2026.0.1,identical,0,0,0,0,0,False,,
de.medizininformatikinitiative.kerndatensatz.mtb,mtb,https://www.medizininformatik-initiative.de/fhir/ext/modul-mtb/StructureDefinition/mii-pr-mtb-molecular-pathology-report,MII_PR_MTB_Molecular_Pathology_Report,DiagnosticReport,2026.0.1,2027.0.0-ballot.1,elements-added,1,0,0,0,0,False,DiagnosticReport,
de.medizininformatikinitiative.kerndatensatz.mtb,mtb,https://www.medizininformatik-initiative.de/fhir/ext/modul-mtb/StructureDefinition/mii-pr-mtb-molekularer-biomarker,MII_PR_MTB_Molekularer_Biomarker,Observation,2026.0.0,2026.0.1,identical,0,0,0,0,0,False,,
de.medizininformatikinitiative.kerndatensatz.mtb,mtb,https://www.medizininformatik-initiative.de/fhir/ext/modul-mtb/StructureDefinition/mii-pr-mtb-molekularer-biomarker,MII_PR_MTB_Molekularer_Biomarker,Observation,2026.0.1,2027.0.0-ballot.1,elements-added,1,0,0,0,0,False,Observation,
de.medizininformatikinitiative.kerndatensatz.mtb,mtb,https://www.medizininformatik-initiative.de/fhir/ext/modul-mtb/StructureDefinition/mii-pr-mtb-msi,MII_PR_MTB_Immunohistochemistry_MSI,Observation,2026.0.0,2026.0.1,identical,0,0,0,0,0,False,,
de.medizininformatikinitiative.kerndatensatz.mtb,mtb,https://www.medizininformatik-initiative.de/fhir/ext/modul-mtb/StructureDefinition/mii-pr-mtb-msi,MII_PR_MTB_Immunohistochemistry_MSI,Observation,2026.0.1,2027.0.0-ballot.1,elements-added,1,0,0,0,0,False,Observation,
de.medizininformatikinitiative.kerndatensatz.mtb,mtb,https://www.medizininformatik-initiative.de/fhir/ext/modul-mtb/StructureDefinition/mii-pr-mtb-mutationslast,MII_PR_MTB_Mutationslast,Observation,2026.0.0,2026.0.1,identical,0,0,0,0,0,False,,
de.medizininformatikinitiative.kerndatensatz.mtb,mtb,https://www.medizininformatik-initiative.de/fhir/ext/modul-mtb/StructureDefinition/mii-pr-mtb-mutationslast,MII_PR_MTB_Mutationslast,Observation,2026.0.1,2027.0.0-ballot.1,elements-added,1,0,0,0,0,False,Observation,
de.medizininformatikinitiative.kerndatensatz.mtb,mtb,https://www.medizininformatik-initiative.de/fhir/ext/modul-mtb/StructureDefinition/mii-pr-mtb-ngs-bericht,MII_PR_MTB_NGS_Bericht,DiagnosticReport,2026.0.0,2026.0.1,identical,0,0,0,0,0,False,,
de.medizininformatikinitiative.kerndatensatz.mtb,mtb,https://www.medizininformatik-initiative.de/fhir/ext/modul-mtb/StructureDefinition/mii-pr-mtb-ngs-bericht,MII_PR_MTB_NGS_Bericht,DiagnosticReport,2026.0.1,2027.0.0-ballot.1,elements-added,1,0,0,0,0,False,DiagnosticReport,
de.medizininformatikinitiative.kerndatensatz.mtb,mtb,https://www.medizininformatik-initiative.de/fhir/ext/modul-mtb/StructureDefinition/mii-pr-mtb-oncotree,MII_PR_MTB_Oncotree,Observation,2026.0.0,2026.0.1,identical,0,0,0,0,0,False,,
de.medizininformatikinitiative.kerndatensatz.mtb,mtb,https://www.medizininformatik-initiative.de/fhir/ext/modul-mtb/StructureDefinition/mii-pr-mtb-oncotree,MII_PR_MTB_Oncotree,Observation,2026.0.1,2027.0.0-ballot.1,elements-added,1,0,0,0,0,False,Observation,
de.medizininformatikinitiative.kerndatensatz.mtb,mtb,https://www.medizininformatik-initiative.de/fhir/ext/modul-mtb/StructureDefinition/mii-pr-mtb-ploidie,MII_PR_MTB_Ploidie,Observation,2026.0.0,2026.0.1,identical,0,0,0,0,0,False,,
de.medizininformatikinitiative.kerndatensatz.mtb,mtb,https://www.medizininformatik-initiative.de/fhir/ext/modul-mtb/StructureDefinition/mii-pr-mtb-ploidie,MII_PR_MTB_Ploidie,Observation,2026.0.1,2027.0.0-ballot.1,elements-added,1,0,0,0,0,False,Observation,
de.medizininformatikinitiative.kerndatensatz.mtb,mtb,https://www.medizininformatik-initiative.de/fhir/ext/modul-mtb/StructureDefinition/mii-pr-mtb-response-befund,MII_PR_MTB_Response_Befund,Observation,2026.0.0,2026.0.1,identical,0,0,0,0,0,False,,
de.medizininformatikinitiative.kerndatensatz.mtb,mtb,https://www.medizininformatik-initiative.de/fhir/ext/modul-mtb/StructureDefinition/mii-pr-mtb-response-befund,MII_PR_MTB_Response_Befund,Observation,2026.0.1,2027.0.0-ballot.1,elements-added,1,0,0,0,0,False,Observation,
de.medizininformatikinitiative.kerndatensatz.mtb,mtb,https://www.medizininformatik-initiative.de/fhir/ext/modul-mtb/StructureDefinition/mii-pr-mtb-rna-fusion,MII_PR_MTB_RNA_Fusion,Observation,2026.0.0,2026.0.1,identical,0,0,0,0,0,False,,
de.medizininformatikinitiative.kerndatensatz.mtb,mtb,https://www.medizininformatik-initiative.de/fhir/ext/modul-mtb/StructureDefinition/mii-pr-mtb-rna-fusion,MII_PR_MTB_RNA_Fusion,Observation,2026.0.1,2027.0.0-ballot.1,elements-added,1,0,0,0,0,False,Observation,
de.medizininformatikinitiative.kerndatensatz.mtb,mtb,https://www.medizininformatik-initiative.de/fhir/ext/modul-mtb/StructureDefinition/mii-pr-mtb-rna-seq,MII_PR_MTB_RNA_Seq,Observation,2026.0.0,2026.0.1,identical,0,0,0,0,0,False,,
de.medizininformatikinitiative.kerndatensatz.mtb,mtb,https://www.medizininformatik-initiative.de/fhir/ext/modul-mtb/StructureDefinition/mii-pr-mtb-rna-seq,MII_PR_MTB_RNA_Seq,Observation,2026.0.1,2027.0.0-ballot.1,elements-added,2,0,0,0,0,False,Observation|Observation.value[x],
de.medizininformatikinitiative.kerndatensatz.mtb,mtb,https://www.medizininformatik-initiative.de/fhir/ext/modul-mtb/StructureDefinition/mii-pr-mtb-studie,MII_PR_MTB_Studie,ResearchStudy,2026.0.0,2026.0.1,identical,0,0,0,0,0,False,,
de.medizininformatikinitiative.kerndatensatz.mtb,mtb,https://www.medizininformatik-initiative.de/fhir/ext/modul-mtb/StructureDefinition/mii-pr-mtb-studie,MII_PR_MTB_Studie,ResearchStudy,2026.0.1,2027.0.0-ballot.1,elements-added,1,0,0,0,0,False,ResearchStudy,
de.medizininformatikinitiative.kerndatensatz.mtb,mtb,https://www.medizininformatik-initiative.de/fhir/ext/modul-mtb/StructureDefinition/mii-pr-mtb-studieneinschluss-anfrage,MII_PR_MTB_Studieneinschluss_Anfrage,ServiceRequest,2026.0.0,2026.0.1,elements-added,1,0,0,0,0,False,ServiceRequest.extension,
de.medizininformatikinitiative.kerndatensatz.mtb,mtb,https://www.medizininformatik-initiative.de/fhir/ext/modul-mtb/StructureDefinition/mii-pr-mtb-studieneinschluss-anfrage,MII_PR_MTB_Studieneinschluss_Anfrage,ServiceRequest,2026.0.1,2027.0.0-ballot.1,elements-added,1,0,0,0,0,False,ServiceRequest,
de.medizininformatikinitiative.kerndatensatz.mtb,mtb,https://www.medizininformatik-initiative.de/fhir/ext/modul-mtb/StructureDefinition/mii-pr-mtb-systemische-therapie,MII_PR_MTB_Systemische_Therapie,Procedure,2026.0.0,2026.0.1,canonical-only,0,0,0,0,0,False,,
de.medizininformatikinitiative.kerndatensatz.mtb,mtb,https://www.medizininformatik-initiative.de/fhir/ext/modul-mtb/StructureDefinition/mii-pr-mtb-systemische-therapie,MII_PR_MTB_Systemische_Therapie,Procedure,2026.0.1,2027.0.0-ballot.1,mixed,2,0,1,0,0,True,Procedure|Procedure.basedOn:tumorkonferenz,
de.medizininformatikinitiative.kerndatensatz.mtb,mtb,https://www.medizininformatik-initiative.de/fhir/ext/modul-mtb/StructureDefinition/mii-pr-mtb-systemische-vortherapie,MII_PR_MTB_Systemische_Vortherapie,Procedure,2026.0.0,2026.0.1,identical,0,0,0,0,0,False,,
de.medizininformatikinitiative.kerndatensatz.mtb,mtb,https://www.medizininformatik-initiative.de/fhir/ext/modul-mtb/StructureDefinition/mii-pr-mtb-systemische-vortherapie,MII_PR_MTB_Systemische_Vortherapie,Procedure,2026.0.1,2027.0.0-ballot.1,mixed,2,2,0,0,0,True,Procedure|Procedure.basedOn:tumorkonferenz,Procedure.basedOn|Procedure.basedOn:Therapieplan
de.medizininformatikinitiative.kerndatensatz.mtb,mtb,https://www.medizininformatik-initiative.de/fhir/ext/modul-mtb/StructureDefinition/mii-pr-mtb-systemtherapie-medication-statement,MII_PR_MTB_Systemische_Therapie_Medication_Statement,MedicationStatement,2026.0.0,2026.0.1,identical,0,0,0,0,0,False,,
de.medizininformatikinitiative.kerndatensatz.mtb,mtb,https://www.medizininformatik-initiative.de/fhir/ext/modul-mtb/StructureDefinition/mii-pr-mtb-systemtherapie-medication-statement,MII_PR_MTB_Systemische_Therapie_Medication_Statement,MedicationStatement,2026.0.1,2027.0.0-ballot.1,elements-added,1,0,0,0,0,False,MedicationStatement,
de.medizininformatikinitiative.kerndatensatz.mtb,mtb,https://www.medizininformatik-initiative.de/fhir/ext/modul-mtb/StructureDefinition/mii-pr-mtb-therapeutische-implikation,MII_PR_MTB_Therapeutische_Implikation,Observation,2026.0.0,2026.0.1,identical,0,0,0,0,0,False,,
de.medizininformatikinitiative.kerndatensatz.mtb,mtb,https://www.medizininformatik-initiative.de/fhir/ext/modul-mtb/StructureDefinition/mii-pr-mtb-therapeutische-implikation,MII_PR_MTB_Therapeutische_Implikation,Observation,2026.0.1,2027.0.0-ballot.1,elements-added,1,0,0,0,0,False,Observation,
de.medizininformatikinitiative.kerndatensatz.mtb,mtb,https://www.medizininformatik-initiative.de/fhir/ext/modul-mtb/StructureDefinition/mii-pr-mtb-therapieempfehlung,MII_PR_MTB_Therapieempfehlung,MedicationRequest,2026.0.0,2026.0.1,canonical-only,0,0,0,0,0,False,,
de.medizininformatikinitiative.kerndatensatz.mtb,mtb,https://www.medizininformatik-initiative.de/fhir/ext/modul-mtb/StructureDefinition/mii-pr-mtb-therapieempfehlung,MII_PR_MTB_Therapieempfehlung,MedicationRequest,2026.0.1,2027.0.0-ballot.1,elements-added,2,0,0,0,0,False,MedicationRequest|MedicationRequest.extension,
de.medizininformatikinitiative.kerndatensatz.mtb,mtb,https://www.medizininformatik-initiative.de/fhir/ext/modul-mtb/StructureDefinition/mii-pr-mtb-therapieempfehlung-kombination,MII_PR_MTB_Therapieempfehlung_Kombination,RequestGroup,2026.0.0,2026.0.1,canonical-only,0,0,0,0,0,False,,
de.medizininformatikinitiative.kerndatensatz.mtb,mtb,https://www.medizininformatik-initiative.de/fhir/ext/modul-mtb/StructureDefinition/mii-pr-mtb-therapieempfehlung-kombination,MII_PR_MTB_Therapieempfehlung_Kombination,RequestGroup,2026.0.1,2027.0.0-ballot.1,elements-added,2,0,0,0,0,False,RequestGroup|RequestGroup.extension,
de.medizininformatikinitiative.kerndatensatz.mtb,mtb,https://www.medizininformatik-initiative.de/fhir/ext/modul-mtb/StructureDefinition/mii-pr-mtb-therapieplan,MII_PR_MTB_Therapieplan,CarePlan,2026.0.0,2026.0.1,canonical-only,0,0,0,0,0,False,,
de.medizininformatikinitiative.kerndatensatz.mtb,mtb,https://www.medizininformatik-initiative.de/fhir/ext/modul-mtb/StructureDefinition/mii-pr-mtb-therapieplan,MII_PR_MTB_Therapieplan,CarePlan,2026.0.1,2027.0.0-ballot.1,elements-added,1,0,0,0,0,False,CarePlan,
de.medizininformatikinitiative.kerndatensatz.mtb,mtb,https://www.medizininformatik-initiative.de/fhir/ext/modul-mtb/StructureDefinition/mii-pr-mtb-tumorausbreitung,MII_PR_MTB_Tumorausbreitung,Observation,2026.0.0,2026.0.1,identical,0,0,0,0,0,False,,
de.medizininformatikinitiative.kerndatensatz.mtb,mtb,https://www.medizininformatik-initiative.de/fhir/ext/modul-mtb/StructureDefinition/mii-pr-mtb-tumorausbreitung,MII_PR_MTB_Tumorausbreitung,Observation,2026.0.1,2027.0.0-ballot.1,elements-added,1,0,0,0,0,False,Observation,
de.medizininformatikinitiative.kerndatensatz.mtb,mtb,https://www.medizininformatik-initiative.de/fhir/ext/modul-mtb/StructureDefinition/mii-pr-mtb-tumorzellgehalt,MII_PR_MTB_Tumorzellgehalt,Observation,2026.0.0,2026.0.1,identical,0,0,0,0,0,False,,
de.medizininformatikinitiative.kerndatensatz.mtb,mtb,https://www.medizininformatik-initiative.de/fhir/ext/modul-mtb/StructureDefinition/mii-pr-mtb-tumorzellgehalt,MII_PR_MTB_Tumorzellgehalt,Observation,2026.0.1,2027.0.0-ballot.1,elements-added,1,0,0,0,0,False,Observation,
de.medizininformatikinitiative.kerndatensatz.mtb,mtb,https://www.medizininformatik-initiative.de/fhir/ext/modul-mtb/StructureDefinition/mii-pr-mtb-who-grad-tumor-zns,MII_PR_MTB_WHO_Grad_Tumor_ZNS,Observation,2026.0.0,2026.0.1,identical,0,0,0,0,0,False,,
de.medizininformatikinitiative.kerndatensatz.mtb,mtb,https://www.medizininformatik-initiative.de/fhir/ext/modul-mtb/StructureDefinition/mii-pr-mtb-who-grad-tumor-zns,MII_PR_MTB_WHO_Grad_Tumor_ZNS,Observation,2026.0.1,2027.0.0-ballot.1,elements-added,1,0,0,0,0,False,Observation,
de.medizininformatikinitiative.kerndatensatz.onkologie,onkologie,https://www.medizininformatik-initiative.de/fhir/ext/modul-onko/StructureDefinition/mii-pr-onko-allgemeiner-leistungszustand-ecog,MII_PR_Onko_Allgemeiner_Leistungszustand_ECOG,Observation,2025.0.0,2025.0.1,identical,0,0,0,0,0,False,,
de.medizininformatikinitiative.kerndatensatz.onkologie,onkologie,https://www.medizininformatik-initiative.de/fhir/ext/modul-onko/StructureDefinition/mii-pr-onko-allgemeiner-leistungszustand-ecog,MII_PR_Onko_Allgemeiner_Leistungszustand_ECOG,Observation,2025.0.1,2025.0.2,identical,0,0,0,0,0,False,,
de.medizininformatikinitiative.kerndatensatz.onkologie,onkologie,https://www.medizininformatik-initiative.de/fhir/ext/modul-onko/StructureDefinition/mii-pr-onko-allgemeiner-leistungszustand-ecog,MII_PR_Onko_Allgemeiner_Leistungszustand_ECOG,Observation,2025.0.2,2025.0.3,identical,0,0,0,0,0,False,,
de.medizininformatikinitiative.kerndatensatz.onkologie,onkologie,https://www.medizininformatik-initiative.de/fhir/ext/modul-onko/StructureDefinition/mii-pr-onko-allgemeiner-leistungszustand-ecog,MII_PR_Onko_Allgemeiner_Leistungszustand_ECOG,Observation,2025.0.3,2025.0.4,identical,0,0,0,0,0,False,,
de.medizininformatikinitiative.kerndatensatz.onkologie,onkologie,https://www.medizininformatik-initiative.de/fhir/ext/modul-onko/StructureDefinition/mii-pr-onko-allgemeiner-leistungszustand-ecog,MII_PR_Onko_Allgemeiner_Leistungszustand_ECOG,Observation,2025.0.4,2025.1.0,identical,0,0,0,0,0,False,,
de.medizininformatikinitiative.kerndatensatz.onkologie,onkologie,https://www.medizininformatik-initiative.de/fhir/ext/modul-onko/StructureDefinition/mii-pr-onko-allgemeiner-leistungszustand-ecog,MII_PR_Onko_Allgemeiner_Leistungszustand_ECOG,Observation,2025.1.0,2026.0.0,mixed,12,3,2,0,1,True,Observation.code.coding:loinc|Observation.code.coding:loinc.code|Observation.code.coding:loinc.system|Observation.code.coding:snomed|Observation.code.coding:snomed.code|Observation.code.coding:snomed.system|Observation.value[x].coding:loinc|Observation.value[x].coding:loinc.code|Observation.value[x].coding:loinc.system|Observation.value[x].coding:obds|Observation.value[x].coding:obds.code|Observation.value[x].coding:obds.system,Observation.code.coding.code|Observation.code.coding.system|Observation.value[x].coding.system
de.medizininformatikinitiative.kerndatensatz.onkologie,onkologie,https://www.medizininformatik-initiative.de/fhir/ext/modul-onko/StructureDefinition/mii-pr-onko-allgemeiner-leistungszustand-ecog,MII_PR_Onko_Allgemeiner_Leistungszustand_ECOG,Observation,2026.0.0,2026.0.1,identical,0,0,0,0,0,False,,
de.medizininformatikinitiative.kerndatensatz.onkologie,onkologie,https://www.medizininformatik-initiative.de/fhir/ext/modul-onko/StructureDefinition/mii-pr-onko-allgemeiner-leistungszustand-ecog,MII_PR_Onko_Allgemeiner_Leistungszustand_ECOG,Observation,2026.0.1,2026.0.2,canonical-only,0,0,0,0,0,False,,
de.medizininformatikinitiative.kerndatensatz.onkologie,onkologie,https://www.medizininformatik-initiative.de/fhir/ext/modul-onko/StructureDefinition/mii-pr-onko-allgemeiner-leistungszustand-ecog,MII_PR_Onko_Allgemeiner_Leistungszustand_ECOG,Observation,2026.0.2,2026.0.3,canonical-only,0,0,0,0,0,False,,
de.medizininformatikinitiative.kerndatensatz.onkologie,onkologie,https://www.medizininformatik-initiative.de/fhir/ext/modul-onko/StructureDefinition/mii-pr-onko-allgemeiner-leistungszustand-ecog,MII_PR_Onko_Allgemeiner_Leistungszustand_ECOG,Observation,2026.0.3,2027.0.0-ballot.1,mixed,1,0,1,0,0,True,Observation.focus,
de.medizininformatikinitiative.kerndatensatz.onkologie,onkologie,https://www.medizininformatik-initiative.de/fhir/ext/modul-onko/StructureDefinition/mii-pr-onko-allgemeiner-leistungszustand-karnofsky,MII_PR_Onko_Allgemeiner_Leistungszustand_Karnofsky,Observation,2025.0.0,2025.0.1,identical,0,0,0,0,0,False,,
de.medizininformatikinitiative.kerndatensatz.onkologie,onkologie,https://www.medizininformatik-initiative.de/fhir/ext/modul-onko/StructureDefinition/mii-pr-onko-allgemeiner-leistungszustand-karnofsky,MII_PR_Onko_Allgemeiner_Leistungszustand_Karnofsky,Observation,2025.0.1,2025.0.2,identical,0,0,0,0,0,False,,
de.medizininformatikinitiative.kerndatensatz.onkologie,onkologie,https://www.medizininformatik-initiative.de/fhir/ext/modul-onko/StructureDefinition/mii-pr-onko-allgemeiner-leistungszustand-karnofsky,MII_PR_Onko_Allgemeiner_Leistungszustand_Karnofsky,Observation,2025.0.2,2025.0.3,identical,0,0,0,0,0,False,,
de.medizininformatikinitiative.kerndatensatz.onkologie,onkologie,https://www.medizininformatik-initiative.de/fhir/ext/modul-onko/StructureDefinition/mii-pr-onko-allgemeiner-leistungszustand-karnofsky,MII_PR_Onko_Allgemeiner_Leistungszustand_Karnofsky,Observation,2025.0.3,2025.0.4,identical,0,0,0,0,0,False,,
de.medizininformatikinitiative.kerndatensatz.onkologie,onkologie,https://www.medizininformatik-initiative.de/fhir/ext/modul-onko/StructureDefinition/mii-pr-onko-allgemeiner-leistungszustand-karnofsky,MII_PR_Onko_Allgemeiner_Leistungszustand_Karnofsky,Observation,2025.0.4,2025.1.0,identical,0,0,0,0,0,False,,
de.medizininformatikinitiative.kerndatensatz.onkologie,onkologie,https://www.medizininformatik-initiative.de/fhir/ext/modul-onko/StructureDefinition/mii-pr-onko-allgemeiner-leistungszustand-karnofsky,MII_PR_Onko_Allgemeiner_Leistungszustand_Karnofsky,Observation,2025.1.0,2026.0.0,mixed,12,2,1,0,0,True,Observation.code.coding:loinc|Observation.code.coding:loinc.code|Observation.code.coding:loinc.system|Observation.code.coding:snomed|Observation.code.coding:snomed.code|Observation.code.coding:snomed.system|Observation.value[x].coding:loinc|Observation.value[x].coding:loinc.code|Observation.value[x].coding:loinc.system|Observation.value[x].coding:obds|Observation.value[x].coding:obds.code|Observation.value[x].coding:obds.system,Observation.code.coding.code|Observation.code.coding.system
de.medizininformatikinitiative.kerndatensatz.onkologie,onkologie,https://www.medizininformatik-initiative.de/fhir/ext/modul-onko/StructureDefinition/mii-pr-onko-allgemeiner-leistungszustand-karnofsky,MII_PR_Onko_Allgemeiner_Leistungszustand_Karnofsky,Observation,2026.0.0,2026.0.1,identical,0,0,0,0,0,False,,
de.medizininformatikinitiative.kerndatensatz.onkologie,onkologie,https://www.medizininformatik-initiative.de/fhir/ext/modul-onko/StructureDefinition/mii-pr-onko-allgemeiner-leistungszustand-karnofsky,MII_PR_Onko_Allgemeiner_Leistungszustand_Karnofsky,Observation,2026.0.1,2026.0.2,modified,0,0,1,1,0,False,,
de.medizininformatikinitiative.kerndatensatz.onkologie,onkologie,https://www.medizininformatik-initiative.de/fhir/ext/modul-onko/StructureDefinition/mii-pr-onko-allgemeiner-leistungszustand-karnofsky,MII_PR_Onko_Allgemeiner_Leistungszustand_Karnofsky,Observation,2026.0.2,2026.0.3,modified,0,0,1,0,1,False,,
de.medizininformatikinitiative.kerndatensatz.onkologie,onkologie,https://www.medizininformatik-initiative.de/fhir/ext/modul-onko/StructureDefinition/mii-pr-onko-allgemeiner-leistungszustand-karnofsky,MII_PR_Onko_Allgemeiner_Leistungszustand_Karnofsky,Observation,2026.0.3,2027.0.0-ballot.1,mixed,1,0,1,0,0,True,Observation.focus,
de.medizininformatikinitiative.kerndatensatz.onkologie,onkologie,https://www.medizininformatik-initiative.de/fhir/ext/modul-onko/StructureDefinition/mii-pr-onko-anzahl-befallene-lymphknoten,MII_PR_Onko_Anzahl_Befallene_Lymphknoten,Observation,2025.0.0,2025.0.1,identical,0,0,0,0,0,False,,
de.medizininformatikinitiative.kerndatensatz.onkologie,onkologie,https://www.medizininformatik-initiative.de/fhir/ext/modul-onko/StructureDefinition/mii-pr-onko-anzahl-befallene-lymphknoten,MII_PR_Onko_Anzahl_Befallene_Lymphknoten,Observation,2025.0.1,2025.0.2,identical,0,0,0,0,0,False,,
de.medizininformatikinitiative.kerndatensatz.onkologie,onkologie,https://www.medizininformatik-initiative.de/fhir/ext/modul-onko/StructureDefinition/mii-pr-onko-anzahl-befallene-lymphknoten,MII_PR_Onko_Anzahl_Befallene_Lymphknoten,Observation,2025.0.2,2025.0.3,identical,0,0,0,0,0,False,,
de.medizininformatikinitiative.kerndatensatz.onkologie,onkologie,https://www.medizininformatik-initiative.de/fhir/ext/modul-onko/StructureDefinition/mii-pr-onko-anzahl-befallene-lymphknoten,MII_PR_Onko_Anzahl_Befallene_Lymphknoten,Observation,2025.0.3,2025.0.4,identical,0,0,0,0,0,False,,
de.medizininformatikinitiative.kerndatensatz.onkologie,onkologie,https://www.medizininformatik-initiative.de/fhir/ext/modul-onko/StructureDefinition/mii-pr-onko-anzahl-befallene-lymphknoten,MII_PR_Onko_Anzahl_Befallene_Lymphknoten,Observation,2025.0.4,2025.1.0,identical,0,0,0,0,0,False,,
de.medizininformatikinitiative.kerndatensatz.onkologie,onkologie,https://www.medizininformatik-initiative.de/fhir/ext/modul-onko/StructureDefinition/mii-pr-onko-anzahl-befallene-lymphknoten,MII_PR_Onko_Anzahl_Befallene_Lymphknoten,Observation,2025.1.0,2026.0.0,canonical-only,0,0,0,0,0,False,,
de.medizininformatikinitiative.kerndatensatz.onkologie,onkologie,https://www.medizininformatik-initiative.de/fhir/ext/modul-onko/StructureDefinition/mii-pr-onko-anzahl-befallene-lymphknoten,MII_PR_Onko_Anzahl_Befallene_Lymphknoten,Observation,2026.0.0,2026.0.1,identical,0,0,0,0,0,False,,
de.medizininformatikinitiative.kerndatensatz.onkologie,onkologie,https://www.medizininformatik-initiative.de/fhir/ext/modul-onko/StructureDefinition/mii-pr-onko-anzahl-befallene-lymphknoten,MII_PR_Onko_Anzahl_Befallene_Lymphknoten,Observation,2026.0.1,2026.0.2,elements-added,1,0,0,0,0,False,Observation,
de.medizininformatikinitiative.kerndatensatz.onkologie,onkologie,https://www.medizininformatik-initiative.de/fhir/ext/modul-onko/StructureDefinition/mii-pr-onko-anzahl-befallene-lymphknoten,MII_PR_Onko_Anzahl_Befallene_Lymphknoten,Observation,2026.0.2,2026.0.3,elements-removed,0,1,0,0,0,True,,Observation
de.medizininformatikinitiative.kerndatensatz.onkologie,onkologie,https://www.medizininformatik-initiative.de/fhir/ext/modul-onko/StructureDefinition/mii-pr-onko-anzahl-befallene-lymphknoten,MII_PR_Onko_Anzahl_Befallene_Lymphknoten,Observation,2026.0.3,2027.0.0-ballot.1,elements-added,1,0,0,0,0,False,Observation,
de.medizininformatikinitiative.kerndatensatz.onkologie,onkologie,https://www.medizininformatik-initiative.de/fhir/ext/modul-onko/StructureDefinition/mii-pr-onko-anzahl-befallene-sentinel-lymphknoten,MII_PR_Onko_Anzahl_Befallene_Sentinel_Lymphknoten,Observation,2025.0.0,2025.0.1,identical,0,0,0,0,0,False,,
de.medizininformatikinitiative.kerndatensatz.onkologie,onkologie,https://www.medizininformatik-initiative.de/fhir/ext/modul-onko/StructureDefinition/mii-pr-onko-anzahl-befallene-sentinel-lymphknoten,MII_PR_Onko_Anzahl_Befallene_Sentinel_Lymphknoten,Observation,2025.0.1,2025.0.2,identical,0,0,0,0,0,False,,
de.medizininformatikinitiative.kerndatensatz.onkologie,onkologie,https://www.medizininformatik-initiative.de/fhir/ext/modul-onko/StructureDefinition/mii-pr-onko-anzahl-befallene-sentinel-lymphknoten,MII_PR_Onko_Anzahl_Befallene_Sentinel_Lymphknoten,Observation,2025.0.2,2025.0.3,identical,0,0,0,0,0,False,,
de.medizininformatikinitiative.kerndatensatz.onkologie,onkologie,https://www.medizininformatik-initiative.de/fhir/ext/modul-onko/StructureDefinition/mii-pr-onko-anzahl-befallene-sentinel-lymphknoten,MII_PR_Onko_Anzahl_Befallene_Sentinel_Lymphknoten,Observation,2025.0.3,2025.0.4,identical,0,0,0,0,0,False,,
de.medizininformatikinitiative.kerndatensatz.onkologie,onkologie,https://www.medizininformatik-initiative.de/fhir/ext/modul-onko/StructureDefinition/mii-pr-onko-anzahl-befallene-sentinel-lymphknoten,MII_PR_Onko_Anzahl_Befallene_Sentinel_Lymphknoten,Observation,2025.0.4,2025.1.0,canonical-only,0,0,0,0,0,False,,
de.medizininformatikinitiative.kerndatensatz.onkologie,onkologie,https://www.medizininformatik-initiative.de/fhir/ext/modul-onko/StructureDefinition/mii-pr-onko-anzahl-befallene-sentinel-lymphknoten,MII_PR_Onko_Anzahl_Befallene_Sentinel_Lymphknoten,Observation,2025.1.0,2026.0.0,canonical-only,0,0,0,0,0,False,,
de.medizininformatikinitiative.kerndatensatz.onkologie,onkologie,https://www.medizininformatik-initiative.de/fhir/ext/modul-onko/StructureDefinition/mii-pr-onko-anzahl-befallene-sentinel-lymphknoten,MII_PR_Onko_Anzahl_Befallene_Sentinel_Lymphknoten,Observation,2026.0.0,2026.0.1,identical,0,0,0,0,0,False,,
de.medizininformatikinitiative.kerndatensatz.onkologie,onkologie,https://www.medizininformatik-initiative.de/fhir/ext/modul-onko/StructureDefinition/mii-pr-onko-anzahl-befallene-sentinel-lymphknoten,MII_PR_Onko_Anzahl_Befallene_Sentinel_Lymphknoten,Observation,2026.0.1,2026.0.2,elements-added,1,0,0,0,0,False,Observation,
de.medizininformatikinitiative.kerndatensatz.onkologie,onkologie,https://www.medizininformatik-initiative.de/fhir/ext/modul-onko/StructureDefinition/mii-pr-onko-anzahl-befallene-sentinel-lymphknoten,MII_PR_Onko_Anzahl_Befallene_Sentinel_Lymphknoten,Observation,2026.0.2,2026.0.3,elements-removed,0,1,0,0,0,True,,Observation
de.medizininformatikinitiative.kerndatensatz.onkologie,onkologie,https://www.medizininformatik-initiative.de/fhir/ext/modul-onko/StructureDefinition/mii-pr-onko-anzahl-befallene-sentinel-lymphknoten,MII_PR_Onko_Anzahl_Befallene_Sentinel_Lymphknoten,Observation,2026.0.3,2027.0.0-ballot.1,elements-added,1,0,0,0,0,False,Observation,
de.medizininformatikinitiative.kerndatensatz.onkologie,onkologie,https://www.medizininformatik-initiative.de/fhir/ext/modul-onko/StructureDefinition/mii-pr-onko-anzahl-untersuchte-lymphknoten,MII_PR_Onko_Anzahl_Untersuchte_Lymphknoten,Observation,2025.0.0,2025.0.1,identical,0,0,0,0,0,False,,
de.medizininformatikinitiative.kerndatensatz.onkologie,onkologie,https://www.medizininformatik-initiative.de/fhir/ext/modul-onko/StructureDefinition/mii-pr-onko-anzahl-untersuchte-lymphknoten,MII_PR_Onko_Anzahl_Untersuchte_Lymphknoten,Observation,2025.0.1,2025.0.2,identical,0,0,0,0,0,False,,
de.medizininformatikinitiative.kerndatensatz.onkologie,onkologie,https://www.medizininformatik-initiative.de/fhir/ext/modul-onko/StructureDefinition/mii-pr-onko-anzahl-untersuchte-lymphknoten,MII_PR_Onko_Anzahl_Untersuchte_Lymphknoten,Observation,2025.0.2,2025.0.3,identical,0,0,0,0,0,False,,
de.medizininformatikinitiative.kerndatensatz.onkologie,onkologie,https://www.medizininformatik-initiative.de/fhir/ext/modul-onko/StructureDefinition/mii-pr-onko-anzahl-untersuchte-lymphknoten,MII_PR_Onko_Anzahl_Untersuchte_Lymphknoten,Observation,2025.0.3,2025.0.4,identical,0,0,0,0,0,False,,
de.medizininformatikinitiative.kerndatensatz.onkologie,onkologie,https://www.medizininformatik-initiative.de/fhir/ext/modul-onko/StructureDefinition/mii-pr-onko-anzahl-untersuchte-lymphknoten,MII_PR_Onko_Anzahl_Untersuchte_Lymphknoten,Observation,2025.0.4,2025.1.0,canonical-only,0,0,0,0,0,False,,
de.medizininformatikinitiative.kerndatensatz.onkologie,onkologie,https://www.medizininformatik-initiative.de/fhir/ext/modul-onko/StructureDefinition/mii-pr-onko-anzahl-untersuchte-lymphknoten,MII_PR_Onko_Anzahl_Untersuchte_Lymphknoten,Observation,2025.1.0,2026.0.0,canonical-only,0,0,0,0,0,False,,
de.medizininformatikinitiative.kerndatensatz.onkologie,onkologie,https://www.medizininformatik-initiative.de/fhir/ext/modul-onko/StructureDefinition/mii-pr-onko-anzahl-untersuchte-lymphknoten,MII_PR_Onko_Anzahl_Untersuchte_Lymphknoten,Observation,2026.0.0,2026.0.1,identical,0,0,0,0,0,False,,
de.medizininformatikinitiative.kerndatensatz.onkologie,onkologie,https://www.medizininformatik-initiative.de/fhir/ext/modul-onko/StructureDefinition/mii-pr-onko-anzahl-untersuchte-lymphknoten,MII_PR_Onko_Anzahl_Untersuchte_Lymphknoten,Observation,2026.0.1,2026.0.2,elements-added,1,0,0,0,0,False,Observation,
de.medizininformatikinitiative.kerndatensatz.onkologie,onkologie,https://www.medizininformatik-initiative.de/fhir/ext/modul-onko/StructureDefinition/mii-pr-onko-anzahl-untersuchte-lymphknoten,MII_PR_Onko_Anzahl_Untersuchte_Lymphknoten,Observation,2026.0.2,2026.0.3,elements-removed,0,1,0,0,0,True,,Observation
de.medizininformatikinitiative.kerndatensatz.onkologie,onkologie,https://www.medizininformatik-initiative.de/fhir/ext/modul-onko/StructureDefinition/mii-pr-onko-anzahl-untersuchte-lymphknoten,MII_PR_Onko_Anzahl_Untersuchte_Lymphknoten,Observation,2026.0.3,2027.0.0-ballot.1,elements-added,1,0,0,0,0,False,Observation,
de.medizininformatikinitiative.kerndatensatz.onkologie,onkologie,https://www.medizininformatik-initiative.de/fhir/ext/modul-onko/StructureDefinition/mii-pr-onko-anzahl-untersuchte-sentinel-lymphknoten,MII_PR_Onko_Anzahl_Untersuchte_Sentinel_Lymphknoten,Observation,2025.0.0,2025.0.1,identical,0,0,0,0,0,False,,
de.medizininformatikinitiative.kerndatensatz.onkologie,onkologie,https://www.medizininformatik-initiative.de/fhir/ext/modul-onko/StructureDefinition/mii-pr-onko-anzahl-untersuchte-sentinel-lymphknoten,MII_PR_Onko_Anzahl_Untersuchte_Sentinel_Lymphknoten,Observation,2025.0.1,2025.0.2,identical,0,0,0,0,0,False,,
de.medizininformatikinitiative.kerndatensatz.onkologie,onkologie,https://www.medizininformatik-initiative.de/fhir/ext/modul-onko/StructureDefinition/mii-pr-onko-anzahl-untersuchte-sentinel-lymphknoten,MII_PR_Onko_Anzahl_Untersuchte_Sentinel_Lymphknoten,Observation,2025.0.2,2025.0.3,identical,0,0,0,0,0,False,,
de.medizininformatikinitiative.kerndatensatz.onkologie,onkologie,https://www.medizininformatik-initiative.de/fhir/ext/modul-onko/StructureDefinition/mii-pr-onko-anzahl-untersuchte-sentinel-lymphknoten,MII_PR_Onko_Anzahl_Untersuchte_Sentinel_Lymphknoten,Observation,2025.0.3,2025.0.4,identical,0,0,0,0,0,False,,
de.medizininformatikinitiative.kerndatensatz.onkologie,onkologie,https://www.medizininformatik-initiative.de/fhir/ext/modul-onko/StructureDefinition/mii-pr-onko-anzahl-untersuchte-sentinel-lymphknoten,MII_PR_Onko_Anzahl_Untersuchte_Sentinel_Lymphknoten,Observation,2025.0.4,2025.1.0,identical,0,0,0,0,0,False,,
de.medizininformatikinitiative.kerndatensatz.onkologie,onkologie,https://www.medizininformatik-initiative.de/fhir/ext/modul-onko/StructureDefinition/mii-pr-onko-anzahl-untersuchte-sentinel-lymphknoten,MII_PR_Onko_Anzahl_Untersuchte_Sentinel_Lymphknoten,Observation,2025.1.0,2026.0.0,canonical-only,0,0,0,0,0,False,,
de.medizininformatikinitiative.kerndatensatz.onkologie,onkologie,https://www.medizininformatik-initiative.de/fhir/ext/modul-onko/StructureDefinition/mii-pr-onko-anzahl-untersuchte-sentinel-lymphknoten,MII_PR_Onko_Anzahl_Untersuchte_Sentinel_Lymphknoten,Observation,2026.0.0,2026.0.1,identical,0,0,0,0,0,False,,
de.medizininformatikinitiative.kerndatensatz.onkologie,onkologie,https://www.medizininformatik-initiative.de/fhir/ext/modul-onko/StructureDefinition/mii-pr-onko-anzahl-untersuchte-sentinel-lymphknoten,MII_PR_Onko_Anzahl_Untersuchte_Sentinel_Lymphknoten,Observation,2026.0.1,2026.0.2,elements-added,1,0,0,0,0,False,Observation,
de.medizininformatikinitiative.kerndatensatz.onkologie,onkologie,https://www.medizininformatik-initiative.de/fhir/ext/modul-onko/StructureDefinition/mii-pr-onko-anzahl-untersuchte-sentinel-lymphknoten,MII_PR_Onko_Anzahl_Untersuchte_Sentinel_Lymphknoten,Observation,2026.0.2,2026.0.3,elements-removed,0,1,0,0,0,True,,Observation
de.medizininformatikinitiative.kerndatensatz.onkologie,onkologie,https://www.medizininformatik-initiative.de/fhir/ext/modul-onko/StructureDefinition/mii-pr-onko-anzahl-untersuchte-sentinel-lymphknoten,MII_PR_Onko_Anzahl_Untersuchte_Sentinel_Lymphknoten,Observation,2026.0.3,2027.0.0-ballot.1,elements-added,1,0,0,0,0,False,Observation,
de.medizininformatikinitiative.kerndatensatz.onkologie,onkologie,https://www.medizininformatik-initiative.de/fhir/ext/modul-onko/StructureDefinition/mii-pr-onko-asa-klassifikation,MII_PR_Onko_ASA_Klassifikation,Observation,2026.0.0,2026.0.1,identical,0,0,0,0,0,False,,
de.medizininformatikinitiative.kerndatensatz.onkologie,onkologie,https://www.medizininformatik-initiative.de/fhir/ext/modul-onko/StructureDefinition/mii-pr-onko-asa-klassifikation,MII_PR_Onko_ASA_Klassifikation,Observation,2026.0.1,2026.0.2,identical,0,0,0,0,0,False,,
de.medizininformatikinitiative.kerndatensatz.onkologie,onkologie,https://www.medizininformatik-initiative.de/fhir/ext/modul-onko/StructureDefinition/mii-pr-onko-asa-klassifikation,MII_PR_Onko_ASA_Klassifikation,Observation,2026.0.2,2026.0.3,identical,0,0,0,0,0,False,,
de.medizininformatikinitiative.kerndatensatz.onkologie,onkologie,https://www.medizininformatik-initiative.de/fhir/ext/modul-onko/StructureDefinition/mii-pr-onko-asa-klassifikation,MII_PR_Onko_ASA_Klassifikation,Observation,2026.0.3,2027.0.0-ballot.1,identical,0,0,0,0,0,False,,
de.medizininformatikinitiative.kerndatensatz.onkologie,onkologie,https://www.medizininformatik-initiative.de/fhir/ext/modul-onko/StructureDefinition/mii-pr-onko-befund,MII_PR_Onko_Befund,DiagnosticReport,2025.0.0,2025.0.1,identical,0,0,0,0,0,False,,
de.medizininformatikinitiative.kerndatensatz.onkologie,onkologie,https://www.medizininformatik-initiative.de/fhir/ext/modul-onko/StructureDefinition/mii-pr-onko-befund,MII_PR_Onko_Befund,DiagnosticReport,2025.0.1,2025.0.2,identical,0,0,0,0,0,False,,
de.medizininformatikinitiative.kerndatensatz.onkologie,onkologie,https://www.medizininformatik-initiative.de/fhir/ext/modul-onko/StructureDefinition/mii-pr-onko-befund,MII_PR_Onko_Befund,DiagnosticReport,2025.0.2,2025.0.3,identical,0,0,0,0,0,False,,
de.medizininformatikinitiative.kerndatensatz.onkologie,onkologie,https://www.medizininformatik-initiative.de/fhir/ext/modul-onko/StructureDefinition/mii-pr-onko-befund,MII_PR_Onko_Befund,DiagnosticReport,2025.0.3,2025.0.4,identical,0,0,0,0,0,False,,
de.medizininformatikinitiative.kerndatensatz.onkologie,onkologie,https://www.medizininformatik-initiative.de/fhir/ext/modul-onko/StructureDefinition/mii-pr-onko-befund,MII_PR_Onko_Befund,DiagnosticReport,2025.0.4,2025.1.0,elements-removed,0,1,0,0,0,True,,DiagnosticReport.conclusion.value
de.medizininformatikinitiative.kerndatensatz.onkologie,onkologie,https://www.medizininformatik-initiative.de/fhir/ext/modul-onko/StructureDefinition/mii-pr-onko-befund,MII_PR_Onko_Befund,DiagnosticReport,2025.1.0,2026.0.0,identical,0,0,0,0,0,False,,
de.medizininformatikinitiative.kerndatensatz.onkologie,onkologie,https://www.medizininformatik-initiative.de/fhir/ext/modul-onko/StructureDefinition/mii-pr-onko-befund,MII_PR_Onko_Befund,DiagnosticReport,2026.0.0,2026.0.1,identical,0,0,0,0,0,False,,
de.medizininformatikinitiative.kerndatensatz.onkologie,onkologie,https://www.medizininformatik-initiative.de/fhir/ext/modul-onko/StructureDefinition/mii-pr-onko-befund,MII_PR_Onko_Befund,DiagnosticReport,2026.0.1,2026.0.2,elements-added,1,0,0,0,0,False,DiagnosticReport,
de.medizininformatikinitiative.kerndatensatz.onkologie,onkologie,https://www.medizininformatik-initiative.de/fhir/ext/modul-onko/StructureDefinition/mii-pr-onko-befund,MII_PR_Onko_Befund,DiagnosticReport,2026.0.2,2026.0.3,elements-removed,0,1,0,0,0,True,,DiagnosticReport
de.medizininformatikinitiative.kerndatensatz.onkologie,onkologie,https://www.medizininformatik-initiative.de/fhir/ext/modul-onko/StructureDefinition/mii-pr-onko-befund,MII_PR_Onko_Befund,DiagnosticReport,2026.0.3,2027.0.0-ballot.1,elements-added,1,0,0,0,0,False,DiagnosticReport,
de.medizininformatikinitiative.kerndatensatz.onkologie,onkologie,https://www.medizininformatik-initiative.de/fhir/ext/modul-onko/StructureDefinition/mii-pr-onko-diagnose-primaertumor,MII_PR_Onko_Diagnose_Primaertumor,Condition,2025.0.0,2025.0.1,identical,0,0,0,0,0,False,,
de.medizininformatikinitiative.kerndatensatz.onkologie,onkologie,https://www.medizininformatik-initiative.de/fhir/ext/modul-onko/StructureDefinition/mii-pr-onko-diagnose-primaertumor,MII_PR_Onko_Diagnose_Primaertumor,Condition,2025.0.1,2025.0.2,identical,0,0,0,0,0,False,,
de.medizininformatikinitiative.kerndatensatz.onkologie,onkologie,https://www.medizininformatik-initiative.de/fhir/ext/modul-onko/StructureDefinition/mii-pr-onko-diagnose-primaertumor,MII_PR_Onko_Diagnose_Primaertumor,Condition,2025.0.2,2025.0.3,modified,0,0,1,0,0,True,,
de.medizininformatikinitiative.kerndatensatz.onkologie,onkologie,https://www.medizininformatik-initiative.de/fhir/ext/modul-onko/StructureDefinition/mii-pr-onko-diagnose-primaertumor,MII_PR_Onko_Diagnose_Primaertumor,Condition,2025.0.3,2025.0.4,canonical-only,0,0,0,0,0,False,,
de.medizininformatikinitiative.kerndatensatz.onkologie,onkologie,https://www.medizininformatik-initiative.de/fhir/ext/modul-onko/StructureDefinition/mii-pr-onko-diagnose-primaertumor,MII_PR_Onko_Diagnose_Primaertumor,Condition,2025.0.4,2025.1.0,canonical-only,0,0,0,0,0,False,,
de.medizininformatikinitiative.kerndatensatz.onkologie,onkologie,https://www.medizininformatik-initiative.de/fhir/ext/modul-onko/StructureDefinition/mii-pr-onko-diagnose-primaertumor,MII_PR_Onko_Diagnose_Primaertumor,Condition,2025.1.0,2026.0.0,elements-added,3,0,0,0,0,False,Condition.extension:occurredFollowing|Condition.extension:occurredFollowing.value[x]|Condition.extension:occurredFollowing.value[x]:valueReference,
de.medizininformatikinitiative.kerndatensatz.onkologie,onkologie,https://www.medizininformatik-initiative.de/fhir/ext/modul-onko/StructureDefinition/mii-pr-onko-diagnose-primaertumor,MII_PR_Onko_Diagnose_Primaertumor,Condition,2026.0.0,2026.0.1,identical,0,0,0,0,0,False,,
de.medizininformatikinitiative.kerndatensatz.onkologie,onkologie,https://www.medizininformatik-initiative.de/fhir/ext/modul-onko/StructureDefinition/mii-pr-onko-diagnose-primaertumor,MII_PR_Onko_Diagnose_Primaertumor,Condition,2026.0.1,2026.0.2,elements-removed,0,3,0,0,0,True,,Condition.extension:occurredFollowing|Condition.extension:occurredFollowing.value[x]|Condition.extension:occurredFollowing.value[x]:valueReference
de.medizininformatikinitiative.kerndatensatz.onkologie,onkologie,https://www.medizininformatik-initiative.de/fhir/ext/modul-onko/StructureDefinition/mii-pr-onko-diagnose-primaertumor,MII_PR_Onko_Diagnose_Primaertumor,Condition,2026.0.2,2026.0.3,elements-added,3,0,0,0,0,False,Condition.extension:occurredFollowing|Condition.extension:occurredFollowing.value[x]|Condition.extension:occurredFollowing.value[x]:valueReference,
de.medizininformatikinitiative.kerndatensatz.onkologie,onkologie,https://www.medizininformatik-initiative.de/fhir/ext/modul-onko/StructureDefinition/mii-pr-onko-diagnose-primaertumor,MII_PR_Onko_Diagnose_Primaertumor,Condition,2026.0.3,2027.0.0-ballot.1,mixed,9,0,5,0,2,True,Condition.category|Condition.category:onkologie|Condition.extension:dueTo|Condition.extension:dueTo.value[x]|Condition.extension:dueTo.value[x]:valueReference|Condition.extension:transformationVon|Condition.identifier|Condition.identifier.system|Condition.identifier.value,
de.medizininformatikinitiative.kerndatensatz.onkologie,onkologie,https://www.medizininformatik-initiative.de/fhir/ext/modul-onko/StructureDefinition/mii-pr-onko-fernmetastasen,MII_PR_Onko_Fernmetastasen,Observation,2025.0.0,2025.0.1,identical,0,0,0,0,0,False,,
de.medizininformatikinitiative.kerndatensatz.onkologie,onkologie,https://www.medizininformatik-initiative.de/fhir/ext/modul-onko/StructureDefinition/mii-pr-onko-fernmetastasen,MII_PR_Onko_Fernmetastasen,Observation,2025.0.1,2025.0.2,identical,0,0,0,0,0,False,,
de.medizininformatikinitiative.kerndatensatz.onkologie,onkologie,https://www.medizininformatik-initiative.de/fhir/ext/modul-onko/StructureDefinition/mii-pr-onko-fernmetastasen,MII_PR_Onko_Fernmetastasen,Observation,2025.0.2,2025.0.3,identical,0,0,0,0,0,False,,
de.medizininformatikinitiative.kerndatensatz.onkologie,onkologie,https://www.medizininformatik-initiative.de/fhir/ext/modul-onko/StructureDefinition/mii-pr-onko-fernmetastasen,MII_PR_Onko_Fernmetastasen,Observation,2025.0.3,2025.0.4,identical,0,0,0,0,0,False,,
de.medizininformatikinitiative.kerndatensatz.onkologie,onkologie,https://www.medizininformatik-initiative.de/fhir/ext/modul-onko/StructureDefinition/mii-pr-onko-fernmetastasen,MII_PR_Onko_Fernmetastasen,Observation,2025.0.4,2025.1.0,identical,0,0,0,0,0,False,,
de.medizininformatikinitiative.kerndatensatz.onkologie,onkologie,https://www.medizininformatik-initiative.de/fhir/ext/modul-onko/StructureDefinition/mii-pr-onko-fernmetastasen,MII_PR_Onko_Fernmetastasen,Observation,2025.1.0,2026.0.0,identical,0,0,0,0,0,False,,
de.medizininformatikinitiative.kerndatensatz.onkologie,onkologie,https://www.medizininformatik-initiative.de/fhir/ext/modul-onko/StructureDefinition/mii-pr-onko-fernmetastasen,MII_PR_Onko_Fernmetastasen,Observation,2026.0.0,2026.0.1,identical,0,0,0,0,0,False,,
de.medizininformatikinitiative.kerndatensatz.onkologie,onkologie,https://www.medizininformatik-initiative.de/fhir/ext/modul-onko/StructureDefinition/mii-pr-onko-fernmetastasen,MII_PR_Onko_Fernmetastasen,Observation,2026.0.1,2026.0.2,identical,0,0,0,0,0,False,,
de.medizininformatikinitiative.kerndatensatz.onkologie,onkologie,https://www.medizininformatik-initiative.de/fhir/ext/modul-onko/StructureDefinition/mii-pr-onko-fernmetastasen,MII_PR_Onko_Fernmetastasen,Observation,2026.0.2,2026.0.3,identical,0,0,0,0,0,False,,
de.medizininformatikinitiative.kerndatensatz.onkologie,onkologie,https://www.medizininformatik-initiative.de/fhir/ext/modul-onko/StructureDefinition/mii-pr-onko-fernmetastasen,MII_PR_Onko_Fernmetastasen,Observation,2026.0.3,2027.0.0-ballot.1,elements-added,6,0,0,0,0,False,Observation.bodySite|Observation.bodySite.coding|Observation.bodySite.coding:icd-o-3|Observation.bodySite.coding:icd-o-3.system|Observation.bodySite.coding:snomed|Observation.bodySite.coding:snomed.system,
de.medizininformatikinitiative.kerndatensatz.onkologie,onkologie,https://www.medizininformatik-initiative.de/fhir/ext/modul-onko/StructureDefinition/mii-pr-onko-fruehere-tumorerkrankung,MII_PR_Onko_Fruehere_Tumorerkrankung,Condition,2026.0.0,2026.0.1,canonical-only,0,0,0,0,0,False,,
de.medizininformatikinitiative.kerndatensatz.onkologie,onkologie,https://www.medizininformatik-initiative.de/fhir/ext/modul-onko/StructureDefinition/mii-pr-onko-fruehere-tumorerkrankung,MII_PR_Onko_Fruehere_Tumorerkrankung,Condition,2026.0.1,2026.0.2,identical,0,0,0,0,0,False,,
de.medizininformatikinitiative.kerndatensatz.onkologie,onkologie,https://www.medizininformatik-initiative.de/fhir/ext/modul-onko/StructureDefinition/mii-pr-onko-fruehere-tumorerkrankung,MII_PR_Onko_Fruehere_Tumorerkrankung,Condition,2026.0.2,2026.0.3,identical,0,0,0,0,0,False,,
de.medizininformatikinitiative.kerndatensatz.onkologie,onkologie,https://www.medizininformatik-initiative.de/fhir/ext/modul-onko/StructureDefinition/mii-pr-onko-fruehere-tumorerkrankung,MII_PR_Onko_Fruehere_Tumorerkrankung,Condition,2026.0.3,2027.0.0-ballot.1,mixed,1,0,3,0,0,True,Condition.category:onkologie,
de.medizininformatikinitiative.kerndatensatz.onkologie,onkologie,https://www.medizininformatik-initiative.de/fhir/ext/modul-onko/StructureDefinition/mii-pr-onko-genetische-variante,MII_PR_Onko_Genetische_Variante,Observation,2025.0.0,2025.0.1,identical,0,0,0,0,0,False,,
de.medizininformatikinitiative.kerndatensatz.onkologie,onkologie,https://www.medizininformatik-initiative.de/fhir/ext/modul-onko/StructureDefinition/mii-pr-onko-genetische-variante,MII_PR_Onko_Genetische_Variante,Observation,2025.0.1,2025.0.2,identical,0,0,0,0,0,False,,
de.medizininformatikinitiative.kerndatensatz.onkologie,onkologie,https://www.medizininformatik-initiative.de/fhir/ext/modul-onko/StructureDefinition/mii-pr-onko-genetische-variante,MII_PR_Onko_Genetische_Variante,Observation,2025.0.2,2025.0.3,identical,0,0,0,0,0,False,,
de.medizininformatikinitiative.kerndatensatz.onkologie,onkologie,https://www.medizininformatik-initiative.de/fhir/ext/modul-onko/StructureDefinition/mii-pr-onko-genetische-variante,MII_PR_Onko_Genetische_Variante,Observation,2025.0.3,2025.0.4,identical,0,0,0,0,0,False,,
de.medizininformatikinitiative.kerndatensatz.onkologie,onkologie,https://www.medizininformatik-initiative.de/fhir/ext/modul-onko/StructureDefinition/mii-pr-onko-genetische-variante,MII_PR_Onko_Genetische_Variante,Observation,2025.0.4,2025.1.0,identical,0,0,0,0,0,False,,
de.medizininformatikinitiative.kerndatensatz.onkologie,onkologie,https://www.medizininformatik-initiative.de/fhir/ext/modul-onko/StructureDefinition/mii-pr-onko-genetische-variante,MII_PR_Onko_Genetische_Variante,Observation,2025.1.0,2026.0.0,elements-added,1,0,0,0,0,False,Observation.specimen,
de.medizininformatikinitiative.kerndatensatz.onkologie,onkologie,https://www.medizininformatik-initiative.de/fhir/ext/modul-onko/StructureDefinition/mii-pr-onko-genetische-variante,MII_PR_Onko_Genetische_Variante,Observation,2026.0.0,2026.0.1,identical,0,0,0,0,0,False,,
de.medizininformatikinitiative.kerndatensatz.onkologie,onkologie,https://www.medizininformatik-initiative.de/fhir/ext/modul-onko/StructureDefinition/mii-pr-onko-genetische-variante,MII_PR_Onko_Genetische_Variante,Observation,2026.0.1,2026.0.2,identical,0,0,0,0,0,False,,
de.medizininformatikinitiative.kerndatensatz.onkologie,onkologie,https://www.medizininformatik-initiative.de/fhir/ext/modul-onko/StructureDefinition/mii-pr-onko-genetische-variante,MII_PR_Onko_Genetische_Variante,Observation,2026.0.2,2026.0.3,identical,0,0,0,0,0,False,,
de.medizininformatikinitiative.kerndatensatz.onkologie,onkologie,https://www.medizininformatik-initiative.de/fhir/ext/modul-onko/StructureDefinition/mii-pr-onko-genetische-variante,MII_PR_Onko_Genetische_Variante,Observation,2026.0.3,2027.0.0-ballot.1,elements-added,2,0,0,0,0,False,Observation.component:gene-studied|Observation.component:gene-studied.value[x],
de.medizininformatikinitiative.kerndatensatz.onkologie,onkologie,https://www.medizininformatik-initiative.de/fhir/ext/modul-onko/StructureDefinition/mii-pr-onko-grading,MII_PR_Onko_Grading,Observation,2025.0.0,2025.0.1,identical,0,0,0,0,0,False,,
de.medizininformatikinitiative.kerndatensatz.onkologie,onkologie,https://www.medizininformatik-initiative.de/fhir/ext/modul-onko/StructureDefinition/mii-pr-onko-grading,MII_PR_Onko_Grading,Observation,2025.0.1,2025.0.2,identical,0,0,0,0,0,False,,
de.medizininformatikinitiative.kerndatensatz.onkologie,onkologie,https://www.medizininformatik-initiative.de/fhir/ext/modul-onko/StructureDefinition/mii-pr-onko-grading,MII_PR_Onko_Grading,Observation,2025.0.2,2025.0.3,identical,0,0,0,0,0,False,,
de.medizininformatikinitiative.kerndatensatz.onkologie,onkologie,https://www.medizininformatik-initiative.de/fhir/ext/modul-onko/StructureDefinition/mii-pr-onko-grading,MII_PR_Onko_Grading,Observation,2025.0.3,2025.0.4,identical,0,0,0,0,0,False,,
de.medizininformatikinitiative.kerndatensatz.onkologie,onkologie,https://www.medizininformatik-initiative.de/fhir/ext/modul-onko/StructureDefinition/mii-pr-onko-grading,MII_PR_Onko_Grading,Observation,2025.0.4,2025.1.0,identical,0,0,0,0,0,False,,
de.medizininformatikinitiative.kerndatensatz.onkologie,onkologie,https://www.medizininformatik-initiative.de/fhir/ext/modul-onko/StructureDefinition/mii-pr-onko-grading,MII_PR_Onko_Grading,Observation,2025.1.0,2026.0.0,identical,0,0,0,0,0,False,,
de.medizininformatikinitiative.kerndatensatz.onkologie,onkologie,https://www.medizininformatik-initiative.de/fhir/ext/modul-onko/StructureDefinition/mii-pr-onko-grading,MII_PR_Onko_Grading,Observation,2026.0.0,2026.0.1,identical,0,0,0,0,0,False,,
de.medizininformatikinitiative.kerndatensatz.onkologie,onkologie,https://www.medizininformatik-initiative.de/fhir/ext/modul-onko/StructureDefinition/mii-pr-onko-grading,MII_PR_Onko_Grading,Observation,2026.0.1,2026.0.2,elements-added,1,0,0,0,0,False,Observation,
de.medizininformatikinitiative.kerndatensatz.onkologie,onkologie,https://www.medizininformatik-initiative.de/fhir/ext/modul-onko/StructureDefinition/mii-pr-onko-grading,MII_PR_Onko_Grading,Observation,2026.0.2,2026.0.3,elements-removed,0,1,0,0,0,True,,Observation
de.medizininformatikinitiative.kerndatensatz.onkologie,onkologie,https://www.medizininformatik-initiative.de/fhir/ext/modul-onko/StructureDefinition/mii-pr-onko-grading,MII_PR_Onko_Grading,Observation,2026.0.3,2027.0.0-ballot.1,elements-added,1,0,0,0,0,False,Observation,
de.medizininformatikinitiative.kerndatensatz.onkologie,onkologie,https://www.medizininformatik-initiative.de/fhir/ext/modul-onko/StructureDefinition/mii-pr-onko-histologie-icdo3,MII_PR_Onko_Histologie_ICDO3,Observation,2025.0.0,2025.0.1,identical,0,0,0,0,0,False,,
de.medizininformatikinitiative.kerndatensatz.onkologie,onkologie,https://www.medizininformatik-initiative.de/fhir/ext/modul-onko/StructureDefinition/mii-pr-onko-histologie-icdo3,MII_PR_Onko_Histologie_ICDO3,Observation,2025.0.1,2025.0.2,identical,0,0,0,0,0,False,,
de.medizininformatikinitiative.kerndatensatz.onkologie,onkologie,https://www.medizininformatik-initiative.de/fhir/ext/modul-onko/StructureDefinition/mii-pr-onko-histologie-icdo3,MII_PR_Onko_Histologie_ICDO3,Observation,2025.0.2,2025.0.3,modified,0,0,1,0,0,True,,
de.medizininformatikinitiative.kerndatensatz.onkologie,onkologie,https://www.medizininformatik-initiative.de/fhir/ext/modul-onko/StructureDefinition/mii-pr-onko-histologie-icdo3,MII_PR_Onko_Histologie_ICDO3,Observation,2025.0.3,2025.0.4,identical,0,0,0,0,0,False,,
de.medizininformatikinitiative.kerndatensatz.onkologie,onkologie,https://www.medizininformatik-initiative.de/fhir/ext/modul-onko/StructureDefinition/mii-pr-onko-histologie-icdo3,MII_PR_Onko_Histologie_ICDO3,Observation,2025.0.4,2025.1.0,identical,0,0,0,0,0,False,,
de.medizininformatikinitiative.kerndatensatz.onkologie,onkologie,https://www.medizininformatik-initiative.de/fhir/ext/modul-onko/StructureDefinition/mii-pr-onko-histologie-icdo3,MII_PR_Onko_Histologie_ICDO3,Observation,2025.1.0,2026.0.0,canonical-only,0,0,0,0,0,False,,
de.medizininformatikinitiative.kerndatensatz.onkologie,onkologie,https://www.medizininformatik-initiative.de/fhir/ext/modul-onko/StructureDefinition/mii-pr-onko-histologie-icdo3,MII_PR_Onko_Histologie_ICDO3,Observation,2026.0.0,2026.0.1,identical,0,0,0,0,0,False,,
de.medizininformatikinitiative.kerndatensatz.onkologie,onkologie,https://www.medizininformatik-initiative.de/fhir/ext/modul-onko/StructureDefinition/mii-pr-onko-histologie-icdo3,MII_PR_Onko_Histologie_ICDO3,Observation,2026.0.1,2026.0.2,elements-added,1,0,0,0,0,False,Observation,
de.medizininformatikinitiative.kerndatensatz.onkologie,onkologie,https://www.medizininformatik-initiative.de/fhir/ext/modul-onko/StructureDefinition/mii-pr-onko-histologie-icdo3,MII_PR_Onko_Histologie_ICDO3,Observation,2026.0.2,2026.0.3,elements-removed,0,1,0,0,0,True,,Observation
de.medizininformatikinitiative.kerndatensatz.onkologie,onkologie,https://www.medizininformatik-initiative.de/fhir/ext/modul-onko/StructureDefinition/mii-pr-onko-histologie-icdo3,MII_PR_Onko_Histologie_ICDO3,Observation,2026.0.3,2027.0.0-ballot.1,mixed,1,0,2,0,0,True,Observation,
de.medizininformatikinitiative.kerndatensatz.onkologie,onkologie,https://www.medizininformatik-initiative.de/fhir/ext/modul-onko/StructureDefinition/mii-pr-onko-krk-abstand-aboral,MII_PR_Onko_KRK_Abstand_Aboral,Observation,2026.0.0,2026.0.1,identical,0,0,0,0,0,False,,
de.medizininformatikinitiative.kerndatensatz.onkologie,onkologie,https://www.medizininformatik-initiative.de/fhir/ext/modul-onko/StructureDefinition/mii-pr-onko-krk-abstand-aboral,MII_PR_Onko_KRK_Abstand_Aboral,Observation,2026.0.1,2026.0.2,identical,0,0,0,0,0,False,,
de.medizininformatikinitiative.kerndatensatz.onkologie,onkologie,https://www.medizininformatik-initiative.de/fhir/ext/modul-onko/StructureDefinition/mii-pr-onko-krk-abstand-aboral,MII_PR_Onko_KRK_Abstand_Aboral,Observation,2026.0.2,2026.0.3,identical,0,0,0,0,0,False,,
de.medizininformatikinitiative.kerndatensatz.onkologie,onkologie,https://www.medizininformatik-initiative.de/fhir/ext/modul-onko/StructureDefinition/mii-pr-onko-krk-abstand-aboral,MII_PR_Onko_KRK_Abstand_Aboral,Observation,2026.0.3,2027.0.0-ballot.1,elements-added,1,0,0,0,0,False,Observation,
de.medizininformatikinitiative.kerndatensatz.onkologie,onkologie,https://www.medizininformatik-initiative.de/fhir/ext/modul-onko/StructureDefinition/mii-pr-onko-krk-abstand-anokutan,MII_PR_Onko_KRK_Abstand_Anokutan,Observation,2026.0.0,2026.0.1,identical,0,0,0,0,0,False,,
de.medizininformatikinitiative.kerndatensatz.onkologie,onkologie,https://www.medizininformatik-initiative.de/fhir/ext/modul-onko/StructureDefinition/mii-pr-onko-krk-abstand-anokutan,MII_PR_Onko_KRK_Abstand_Anokutan,Observation,2026.0.1,2026.0.2,identical,0,0,0,0,0,False,,
de.medizininformatikinitiative.kerndatensatz.onkologie,onkologie,https://www.medizininformatik-initiative.de/fhir/ext/modul-onko/StructureDefinition/mii-pr-onko-krk-abstand-anokutan,MII_PR_Onko_KRK_Abstand_Anokutan,Observation,2026.0.2,2026.0.3,identical,0,0,0,0,0,False,,
de.medizininformatikinitiative.kerndatensatz.onkologie,onkologie,https://www.medizininformatik-initiative.de/fhir/ext/modul-onko/StructureDefinition/mii-pr-onko-krk-abstand-anokutan,MII_PR_Onko_KRK_Abstand_Anokutan,Observation,2026.0.3,2027.0.0-ballot.1,elements-added,1,0,0,0,0,False,Observation,
de.medizininformatikinitiative.kerndatensatz.onkologie,onkologie,https://www.medizininformatik-initiative.de/fhir/ext/modul-onko/StructureDefinition/mii-pr-onko-krk-abstand-circumferelle-resektionsebene,MII_PR_Onko_KRK_Abstand_Circumferelle_Resektionsebene,Observation,2026.0.0,2026.0.1,identical,0,0,0,0,0,False,,
de.medizininformatikinitiative.kerndatensatz.onkologie,onkologie,https://www.medizininformatik-initiative.de/fhir/ext/modul-onko/StructureDefinition/mii-pr-onko-krk-abstand-circumferelle-resektionsebene,MII_PR_Onko_KRK_Abstand_Circumferelle_Resektionsebene,Observation,2026.0.1,2026.0.2,identical,0,0,0,0,0,False,,
de.medizininformatikinitiative.kerndatensatz.onkologie,onkologie,https://www.medizininformatik-initiative.de/fhir/ext/modul-onko/StructureDefinition/mii-pr-onko-krk-abstand-circumferelle-resektionsebene,MII_PR_Onko_KRK_Abstand_Circumferelle_Resektionsebene,Observation,2026.0.2,2026.0.3,identical,0,0,0,0,0,False,,
de.medizininformatikinitiative.kerndatensatz.onkologie,onkologie,https://www.medizininformatik-initiative.de/fhir/ext/modul-onko/StructureDefinition/mii-pr-onko-krk-abstand-circumferelle-resektionsebene,MII_PR_Onko_KRK_Abstand_Circumferelle_Resektionsebene,Observation,2026.0.3,2027.0.0-ballot.1,elements-added,1,0,0,0,0,False,Observation,
de.medizininformatikinitiative.kerndatensatz.onkologie,onkologie,https://www.medizininformatik-initiative.de/fhir/ext/modul-onko/StructureDefinition/mii-pr-onko-krk-anastomoseninsuffizienz,MII_PR_Onko_KRK_Anastomoseninsuffizienz,Observation,2026.0.0,2026.0.1,identical,0,0,0,0,0,False,,
de.medizininformatikinitiative.kerndatensatz.onkologie,onkologie,https://www.medizininformatik-initiative.de/fhir/ext/modul-onko/StructureDefinition/mii-pr-onko-krk-anastomoseninsuffizienz,MII_PR_Onko_KRK_Anastomoseninsuffizienz,Observation,2026.0.1,2026.0.2,identical,0,0,0,0,0,False,,
de.medizininformatikinitiative.kerndatensatz.onkologie,onkologie,https://www.medizininformatik-initiative.de/fhir/ext/modul-onko/StructureDefinition/mii-pr-onko-krk-anastomoseninsuffizienz,MII_PR_Onko_KRK_Anastomoseninsuffizienz,Observation,2026.0.2,2026.0.3,identical,0,0,0,0,0,False,,
de.medizininformatikinitiative.kerndatensatz.onkologie,onkologie,https://www.medizininformatik-initiative.de/fhir/ext/modul-onko/StructureDefinition/mii-pr-onko-krk-anastomoseninsuffizienz,MII_PR_Onko_KRK_Anastomoseninsuffizienz,Observation,2026.0.3,2027.0.0-ballot.1,canonical-only,0,0,0,0,0,False,,
de.medizininformatikinitiative.kerndatensatz.onkologie,onkologie,https://www.medizininformatik-initiative.de/fhir/ext/modul-onko/StructureDefinition/mii-pr-onko-krk-mrt-mesorektale-faszie,MII_PR_Onko_KRK_MRT_Mesorektale_Faszie,Observation,2026.0.0,2026.0.1,identical,0,0,0,0,0,False,,
de.medizininformatikinitiative.kerndatensatz.onkologie,onkologie,https://www.medizininformatik-initiative.de/fhir/ext/modul-onko/StructureDefinition/mii-pr-onko-krk-mrt-mesorektale-faszie,MII_PR_Onko_KRK_MRT_Mesorektale_Faszie,Observation,2026.0.1,2026.0.2,identical,0,0,0,0,0,False,,
de.medizininformatikinitiative.kerndatensatz.onkologie,onkologie,https://www.medizininformatik-initiative.de/fhir/ext/modul-onko/StructureDefinition/mii-pr-onko-krk-mrt-mesorektale-faszie,MII_PR_Onko_KRK_MRT_Mesorektale_Faszie,Observation,2026.0.2,2026.0.3,identical,0,0,0,0,0,False,,
de.medizininformatikinitiative.kerndatensatz.onkologie,onkologie,https://www.medizininformatik-initiative.de/fhir/ext/modul-onko/StructureDefinition/mii-pr-onko-krk-mrt-mesorektale-faszie,MII_PR_Onko_KRK_MRT_Mesorektale_Faszie,Observation,2026.0.3,2027.0.0-ballot.1,canonical-only,0,0,0,0,0,False,,
de.medizininformatikinitiative.kerndatensatz.onkologie,onkologie,https://www.medizininformatik-initiative.de/fhir/ext/modul-onko/StructureDefinition/mii-pr-onko-krk-operation,MII_PR_Onko_KRK_Operation,Procedure,2026.0.0,2026.0.1,identical,0,0,0,0,0,False,,
de.medizininformatikinitiative.kerndatensatz.onkologie,onkologie,https://www.medizininformatik-initiative.de/fhir/ext/modul-onko/StructureDefinition/mii-pr-onko-krk-operation,MII_PR_Onko_KRK_Operation,Procedure,2026.0.1,2026.0.2,identical,0,0,0,0,0,False,,
de.medizininformatikinitiative.kerndatensatz.onkologie,onkologie,https://www.medizininformatik-initiative.de/fhir/ext/modul-onko/StructureDefinition/mii-pr-onko-krk-operation,MII_PR_Onko_KRK_Operation,Procedure,2026.0.2,2026.0.3,identical,0,0,0,0,0,False,,
de.medizininformatikinitiative.kerndatensatz.onkologie,onkologie,https://www.medizininformatik-initiative.de/fhir/ext/modul-onko/StructureDefinition/mii-pr-onko-krk-operation,MII_PR_Onko_KRK_Operation,Procedure,2026.0.3,2027.0.0-ballot.1,elements-added,2,0,0,0,0,False,Procedure|Procedure.code.coding,
de.medizininformatikinitiative.kerndatensatz.onkologie,onkologie,https://www.medizininformatik-initiative.de/fhir/ext/modul-onko/StructureDefinition/mii-pr-onko-krk-specimen,MII_PR_Onko_KRK_Specimen,Specimen,2026.0.0,2026.0.1,identical,0,0,0,0,0,False,,
de.medizininformatikinitiative.kerndatensatz.onkologie,onkologie,https://www.medizininformatik-initiative.de/fhir/ext/modul-onko/StructureDefinition/mii-pr-onko-krk-specimen,MII_PR_Onko_KRK_Specimen,Specimen,2026.0.1,2026.0.2,identical,0,0,0,0,0,False,,
de.medizininformatikinitiative.kerndatensatz.onkologie,onkologie,https://www.medizininformatik-initiative.de/fhir/ext/modul-onko/StructureDefinition/mii-pr-onko-krk-specimen,MII_PR_Onko_KRK_Specimen,Specimen,2026.0.2,2026.0.3,identical,0,0,0,0,0,False,,
de.medizininformatikinitiative.kerndatensatz.onkologie,onkologie,https://www.medizininformatik-initiative.de/fhir/ext/modul-onko/StructureDefinition/mii-pr-onko-krk-specimen,MII_PR_Onko_KRK_Specimen,Specimen,2026.0.3,2027.0.0-ballot.1,canonical-only,0,0,0,0,0,False,,
de.medizininformatikinitiative.kerndatensatz.onkologie,onkologie,https://www.medizininformatik-initiative.de/fhir/ext/modul-onko/StructureDefinition/mii-pr-onko-krk-stoma-markierung,MII_PR_Onko_KRK_Stoma_Markierung,Procedure,2026.0.0,2026.0.1,identical,0,0,0,0,0,False,,
de.medizininformatikinitiative.kerndatensatz.onkologie,onkologie,https://www.medizininformatik-initiative.de/fhir/ext/modul-onko/StructureDefinition/mii-pr-onko-krk-stoma-markierung,MII_PR_Onko_KRK_Stoma_Markierung,Procedure,2026.0.1,2026.0.2,elements-added,1,0,0,0,0,False,Procedure.encounter,
de.medizininformatikinitiative.kerndatensatz.onkologie,onkologie,https://www.medizininformatik-initiative.de/fhir/ext/modul-onko/StructureDefinition/mii-pr-onko-krk-stoma-markierung,MII_PR_Onko_KRK_Stoma_Markierung,Procedure,2026.0.2,2026.0.3,elements-removed,0,1,0,0,0,True,,Procedure.encounter
de.medizininformatikinitiative.kerndatensatz.onkologie,onkologie,https://www.medizininformatik-initiative.de/fhir/ext/modul-onko/StructureDefinition/mii-pr-onko-krk-stoma-markierung,MII_PR_Onko_KRK_Stoma_Markierung,Procedure,2026.0.3,2027.0.0-ballot.1,mixed,1,0,2,0,2,False,Procedure.status,
de.medizininformatikinitiative.kerndatensatz.onkologie,onkologie,https://www.medizininformatik-initiative.de/fhir/ext/modul-onko/StructureDefinition/mii-pr-onko-liste-evidenz-erstdiagnose,MII_PR_Onko_Liste_Evidenz_Erstdiagnose,List,2025.0.0,2025.0.1,identical,0,0,0,0,0,False,,
de.medizininformatikinitiative.kerndatensatz.onkologie,onkologie,https://www.medizininformatik-initiative.de/fhir/ext/modul-onko/StructureDefinition/mii-pr-onko-liste-evidenz-erstdiagnose,MII_PR_Onko_Liste_Evidenz_Erstdiagnose,List,2025.0.1,2025.0.2,identical,0,0,0,0,0,False,,
de.medizininformatikinitiative.kerndatensatz.onkologie,onkologie,https://www.medizininformatik-initiative.de/fhir/ext/modul-onko/StructureDefinition/mii-pr-onko-liste-evidenz-erstdiagnose,MII_PR_Onko_Liste_Evidenz_Erstdiagnose,List,2025.0.2,2025.0.3,identical,0,0,0,0,0,False,,
de.medizininformatikinitiative.kerndatensatz.onkologie,onkologie,https://www.medizininformatik-initiative.de/fhir/ext/modul-onko/StructureDefinition/mii-pr-onko-liste-evidenz-erstdiagnose,MII_PR_Onko_Liste_Evidenz_Erstdiagnose,List,2025.0.3,2025.0.4,identical,0,0,0,0,0,False,,
de.medizininformatikinitiative.kerndatensatz.onkologie,onkologie,https://www.medizininformatik-initiative.de/fhir/ext/modul-onko/StructureDefinition/mii-pr-onko-liste-evidenz-erstdiagnose,MII_PR_Onko_Liste_Evidenz_Erstdiagnose,List,2025.0.4,2025.1.0,identical,0,0,0,0,0,False,,
de.medizininformatikinitiative.kerndatensatz.onkologie,onkologie,https://www.medizininformatik-initiative.de/fhir/ext/modul-onko/StructureDefinition/mii-pr-onko-liste-evidenz-erstdiagnose,MII_PR_Onko_Liste_Evidenz_Erstdiagnose,List,2025.1.0,2026.0.0,identical,0,0,0,0,0,False,,
de.medizininformatikinitiative.kerndatensatz.onkologie,onkologie,https://www.medizininformatik-initiative.de/fhir/ext/modul-onko/StructureDefinition/mii-pr-onko-liste-evidenz-erstdiagnose,MII_PR_Onko_Liste_Evidenz_Erstdiagnose,List,2026.0.0,2026.0.1,identical,0,0,0,0,0,False,,
de.medizininformatikinitiative.kerndatensatz.onkologie,onkologie,https://www.medizininformatik-initiative.de/fhir/ext/modul-onko/StructureDefinition/mii-pr-onko-liste-evidenz-erstdiagnose,MII_PR_Onko_Liste_Evidenz_Erstdiagnose,List,2026.0.1,2026.0.2,elements-added,1,0,0,0,0,False,List,
de.medizininformatikinitiative.kerndatensatz.onkologie,onkologie,https://www.medizininformatik-initiative.de/fhir/ext/modul-onko/StructureDefinition/mii-pr-onko-liste-evidenz-erstdiagnose,MII_PR_Onko_Liste_Evidenz_Erstdiagnose,List,2026.0.2,2026.0.3,elements-removed,0,1,0,0,0,True,,List
de.medizininformatikinitiative.kerndatensatz.onkologie,onkologie,https://www.medizininformatik-initiative.de/fhir/ext/modul-onko/StructureDefinition/mii-pr-onko-liste-evidenz-erstdiagnose,MII_PR_Onko_Liste_Evidenz_Erstdiagnose,List,2026.0.3,2027.0.0-ballot.1,elements-added,1,0,0,0,0,False,List,
de.medizininformatikinitiative.kerndatensatz.onkologie,onkologie,https://www.medizininformatik-initiative.de/fhir/ext/modul-onko/StructureDefinition/mii-pr-onko-mamma-her2neu-status,MII_PR_Onko_Mamma_Her2neu_Status,Observation,2026.0.0,2026.0.1,identical,0,0,0,0,0,False,,
de.medizininformatikinitiative.kerndatensatz.onkologie,onkologie,https://www.medizininformatik-initiative.de/fhir/ext/modul-onko/StructureDefinition/mii-pr-onko-mamma-her2neu-status,MII_PR_Onko_Mamma_Her2neu_Status,Observation,2026.0.1,2026.0.2,identical,0,0,0,0,0,False,,
de.medizininformatikinitiative.kerndatensatz.onkologie,onkologie,https://www.medizininformatik-initiative.de/fhir/ext/modul-onko/StructureDefinition/mii-pr-onko-mamma-her2neu-status,MII_PR_Onko_Mamma_Her2neu_Status,Observation,2026.0.2,2026.0.3,identical,0,0,0,0,0,False,,
de.medizininformatikinitiative.kerndatensatz.onkologie,onkologie,https://www.medizininformatik-initiative.de/fhir/ext/modul-onko/StructureDefinition/mii-pr-onko-mamma-her2neu-status,MII_PR_Onko_Mamma_Her2neu_Status,Observation,2026.0.3,2027.0.0-ballot.1,canonical-only,0,0,0,0,0,False,,
de.medizininformatikinitiative.kerndatensatz.onkologie,onkologie,https://www.medizininformatik-initiative.de/fhir/ext/modul-onko/StructureDefinition/mii-pr-onko-mamma-menopause-status,MII_PR_Onko_Mamma_Menopausenstatus,Observation,2026.0.0,2026.0.1,identical,0,0,0,0,0,False,,
de.medizininformatikinitiative.kerndatensatz.onkologie,onkologie,https://www.medizininformatik-initiative.de/fhir/ext/modul-onko/StructureDefinition/mii-pr-onko-mamma-menopause-status,MII_PR_Onko_Mamma_Menopausenstatus,Observation,2026.0.1,2026.0.2,identical,0,0,0,0,0,False,,
de.medizininformatikinitiative.kerndatensatz.onkologie,onkologie,https://www.medizininformatik-initiative.de/fhir/ext/modul-onko/StructureDefinition/mii-pr-onko-mamma-menopause-status,MII_PR_Onko_Mamma_Menopausenstatus,Observation,2026.0.2,2026.0.3,identical,0,0,0,0,0,False,,
de.medizininformatikinitiative.kerndatensatz.onkologie,onkologie,https://www.medizininformatik-initiative.de/fhir/ext/modul-onko/StructureDefinition/mii-pr-onko-mamma-menopause-status,MII_PR_Onko_Mamma_Menopausenstatus,Observation,2026.0.3,2027.0.0-ballot.1,elements-added,1,0,0,0,0,False,Observation,
de.medizininformatikinitiative.kerndatensatz.onkologie,onkologie,https://www.medizininformatik-initiative.de/fhir/ext/modul-onko/StructureDefinition/mii-pr-onko-mamma-operation,MII_PR_Onko_Mamma_Operation,Procedure,2026.0.0,2026.0.1,identical,0,0,0,0,0,False,,
de.medizininformatikinitiative.kerndatensatz.onkologie,onkologie,https://www.medizininformatik-initiative.de/fhir/ext/modul-onko/StructureDefinition/mii-pr-onko-mamma-operation,MII_PR_Onko_Mamma_Operation,Procedure,2026.0.1,2026.0.2,identical,0,0,0,0,0,False,,
de.medizininformatikinitiative.kerndatensatz.onkologie,onkologie,https://www.medizininformatik-initiative.de/fhir/ext/modul-onko/StructureDefinition/mii-pr-onko-mamma-operation,MII_PR_Onko_Mamma_Operation,Procedure,2026.0.2,2026.0.3,identical,0,0,0,0,0,False,,
de.medizininformatikinitiative.kerndatensatz.onkologie,onkologie,https://www.medizininformatik-initiative.de/fhir/ext/modul-onko/StructureDefinition/mii-pr-onko-mamma-operation,MII_PR_Onko_Mamma_Operation,Procedure,2026.0.3,2027.0.0-ballot.1,mixed,5,1,0,0,0,True,Procedure|Procedure.code.coding:ops.code|Procedure.code.coding:sct.code|Procedure.usedCode:IntraoperativesImaging.coding.code|Procedure.usedCode:PraeoperativeMarkierung.coding.code,Procedure.performed[x]:performedDateTime
de.medizininformatikinitiative.kerndatensatz.onkologie,onkologie,https://www.medizininformatik-initiative.de/fhir/ext/modul-onko/StructureDefinition/mii-pr-onko-mamma-praeoperative-markierung,MII_PR_Onko_Mamma_Praeoperative_Markierung,Procedure,2026.0.0,2026.0.1,identical,0,0,0,0,0,False,,
de.medizininformatikinitiative.kerndatensatz.onkologie,onkologie,https://www.medizininformatik-initiative.de/fhir/ext/modul-onko/StructureDefinition/mii-pr-onko-mamma-praeoperative-markierung,MII_PR_Onko_Mamma_Praeoperative_Markierung,Procedure,2026.0.1,2026.0.2,identical,0,0,0,0,0,False,,
de.medizininformatikinitiative.kerndatensatz.onkologie,onkologie,https://www.medizininformatik-initiative.de/fhir/ext/modul-onko/StructureDefinition/mii-pr-onko-mamma-praeoperative-markierung,MII_PR_Onko_Mamma_Praeoperative_Markierung,Procedure,2026.0.2,2026.0.3,identical,0,0,0,0,0,False,,
de.medizininformatikinitiative.kerndatensatz.onkologie,onkologie,https://www.medizininformatik-initiative.de/fhir/ext/modul-onko/StructureDefinition/mii-pr-onko-mamma-praeoperative-markierung,MII_PR_Onko_Mamma_Praeoperative_Markierung,Procedure,2026.0.3,2027.0.0-ballot.1,elements-added,3,0,0,0,0,False,Procedure|Procedure.performed[x]|Procedure.performed[x]:performedDateTime,
de.medizininformatikinitiative.kerndatensatz.onkologie,onkologie,https://www.medizininformatik-initiative.de/fhir/ext/modul-onko/StructureDefinition/mii-pr-onko-mamma-rezeptorstatus-estrogen,MII_PR_Onko_Mamma_Rezeptorstatus_Estrogen,Observation,2026.0.0,2026.0.1,identical,0,0,0,0,0,False,,
de.medizininformatikinitiative.kerndatensatz.onkologie,onkologie,https://www.medizininformatik-initiative.de/fhir/ext/modul-onko/StructureDefinition/mii-pr-onko-mamma-rezeptorstatus-estrogen,MII_PR_Onko_Mamma_Rezeptorstatus_Estrogen,Observation,2026.0.1,2026.0.2,identical,0,0,0,0,0,False,,
de.medizininformatikinitiative.kerndatensatz.onkologie,onkologie,https://www.medizininformatik-initiative.de/fhir/ext/modul-onko/StructureDefinition/mii-pr-onko-mamma-rezeptorstatus-estrogen,MII_PR_Onko_Mamma_Rezeptorstatus_Estrogen,Observation,2026.0.2,2026.0.3,identical,0,0,0,0,0,False,,
de.medizininformatikinitiative.kerndatensatz.onkologie,onkologie,https://www.medizininformatik-initiative.de/fhir/ext/modul-onko/StructureDefinition/mii-pr-onko-mamma-rezeptorstatus-estrogen,MII_PR_Onko_Mamma_Rezeptorstatus_Estrogen,Observation,2026.0.3,2027.0.0-ballot.1,elements-added,1,0,0,0,0,False,Observation,
de.medizininformatikinitiative.kerndatensatz.onkologie,onkologie,https://www.medizininformatik-initiative.de/fhir/ext/modul-onko/StructureDefinition/mii-pr-onko-mamma-rezeptorstatus-progesteron,MII_PR_Onko_Mamma_Rezeptorstatus_Progesteron,Observation,2026.0.0,2026.0.1,identical,0,0,0,0,0,False,,
de.medizininformatikinitiative.kerndatensatz.onkologie,onkologie,https://www.medizininformatik-initiative.de/fhir/ext/modul-onko/StructureDefinition/mii-pr-onko-mamma-rezeptorstatus-progesteron,MII_PR_Onko_Mamma_Rezeptorstatus_Progesteron,Observation,2026.0.1,2026.0.2,identical,0,0,0,0,0,False,,
de.medizininformatikinitiative.kerndatensatz.onkologie,onkologie,https://www.medizininformatik-initiative.de/fhir/ext/modul-onko/StructureDefinition/mii-pr-onko-mamma-rezeptorstatus-progesteron,MII_PR_Onko_Mamma_Rezeptorstatus_Progesteron,Observation,2026.0.2,2026.0.3,identical,0,0,0,0,0,False,,
de.medizininformatikinitiative.kerndatensatz.onkologie,onkologie,https://www.medizininformatik-initiative.de/fhir/ext/modul-onko/StructureDefinition/mii-pr-onko-mamma-rezeptorstatus-progesteron,MII_PR_Onko_Mamma_Rezeptorstatus_Progesteron,Observation,2026.0.3,2027.0.0-ballot.1,elements-added,1,0,0,0,0,False,Observation,
de.medizininformatikinitiative.kerndatensatz.onkologie,onkologie,https://www.medizininformatik-initiative.de/fhir/ext/modul-onko/StructureDefinition/mii-pr-onko-mamma-sozialdienst,MII_PR_Onko_Mamma_Sozialdienst,Procedure,2026.0.0,2026.0.1,identical,0,0,0,0,0,False,,
de.medizininformatikinitiative.kerndatensatz.onkologie,onkologie,https://www.medizininformatik-initiative.de/fhir/ext/modul-onko/StructureDefinition/mii-pr-onko-mamma-sozialdienst,MII_PR_Onko_Mamma_Sozialdienst,Procedure,2026.0.1,2026.0.2,identical,0,0,0,0,0,False,,
de.medizininformatikinitiative.kerndatensatz.onkologie,onkologie,https://www.medizininformatik-initiative.de/fhir/ext/modul-onko/StructureDefinition/mii-pr-onko-mamma-sozialdienst,MII_PR_Onko_Mamma_Sozialdienst,Procedure,2026.0.2,2026.0.3,identical,0,0,0,0,0,False,,
de.medizininformatikinitiative.kerndatensatz.onkologie,onkologie,https://www.medizininformatik-initiative.de/fhir/ext/modul-onko/StructureDefinition/mii-pr-onko-mamma-sozialdienst,MII_PR_Onko_Mamma_Sozialdienst,Procedure,2026.0.3,2027.0.0-ballot.1,mixed,1,0,1,0,1,False,Procedure,
de.medizininformatikinitiative.kerndatensatz.onkologie,onkologie,https://www.medizininformatik-initiative.de/fhir/ext/modul-onko/StructureDefinition/mii-pr-onko-melanom-breslow-tiefe,MII_PR_Onko_Melanom_Breslow_Tiefe,Observation,2026.0.0,2026.0.1,identical,0,0,0,0,0,False,,
de.medizininformatikinitiative.kerndatensatz.onkologie,onkologie,https://www.medizininformatik-initiative.de/fhir/ext/modul-onko/StructureDefinition/mii-pr-onko-melanom-breslow-tiefe,MII_PR_Onko_Melanom_Breslow_Tiefe,Observation,2026.0.1,2026.0.2,identical,0,0,0,0,0,False,,
de.medizininformatikinitiative.kerndatensatz.onkologie,onkologie,https://www.medizininformatik-initiative.de/fhir/ext/modul-onko/StructureDefinition/mii-pr-onko-melanom-breslow-tiefe,MII_PR_Onko_Melanom_Breslow_Tiefe,Observation,2026.0.2,2026.0.3,identical,0,0,0,0,0,False,,
de.medizininformatikinitiative.kerndatensatz.onkologie,onkologie,https://www.medizininformatik-initiative.de/fhir/ext/modul-onko/StructureDefinition/mii-pr-onko-melanom-breslow-tiefe,MII_PR_Onko_Melanom_Breslow_Tiefe,Observation,2026.0.3,2027.0.0-ballot.1,canonical-only,0,0,0,0,0,False,,
de.medizininformatikinitiative.kerndatensatz.onkologie,onkologie,https://www.medizininformatik-initiative.de/fhir/ext/modul-onko/StructureDefinition/mii-pr-onko-melanom-exzision,MII_PR_Onko_Melanom_Exzision,Procedure,2026.0.0,2026.0.1,identical,0,0,0,0,0,False,,
de.medizininformatikinitiative.kerndatensatz.onkologie,onkologie,https://www.medizininformatik-initiative.de/fhir/ext/modul-onko/StructureDefinition/mii-pr-onko-melanom-exzision,MII_PR_Onko_Melanom_Exzision,Procedure,2026.0.1,2026.0.2,elements-added,1,0,0,0,0,False,Procedure,
de.medizininformatikinitiative.kerndatensatz.onkologie,onkologie,https://www.medizininformatik-initiative.de/fhir/ext/modul-onko/StructureDefinition/mii-pr-onko-melanom-exzision,MII_PR_Onko_Melanom_Exzision,Procedure,2026.0.2,2026.0.3,elements-removed,0,1,0,0,0,True,,Procedure
de.medizininformatikinitiative.kerndatensatz.onkologie,onkologie,https://www.medizininformatik-initiative.de/fhir/ext/modul-onko/StructureDefinition/mii-pr-onko-melanom-exzision,MII_PR_Onko_Melanom_Exzision,Procedure,2026.0.3,2027.0.0-ballot.1,elements-added,1,0,0,0,0,False,Procedure,
de.medizininformatikinitiative.kerndatensatz.onkologie,onkologie,https://www.medizininformatik-initiative.de/fhir/ext/modul-onko/StructureDefinition/mii-pr-onko-melanom-ldh,MII_PR_Onko_Melanom_LDH,Observation,2026.0.0,2026.0.1,identical,0,0,0,0,0,False,,
de.medizininformatikinitiative.kerndatensatz.onkologie,onkologie,https://www.medizininformatik-initiative.de/fhir/ext/modul-onko/StructureDefinition/mii-pr-onko-melanom-ldh,MII_PR_Onko_Melanom_LDH,Observation,2026.0.1,2026.0.2,identical,0,0,0,0,0,False,,
de.medizininformatikinitiative.kerndatensatz.onkologie,onkologie,https://www.medizininformatik-initiative.de/fhir/ext/modul-onko/StructureDefinition/mii-pr-onko-melanom-ldh,MII_PR_Onko_Melanom_LDH,Observation,2026.0.2,2026.0.3,identical,0,0,0,0,0,False,,
de.medizininformatikinitiative.kerndatensatz.onkologie,onkologie,https://www.medizininformatik-initiative.de/fhir/ext/modul-onko/StructureDefinition/mii-pr-onko-melanom-ldh,MII_PR_Onko_Melanom_LDH,Observation,2026.0.3,2027.0.0-ballot.1,canonical-only,0,0,0,0,0,False,,
de.medizininformatikinitiative.kerndatensatz.onkologie,onkologie,https://www.medizininformatik-initiative.de/fhir/ext/modul-onko/StructureDefinition/mii-pr-onko-melanom-sicherheitsabstand,MII_PR_Onko_Melanom_Sicherheitsabstand,Observation,2026.0.0,2026.0.1,identical,0,0,0,0,0,False,,
de.medizininformatikinitiative.kerndatensatz.onkologie,onkologie,https://www.medizininformatik-initiative.de/fhir/ext/modul-onko/StructureDefinition/mii-pr-onko-melanom-sicherheitsabstand,MII_PR_Onko_Melanom_Sicherheitsabstand,Observation,2026.0.1,2026.0.2,identical,0,0,0,0,0,False,,
de.medizininformatikinitiative.kerndatensatz.onkologie,onkologie,https://www.medizininformatik-initiative.de/fhir/ext/modul-onko/StructureDefinition/mii-pr-onko-melanom-sicherheitsabstand,MII_PR_Onko_Melanom_Sicherheitsabstand,Observation,2026.0.2,2026.0.3,identical,0,0,0,0,0,False,,
de.medizininformatikinitiative.kerndatensatz.onkologie,onkologie,https://www.medizininformatik-initiative.de/fhir/ext/modul-onko/StructureDefinition/mii-pr-onko-melanom-sicherheitsabstand,MII_PR_Onko_Melanom_Sicherheitsabstand,Observation,2026.0.3,2027.0.0-ballot.1,identical,0,0,0,0,0,False,,
de.medizininformatikinitiative.kerndatensatz.onkologie,onkologie,https://www.medizininformatik-initiative.de/fhir/ext/modul-onko/StructureDefinition/mii-pr-onko-melanom-ulzeration,MII_PR_Onko_Melanom_Ulzeration,Observation,2026.0.0,2026.0.1,identical,0,0,0,0,0,False,,
de.medizininformatikinitiative.kerndatensatz.onkologie,onkologie,https://www.medizininformatik-initiative.de/fhir/ext/modul-onko/StructureDefinition/mii-pr-onko-melanom-ulzeration,MII_PR_Onko_Melanom_Ulzeration,Observation,2026.0.1,2026.0.2,identical,0,0,0,0,0,False,,
de.medizininformatikinitiative.kerndatensatz.onkologie,onkologie,https://www.medizininformatik-initiative.de/fhir/ext/modul-onko/StructureDefinition/mii-pr-onko-melanom-ulzeration,MII_PR_Onko_Melanom_Ulzeration,Observation,2026.0.2,2026.0.3,identical,0,0,0,0,0,False,,
de.medizininformatikinitiative.kerndatensatz.onkologie,onkologie,https://www.medizininformatik-initiative.de/fhir/ext/modul-onko/StructureDefinition/mii-pr-onko-melanom-ulzeration,MII_PR_Onko_Melanom_Ulzeration,Observation,2026.0.3,2027.0.0-ballot.1,identical,0,0,0,0,0,False,,
de.medizininformatikinitiative.kerndatensatz.onkologie,onkologie,https://www.medizininformatik-initiative.de/fhir/ext/modul-onko/StructureDefinition/mii-pr-onko-nebenwirkung-adverse-event,MII_PR_Onko_Nebenwirkung_Adverse_Event,AdverseEvent,2025.0.0,2025.0.1,identical,0,0,0,0,0,False,,
de.medizininformatikinitiative.kerndatensatz.onkologie,onkologie,https://www.medizininformatik-initiative.de/fhir/ext/modul-onko/StructureDefinition/mii-pr-onko-nebenwirkung-adverse-event,MII_PR_Onko_Nebenwirkung_Adverse_Event,AdverseEvent,2025.0.1,2025.0.2,identical,0,0,0,0,0,False,,
de.medizininformatikinitiative.kerndatensatz.onkologie,onkologie,https://www.medizininformatik-initiative.de/fhir/ext/modul-onko/StructureDefinition/mii-pr-onko-nebenwirkung-adverse-event,MII_PR_Onko_Nebenwirkung_Adverse_Event,AdverseEvent,2025.0.2,2025.0.3,identical,0,0,0,0,0,False,,
de.medizininformatikinitiative.kerndatensatz.onkologie,onkologie,https://www.medizininformatik-initiative.de/fhir/ext/modul-onko/StructureDefinition/mii-pr-onko-nebenwirkung-adverse-event,MII_PR_Onko_Nebenwirkung_Adverse_Event,AdverseEvent,2025.0.3,2025.0.4,modified,0,0,1,0,0,False,,
de.medizininformatikinitiative.kerndatensatz.onkologie,onkologie,https://www.medizininformatik-initiative.de/fhir/ext/modul-onko/StructureDefinition/mii-pr-onko-nebenwirkung-adverse-event,MII_PR_Onko_Nebenwirkung_Adverse_Event,AdverseEvent,2025.0.4,2025.1.0,modified,0,0,3,0,0,True,,
de.medizininformatikinitiative.kerndatensatz.onkologie,onkologie,https://www.medizininformatik-initiative.de/fhir/ext/modul-onko/StructureDefinition/mii-pr-onko-nebenwirkung-adverse-event,MII_PR_Onko_Nebenwirkung_Adverse_Event,AdverseEvent,2025.1.0,2026.0.0,mixed,4,0,2,0,0,True,AdverseEvent.event.coding:meddra|AdverseEvent.event.coding:meddra.code|AdverseEvent.event.coding:meddra.system|AdverseEvent.event.coding:meddra.version,
de.medizininformatikinitiative.kerndatensatz.onkologie,onkologie,https://www.medizininformatik-initiative.de/fhir/ext/modul-onko/StructureDefinition/mii-pr-onko-nebenwirkung-adverse-event,MII_PR_Onko_Nebenwirkung_Adverse_Event,AdverseEvent,2026.0.0,2026.0.1,identical,0,0,0,0,0,False,,
de.medizininformatikinitiative.kerndatensatz.onkologie,onkologie,https://www.medizininformatik-initiative.de/fhir/ext/modul-onko/StructureDefinition/mii-pr-onko-nebenwirkung-adverse-event,MII_PR_Onko_Nebenwirkung_Adverse_Event,AdverseEvent,2026.0.1,2026.0.2,mixed,1,4,0,0,0,True,AdverseEvent,AdverseEvent.event.coding:meddra|AdverseEvent.event.coding:meddra.code|AdverseEvent.event.coding:meddra.system|AdverseEvent.event.coding:meddra.version
de.medizininformatikinitiative.kerndatensatz.onkologie,onkologie,https://www.medizininformatik-initiative.de/fhir/ext/modul-onko/StructureDefinition/mii-pr-onko-nebenwirkung-adverse-event,MII_PR_Onko_Nebenwirkung_Adverse_Event,AdverseEvent,2026.0.2,2026.0.3,mixed,4,1,0,0,0,True,AdverseEvent.event.coding:meddra|AdverseEvent.event.coding:meddra.code|AdverseEvent.event.coding:meddra.system|AdverseEvent.event.coding:meddra.version,AdverseEvent
de.medizininformatikinitiative.kerndatensatz.onkologie,onkologie,https://www.medizininformatik-initiative.de/fhir/ext/modul-onko/StructureDefinition/mii-pr-onko-nebenwirkung-adverse-event,MII_PR_Onko_Nebenwirkung_Adverse_Event,AdverseEvent,2026.0.3,2027.0.0-ballot.1,mixed,7,0,2,0,0,True,AdverseEvent|AdverseEvent.event.coding:snomed|AdverseEvent.event.coding:snomed.code|AdverseEvent.event.coding:snomed.system|AdverseEvent.event.coding:snomed.version|AdverseEvent.extension|AdverseEvent.extension:ctcaeVersion,
de.medizininformatikinitiative.kerndatensatz.onkologie,onkologie,https://www.medizininformatik-initiative.de/fhir/ext/modul-onko/StructureDefinition/mii-pr-onko-operation,MII_PR_Onko_Operation,Procedure,2025.0.0,2025.0.1,identical,0,0,0,0,0,False,,
de.medizininformatikinitiative.kerndatensatz.onkologie,onkologie,https://www.medizininformatik-initiative.de/fhir/ext/modul-onko/StructureDefinition/mii-pr-onko-operation,MII_PR_Onko_Operation,Procedure,2025.0.1,2025.0.2,identical,0,0,0,0,0,False,,
de.medizininformatikinitiative.kerndatensatz.onkologie,onkologie,https://www.medizininformatik-initiative.de/fhir/ext/modul-onko/StructureDefinition/mii-pr-onko-operation,MII_PR_Onko_Operation,Procedure,2025.0.2,2025.0.3,identical,0,0,0,0,0,False,,
de.medizininformatikinitiative.kerndatensatz.onkologie,onkologie,https://www.medizininformatik-initiative.de/fhir/ext/modul-onko/StructureDefinition/mii-pr-onko-operation,MII_PR_Onko_Operation,Procedure,2025.0.3,2025.0.4,identical,0,0,0,0,0,False,,
de.medizininformatikinitiative.kerndatensatz.onkologie,onkologie,https://www.medizininformatik-initiative.de/fhir/ext/modul-onko/StructureDefinition/mii-pr-onko-operation,MII_PR_Onko_Operation,Procedure,2025.0.4,2025.1.0,elements-added,2,0,0,0,0,False,Procedure.complication:compl_icd10.coding|Procedure.complication:compl_obds.coding,
de.medizininformatikinitiative.kerndatensatz.onkologie,onkologie,https://www.medizininformatik-initiative.de/fhir/ext/modul-onko/StructureDefinition/mii-pr-onko-operation,MII_PR_Onko_Operation,Procedure,2025.1.0,2026.0.0,mixed,2,1,1,0,0,True,Procedure.extension:Urgency|Procedure.extension:Urgency.value[x].coding.code,Procedure.encounter
de.medizininformatikinitiative.kerndatensatz.onkologie,onkologie,https://www.medizininformatik-initiative.de/fhir/ext/modul-onko/StructureDefinition/mii-pr-onko-operation,MII_PR_Onko_Operation,Procedure,2026.0.0,2026.0.1,identical,0,0,0,0,0,False,,
de.medizininformatikinitiative.kerndatensatz.onkologie,onkologie,https://www.medizininformatik-initiative.de/fhir/ext/modul-onko/StructureDefinition/mii-pr-onko-operation,MII_PR_Onko_Operation,Procedure,2026.0.1,2026.0.2,elements-added,1,0,0,0,0,False,Procedure.encounter,
de.medizininformatikinitiative.kerndatensatz.onkologie,onkologie,https://www.medizininformatik-initiative.de/fhir/ext/modul-onko/StructureDefinition/mii-pr-onko-operation,MII_PR_Onko_Operation,Procedure,2026.0.2,2026.0.3,elements-removed,0,1,0,0,0,True,,Procedure.encounter
de.medizininformatikinitiative.kerndatensatz.onkologie,onkologie,https://www.medizininformatik-initiative.de/fhir/ext/modul-onko/StructureDefinition/mii-pr-onko-operation,MII_PR_Onko_Operation,Procedure,2026.0.3,2027.0.0-ballot.1,elements-added,2,0,0,0,0,False,Procedure.basedOn:tumorkonferenz|Procedure.code.coding:ops.extension:Seitenlokalisation,
de.medizininformatikinitiative.kerndatensatz.onkologie,onkologie,https://www.medizininformatik-initiative.de/fhir/ext/modul-onko/StructureDefinition/mii-pr-onko-prostata-operation,MII_PR_Onko_Prostata_Operation,Procedure,2026.0.0,2026.0.1,identical,0,0,0,0,0,False,,
de.medizininformatikinitiative.kerndatensatz.onkologie,onkologie,https://www.medizininformatik-initiative.de/fhir/ext/modul-onko/StructureDefinition/mii-pr-onko-prostata-operation,MII_PR_Onko_Prostata_Operation,Procedure,2026.0.1,2026.0.2,elements-added,1,0,0,0,0,False,Procedure,
de.medizininformatikinitiative.kerndatensatz.onkologie,onkologie,https://www.medizininformatik-initiative.de/fhir/ext/modul-onko/StructureDefinition/mii-pr-onko-prostata-operation,MII_PR_Onko_Prostata_Operation,Procedure,2026.0.2,2026.0.3,elements-removed,0,1,0,0,0,True,,Procedure
de.medizininformatikinitiative.kerndatensatz.onkologie,onkologie,https://www.medizininformatik-initiative.de/fhir/ext/modul-onko/StructureDefinition/mii-pr-onko-prostata-operation,MII_PR_Onko_Prostata_Operation,Procedure,2026.0.3,2027.0.0-ballot.1,elements-added,1,0,0,0,0,False,Procedure,
de.medizininformatikinitiative.kerndatensatz.onkologie,onkologie,https://www.medizininformatik-initiative.de/fhir/ext/modul-onko/StructureDefinition/mii-pr-onko-prostate-anzahl-positive-stanzen,MII_PR_Onko_Prostata_Anzahl_Positive_Stanzen,Observation,2026.0.0,2026.0.1,identical,0,0,0,0,0,False,,
de.medizininformatikinitiative.kerndatensatz.onkologie,onkologie,https://www.medizininformatik-initiative.de/fhir/ext/modul-onko/StructureDefinition/mii-pr-onko-prostate-anzahl-positive-stanzen,MII_PR_Onko_Prostata_Anzahl_Positive_Stanzen,Observation,2026.0.1,2026.0.2,identical,0,0,0,0,0,False,,
de.medizininformatikinitiative.kerndatensatz.onkologie,onkologie,https://www.medizininformatik-initiative.de/fhir/ext/modul-onko/StructureDefinition/mii-pr-onko-prostate-anzahl-positive-stanzen,MII_PR_Onko_Prostata_Anzahl_Positive_Stanzen,Observation,2026.0.2,2026.0.3,identical,0,0,0,0,0,False,,
de.medizininformatikinitiative.kerndatensatz.onkologie,onkologie,https://www.medizininformatik-initiative.de/fhir/ext/modul-onko/StructureDefinition/mii-pr-onko-prostate-anzahl-positive-stanzen,MII_PR_Onko_Prostata_Anzahl_Positive_Stanzen,Observation,2026.0.3,2027.0.0-ballot.1,elements-added,1,0,0,0,0,False,Observation,
de.medizininformatikinitiative.kerndatensatz.onkologie,onkologie,https://www.medizininformatik-initiative.de/fhir/ext/modul-onko/StructureDefinition/mii-pr-onko-prostate-anzahl-stanzen,MII_PR_Onko_Prostata_Anzahl_Stanzen,Observation,2026.0.0,2026.0.1,identical,0,0,0,0,0,False,,
de.medizininformatikinitiative.kerndatensatz.onkologie,onkologie,https://www.medizininformatik-initiative.de/fhir/ext/modul-onko/StructureDefinition/mii-pr-onko-prostate-anzahl-stanzen,MII_PR_Onko_Prostata_Anzahl_Stanzen,Observation,2026.0.1,2026.0.2,identical,0,0,0,0,0,False,,
de.medizininformatikinitiative.kerndatensatz.onkologie,onkologie,https://www.medizininformatik-initiative.de/fhir/ext/modul-onko/StructureDefinition/mii-pr-onko-prostate-anzahl-stanzen,MII_PR_Onko_Prostata_Anzahl_Stanzen,Observation,2026.0.2,2026.0.3,identical,0,0,0,0,0,False,,
de.medizininformatikinitiative.kerndatensatz.onkologie,onkologie,https://www.medizininformatik-initiative.de/fhir/ext/modul-onko/StructureDefinition/mii-pr-onko-prostate-anzahl-stanzen,MII_PR_Onko_Prostata_Anzahl_Stanzen,Observation,2026.0.3,2027.0.0-ballot.1,elements-added,1,0,0,0,0,False,Observation,
de.medizininformatikinitiative.kerndatensatz.onkologie,onkologie,https://www.medizininformatik-initiative.de/fhir/ext/modul-onko/StructureDefinition/mii-pr-onko-prostate-ca-befall-stanze,MII_PR_Onko_Prostata_CA_Befall_Stanze,Observation,2026.0.0,2026.0.1,identical,0,0,0,0,0,False,,
de.medizininformatikinitiative.kerndatensatz.onkologie,onkologie,https://www.medizininformatik-initiative.de/fhir/ext/modul-onko/StructureDefinition/mii-pr-onko-prostate-ca-befall-stanze,MII_PR_Onko_Prostata_CA_Befall_Stanze,Observation,2026.0.1,2026.0.2,identical,0,0,0,0,0,False,,
de.medizininformatikinitiative.kerndatensatz.onkologie,onkologie,https://www.medizininformatik-initiative.de/fhir/ext/modul-onko/StructureDefinition/mii-pr-onko-prostate-ca-befall-stanze,MII_PR_Onko_Prostata_CA_Befall_Stanze,Observation,2026.0.2,2026.0.3,identical,0,0,0,0,0,False,,
de.medizininformatikinitiative.kerndatensatz.onkologie,onkologie,https://www.medizininformatik-initiative.de/fhir/ext/modul-onko/StructureDefinition/mii-pr-onko-prostate-ca-befall-stanze,MII_PR_Onko_Prostata_CA_Befall_Stanze,Observation,2026.0.3,2027.0.0-ballot.1,elements-added,1,0,0,0,0,False,Observation,
de.medizininformatikinitiative.kerndatensatz.onkologie,onkologie,https://www.medizininformatik-initiative.de/fhir/ext/modul-onko/StructureDefinition/mii-pr-onko-prostate-clavien-dindo,MII_PR_Onko_Prostata_Clavien_Dindo,Observation,2026.0.0,2026.0.1,identical,0,0,0,0,0,False,,
de.medizininformatikinitiative.kerndatensatz.onkologie,onkologie,https://www.medizininformatik-initiative.de/fhir/ext/modul-onko/StructureDefinition/mii-pr-onko-prostate-clavien-dindo,MII_PR_Onko_Prostata_Clavien_Dindo,Observation,2026.0.1,2026.0.2,identical,0,0,0,0,0,False,,
de.medizininformatikinitiative.kerndatensatz.onkologie,onkologie,https://www.medizininformatik-initiative.de/fhir/ext/modul-onko/StructureDefinition/mii-pr-onko-prostate-clavien-dindo,MII_PR_Onko_Prostata_Clavien_Dindo,Observation,2026.0.2,2026.0.3,identical,0,0,0,0,0,False,,
de.medizininformatikinitiative.kerndatensatz.onkologie,onkologie,https://www.medizininformatik-initiative.de/fhir/ext/modul-onko/StructureDefinition/mii-pr-onko-prostate-clavien-dindo,MII_PR_Onko_Prostata_Clavien_Dindo,Observation,2026.0.3,2027.0.0-ballot.1,elements-added,1,0,0,0,0,False,Observation,
de.medizininformatikinitiative.kerndatensatz.onkologie,onkologie,https://www.medizininformatik-initiative.de/fhir/ext/modul-onko/StructureDefinition/mii-pr-onko-prostate-gleason-grade-group,MII_PR_Onko_Prostata_Gleason_Grade_Group,Observation,2026.0.0,2026.0.1,identical,0,0,0,0,0,False,,
de.medizininformatikinitiative.kerndatensatz.onkologie,onkologie,https://www.medizininformatik-initiative.de/fhir/ext/modul-onko/StructureDefinition/mii-pr-onko-prostate-gleason-grade-group,MII_PR_Onko_Prostata_Gleason_Grade_Group,Observation,2026.0.1,2026.0.2,identical,0,0,0,0,0,False,,
de.medizininformatikinitiative.kerndatensatz.onkologie,onkologie,https://www.medizininformatik-initiative.de/fhir/ext/modul-onko/StructureDefinition/mii-pr-onko-prostate-gleason-grade-group,MII_PR_Onko_Prostata_Gleason_Grade_Group,Observation,2026.0.2,2026.0.3,identical,0,0,0,0,0,False,,
de.medizininformatikinitiative.kerndatensatz.onkologie,onkologie,https://www.medizininformatik-initiative.de/fhir/ext/modul-onko/StructureDefinition/mii-pr-onko-prostate-gleason-grade-group,MII_PR_Onko_Prostata_Gleason_Grade_Group,Observation,2026.0.3,2027.0.0-ballot.1,mixed,7,0,1,0,0,True,Observation|Observation.code.coding:loinc|Observation.code.coding:loinc.code|Observation.code.coding:loinc.system|Observation.code.coding:snomed|Observation.code.coding:snomed.code|Observation.code.coding:snomed.system,
de.medizininformatikinitiative.kerndatensatz.onkologie,onkologie,https://www.medizininformatik-initiative.de/fhir/ext/modul-onko/StructureDefinition/mii-pr-onko-prostate-gleason-patterns,MII_PR_Onko_Prostata_Gleason_Pattern,Observation,2026.0.0,2026.0.1,identical,0,0,0,0,0,False,,
de.medizininformatikinitiative.kerndatensatz.onkologie,onkologie,https://www.medizininformatik-initiative.de/fhir/ext/modul-onko/StructureDefinition/mii-pr-onko-prostate-gleason-patterns,MII_PR_Onko_Prostata_Gleason_Pattern,Observation,2026.0.1,2026.0.2,identical,0,0,0,0,0,False,,
de.medizininformatikinitiative.kerndatensatz.onkologie,onkologie,https://www.medizininformatik-initiative.de/fhir/ext/modul-onko/StructureDefinition/mii-pr-onko-prostate-gleason-patterns,MII_PR_Onko_Prostata_Gleason_Pattern,Observation,2026.0.2,2026.0.3,identical,0,0,0,0,0,False,,
de.medizininformatikinitiative.kerndatensatz.onkologie,onkologie,https://www.medizininformatik-initiative.de/fhir/ext/modul-onko/StructureDefinition/mii-pr-onko-prostate-gleason-patterns,MII_PR_Onko_Prostata_Gleason_Pattern,Observation,2026.0.3,2027.0.0-ballot.1,mixed,7,0,1,0,0,True,Observation|Observation.code.coding:loinc|Observation.code.coding:loinc.code|Observation.code.coding:loinc.system|Observation.code.coding:snomed|Observation.code.coding:snomed.code|Observation.code.coding:snomed.system,
de.medizininformatikinitiative.kerndatensatz.onkologie,onkologie,https://www.medizininformatik-initiative.de/fhir/ext/modul-onko/StructureDefinition/mii-pr-onko-prostate-psa,MII_PR_Onko_Prostata_PSA,Observation,2026.0.0,2026.0.1,identical,0,0,0,0,0,False,,
de.medizininformatikinitiative.kerndatensatz.onkologie,onkologie,https://www.medizininformatik-initiative.de/fhir/ext/modul-onko/StructureDefinition/mii-pr-onko-prostate-psa,MII_PR_Onko_Prostata_PSA,Observation,2026.0.1,2026.0.2,identical,0,0,0,0,0,False,,
de.medizininformatikinitiative.kerndatensatz.onkologie,onkologie,https://www.medizininformatik-initiative.de/fhir/ext/modul-onko/StructureDefinition/mii-pr-onko-prostate-psa,MII_PR_Onko_Prostata_PSA,Observation,2026.0.2,2026.0.3,identical,0,0,0,0,0,False,,
de.medizininformatikinitiative.kerndatensatz.onkologie,onkologie,https://www.medizininformatik-initiative.de/fhir/ext/modul-onko/StructureDefinition/mii-pr-onko-prostate-psa,MII_PR_Onko_Prostata_PSA,Observation,2026.0.3,2027.0.0-ballot.1,canonical-only,0,0,0,0,0,False,,
de.medizininformatikinitiative.kerndatensatz.onkologie,onkologie,https://www.medizininformatik-initiative.de/fhir/ext/modul-onko/StructureDefinition/mii-pr-onko-residualstatus,MII_PR_Onko_Residualstatus,Observation,2025.0.0,2025.0.1,identical,0,0,0,0,0,False,,
de.medizininformatikinitiative.kerndatensatz.onkologie,onkologie,https://www.medizininformatik-initiative.de/fhir/ext/modul-onko/StructureDefinition/mii-pr-onko-residualstatus,MII_PR_Onko_Residualstatus,Observation,2025.0.1,2025.0.2,identical,0,0,0,0,0,False,,
de.medizininformatikinitiative.kerndatensatz.onkologie,onkologie,https://www.medizininformatik-initiative.de/fhir/ext/modul-onko/StructureDefinition/mii-pr-onko-residualstatus,MII_PR_Onko_Residualstatus,Observation,2025.0.2,2025.0.3,identical,0,0,0,0,0,False,,
de.medizininformatikinitiative.kerndatensatz.onkologie,onkologie,https://www.medizininformatik-initiative.de/fhir/ext/modul-onko/StructureDefinition/mii-pr-onko-residualstatus,MII_PR_Onko_Residualstatus,Observation,2025.0.3,2025.0.4,identical,0,0,0,0,0,False,,
de.medizininformatikinitiative.kerndatensatz.onkologie,onkologie,https://www.medizininformatik-initiative.de/fhir/ext/modul-onko/StructureDefinition/mii-pr-onko-residualstatus,MII_PR_Onko_Residualstatus,Observation,2025.0.4,2025.1.0,identical,0,0,0,0,0,False,,
de.medizininformatikinitiative.kerndatensatz.onkologie,onkologie,https://www.medizininformatik-initiative.de/fhir/ext/modul-onko/StructureDefinition/mii-pr-onko-residualstatus,MII_PR_Onko_Residualstatus,Observation,2025.1.0,2026.0.0,identical,0,0,0,0,0,False,,
de.medizininformatikinitiative.kerndatensatz.onkologie,onkologie,https://www.medizininformatik-initiative.de/fhir/ext/modul-onko/StructureDefinition/mii-pr-onko-residualstatus,MII_PR_Onko_Residualstatus,Observation,2026.0.0,2026.0.1,identical,0,0,0,0,0,False,,
de.medizininformatikinitiative.kerndatensatz.onkologie,onkologie,https://www.medizininformatik-initiative.de/fhir/ext/modul-onko/StructureDefinition/mii-pr-onko-residualstatus,MII_PR_Onko_Residualstatus,Observation,2026.0.1,2026.0.2,identical,0,0,0,0,0,False,,
de.medizininformatikinitiative.kerndatensatz.onkologie,onkologie,https://www.medizininformatik-initiative.de/fhir/ext/modul-onko/StructureDefinition/mii-pr-onko-residualstatus,MII_PR_Onko_Residualstatus,Observation,2026.0.2,2026.0.3,identical,0,0,0,0,0,False,,
de.medizininformatikinitiative.kerndatensatz.onkologie,onkologie,https://www.medizininformatik-initiative.de/fhir/ext/modul-onko/StructureDefinition/mii-pr-onko-residualstatus,MII_PR_Onko_Residualstatus,Observation,2026.0.3,2027.0.0-ballot.1,modified,0,0,1,0,0,False,,
de.medizininformatikinitiative.kerndatensatz.onkologie,onkologie,https://www.medizininformatik-initiative.de/fhir/ext/modul-onko/StructureDefinition/mii-pr-onko-specimen,MII_PR_Onko_Specimen,Specimen,2025.0.0,2025.0.1,identical,0,0,0,0,0,False,,
de.medizininformatikinitiative.kerndatensatz.onkologie,onkologie,https://www.medizininformatik-initiative.de/fhir/ext/modul-onko/StructureDefinition/mii-pr-onko-specimen,MII_PR_Onko_Specimen,Specimen,2025.0.1,2025.0.2,identical,0,0,0,0,0,False,,
de.medizininformatikinitiative.kerndatensatz.onkologie,onkologie,https://www.medizininformatik-initiative.de/fhir/ext/modul-onko/StructureDefinition/mii-pr-onko-specimen,MII_PR_Onko_Specimen,Specimen,2025.0.2,2025.0.3,identical,0,0,0,0,0,False,,
de.medizininformatikinitiative.kerndatensatz.onkologie,onkologie,https://www.medizininformatik-initiative.de/fhir/ext/modul-onko/StructureDefinition/mii-pr-onko-specimen,MII_PR_Onko_Specimen,Specimen,2025.0.3,2025.0.4,identical,0,0,0,0,0,False,,
de.medizininformatikinitiative.kerndatensatz.onkologie,onkologie,https://www.medizininformatik-initiative.de/fhir/ext/modul-onko/StructureDefinition/mii-pr-onko-specimen,MII_PR_Onko_Specimen,Specimen,2025.0.4,2025.1.0,identical,0,0,0,0,0,False,,
de.medizininformatikinitiative.kerndatensatz.onkologie,onkologie,https://www.medizininformatik-initiative.de/fhir/ext/modul-onko/StructureDefinition/mii-pr-onko-specimen,MII_PR_Onko_Specimen,Specimen,2025.1.0,2026.0.0,canonical-only,0,0,0,0,0,False,,
de.medizininformatikinitiative.kerndatensatz.onkologie,onkologie,https://www.medizininformatik-initiative.de/fhir/ext/modul-onko/StructureDefinition/mii-pr-onko-specimen,MII_PR_Onko_Specimen,Specimen,2026.0.0,2026.0.1,identical,0,0,0,0,0,False,,
de.medizininformatikinitiative.kerndatensatz.onkologie,onkologie,https://www.medizininformatik-initiative.de/fhir/ext/modul-onko/StructureDefinition/mii-pr-onko-specimen,MII_PR_Onko_Specimen,Specimen,2026.0.1,2026.0.2,identical,0,0,0,0,0,False,,
de.medizininformatikinitiative.kerndatensatz.onkologie,onkologie,https://www.medizininformatik-initiative.de/fhir/ext/modul-onko/StructureDefinition/mii-pr-onko-specimen,MII_PR_Onko_Specimen,Specimen,2026.0.2,2026.0.3,identical,0,0,0,0,0,False,,
de.medizininformatikinitiative.kerndatensatz.onkologie,onkologie,https://www.medizininformatik-initiative.de/fhir/ext/modul-onko/StructureDefinition/mii-pr-onko-specimen,MII_PR_Onko_Specimen,Specimen,2026.0.3,2027.0.0-ballot.1,identical,0,0,0,0,0,False,,
de.medizininformatikinitiative.kerndatensatz.onkologie,onkologie,https://www.medizininformatik-initiative.de/fhir/ext/modul-onko/StructureDefinition/mii-pr-onko-strahlentherapie,MII_PR_Onko_Strahlentherapie,Procedure,2025.0.0,2025.0.1,identical,0,0,0,0,0,False,,
de.medizininformatikinitiative.kerndatensatz.onkologie,onkologie,https://www.medizininformatik-initiative.de/fhir/ext/modul-onko/StructureDefinition/mii-pr-onko-strahlentherapie,MII_PR_Onko_Strahlentherapie,Procedure,2025.0.1,2025.0.2,identical,0,0,0,0,0,False,,
de.medizininformatikinitiative.kerndatensatz.onkologie,onkologie,https://www.medizininformatik-initiative.de/fhir/ext/modul-onko/StructureDefinition/mii-pr-onko-strahlentherapie,MII_PR_Onko_Strahlentherapie,Procedure,2025.0.2,2025.0.3,identical,0,0,0,0,0,False,,
de.medizininformatikinitiative.kerndatensatz.onkologie,onkologie,https://www.medizininformatik-initiative.de/fhir/ext/modul-onko/StructureDefinition/mii-pr-onko-strahlentherapie,MII_PR_Onko_Strahlentherapie,Procedure,2025.0.3,2025.0.4,identical,0,0,0,0,0,False,,
de.medizininformatikinitiative.kerndatensatz.onkologie,onkologie,https://www.medizininformatik-initiative.de/fhir/ext/modul-onko/StructureDefinition/mii-pr-onko-strahlentherapie,MII_PR_Onko_Strahlentherapie,Procedure,2025.0.4,2025.1.0,mixed,0,22,1,0,0,True,,Procedure.extension:Bestrahlung|Procedure.extension:Bestrahlung.extension:Applikationsart|Procedure.extension:Bestrahlung.extension:Applikationsart.value[x].coding|Procedure.extension:Bestrahlung.extension:Applikationsart.value[x].coding.code|Procedure.extension:Bestrahlung.extension:Boost|Procedure.extension:Bestrahlung.extension:Boost.value[x].coding|Procedure.extension:Bestrahlung.extension:Boost.value[x].coding.code|Procedure.extension:Bestrahlung.extension:Einzeldosis|Procedure.extension:Bestrahlung.extension:Einzeldosis.value[x].unit|Procedure.extension:Bestrahlung.extension:Einzeldosis.value[x].value|Procedure.extension:Bestrahlung.extension:Gesamtdosis|Procedure.extension:Bestrahlung.extension:Gesamtdosis.value[x].unit|Procedure.extension:Bestrahlung.extension:Gesamtdosis.value[x].value|Procedure.extension:Bestrahlung.extension:Strahlenart|Procedure.extension:Bestrahlung.extension:Strahlenart.value[x].coding|Procedure.extension:Bestrahlung.extension:Strahlenart.value[x].coding.code|Procedure.extension:Bestrahlung.extension:Zielgebiet|Procedure.extension:Bestrahlung.extension:Zielgebiet.value[x].coding|Procedure.extension:Bestrahlung.extension:Zielgebiet.value[x].coding.code|Procedure.extension:Bestrahlung.extension:Zielgebiet_Lateralitaet|Procedure.extension:Bestrahlung.extension:Zielgebiet_Lateralitaet.value[x].coding|Procedure.extension:Bestrahlung.extension:Zielgebiet_Lateralitaet.value[x].coding.code
de.medizininformatikinitiative.kerndatensatz.onkologie,onkologie,https://www.medizininformatik-initiative.de/fhir/ext/modul-onko/StructureDefinition/mii-pr-onko-strahlentherapie,MII_PR_Onko_Strahlentherapie,Procedure,2025.1.0,2026.0.0,elements-removed,0,1,0,0,0,True,,Procedure.encounter
de.medizininformatikinitiative.kerndatensatz.onkologie,onkologie,https://www.medizininformatik-initiative.de/fhir/ext/modul-onko/StructureDefinition/mii-pr-onko-strahlentherapie,MII_PR_Onko_Strahlentherapie,Procedure,2026.0.0,2026.0.1,identical,0,0,0,0,0,False,,
de.medizininformatikinitiative.kerndatensatz.onkologie,onkologie,https://www.medizininformatik-initiative.de/fhir/ext/modul-onko/StructureDefinition/mii-pr-onko-strahlentherapie,MII_PR_Onko_Strahlentherapie,Procedure,2026.0.1,2026.0.2,elements-added,1,0,0,0,0,False,Procedure.encounter,
de.medizininformatikinitiative.kerndatensatz.onkologie,onkologie,https://www.medizininformatik-initiative.de/fhir/ext/modul-onko/StructureDefinition/mii-pr-onko-strahlentherapie,MII_PR_Onko_Strahlentherapie,Procedure,2026.0.2,2026.0.3,elements-removed,0,1,0,0,0,True,,Procedure.encounter
de.medizininformatikinitiative.kerndatensatz.onkologie,onkologie,https://www.medizininformatik-initiative.de/fhir/ext/modul-onko/StructureDefinition/mii-pr-onko-strahlentherapie,MII_PR_Onko_Strahlentherapie,Procedure,2026.0.3,2027.0.0-ballot.1,elements-added,1,0,0,0,0,False,Procedure.basedOn:tumorkonferenz,
de.medizininformatikinitiative.kerndatensatz.onkologie,onkologie,https://www.medizininformatik-initiative.de/fhir/ext/modul-onko/StructureDefinition/mii-pr-onko-strahlentherapie-bestrahlung-nuklearmedizin,MII_PR_Onko_Strahlentherapie_Bestrahlung_Nuklearmedizin,Procedure,2025.0.4,2025.1.0,mixed,2,0,5,2,0,True,Procedure.usedCode:Applikationsart.coding.system|Procedure.usedCode:Strahlenart.coding.system,
de.medizininformatikinitiative.kerndatensatz.onkologie,onkologie,https://www.medizininformatik-initiative.de/fhir/ext/modul-onko/StructureDefinition/mii-pr-onko-strahlentherapie-bestrahlung-nuklearmedizin,MII_PR_Onko_Strahlentherapie_Bestrahlung_Nuklearmedizin,Procedure,2025.1.0,2026.0.0,mixed,4,4,0,0,0,True,Procedure.extension:Applikationsart|Procedure.extension:Applikationsart.value[x]|Procedure.extension:Applikationsart.value[x].coding.code|Procedure.extension:Applikationsart.value[x].coding.system,Procedure.encounter|Procedure.usedCode:Applikationsart|Procedure.usedCode:Applikationsart.coding.code|Procedure.usedCode:Applikationsart.coding.system
de.medizininformatikinitiative.kerndatensatz.onkologie,onkologie,https://www.medizininformatik-initiative.de/fhir/ext/modul-onko/StructureDefinition/mii-pr-onko-strahlentherapie-bestrahlung-nuklearmedizin,MII_PR_Onko_Strahlentherapie_Bestrahlung_Nuklearmedizin,Procedure,2026.0.0,2026.0.1,identical,0,0,0,0,0,False,,
de.medizininformatikinitiative.kerndatensatz.onkologie,onkologie,https://www.medizininformatik-initiative.de/fhir/ext/modul-onko/StructureDefinition/mii-pr-onko-strahlentherapie-bestrahlung-nuklearmedizin,MII_PR_Onko_Strahlentherapie_Bestrahlung_Nuklearmedizin,Procedure,2026.0.1,2026.0.2,elements-added,1,0,0,0,0,False,Procedure.encounter,
de.medizininformatikinitiative.kerndatensatz.onkologie,onkologie,https://www.medizininformatik-initiative.de/fhir/ext/modul-onko/StructureDefinition/mii-pr-onko-strahlentherapie-bestrahlung-nuklearmedizin,MII_PR_Onko_Strahlentherapie_Bestrahlung_Nuklearmedizin,Procedure,2026.0.2,2026.0.3,elements-removed,0,1,0,0,0,True,,Procedure.encounter
de.medizininformatikinitiative.kerndatensatz.onkologie,onkologie,https://www.medizininformatik-initiative.de/fhir/ext/modul-onko/StructureDefinition/mii-pr-onko-strahlentherapie-bestrahlung-nuklearmedizin,MII_PR_Onko_Strahlentherapie_Bestrahlung_Nuklearmedizin,Procedure,2026.0.3,2027.0.0-ballot.1,canonical-only,0,0,0,0,0,False,,
de.medizininformatikinitiative.kerndatensatz.onkologie,onkologie,https://www.medizininformatik-initiative.de/fhir/ext/modul-onko/StructureDefinition/mii-pr-onko-strahlentherapie-bestrahlung-strahlentherapie,MII_PR_Onko_Strahlentherapie_Bestrahlung_Strahlentherapie,Procedure,2025.0.4,2025.1.0,mixed,2,0,5,2,0,True,Procedure.usedCode:Applikationsart.coding.system|Procedure.usedCode:Strahlenart.coding.system,
de.medizininformatikinitiative.kerndatensatz.onkologie,onkologie,https://www.medizininformatik-initiative.de/fhir/ext/modul-onko/StructureDefinition/mii-pr-onko-strahlentherapie-bestrahlung-strahlentherapie,MII_PR_Onko_Strahlentherapie_Bestrahlung_Strahlentherapie,Procedure,2025.1.0,2026.0.0,mixed,4,4,0,0,0,True,Procedure.extension:Applikationsart|Procedure.extension:Applikationsart.value[x]|Procedure.extension:Applikationsart.value[x].coding.code|Procedure.extension:Applikationsart.value[x].coding.system,Procedure.encounter|Procedure.usedCode:Applikationsart|Procedure.usedCode:Applikationsart.coding.code|Procedure.usedCode:Applikationsart.coding.system
de.medizininformatikinitiative.kerndatensatz.onkologie,onkologie,https://www.medizininformatik-initiative.de/fhir/ext/modul-onko/StructureDefinition/mii-pr-onko-strahlentherapie-bestrahlung-strahlentherapie,MII_PR_Onko_Strahlentherapie_Bestrahlung_Strahlentherapie,Procedure,2026.0.0,2026.0.1,identical,0,0,0,0,0,False,,
de.medizininformatikinitiative.kerndatensatz.onkologie,onkologie,https://www.medizininformatik-initiative.de/fhir/ext/modul-onko/StructureDefinition/mii-pr-onko-strahlentherapie-bestrahlung-strahlentherapie,MII_PR_Onko_Strahlentherapie_Bestrahlung_Strahlentherapie,Procedure,2026.0.1,2026.0.2,elements-added,1,0,0,0,0,False,Procedure.encounter,
de.medizininformatikinitiative.kerndatensatz.onkologie,onkologie,https://www.medizininformatik-initiative.de/fhir/ext/modul-onko/StructureDefinition/mii-pr-onko-strahlentherapie-bestrahlung-strahlentherapie,MII_PR_Onko_Strahlentherapie_Bestrahlung_Strahlentherapie,Procedure,2026.0.2,2026.0.3,elements-removed,0,1,0,0,0,True,,Procedure.encounter
de.medizininformatikinitiative.kerndatensatz.onkologie,onkologie,https://www.medizininformatik-initiative.de/fhir/ext/modul-onko/StructureDefinition/mii-pr-onko-strahlentherapie-bestrahlung-strahlentherapie,MII_PR_Onko_Strahlentherapie_Bestrahlung_Strahlentherapie,Procedure,2026.0.3,2027.0.0-ballot.1,canonical-only,0,0,0,0,0,False,,
de.medizininformatikinitiative.kerndatensatz.onkologie,onkologie,https://www.medizininformatik-initiative.de/fhir/ext/modul-onko/StructureDefinition/mii-pr-onko-studienteilnahme,MII_PR_Onko_Studienteilnahme,Observation,2025.0.0,2025.0.1,identical,0,0,0,0,0,False,,
de.medizininformatikinitiative.kerndatensatz.onkologie,onkologie,https://www.medizininformatik-initiative.de/fhir/ext/modul-onko/StructureDefinition/mii-pr-onko-studienteilnahme,MII_PR_Onko_Studienteilnahme,Observation,2025.0.1,2025.0.2,identical,0,0,0,0,0,False,,
de.medizininformatikinitiative.kerndatensatz.onkologie,onkologie,https://www.medizininformatik-initiative.de/fhir/ext/modul-onko/StructureDefinition/mii-pr-onko-studienteilnahme,MII_PR_Onko_Studienteilnahme,Observation,2025.0.2,2025.0.3,identical,0,0,0,0,0,False,,
de.medizininformatikinitiative.kerndatensatz.onkologie,onkologie,https://www.medizininformatik-initiative.de/fhir/ext/modul-onko/StructureDefinition/mii-pr-onko-studienteilnahme,MII_PR_Onko_Studienteilnahme,Observation,2025.0.3,2025.0.4,identical,0,0,0,0,0,False,,
de.medizininformatikinitiative.kerndatensatz.onkologie,onkologie,https://www.medizininformatik-initiative.de/fhir/ext/modul-onko/StructureDefinition/mii-pr-onko-studienteilnahme,MII_PR_Onko_Studienteilnahme,Observation,2025.0.4,2025.1.0,identical,0,0,0,0,0,False,,
de.medizininformatikinitiative.kerndatensatz.onkologie,onkologie,https://www.medizininformatik-initiative.de/fhir/ext/modul-onko/StructureDefinition/mii-pr-onko-studienteilnahme,MII_PR_Onko_Studienteilnahme,Observation,2025.1.0,2026.0.0,mixed,2,0,1,0,0,True,Observation.focus:primaertumor|Observation.focus:studie,
de.medizininformatikinitiative.kerndatensatz.onkologie,onkologie,https://www.medizininformatik-initiative.de/fhir/ext/modul-onko/StructureDefinition/mii-pr-onko-studienteilnahme,MII_PR_Onko_Studienteilnahme,Observation,2026.0.0,2026.0.1,identical,0,0,0,0,0,False,,
de.medizininformatikinitiative.kerndatensatz.onkologie,onkologie,https://www.medizininformatik-initiative.de/fhir/ext/modul-onko/StructureDefinition/mii-pr-onko-studienteilnahme,MII_PR_Onko_Studienteilnahme,Observation,2026.0.1,2026.0.2,identical,0,0,0,0,0,False,,
de.medizininformatikinitiative.kerndatensatz.onkologie,onkologie,https://www.medizininformatik-initiative.de/fhir/ext/modul-onko/StructureDefinition/mii-pr-onko-studienteilnahme,MII_PR_Onko_Studienteilnahme,Observation,2026.0.2,2026.0.3,identical,0,0,0,0,0,False,,
de.medizininformatikinitiative.kerndatensatz.onkologie,onkologie,https://www.medizininformatik-initiative.de/fhir/ext/modul-onko/StructureDefinition/mii-pr-onko-studienteilnahme,MII_PR_Onko_Studienteilnahme,Observation,2026.0.3,2027.0.0-ballot.1,canonical-only,0,0,0,0,0,False,,
de.medizininformatikinitiative.kerndatensatz.onkologie,onkologie,https://www.medizininformatik-initiative.de/fhir/ext/modul-onko/StructureDefinition/mii-pr-onko-systemische-therapie,MII_PR_Onko_Systemische_Therapie,Procedure,2025.0.0,2025.0.1,identical,0,0,0,0,0,False,,
de.medizininformatikinitiative.kerndatensatz.onkologie,onkologie,https://www.medizininformatik-initiative.de/fhir/ext/modul-onko/StructureDefinition/mii-pr-onko-systemische-therapie,MII_PR_Onko_Systemische_Therapie,Procedure,2025.0.1,2025.0.2,identical,0,0,0,0,0,False,,
de.medizininformatikinitiative.kerndatensatz.onkologie,onkologie,https://www.medizininformatik-initiative.de/fhir/ext/modul-onko/StructureDefinition/mii-pr-onko-systemische-therapie,MII_PR_Onko_Systemische_Therapie,Procedure,2025.0.2,2025.0.3,identical,0,0,0,0,0,False,,
de.medizininformatikinitiative.kerndatensatz.onkologie,onkologie,https://www.medizininformatik-initiative.de/fhir/ext/modul-onko/StructureDefinition/mii-pr-onko-systemische-therapie,MII_PR_Onko_Systemische_Therapie,Procedure,2025.0.3,2025.0.4,identical,0,0,0,0,0,False,,
de.medizininformatikinitiative.kerndatensatz.onkologie,onkologie,https://www.medizininformatik-initiative.de/fhir/ext/modul-onko/StructureDefinition/mii-pr-onko-systemische-therapie,MII_PR_Onko_Systemische_Therapie,Procedure,2025.0.4,2025.1.0,identical,0,0,0,0,0,False,,
de.medizininformatikinitiative.kerndatensatz.onkologie,onkologie,https://www.medizininformatik-initiative.de/fhir/ext/modul-onko/StructureDefinition/mii-pr-onko-systemische-therapie,MII_PR_Onko_Systemische_Therapie,Procedure,2025.1.0,2026.0.0,mixed,4,1,1,0,1,True,Procedure.usedCode|Procedure.usedCode.coding|Procedure.usedCode.coding.code|Procedure.usedCode.coding.system,Procedure.encounter
de.medizininformatikinitiative.kerndatensatz.onkologie,onkologie,https://www.medizininformatik-initiative.de/fhir/ext/modul-onko/StructureDefinition/mii-pr-onko-systemische-therapie,MII_PR_Onko_Systemische_Therapie,Procedure,2026.0.0,2026.0.1,identical,0,0,0,0,0,False,,
de.medizininformatikinitiative.kerndatensatz.onkologie,onkologie,https://www.medizininformatik-initiative.de/fhir/ext/modul-onko/StructureDefinition/mii-pr-onko-systemische-therapie,MII_PR_Onko_Systemische_Therapie,Procedure,2026.0.1,2026.0.2,mixed,1,0,1,1,0,False,Procedure.encounter,
de.medizininformatikinitiative.kerndatensatz.onkologie,onkologie,https://www.medizininformatik-initiative.de/fhir/ext/modul-onko/StructureDefinition/mii-pr-onko-systemische-therapie,MII_PR_Onko_Systemische_Therapie,Procedure,2026.0.2,2026.0.3,mixed,0,1,1,0,1,True,,Procedure.encounter
de.medizininformatikinitiative.kerndatensatz.onkologie,onkologie,https://www.medizininformatik-initiative.de/fhir/ext/modul-onko/StructureDefinition/mii-pr-onko-systemische-therapie,MII_PR_Onko_Systemische_Therapie,Procedure,2026.0.3,2027.0.0-ballot.1,elements-added,1,0,0,0,0,False,Procedure.basedOn:tumorkonferenz,
de.medizininformatikinitiative.kerndatensatz.onkologie,onkologie,https://www.medizininformatik-initiative.de/fhir/ext/modul-onko/StructureDefinition/mii-pr-onko-systemische-therapie-medikation,MII_PR_Onko_Systemische_Therapie_Medikation,MedicationStatement,2025.0.0,2025.0.1,identical,0,0,0,0,0,False,,
de.medizininformatikinitiative.kerndatensatz.onkologie,onkologie,https://www.medizininformatik-initiative.de/fhir/ext/modul-onko/StructureDefinition/mii-pr-onko-systemische-therapie-medikation,MII_PR_Onko_Systemische_Therapie_Medikation,MedicationStatement,2025.0.1,2025.0.2,identical,0,0,0,0,0,False,,
de.medizininformatikinitiative.kerndatensatz.onkologie,onkologie,https://www.medizininformatik-initiative.de/fhir/ext/modul-onko/StructureDefinition/mii-pr-onko-systemische-therapie-medikation,MII_PR_Onko_Systemische_Therapie_Medikation,MedicationStatement,2025.0.2,2025.0.3,identical,0,0,0,0,0,False,,
de.medizininformatikinitiative.kerndatensatz.onkologie,onkologie,https://www.medizininformatik-initiative.de/fhir/ext/modul-onko/StructureDefinition/mii-pr-onko-systemische-therapie-medikation,MII_PR_Onko_Systemische_Therapie_Medikation,MedicationStatement,2025.0.3,2025.0.4,identical,0,0,0,0,0,False,,
de.medizininformatikinitiative.kerndatensatz.onkologie,onkologie,https://www.medizininformatik-initiative.de/fhir/ext/modul-onko/StructureDefinition/mii-pr-onko-systemische-therapie-medikation,MII_PR_Onko_Systemische_Therapie_Medikation,MedicationStatement,2025.0.4,2025.1.0,modified,0,0,1,0,0,True,,
de.medizininformatikinitiative.kerndatensatz.onkologie,onkologie,https://www.medizininformatik-initiative.de/fhir/ext/modul-onko/StructureDefinition/mii-pr-onko-systemische-therapie-medikation,MII_PR_Onko_Systemische_Therapie_Medikation,MedicationStatement,2025.1.0,2026.0.0,elements-added,1,0,0,0,0,False,MedicationStatement.medication[x]:medicationCodeableConcept.coding:UNII,
de.medizininformatikinitiative.kerndatensatz.onkologie,onkologie,https://www.medizininformatik-initiative.de/fhir/ext/modul-onko/StructureDefinition/mii-pr-onko-systemische-therapie-medikation,MII_PR_Onko_Systemische_Therapie_Medikation,MedicationStatement,2026.0.0,2026.0.1,identical,0,0,0,0,0,False,,
de.medizininformatikinitiative.kerndatensatz.onkologie,onkologie,https://www.medizininformatik-initiative.de/fhir/ext/modul-onko/StructureDefinition/mii-pr-onko-systemische-therapie-medikation,MII_PR_Onko_Systemische_Therapie_Medikation,MedicationStatement,2026.0.1,2026.0.2,elements-added,1,0,0,0,0,False,MedicationStatement,
de.medizininformatikinitiative.kerndatensatz.onkologie,onkologie,https://www.medizininformatik-initiative.de/fhir/ext/modul-onko/StructureDefinition/mii-pr-onko-systemische-therapie-medikation,MII_PR_Onko_Systemische_Therapie_Medikation,MedicationStatement,2026.0.2,2026.0.3,elements-removed,0,1,0,0,0,True,,MedicationStatement
de.medizininformatikinitiative.kerndatensatz.onkologie,onkologie,https://www.medizininformatik-initiative.de/fhir/ext/modul-onko/StructureDefinition/mii-pr-onko-systemische-therapie-medikation,MII_PR_Onko_Systemische_Therapie_Medikation,MedicationStatement,2026.0.3,2027.0.0-ballot.1,mixed,4,0,1,0,0,False,MedicationStatement|MedicationStatement.basedOn:therapieempfehlung|MedicationStatement.basedOn:tumorkonferenz|MedicationStatement.medication[x]:medicationReference,
de.medizininformatikinitiative.kerndatensatz.onkologie,onkologie,https://www.medizininformatik-initiative.de/fhir/ext/modul-onko/StructureDefinition/mii-pr-onko-therapieempfehlung-kombinationstherapie,MII_PR_Onko_Therapieempfehlung_Kombinationstherapie,RequestGroup,2026.0.0,2026.0.1,identical,0,0,0,0,0,False,,
de.medizininformatikinitiative.kerndatensatz.onkologie,onkologie,https://www.medizininformatik-initiative.de/fhir/ext/modul-onko/StructureDefinition/mii-pr-onko-therapieempfehlung-kombinationstherapie,MII_PR_Onko_Therapieempfehlung_Kombinationstherapie,RequestGroup,2026.0.1,2026.0.2,elements-added,1,0,0,0,0,False,RequestGroup,
de.medizininformatikinitiative.kerndatensatz.onkologie,onkologie,https://www.medizininformatik-initiative.de/fhir/ext/modul-onko/StructureDefinition/mii-pr-onko-therapieempfehlung-kombinationstherapie,MII_PR_Onko_Therapieempfehlung_Kombinationstherapie,RequestGroup,2026.0.2,2026.0.3,elements-removed,0,1,0,0,0,True,,RequestGroup
de.medizininformatikinitiative.kerndatensatz.onkologie,onkologie,https://www.medizininformatik-initiative.de/fhir/ext/modul-onko/StructureDefinition/mii-pr-onko-therapieempfehlung-kombinationstherapie,MII_PR_Onko_Therapieempfehlung_Kombinationstherapie,RequestGroup,2026.0.3,2027.0.0-ballot.1,elements-added,1,0,0,0,0,False,RequestGroup,
de.medizininformatikinitiative.kerndatensatz.onkologie,onkologie,https://www.medizininformatik-initiative.de/fhir/ext/modul-onko/StructureDefinition/mii-pr-onko-therapieempfehlung-medikation,MII_PR_Onko_Therapieempfehlung_Medikation,MedicationRequest,2026.0.0,2026.0.1,identical,0,0,0,0,0,False,,
de.medizininformatikinitiative.kerndatensatz.onkologie,onkologie,https://www.medizininformatik-initiative.de/fhir/ext/modul-onko/StructureDefinition/mii-pr-onko-therapieempfehlung-medikation,MII_PR_Onko_Therapieempfehlung_Medikation,MedicationRequest,2026.0.1,2026.0.2,mixed,1,1,1,0,0,True,MedicationRequest,MedicationRequest.reasonReference:Primaertumor
de.medizininformatikinitiative.kerndatensatz.onkologie,onkologie,https://www.medizininformatik-initiative.de/fhir/ext/modul-onko/StructureDefinition/mii-pr-onko-therapieempfehlung-medikation,MII_PR_Onko_Therapieempfehlung_Medikation,MedicationRequest,2026.0.2,2026.0.3,mixed,1,1,1,0,0,True,MedicationRequest.reasonReference:Primaertumor,MedicationRequest
de.medizininformatikinitiative.kerndatensatz.onkologie,onkologie,https://www.medizininformatik-initiative.de/fhir/ext/modul-onko/StructureDefinition/mii-pr-onko-therapieempfehlung-medikation,MII_PR_Onko_Therapieempfehlung_Medikation,MedicationRequest,2026.0.3,2027.0.0-ballot.1,elements-added,1,0,0,0,0,False,MedicationRequest,
de.medizininformatikinitiative.kerndatensatz.onkologie,onkologie,https://www.medizininformatik-initiative.de/fhir/ext/modul-onko/StructureDefinition/mii-pr-onko-therapieempfehlung-operation,MII_PR_Onko_Therapieempfehlung_Operation,ServiceRequest,2026.0.0,2026.0.1,identical,0,0,0,0,0,False,,
de.medizininformatikinitiative.kerndatensatz.onkologie,onkologie,https://www.medizininformatik-initiative.de/fhir/ext/modul-onko/StructureDefinition/mii-pr-onko-therapieempfehlung-operation,MII_PR_Onko_Therapieempfehlung_Operation,ServiceRequest,2026.0.1,2026.0.2,elements-added,1,0,0,0,0,False,ServiceRequest,
de.medizininformatikinitiative.kerndatensatz.onkologie,onkologie,https://www.medizininformatik-initiative.de/fhir/ext/modul-onko/StructureDefinition/mii-pr-onko-therapieempfehlung-operation,MII_PR_Onko_Therapieempfehlung_Operation,ServiceRequest,2026.0.2,2026.0.3,elements-removed,0,1,0,0,0,True,,ServiceRequest
de.medizininformatikinitiative.kerndatensatz.onkologie,onkologie,https://www.medizininformatik-initiative.de/fhir/ext/modul-onko/StructureDefinition/mii-pr-onko-therapieempfehlung-operation,MII_PR_Onko_Therapieempfehlung_Operation,ServiceRequest,2026.0.3,2027.0.0-ballot.1,elements-added,1,0,0,0,0,False,ServiceRequest,
de.medizininformatikinitiative.kerndatensatz.onkologie,onkologie,https://www.medizininformatik-initiative.de/fhir/ext/modul-onko/StructureDefinition/mii-pr-onko-tnm-a-symbol,MII_PR_Onko_TNM_a_Symbol,Observation,2025.0.0,2025.0.1,identical,0,0,0,0,0,False,,
de.medizininformatikinitiative.kerndatensatz.onkologie,onkologie,https://www.medizininformatik-initiative.de/fhir/ext/modul-onko/StructureDefinition/mii-pr-onko-tnm-a-symbol,MII_PR_Onko_TNM_a_Symbol,Observation,2025.0.1,2025.0.2,identical,0,0,0,0,0,False,,
de.medizininformatikinitiative.kerndatensatz.onkologie,onkologie,https://www.medizininformatik-initiative.de/fhir/ext/modul-onko/StructureDefinition/mii-pr-onko-tnm-a-symbol,MII_PR_Onko_TNM_a_Symbol,Observation,2025.0.2,2025.0.3,identical,0,0,0,0,0,False,,
de.medizininformatikinitiative.kerndatensatz.onkologie,onkologie,https://www.medizininformatik-initiative.de/fhir/ext/modul-onko/StructureDefinition/mii-pr-onko-tnm-a-symbol,MII_PR_Onko_TNM_a_Symbol,Observation,2025.0.3,2025.0.4,identical,0,0,0,0,0,False,,
de.medizininformatikinitiative.kerndatensatz.onkologie,onkologie,https://www.medizininformatik-initiative.de/fhir/ext/modul-onko/StructureDefinition/mii-pr-onko-tnm-a-symbol,MII_PR_Onko_TNM_a_Symbol,Observation,2025.0.4,2025.1.0,canonical-only,0,0,0,0,0,False,,
de.medizininformatikinitiative.kerndatensatz.onkologie,onkologie,https://www.medizininformatik-initiative.de/fhir/ext/modul-onko/StructureDefinition/mii-pr-onko-tnm-a-symbol,MII_PR_Onko_TNM_a_Symbol,Observation,2025.1.0,2026.0.0,identical,0,0,0,0,0,False,,
de.medizininformatikinitiative.kerndatensatz.onkologie,onkologie,https://www.medizininformatik-initiative.de/fhir/ext/modul-onko/StructureDefinition/mii-pr-onko-tnm-a-symbol,MII_PR_Onko_TNM_a_Symbol,Observation,2026.0.0,2026.0.1,identical,0,0,0,0,0,False,,
de.medizininformatikinitiative.kerndatensatz.onkologie,onkologie,https://www.medizininformatik-initiative.de/fhir/ext/modul-onko/StructureDefinition/mii-pr-onko-tnm-a-symbol,MII_PR_Onko_TNM_a_Symbol,Observation,2026.0.1,2026.0.2,elements-added,1,0,0,0,0,False,Observation,
de.medizininformatikinitiative.kerndatensatz.onkologie,onkologie,https://www.medizininformatik-initiative.de/fhir/ext/modul-onko/StructureDefinition/mii-pr-onko-tnm-a-symbol,MII_PR_Onko_TNM_a_Symbol,Observation,2026.0.2,2026.0.3,elements-removed,0,1,0,0,0,True,,Observation
de.medizininformatikinitiative.kerndatensatz.onkologie,onkologie,https://www.medizininformatik-initiative.de/fhir/ext/modul-onko/StructureDefinition/mii-pr-onko-tnm-a-symbol,MII_PR_Onko_TNM_a_Symbol,Observation,2026.0.3,2027.0.0-ballot.1,elements-added,1,0,0,0,0,False,Observation,
de.medizininformatikinitiative.kerndatensatz.onkologie,onkologie,https://www.medizininformatik-initiative.de/fhir/ext/modul-onko/StructureDefinition/mii-pr-onko-tnm-klassifikation,MII_PR_Onko_TNM_Klassifikation,Observation,2025.0.0,2025.0.1,identical,0,0,0,0,0,False,,
de.medizininformatikinitiative.kerndatensatz.onkologie,onkologie,https://www.medizininformatik-initiative.de/fhir/ext/modul-onko/StructureDefinition/mii-pr-onko-tnm-klassifikation,MII_PR_Onko_TNM_Klassifikation,Observation,2025.0.1,2025.0.2,identical,0,0,0,0,0,False,,
de.medizininformatikinitiative.kerndatensatz.onkologie,onkologie,https://www.medizininformatik-initiative.de/fhir/ext/modul-onko/StructureDefinition/mii-pr-onko-tnm-klassifikation,MII_PR_Onko_TNM_Klassifikation,Observation,2025.0.2,2025.0.3,identical,0,0,0,0,0,False,,
de.medizininformatikinitiative.kerndatensatz.onkologie,onkologie,https://www.medizininformatik-initiative.de/fhir/ext/modul-onko/StructureDefinition/mii-pr-onko-tnm-klassifikation,MII_PR_Onko_TNM_Klassifikation,Observation,2025.0.3,2025.0.4,identical,0,0,0,0,0,False,,
de.medizininformatikinitiative.kerndatensatz.onkologie,onkologie,https://www.medizininformatik-initiative.de/fhir/ext/modul-onko/StructureDefinition/mii-pr-onko-tnm-klassifikation,MII_PR_Onko_TNM_Klassifikation,Observation,2025.0.4,2025.1.0,identical,0,0,0,0,0,False,,
de.medizininformatikinitiative.kerndatensatz.onkologie,onkologie,https://www.medizininformatik-initiative.de/fhir/ext/modul-onko/StructureDefinition/mii-pr-onko-tnm-klassifikation,MII_PR_Onko_TNM_Klassifikation,Observation,2025.1.0,2026.0.0,identical,0,0,0,0,0,False,,
de.medizininformatikinitiative.kerndatensatz.onkologie,onkologie,https://www.medizininformatik-initiative.de/fhir/ext/modul-onko/StructureDefinition/mii-pr-onko-tnm-klassifikation,MII_PR_Onko_TNM_Klassifikation,Observation,2026.0.0,2026.0.1,identical,0,0,0,0,0,False,,
de.medizininformatikinitiative.kerndatensatz.onkologie,onkologie,https://www.medizininformatik-initiative.de/fhir/ext/modul-onko/StructureDefinition/mii-pr-onko-tnm-klassifikation,MII_PR_Onko_TNM_Klassifikation,Observation,2026.0.1,2026.0.2,elements-added,1,0,0,0,0,False,Observation,
de.medizininformatikinitiative.kerndatensatz.onkologie,onkologie,https://www.medizininformatik-initiative.de/fhir/ext/modul-onko/StructureDefinition/mii-pr-onko-tnm-klassifikation,MII_PR_Onko_TNM_Klassifikation,Observation,2026.0.2,2026.0.3,elements-removed,0,1,0,0,0,True,,Observation
de.medizininformatikinitiative.kerndatensatz.onkologie,onkologie,https://www.medizininformatik-initiative.de/fhir/ext/modul-onko/StructureDefinition/mii-pr-onko-tnm-klassifikation,MII_PR_Onko_TNM_Klassifikation,Observation,2026.0.3,2027.0.0-ballot.1,elements-added,1,0,0,0,0,False,Observation,
de.medizininformatikinitiative.kerndatensatz.onkologie,onkologie,https://www.medizininformatik-initiative.de/fhir/ext/modul-onko/StructureDefinition/mii-pr-onko-tnm-l-kategorie,MII_PR_Onko_TNM_L_Kategorie,Observation,2025.0.0,2025.0.1,identical,0,0,0,0,0,False,,
de.medizininformatikinitiative.kerndatensatz.onkologie,onkologie,https://www.medizininformatik-initiative.de/fhir/ext/modul-onko/StructureDefinition/mii-pr-onko-tnm-l-kategorie,MII_PR_Onko_TNM_L_Kategorie,Observation,2025.0.1,2025.0.2,identical,0,0,0,0,0,False,,
de.medizininformatikinitiative.kerndatensatz.onkologie,onkologie,https://www.medizininformatik-initiative.de/fhir/ext/modul-onko/StructureDefinition/mii-pr-onko-tnm-l-kategorie,MII_PR_Onko_TNM_L_Kategorie,Observation,2025.0.2,2025.0.3,identical,0,0,0,0,0,False,,
de.medizininformatikinitiative.kerndatensatz.onkologie,onkologie,https://www.medizininformatik-initiative.de/fhir/ext/modul-onko/StructureDefinition/mii-pr-onko-tnm-l-kategorie,MII_PR_Onko_TNM_L_Kategorie,Observation,2025.0.3,2025.0.4,identical,0,0,0,0,0,False,,
de.medizininformatikinitiative.kerndatensatz.onkologie,onkologie,https://www.medizininformatik-initiative.de/fhir/ext/modul-onko/StructureDefinition/mii-pr-onko-tnm-l-kategorie,MII_PR_Onko_TNM_L_Kategorie,Observation,2025.0.4,2025.1.0,identical,0,0,0,0,0,False,,
de.medizininformatikinitiative.kerndatensatz.onkologie,onkologie,https://www.medizininformatik-initiative.de/fhir/ext/modul-onko/StructureDefinition/mii-pr-onko-tnm-l-kategorie,MII_PR_Onko_TNM_L_Kategorie,Observation,2025.1.0,2026.0.0,identical,0,0,0,0,0,False,,
de.medizininformatikinitiative.kerndatensatz.onkologie,onkologie,https://www.medizininformatik-initiative.de/fhir/ext/modul-onko/StructureDefinition/mii-pr-onko-tnm-l-kategorie,MII_PR_Onko_TNM_L_Kategorie,Observation,2026.0.0,2026.0.1,identical,0,0,0,0,0,False,,
de.medizininformatikinitiative.kerndatensatz.onkologie,onkologie,https://www.medizininformatik-initiative.de/fhir/ext/modul-onko/StructureDefinition/mii-pr-onko-tnm-l-kategorie,MII_PR_Onko_TNM_L_Kategorie,Observation,2026.0.1,2026.0.2,elements-added,1,0,0,0,0,False,Observation,
de.medizininformatikinitiative.kerndatensatz.onkologie,onkologie,https://www.medizininformatik-initiative.de/fhir/ext/modul-onko/StructureDefinition/mii-pr-onko-tnm-l-kategorie,MII_PR_Onko_TNM_L_Kategorie,Observation,2026.0.2,2026.0.3,elements-removed,0,1,0,0,0,True,,Observation
de.medizininformatikinitiative.kerndatensatz.onkologie,onkologie,https://www.medizininformatik-initiative.de/fhir/ext/modul-onko/StructureDefinition/mii-pr-onko-tnm-l-kategorie,MII_PR_Onko_TNM_L_Kategorie,Observation,2026.0.3,2027.0.0-ballot.1,elements-added,1,0,0,0,0,False,Observation,
de.medizininformatikinitiative.kerndatensatz.onkologie,onkologie,https://www.medizininformatik-initiative.de/fhir/ext/modul-onko/StructureDefinition/mii-pr-onko-tnm-m-kategorie,MII_PR_Onko_TNM_M_Kategorie,Observation,2025.0.0,2025.0.1,identical,0,0,0,0,0,False,,
de.medizininformatikinitiative.kerndatensatz.onkologie,onkologie,https://www.medizininformatik-initiative.de/fhir/ext/modul-onko/StructureDefinition/mii-pr-onko-tnm-m-kategorie,MII_PR_Onko_TNM_M_Kategorie,Observation,2025.0.1,2025.0.2,identical,0,0,0,0,0,False,,
de.medizininformatikinitiative.kerndatensatz.onkologie,onkologie,https://www.medizininformatik-initiative.de/fhir/ext/modul-onko/StructureDefinition/mii-pr-onko-tnm-m-kategorie,MII_PR_Onko_TNM_M_Kategorie,Observation,2025.0.2,2025.0.3,identical,0,0,0,0,0,False,,
de.medizininformatikinitiative.kerndatensatz.onkologie,onkologie,https://www.medizininformatik-initiative.de/fhir/ext/modul-onko/StructureDefinition/mii-pr-onko-tnm-m-kategorie,MII_PR_Onko_TNM_M_Kategorie,Observation,2025.0.3,2025.0.4,identical,0,0,0,0,0,False,,
de.medizininformatikinitiative.kerndatensatz.onkologie,onkologie,https://www.medizininformatik-initiative.de/fhir/ext/modul-onko/StructureDefinition/mii-pr-onko-tnm-m-kategorie,MII_PR_Onko_TNM_M_Kategorie,Observation,2025.0.4,2025.1.0,mixed,2,0,1,0,0,False,Observation.code.extension:cpPraefix.value[x].coding|Observation.method.coding,
de.medizininformatikinitiative.kerndatensatz.onkologie,onkologie,https://www.medizininformatik-initiative.de/fhir/ext/modul-onko/StructureDefinition/mii-pr-onko-tnm-m-kategorie,MII_PR_Onko_TNM_M_Kategorie,Observation,2025.1.0,2026.0.0,identical,0,0,0,0,0,False,,
de.medizininformatikinitiative.kerndatensatz.onkologie,onkologie,https://www.medizininformatik-initiative.de/fhir/ext/modul-onko/StructureDefinition/mii-pr-onko-tnm-m-kategorie,MII_PR_Onko_TNM_M_Kategorie,Observation,2026.0.0,2026.0.1,identical,0,0,0,0,0,False,,
de.medizininformatikinitiative.kerndatensatz.onkologie,onkologie,https://www.medizininformatik-initiative.de/fhir/ext/modul-onko/StructureDefinition/mii-pr-onko-tnm-m-kategorie,MII_PR_Onko_TNM_M_Kategorie,Observation,2026.0.1,2026.0.2,elements-added,1,0,0,0,0,False,Observation,
de.medizininformatikinitiative.kerndatensatz.onkologie,onkologie,https://www.medizininformatik-initiative.de/fhir/ext/modul-onko/StructureDefinition/mii-pr-onko-tnm-m-kategorie,MII_PR_Onko_TNM_M_Kategorie,Observation,2026.0.2,2026.0.3,elements-removed,0,1,0,0,0,True,,Observation
de.medizininformatikinitiative.kerndatensatz.onkologie,onkologie,https://www.medizininformatik-initiative.de/fhir/ext/modul-onko/StructureDefinition/mii-pr-onko-tnm-m-kategorie,MII_PR_Onko_TNM_M_Kategorie,Observation,2026.0.3,2027.0.0-ballot.1,mixed,14,1,3,0,1,True,Observation|Observation.modifierExtension|Observation.modifierExtension:aPraefix|Observation.modifierExtension:aPraefix.value[x].coding.code|Observation.modifierExtension:rPraefix|Observation.modifierExtension:rPraefix.value[x].coding.code|Observation.modifierExtension:yPraefix|Observation.modifierExtension:yPraefix.value[x].coding.code|Observation.value[x].coding:snomed-ct|Observation.value[x].coding:snomed-ct.code|Observation.value[x].coding:snomed-ct.system|Observation.value[x].coding:uicc|Observation.value[x].coding:uicc.code|Observation.value[x].coding:uicc.system,Observation.value[x].coding.system
de.medizininformatikinitiative.kerndatensatz.onkologie,onkologie,https://www.medizininformatik-initiative.de/fhir/ext/modul-onko/StructureDefinition/mii-pr-onko-tnm-m-symbol,MII_PR_Onko_TNM_m_Symbol,Observation,2025.0.0,2025.0.1,identical,0,0,0,0,0,False,,
de.medizininformatikinitiative.kerndatensatz.onkologie,onkologie,https://www.medizininformatik-initiative.de/fhir/ext/modul-onko/StructureDefinition/mii-pr-onko-tnm-m-symbol,MII_PR_Onko_TNM_m_Symbol,Observation,2025.0.1,2025.0.2,identical,0,0,0,0,0,False,,
de.medizininformatikinitiative.kerndatensatz.onkologie,onkologie,https://www.medizininformatik-initiative.de/fhir/ext/modul-onko/StructureDefinition/mii-pr-onko-tnm-m-symbol,MII_PR_Onko_TNM_m_Symbol,Observation,2025.0.2,2025.0.3,identical,0,0,0,0,0,False,,
de.medizininformatikinitiative.kerndatensatz.onkologie,onkologie,https://www.medizininformatik-initiative.de/fhir/ext/modul-onko/StructureDefinition/mii-pr-onko-tnm-m-symbol,MII_PR_Onko_TNM_m_Symbol,Observation,2025.0.3,2025.0.4,identical,0,0,0,0,0,False,,
de.medizininformatikinitiative.kerndatensatz.onkologie,onkologie,https://www.medizininformatik-initiative.de/fhir/ext/modul-onko/StructureDefinition/mii-pr-onko-tnm-m-symbol,MII_PR_Onko_TNM_m_Symbol,Observation,2025.0.4,2025.1.0,identical,0,0,0,0,0,False,,
de.medizininformatikinitiative.kerndatensatz.onkologie,onkologie,https://www.medizininformatik-initiative.de/fhir/ext/modul-onko/StructureDefinition/mii-pr-onko-tnm-m-symbol,MII_PR_Onko_TNM_m_Symbol,Observation,2025.1.0,2026.0.0,identical,0,0,0,0,0,False,,
de.medizininformatikinitiative.kerndatensatz.onkologie,onkologie,https://www.medizininformatik-initiative.de/fhir/ext/modul-onko/StructureDefinition/mii-pr-onko-tnm-m-symbol,MII_PR_Onko_TNM_m_Symbol,Observation,2026.0.0,2026.0.1,identical,0,0,0,0,0,False,,
de.medizininformatikinitiative.kerndatensatz.onkologie,onkologie,https://www.medizininformatik-initiative.de/fhir/ext/modul-onko/StructureDefinition/mii-pr-onko-tnm-m-symbol,MII_PR_Onko_TNM_m_Symbol,Observation,2026.0.1,2026.0.2,elements-added,1,0,0,0,0,False,Observation,
de.medizininformatikinitiative.kerndatensatz.onkologie,onkologie,https://www.medizininformatik-initiative.de/fhir/ext/modul-onko/StructureDefinition/mii-pr-onko-tnm-m-symbol,MII_PR_Onko_TNM_m_Symbol,Observation,2026.0.2,2026.0.3,elements-removed,0,1,0,0,0,True,,Observation
de.medizininformatikinitiative.kerndatensatz.onkologie,onkologie,https://www.medizininformatik-initiative.de/fhir/ext/modul-onko/StructureDefinition/mii-pr-onko-tnm-m-symbol,MII_PR_Onko_TNM_m_Symbol,Observation,2026.0.3,2027.0.0-ballot.1,elements-added,1,0,0,0,0,False,Observation,
de.medizininformatikinitiative.kerndatensatz.onkologie,onkologie,https://www.medizininformatik-initiative.de/fhir/ext/modul-onko/StructureDefinition/mii-pr-onko-tnm-n-kategorie,MII_PR_Onko_TNM_N_Kategorie,Observation,2025.0.0,2025.0.1,identical,0,0,0,0,0,False,,
de.medizininformatikinitiative.kerndatensatz.onkologie,onkologie,https://www.medizininformatik-initiative.de/fhir/ext/modul-onko/StructureDefinition/mii-pr-onko-tnm-n-kategorie,MII_PR_Onko_TNM_N_Kategorie,Observation,2025.0.1,2025.0.2,identical,0,0,0,0,0,False,,
de.medizininformatikinitiative.kerndatensatz.onkologie,onkologie,https://www.medizininformatik-initiative.de/fhir/ext/modul-onko/StructureDefinition/mii-pr-onko-tnm-n-kategorie,MII_PR_Onko_TNM_N_Kategorie,Observation,2025.0.2,2025.0.3,identical,0,0,0,0,0,False,,
de.medizininformatikinitiative.kerndatensatz.onkologie,onkologie,https://www.medizininformatik-initiative.de/fhir/ext/modul-onko/StructureDefinition/mii-pr-onko-tnm-n-kategorie,MII_PR_Onko_TNM_N_Kategorie,Observation,2025.0.3,2025.0.4,identical,0,0,0,0,0,False,,
de.medizininformatikinitiative.kerndatensatz.onkologie,onkologie,https://www.medizininformatik-initiative.de/fhir/ext/modul-onko/StructureDefinition/mii-pr-onko-tnm-n-kategorie,MII_PR_Onko_TNM_N_Kategorie,Observation,2025.0.4,2025.1.0,mixed,1,0,1,0,0,False,Observation.method.coding,
de.medizininformatikinitiative.kerndatensatz.onkologie,onkologie,https://www.medizininformatik-initiative.de/fhir/ext/modul-onko/StructureDefinition/mii-pr-onko-tnm-n-kategorie,MII_PR_Onko_TNM_N_Kategorie,Observation,2025.1.0,2026.0.0,identical,0,0,0,0,0,False,,
de.medizininformatikinitiative.kerndatensatz.onkologie,onkologie,https://www.medizininformatik-initiative.de/fhir/ext/modul-onko/StructureDefinition/mii-pr-onko-tnm-n-kategorie,MII_PR_Onko_TNM_N_Kategorie,Observation,2026.0.0,2026.0.1,identical,0,0,0,0,0,False,,
de.medizininformatikinitiative.kerndatensatz.onkologie,onkologie,https://www.medizininformatik-initiative.de/fhir/ext/modul-onko/StructureDefinition/mii-pr-onko-tnm-n-kategorie,MII_PR_Onko_TNM_N_Kategorie,Observation,2026.0.1,2026.0.2,elements-added,1,0,0,0,0,False,Observation,
de.medizininformatikinitiative.kerndatensatz.onkologie,onkologie,https://www.medizininformatik-initiative.de/fhir/ext/modul-onko/StructureDefinition/mii-pr-onko-tnm-n-kategorie,MII_PR_Onko_TNM_N_Kategorie,Observation,2026.0.2,2026.0.3,elements-removed,0,1,0,0,0,True,,Observation
de.medizininformatikinitiative.kerndatensatz.onkologie,onkologie,https://www.medizininformatik-initiative.de/fhir/ext/modul-onko/StructureDefinition/mii-pr-onko-tnm-n-kategorie,MII_PR_Onko_TNM_N_Kategorie,Observation,2026.0.3,2027.0.0-ballot.1,mixed,14,1,3,0,1,True,Observation|Observation.modifierExtension|Observation.modifierExtension:aPraefix|Observation.modifierExtension:aPraefix.value[x].coding.code|Observation.modifierExtension:rPraefix|Observation.modifierExtension:rPraefix.value[x].coding.code|Observation.modifierExtension:yPraefix|Observation.modifierExtension:yPraefix.value[x].coding.code|Observation.value[x].coding:snomed-ct|Observation.value[x].coding:snomed-ct.code|Observation.value[x].coding:snomed-ct.system|Observation.value[x].coding:uicc|Observation.value[x].coding:uicc.code|Observation.value[x].coding:uicc.system,Observation.value[x].coding.system
de.medizininformatikinitiative.kerndatensatz.onkologie,onkologie,https://www.medizininformatik-initiative.de/fhir/ext/modul-onko/StructureDefinition/mii-pr-onko-tnm-pn-kategorie,MII_PR_Onko_TNM_Pn_Kategorie,Observation,2025.0.0,2025.0.1,identical,0,0,0,0,0,False,,
de.medizininformatikinitiative.kerndatensatz.onkologie,onkologie,https://www.medizininformatik-initiative.de/fhir/ext/modul-onko/StructureDefinition/mii-pr-onko-tnm-pn-kategorie,MII_PR_Onko_TNM_Pn_Kategorie,Observation,2025.0.1,2025.0.2,identical,0,0,0,0,0,False,,
de.medizininformatikinitiative.kerndatensatz.onkologie,onkologie,https://www.medizininformatik-initiative.de/fhir/ext/modul-onko/StructureDefinition/mii-pr-onko-tnm-pn-kategorie,MII_PR_Onko_TNM_Pn_Kategorie,Observation,2025.0.2,2025.0.3,identical,0,0,0,0,0,False,,
de.medizininformatikinitiative.kerndatensatz.onkologie,onkologie,https://www.medizininformatik-initiative.de/fhir/ext/modul-onko/StructureDefinition/mii-pr-onko-tnm-pn-kategorie,MII_PR_Onko_TNM_Pn_Kategorie,Observation,2025.0.3,2025.0.4,identical,0,0,0,0,0,False,,
de.medizininformatikinitiative.kerndatensatz.onkologie,onkologie,https://www.medizininformatik-initiative.de/fhir/ext/modul-onko/StructureDefinition/mii-pr-onko-tnm-pn-kategorie,MII_PR_Onko_TNM_Pn_Kategorie,Observation,2025.0.4,2025.1.0,elements-added,1,0,0,0,0,False,Observation.method.coding,
de.medizininformatikinitiative.kerndatensatz.onkologie,onkologie,https://www.medizininformatik-initiative.de/fhir/ext/modul-onko/StructureDefinition/mii-pr-onko-tnm-pn-kategorie,MII_PR_Onko_TNM_Pn_Kategorie,Observation,2025.1.0,2026.0.0,identical,0,0,0,0,0,False,,
de.medizininformatikinitiative.kerndatensatz.onkologie,onkologie,https://www.medizininformatik-initiative.de/fhir/ext/modul-onko/StructureDefinition/mii-pr-onko-tnm-pn-kategorie,MII_PR_Onko_TNM_Pn_Kategorie,Observation,2026.0.0,2026.0.1,identical,0,0,0,0,0,False,,
de.medizininformatikinitiative.kerndatensatz.onkologie,onkologie,https://www.medizininformatik-initiative.de/fhir/ext/modul-onko/StructureDefinition/mii-pr-onko-tnm-pn-kategorie,MII_PR_Onko_TNM_Pn_Kategorie,Observation,2026.0.1,2026.0.2,elements-added,1,0,0,0,0,False,Observation,
de.medizininformatikinitiative.kerndatensatz.onkologie,onkologie,https://www.medizininformatik-initiative.de/fhir/ext/modul-onko/StructureDefinition/mii-pr-onko-tnm-pn-kategorie,MII_PR_Onko_TNM_Pn_Kategorie,Observation,2026.0.2,2026.0.3,elements-removed,0,1,0,0,0,True,,Observation
de.medizininformatikinitiative.kerndatensatz.onkologie,onkologie,https://www.medizininformatik-initiative.de/fhir/ext/modul-onko/StructureDefinition/mii-pr-onko-tnm-pn-kategorie,MII_PR_Onko_TNM_Pn_Kategorie,Observation,2026.0.3,2027.0.0-ballot.1,elements-added,1,0,0,0,0,False,Observation,
de.medizininformatikinitiative.kerndatensatz.onkologie,onkologie,https://www.medizininformatik-initiative.de/fhir/ext/modul-onko/StructureDefinition/mii-pr-onko-tnm-r-symbol,MII_PR_Onko_TNM_r_Symbol,Observation,2025.0.0,2025.0.1,identical,0,0,0,0,0,False,,
de.medizininformatikinitiative.kerndatensatz.onkologie,onkologie,https://www.medizininformatik-initiative.de/fhir/ext/modul-onko/StructureDefinition/mii-pr-onko-tnm-r-symbol,MII_PR_Onko_TNM_r_Symbol,Observation,2025.0.1,2025.0.2,identical,0,0,0,0,0,False,,
de.medizininformatikinitiative.kerndatensatz.onkologie,onkologie,https://www.medizininformatik-initiative.de/fhir/ext/modul-onko/StructureDefinition/mii-pr-onko-tnm-r-symbol,MII_PR_Onko_TNM_r_Symbol,Observation,2025.0.2,2025.0.3,identical,0,0,0,0,0,False,,
de.medizininformatikinitiative.kerndatensatz.onkologie,onkologie,https://www.medizininformatik-initiative.de/fhir/ext/modul-onko/StructureDefinition/mii-pr-onko-tnm-r-symbol,MII_PR_Onko_TNM_r_Symbol,Observation,2025.0.3,2025.0.4,identical,0,0,0,0,0,False,,
de.medizininformatikinitiative.kerndatensatz.onkologie,onkologie,https://www.medizininformatik-initiative.de/fhir/ext/modul-onko/StructureDefinition/mii-pr-onko-tnm-r-symbol,MII_PR_Onko_TNM_r_Symbol,Observation,2025.0.4,2025.1.0,identical,0,0,0,0,0,False,,
de.medizininformatikinitiative.kerndatensatz.onkologie,onkologie,https://www.medizininformatik-initiative.de/fhir/ext/modul-onko/StructureDefinition/mii-pr-onko-tnm-r-symbol,MII_PR_Onko_TNM_r_Symbol,Observation,2025.1.0,2026.0.0,identical,0,0,0,0,0,False,,
de.medizininformatikinitiative.kerndatensatz.onkologie,onkologie,https://www.medizininformatik-initiative.de/fhir/ext/modul-onko/StructureDefinition/mii-pr-onko-tnm-r-symbol,MII_PR_Onko_TNM_r_Symbol,Observation,2026.0.0,2026.0.1,identical,0,0,0,0,0,False,,
de.medizininformatikinitiative.kerndatensatz.onkologie,onkologie,https://www.medizininformatik-initiative.de/fhir/ext/modul-onko/StructureDefinition/mii-pr-onko-tnm-r-symbol,MII_PR_Onko_TNM_r_Symbol,Observation,2026.0.1,2026.0.2,elements-added,1,0,0,0,0,False,Observation,
de.medizininformatikinitiative.kerndatensatz.onkologie,onkologie,https://www.medizininformatik-initiative.de/fhir/ext/modul-onko/StructureDefinition/mii-pr-onko-tnm-r-symbol,MII_PR_Onko_TNM_r_Symbol,Observation,2026.0.2,2026.0.3,elements-removed,0,1,0,0,0,True,,Observation
de.medizininformatikinitiative.kerndatensatz.onkologie,onkologie,https://www.medizininformatik-initiative.de/fhir/ext/modul-onko/StructureDefinition/mii-pr-onko-tnm-r-symbol,MII_PR_Onko_TNM_r_Symbol,Observation,2026.0.3,2027.0.0-ballot.1,elements-added,1,0,0,0,0,False,Observation,
de.medizininformatikinitiative.kerndatensatz.onkologie,onkologie,https://www.medizininformatik-initiative.de/fhir/ext/modul-onko/StructureDefinition/mii-pr-onko-tnm-s-kategorie,MII_PR_Onko_TNM_S_Kategorie,Observation,2025.0.0,2025.0.1,identical,0,0,0,0,0,False,,
de.medizininformatikinitiative.kerndatensatz.onkologie,onkologie,https://www.medizininformatik-initiative.de/fhir/ext/modul-onko/StructureDefinition/mii-pr-onko-tnm-s-kategorie,MII_PR_Onko_TNM_S_Kategorie,Observation,2025.0.1,2025.0.2,identical,0,0,0,0,0,False,,
de.medizininformatikinitiative.kerndatensatz.onkologie,onkologie,https://www.medizininformatik-initiative.de/fhir/ext/modul-onko/StructureDefinition/mii-pr-onko-tnm-s-kategorie,MII_PR_Onko_TNM_S_Kategorie,Observation,2025.0.2,2025.0.3,identical,0,0,0,0,0,False,,
de.medizininformatikinitiative.kerndatensatz.onkologie,onkologie,https://www.medizininformatik-initiative.de/fhir/ext/modul-onko/StructureDefinition/mii-pr-onko-tnm-s-kategorie,MII_PR_Onko_TNM_S_Kategorie,Observation,2025.0.3,2025.0.4,identical,0,0,0,0,0,False,,
de.medizininformatikinitiative.kerndatensatz.onkologie,onkologie,https://www.medizininformatik-initiative.de/fhir/ext/modul-onko/StructureDefinition/mii-pr-onko-tnm-s-kategorie,MII_PR_Onko_TNM_S_Kategorie,Observation,2025.0.4,2025.1.0,identical,0,0,0,0,0,False,,
de.medizininformatikinitiative.kerndatensatz.onkologie,onkologie,https://www.medizininformatik-initiative.de/fhir/ext/modul-onko/StructureDefinition/mii-pr-onko-tnm-s-kategorie,MII_PR_Onko_TNM_S_Kategorie,Observation,2025.1.0,2026.0.0,identical,0,0,0,0,0,False,,
de.medizininformatikinitiative.kerndatensatz.onkologie,onkologie,https://www.medizininformatik-initiative.de/fhir/ext/modul-onko/StructureDefinition/mii-pr-onko-tnm-s-kategorie,MII_PR_Onko_TNM_S_Kategorie,Observation,2026.0.0,2026.0.1,identical,0,0,0,0,0,False,,
de.medizininformatikinitiative.kerndatensatz.onkologie,onkologie,https://www.medizininformatik-initiative.de/fhir/ext/modul-onko/StructureDefinition/mii-pr-onko-tnm-s-kategorie,MII_PR_Onko_TNM_S_Kategorie,Observation,2026.0.1,2026.0.2,elements-added,1,0,0,0,0,False,Observation,
de.medizininformatikinitiative.kerndatensatz.onkologie,onkologie,https://www.medizininformatik-initiative.de/fhir/ext/modul-onko/StructureDefinition/mii-pr-onko-tnm-s-kategorie,MII_PR_Onko_TNM_S_Kategorie,Observation,2026.0.2,2026.0.3,elements-removed,0,1,0,0,0,True,,Observation
de.medizininformatikinitiative.kerndatensatz.onkologie,onkologie,https://www.medizininformatik-initiative.de/fhir/ext/modul-onko/StructureDefinition/mii-pr-onko-tnm-s-kategorie,MII_PR_Onko_TNM_S_Kategorie,Observation,2026.0.3,2027.0.0-ballot.1,elements-added,1,0,0,0,0,False,Observation,
de.medizininformatikinitiative.kerndatensatz.onkologie,onkologie,https://www.medizininformatik-initiative.de/fhir/ext/modul-onko/StructureDefinition/mii-pr-onko-tnm-t-kategorie,MII_PR_Onko_TNM_T_Kategorie,Observation,2025.0.0,2025.0.1,identical,0,0,0,0,0,False,,
de.medizininformatikinitiative.kerndatensatz.onkologie,onkologie,https://www.medizininformatik-initiative.de/fhir/ext/modul-onko/StructureDefinition/mii-pr-onko-tnm-t-kategorie,MII_PR_Onko_TNM_T_Kategorie,Observation,2025.0.1,2025.0.2,identical,0,0,0,0,0,False,,
de.medizininformatikinitiative.kerndatensatz.onkologie,onkologie,https://www.medizininformatik-initiative.de/fhir/ext/modul-onko/StructureDefinition/mii-pr-onko-tnm-t-kategorie,MII_PR_Onko_TNM_T_Kategorie,Observation,2025.0.2,2025.0.3,identical,0,0,0,0,0,False,,
de.medizininformatikinitiative.kerndatensatz.onkologie,onkologie,https://www.medizininformatik-initiative.de/fhir/ext/modul-onko/StructureDefinition/mii-pr-onko-tnm-t-kategorie,MII_PR_Onko_TNM_T_Kategorie,Observation,2025.0.3,2025.0.4,identical,0,0,0,0,0,False,,
de.medizininformatikinitiative.kerndatensatz.onkologie,onkologie,https://www.medizininformatik-initiative.de/fhir/ext/modul-onko/StructureDefinition/mii-pr-onko-tnm-t-kategorie,MII_PR_Onko_TNM_T_Kategorie,Observation,2025.0.4,2025.1.0,elements-added,1,0,0,0,0,False,Observation.method.coding,
de.medizininformatikinitiative.kerndatensatz.onkologie,onkologie,https://www.medizininformatik-initiative.de/fhir/ext/modul-onko/StructureDefinition/mii-pr-onko-tnm-t-kategorie,MII_PR_Onko_TNM_T_Kategorie,Observation,2025.1.0,2026.0.0,identical,0,0,0,0,0,False,,
de.medizininformatikinitiative.kerndatensatz.onkologie,onkologie,https://www.medizininformatik-initiative.de/fhir/ext/modul-onko/StructureDefinition/mii-pr-onko-tnm-t-kategorie,MII_PR_Onko_TNM_T_Kategorie,Observation,2026.0.0,2026.0.1,identical,0,0,0,0,0,False,,
de.medizininformatikinitiative.kerndatensatz.onkologie,onkologie,https://www.medizininformatik-initiative.de/fhir/ext/modul-onko/StructureDefinition/mii-pr-onko-tnm-t-kategorie,MII_PR_Onko_TNM_T_Kategorie,Observation,2026.0.1,2026.0.2,elements-added,1,0,0,0,0,False,Observation,
de.medizininformatikinitiative.kerndatensatz.onkologie,onkologie,https://www.medizininformatik-initiative.de/fhir/ext/modul-onko/StructureDefinition/mii-pr-onko-tnm-t-kategorie,MII_PR_Onko_TNM_T_Kategorie,Observation,2026.0.2,2026.0.3,elements-removed,0,1,0,0,0,True,,Observation
de.medizininformatikinitiative.kerndatensatz.onkologie,onkologie,https://www.medizininformatik-initiative.de/fhir/ext/modul-onko/StructureDefinition/mii-pr-onko-tnm-t-kategorie,MII_PR_Onko_TNM_T_Kategorie,Observation,2026.0.3,2027.0.0-ballot.1,mixed,18,1,3,0,1,True,Observation|Observation.component|Observation.component:multipleTumoren|Observation.component:multipleTumoren.code|Observation.component:multipleTumoren.value[x]|Observation.modifierExtension|Observation.modifierExtension:aPraefix|Observation.modifierExtension:aPraefix.value[x].coding.code|Observation.modifierExtension:rPraefix|Observation.modifierExtension:rPraefix.value[x].coding.code|Observation.modifierExtension:yPraefix|Observation.modifierExtension:yPraefix.value[x].coding.code|Observation.value[x].coding:snomed-ct|Observation.value[x].coding:snomed-ct.code|Observation.value[x].coding:snomed-ct.system|Observation.value[x].coding:uicc|Observation.value[x].coding:uicc.code|Observation.value[x].coding:uicc.system,Observation.value[x].coding.system
de.medizininformatikinitiative.kerndatensatz.onkologie,onkologie,https://www.medizininformatik-initiative.de/fhir/ext/modul-onko/StructureDefinition/mii-pr-onko-tnm-v-kategorie,MII_PR_Onko_TNM_V_Kategorie,Observation,2025.0.0,2025.0.1,identical,0,0,0,0,0,False,,
de.medizininformatikinitiative.kerndatensatz.onkologie,onkologie,https://www.medizininformatik-initiative.de/fhir/ext/modul-onko/StructureDefinition/mii-pr-onko-tnm-v-kategorie,MII_PR_Onko_TNM_V_Kategorie,Observation,2025.0.1,2025.0.2,identical,0,0,0,0,0,False,,
de.medizininformatikinitiative.kerndatensatz.onkologie,onkologie,https://www.medizininformatik-initiative.de/fhir/ext/modul-onko/StructureDefinition/mii-pr-onko-tnm-v-kategorie,MII_PR_Onko_TNM_V_Kategorie,Observation,2025.0.2,2025.0.3,identical,0,0,0,0,0,False,,
de.medizininformatikinitiative.kerndatensatz.onkologie,onkologie,https://www.medizininformatik-initiative.de/fhir/ext/modul-onko/StructureDefinition/mii-pr-onko-tnm-v-kategorie,MII_PR_Onko_TNM_V_Kategorie,Observation,2025.0.3,2025.0.4,identical,0,0,0,0,0,False,,
de.medizininformatikinitiative.kerndatensatz.onkologie,onkologie,https://www.medizininformatik-initiative.de/fhir/ext/modul-onko/StructureDefinition/mii-pr-onko-tnm-v-kategorie,MII_PR_Onko_TNM_V_Kategorie,Observation,2025.0.4,2025.1.0,elements-added,1,0,0,0,0,False,Observation.method.coding,
de.medizininformatikinitiative.kerndatensatz.onkologie,onkologie,https://www.medizininformatik-initiative.de/fhir/ext/modul-onko/StructureDefinition/mii-pr-onko-tnm-v-kategorie,MII_PR_Onko_TNM_V_Kategorie,Observation,2025.1.0,2026.0.0,identical,0,0,0,0,0,False,,
de.medizininformatikinitiative.kerndatensatz.onkologie,onkologie,https://www.medizininformatik-initiative.de/fhir/ext/modul-onko/StructureDefinition/mii-pr-onko-tnm-v-kategorie,MII_PR_Onko_TNM_V_Kategorie,Observation,2026.0.0,2026.0.1,identical,0,0,0,0,0,False,,
de.medizininformatikinitiative.kerndatensatz.onkologie,onkologie,https://www.medizininformatik-initiative.de/fhir/ext/modul-onko/StructureDefinition/mii-pr-onko-tnm-v-kategorie,MII_PR_Onko_TNM_V_Kategorie,Observation,2026.0.1,2026.0.2,elements-added,1,0,0,0,0,False,Observation,
de.medizininformatikinitiative.kerndatensatz.onkologie,onkologie,https://www.medizininformatik-initiative.de/fhir/ext/modul-onko/StructureDefinition/mii-pr-onko-tnm-v-kategorie,MII_PR_Onko_TNM_V_Kategorie,Observation,2026.0.2,2026.0.3,elements-removed,0,1,0,0,0,True,,Observation
de.medizininformatikinitiative.kerndatensatz.onkologie,onkologie,https://www.medizininformatik-initiative.de/fhir/ext/modul-onko/StructureDefinition/mii-pr-onko-tnm-v-kategorie,MII_PR_Onko_TNM_V_Kategorie,Observation,2026.0.3,2027.0.0-ballot.1,elements-added,1,0,0,0,0,False,Observation,
de.medizininformatikinitiative.kerndatensatz.onkologie,onkologie,https://www.medizininformatik-initiative.de/fhir/ext/modul-onko/StructureDefinition/mii-pr-onko-tnm-y-symbol,MII_PR_Onko_TNM_y_Symbol,Observation,2025.0.0,2025.0.1,identical,0,0,0,0,0,False,,
de.medizininformatikinitiative.kerndatensatz.onkologie,onkologie,https://www.medizininformatik-initiative.de/fhir/ext/modul-onko/StructureDefinition/mii-pr-onko-tnm-y-symbol,MII_PR_Onko_TNM_y_Symbol,Observation,2025.0.1,2025.0.2,identical,0,0,0,0,0,False,,
de.medizininformatikinitiative.kerndatensatz.onkologie,onkologie,https://www.medizininformatik-initiative.de/fhir/ext/modul-onko/StructureDefinition/mii-pr-onko-tnm-y-symbol,MII_PR_Onko_TNM_y_Symbol,Observation,2025.0.2,2025.0.3,identical,0,0,0,0,0,False,,
de.medizininformatikinitiative.kerndatensatz.onkologie,onkologie,https://www.medizininformatik-initiative.de/fhir/ext/modul-onko/StructureDefinition/mii-pr-onko-tnm-y-symbol,MII_PR_Onko_TNM_y_Symbol,Observation,2025.0.3,2025.0.4,identical,0,0,0,0,0,False,,
de.medizininformatikinitiative.kerndatensatz.onkologie,onkologie,https://www.medizininformatik-initiative.de/fhir/ext/modul-onko/StructureDefinition/mii-pr-onko-tnm-y-symbol,MII_PR_Onko_TNM_y_Symbol,Observation,2025.0.4,2025.1.0,identical,0,0,0,0,0,False,,
de.medizininformatikinitiative.kerndatensatz.onkologie,onkologie,https://www.medizininformatik-initiative.de/fhir/ext/modul-onko/StructureDefinition/mii-pr-onko-tnm-y-symbol,MII_PR_Onko_TNM_y_Symbol,Observation,2025.1.0,2026.0.0,identical,0,0,0,0,0,False,,
de.medizininformatikinitiative.kerndatensatz.onkologie,onkologie,https://www.medizininformatik-initiative.de/fhir/ext/modul-onko/StructureDefinition/mii-pr-onko-tnm-y-symbol,MII_PR_Onko_TNM_y_Symbol,Observation,2026.0.0,2026.0.1,identical,0,0,0,0,0,False,,
de.medizininformatikinitiative.kerndatensatz.onkologie,onkologie,https://www.medizininformatik-initiative.de/fhir/ext/modul-onko/StructureDefinition/mii-pr-onko-tnm-y-symbol,MII_PR_Onko_TNM_y_Symbol,Observation,2026.0.1,2026.0.2,elements-added,1,0,0,0,0,False,Observation,
de.medizininformatikinitiative.kerndatensatz.onkologie,onkologie,https://www.medizininformatik-initiative.de/fhir/ext/modul-onko/StructureDefinition/mii-pr-onko-tnm-y-symbol,MII_PR_Onko_TNM_y_Symbol,Observation,2026.0.2,2026.0.3,elements-removed,0,1,0,0,0,True,,Observation
de.medizininformatikinitiative.kerndatensatz.onkologie,onkologie,https://www.medizininformatik-initiative.de/fhir/ext/modul-onko/StructureDefinition/mii-pr-onko-tnm-y-symbol,MII_PR_Onko_TNM_y_Symbol,Observation,2026.0.3,2027.0.0-ballot.1,elements-added,1,0,0,0,0,False,Observation,
de.medizininformatikinitiative.kerndatensatz.onkologie,onkologie,https://www.medizininformatik-initiative.de/fhir/ext/modul-onko/StructureDefinition/mii-pr-onko-tod,MII_PR_Onko_Tod,Observation,2025.0.0,2025.0.1,identical,0,0,0,0,0,False,,
de.medizininformatikinitiative.kerndatensatz.onkologie,onkologie,https://www.medizininformatik-initiative.de/fhir/ext/modul-onko/StructureDefinition/mii-pr-onko-tod,MII_PR_Onko_Tod,Observation,2025.0.1,2025.0.2,identical,0,0,0,0,0,False,,
de.medizininformatikinitiative.kerndatensatz.onkologie,onkologie,https://www.medizininformatik-initiative.de/fhir/ext/modul-onko/StructureDefinition/mii-pr-onko-tod,MII_PR_Onko_Tod,Observation,2025.0.2,2025.0.3,identical,0,0,0,0,0,False,,
de.medizininformatikinitiative.kerndatensatz.onkologie,onkologie,https://www.medizininformatik-initiative.de/fhir/ext/modul-onko/StructureDefinition/mii-pr-onko-tod,MII_PR_Onko_Tod,Observation,2025.0.3,2025.0.4,identical,0,0,0,0,0,False,,
de.medizininformatikinitiative.kerndatensatz.onkologie,onkologie,https://www.medizininformatik-initiative.de/fhir/ext/modul-onko/StructureDefinition/mii-pr-onko-tod,MII_PR_Onko_Tod,Observation,2025.0.4,2025.1.0,identical,0,0,0,0,0,False,,
de.medizininformatikinitiative.kerndatensatz.onkologie,onkologie,https://www.medizininformatik-initiative.de/fhir/ext/modul-onko/StructureDefinition/mii-pr-onko-tod,MII_PR_Onko_Tod,Observation,2025.1.0,2026.0.0,canonical-only,0,0,0,0,0,False,,
de.medizininformatikinitiative.kerndatensatz.onkologie,onkologie,https://www.medizininformatik-initiative.de/fhir/ext/modul-onko/StructureDefinition/mii-pr-onko-tod,MII_PR_Onko_Tod,Observation,2026.0.0,2026.0.1,identical,0,0,0,0,0,False,,
de.medizininformatikinitiative.kerndatensatz.onkologie,onkologie,https://www.medizininformatik-initiative.de/fhir/ext/modul-onko/StructureDefinition/mii-pr-onko-tod,MII_PR_Onko_Tod,Observation,2026.0.1,2026.0.2,elements-added,1,0,0,0,0,False,Observation,
de.medizininformatikinitiative.kerndatensatz.onkologie,onkologie,https://www.medizininformatik-initiative.de/fhir/ext/modul-onko/StructureDefinition/mii-pr-onko-tod,MII_PR_Onko_Tod,Observation,2026.0.2,2026.0.3,elements-removed,0,1,0,0,0,True,,Observation
de.medizininformatikinitiative.kerndatensatz.onkologie,onkologie,https://www.medizininformatik-initiative.de/fhir/ext/modul-onko/StructureDefinition/mii-pr-onko-tod,MII_PR_Onko_Tod,Observation,2026.0.3,2027.0.0-ballot.1,elements-added,1,0,0,0,0,False,Observation,
de.medizininformatikinitiative.kerndatensatz.onkologie,onkologie,https://www.medizininformatik-initiative.de/fhir/ext/modul-onko/StructureDefinition/mii-pr-onko-tumorgroesse,MII_PR_Onko_Tumorgroesse,Observation,2026.0.0,2026.0.1,identical,0,0,0,0,0,False,,
de.medizininformatikinitiative.kerndatensatz.onkologie,onkologie,https://www.medizininformatik-initiative.de/fhir/ext/modul-onko/StructureDefinition/mii-pr-onko-tumorgroesse,MII_PR_Onko_Tumorgroesse,Observation,2026.0.1,2026.0.2,elements-added,1,0,0,0,0,False,Observation,
de.medizininformatikinitiative.kerndatensatz.onkologie,onkologie,https://www.medizininformatik-initiative.de/fhir/ext/modul-onko/StructureDefinition/mii-pr-onko-tumorgroesse,MII_PR_Onko_Tumorgroesse,Observation,2026.0.2,2026.0.3,elements-removed,0,1,0,0,0,True,,Observation
de.medizininformatikinitiative.kerndatensatz.onkologie,onkologie,https://www.medizininformatik-initiative.de/fhir/ext/modul-onko/StructureDefinition/mii-pr-onko-tumorgroesse,MII_PR_Onko_Tumorgroesse,Observation,2026.0.3,2027.0.0-ballot.1,elements-added,1,0,0,0,0,False,Observation,
de.medizininformatikinitiative.kerndatensatz.onkologie,onkologie,https://www.medizininformatik-initiative.de/fhir/ext/modul-onko/StructureDefinition/mii-pr-onko-tumorkonferenz,MII_PR_Onko_Tumorkonferenz,CarePlan,2025.0.0,2025.0.1,identical,0,0,0,0,0,False,,
de.medizininformatikinitiative.kerndatensatz.onkologie,onkologie,https://www.medizininformatik-initiative.de/fhir/ext/modul-onko/StructureDefinition/mii-pr-onko-tumorkonferenz,MII_PR_Onko_Tumorkonferenz,CarePlan,2025.0.1,2025.0.2,identical,0,0,0,0,0,False,,
de.medizininformatikinitiative.kerndatensatz.onkologie,onkologie,https://www.medizininformatik-initiative.de/fhir/ext/modul-onko/StructureDefinition/mii-pr-onko-tumorkonferenz,MII_PR_Onko_Tumorkonferenz,CarePlan,2025.0.2,2025.0.3,identical,0,0,0,0,0,False,,
de.medizininformatikinitiative.kerndatensatz.onkologie,onkologie,https://www.medizininformatik-initiative.de/fhir/ext/modul-onko/StructureDefinition/mii-pr-onko-tumorkonferenz,MII_PR_Onko_Tumorkonferenz,CarePlan,2025.0.3,2025.0.4,identical,0,0,0,0,0,False,,
de.medizininformatikinitiative.kerndatensatz.onkologie,onkologie,https://www.medizininformatik-initiative.de/fhir/ext/modul-onko/StructureDefinition/mii-pr-onko-tumorkonferenz,MII_PR_Onko_Tumorkonferenz,CarePlan,2025.0.4,2025.1.0,canonical-only,0,0,0,0,0,False,,
de.medizininformatikinitiative.kerndatensatz.onkologie,onkologie,https://www.medizininformatik-initiative.de/fhir/ext/modul-onko/StructureDefinition/mii-pr-onko-tumorkonferenz,MII_PR_Onko_Tumorkonferenz,CarePlan,2025.1.0,2026.0.0,mixed,16,10,0,0,0,True,CarePlan.activity:extended|CarePlan.activity:extended.detail|CarePlan.activity:extended.progress|CarePlan.activity:extended.reference|CarePlan.activity:obds|CarePlan.activity:obds.detail|CarePlan.activity:obds.detail.code|CarePlan.activity:obds.detail.code.coding|CarePlan.activity:obds.detail.code.coding.code|CarePlan.activity:obds.detail.code.coding.system|CarePlan.activity:obds.detail.status|CarePlan.activity:obds.detail.statusReason|CarePlan.activity:obds.detail.statusReason.coding|CarePlan.activity:obds.detail.statusReason.coding.code|CarePlan.activity:obds.detail.statusReason.coding.system|CarePlan.activity:obds.reference,CarePlan.activity.detail|CarePlan.activity.detail.code|CarePlan.activity.detail.code.coding|CarePlan.activity.detail.code.coding.code|CarePlan.activity.detail.code.coding.system|CarePlan.activity.detail.status|CarePlan.activity.detail.statusReason|CarePlan.activity.detail.statusReason.coding|CarePlan.activity.detail.statusReason.coding.code|CarePlan.activity.detail.statusReason.coding.system
de.medizininformatikinitiative.kerndatensatz.onkologie,onkologie,https://www.medizininformatik-initiative.de/fhir/ext/modul-onko/StructureDefinition/mii-pr-onko-tumorkonferenz,MII_PR_Onko_Tumorkonferenz,CarePlan,2026.0.0,2026.0.1,identical,0,0,0,0,0,False,,
de.medizininformatikinitiative.kerndatensatz.onkologie,onkologie,https://www.medizininformatik-initiative.de/fhir/ext/modul-onko/StructureDefinition/mii-pr-onko-tumorkonferenz,MII_PR_Onko_Tumorkonferenz,CarePlan,2026.0.1,2026.0.2,elements-added,1,0,0,0,0,False,CarePlan,
de.medizininformatikinitiative.kerndatensatz.onkologie,onkologie,https://www.medizininformatik-initiative.de/fhir/ext/modul-onko/StructureDefinition/mii-pr-onko-tumorkonferenz,MII_PR_Onko_Tumorkonferenz,CarePlan,2026.0.2,2026.0.3,elements-removed,0,1,0,0,0,True,,CarePlan
de.medizininformatikinitiative.kerndatensatz.onkologie,onkologie,https://www.medizininformatik-initiative.de/fhir/ext/modul-onko/StructureDefinition/mii-pr-onko-tumorkonferenz,MII_PR_Onko_Tumorkonferenz,CarePlan,2026.0.3,2027.0.0-ballot.1,elements-added,1,0,0,0,0,False,CarePlan,
de.medizininformatikinitiative.kerndatensatz.onkologie,onkologie,https://www.medizininformatik-initiative.de/fhir/ext/modul-onko/StructureDefinition/mii-pr-onko-verlauf,MII_PR_Onko_Verlauf,Observation,2025.0.0,2025.0.1,identical,0,0,0,0,0,False,,
de.medizininformatikinitiative.kerndatensatz.onkologie,onkologie,https://www.medizininformatik-initiative.de/fhir/ext/modul-onko/StructureDefinition/mii-pr-onko-verlauf,MII_PR_Onko_Verlauf,Observation,2025.0.1,2025.0.2,identical,0,0,0,0,0,False,,
de.medizininformatikinitiative.kerndatensatz.onkologie,onkologie,https://www.medizininformatik-initiative.de/fhir/ext/modul-onko/StructureDefinition/mii-pr-onko-verlauf,MII_PR_Onko_Verlauf,Observation,2025.0.2,2025.0.3,identical,0,0,0,0,0,False,,
de.medizininformatikinitiative.kerndatensatz.onkologie,onkologie,https://www.medizininformatik-initiative.de/fhir/ext/modul-onko/StructureDefinition/mii-pr-onko-verlauf,MII_PR_Onko_Verlauf,Observation,2025.0.3,2025.0.4,identical,0,0,0,0,0,False,,
de.medizininformatikinitiative.kerndatensatz.onkologie,onkologie,https://www.medizininformatik-initiative.de/fhir/ext/modul-onko/StructureDefinition/mii-pr-onko-verlauf,MII_PR_Onko_Verlauf,Observation,2025.0.4,2025.1.0,modified,0,0,3,0,0,True,,
de.medizininformatikinitiative.kerndatensatz.onkologie,onkologie,https://www.medizininformatik-initiative.de/fhir/ext/modul-onko/StructureDefinition/mii-pr-onko-verlauf,MII_PR_Onko_Verlauf,Observation,2025.1.0,2026.0.0,modified,0,0,1,0,0,False,,
de.medizininformatikinitiative.kerndatensatz.onkologie,onkologie,https://www.medizininformatik-initiative.de/fhir/ext/modul-onko/StructureDefinition/mii-pr-onko-verlauf,MII_PR_Onko_Verlauf,Observation,2026.0.0,2026.0.1,identical,0,0,0,0,0,False,,
de.medizininformatikinitiative.kerndatensatz.onkologie,onkologie,https://www.medizininformatik-initiative.de/fhir/ext/modul-onko/StructureDefinition/mii-pr-onko-verlauf,MII_PR_Onko_Verlauf,Observation,2026.0.1,2026.0.2,elements-added,1,0,0,0,0,False,Observation,
de.medizininformatikinitiative.kerndatensatz.onkologie,onkologie,https://www.medizininformatik-initiative.de/fhir/ext/modul-onko/StructureDefinition/mii-pr-onko-verlauf,MII_PR_Onko_Verlauf,Observation,2026.0.2,2026.0.3,elements-removed,0,1,0,0,0,True,,Observation
de.medizininformatikinitiative.kerndatensatz.onkologie,onkologie,https://www.medizininformatik-initiative.de/fhir/ext/modul-onko/StructureDefinition/mii-pr-onko-verlauf,MII_PR_Onko_Verlauf,Observation,2026.0.3,2027.0.0-ballot.1,elements-added,1,0,0,0,0,False,Observation,
de.medizininformatikinitiative.kerndatensatz.onkologie,onkologie,https://www.medizininformatik-initiative.de/fhir/ext/modul-onko/StructureDefinition/mii-pr-onko-weitere-klassifikationen,MII_PR_Onko_Weitere_Klassifikationen,Observation,2025.0.0,2025.0.1,identical,0,0,0,0,0,False,,
de.medizininformatikinitiative.kerndatensatz.onkologie,onkologie,https://www.medizininformatik-initiative.de/fhir/ext/modul-onko/StructureDefinition/mii-pr-onko-weitere-klassifikationen,MII_PR_Onko_Weitere_Klassifikationen,Observation,2025.0.1,2025.0.2,identical,0,0,0,0,0,False,,
de.medizininformatikinitiative.kerndatensatz.onkologie,onkologie,https://www.medizininformatik-initiative.de/fhir/ext/modul-onko/StructureDefinition/mii-pr-onko-weitere-klassifikationen,MII_PR_Onko_Weitere_Klassifikationen,Observation,2025.0.2,2025.0.3,identical,0,0,0,0,0,False,,
de.medizininformatikinitiative.kerndatensatz.onkologie,onkologie,https://www.medizininformatik-initiative.de/fhir/ext/modul-onko/StructureDefinition/mii-pr-onko-weitere-klassifikationen,MII_PR_Onko_Weitere_Klassifikationen,Observation,2025.0.3,2025.0.4,identical,0,0,0,0,0,False,,
de.medizininformatikinitiative.kerndatensatz.onkologie,onkologie,https://www.medizininformatik-initiative.de/fhir/ext/modul-onko/StructureDefinition/mii-pr-onko-weitere-klassifikationen,MII_PR_Onko_Weitere_Klassifikationen,Observation,2025.0.4,2025.1.0,identical,0,0,0,0,0,False,,
de.medizininformatikinitiative.kerndatensatz.onkologie,onkologie,https://www.medizininformatik-initiative.de/fhir/ext/modul-onko/StructureDefinition/mii-pr-onko-weitere-klassifikationen,MII_PR_Onko_Weitere_Klassifikationen,Observation,2025.1.0,2026.0.0,mixed,4,0,1,0,0,True,Observation.method|Observation.value[x]:valueCodeableConcept|Observation.value[x]:valueCodeableConcept.coding|Observation.value[x]:valueCodeableConcept.text,
de.medizininformatikinitiative.kerndatensatz.onkologie,onkologie,https://www.medizininformatik-initiative.de/fhir/ext/modul-onko/StructureDefinition/mii-pr-onko-weitere-klassifikationen,MII_PR_Onko_Weitere_Klassifikationen,Observation,2026.0.0,2026.0.1,identical,0,0,0,0,0,False,,
de.medizininformatikinitiative.kerndatensatz.onkologie,onkologie,https://www.medizininformatik-initiative.de/fhir/ext/modul-onko/StructureDefinition/mii-pr-onko-weitere-klassifikationen,MII_PR_Onko_Weitere_Klassifikationen,Observation,2026.0.1,2026.0.2,identical,0,0,0,0,0,False,,
de.medizininformatikinitiative.kerndatensatz.onkologie,onkologie,https://www.medizininformatik-initiative.de/fhir/ext/modul-onko/StructureDefinition/mii-pr-onko-weitere-klassifikationen,MII_PR_Onko_Weitere_Klassifikationen,Observation,2026.0.2,2026.0.3,identical,0,0,0,0,0,False,,
de.medizininformatikinitiative.kerndatensatz.onkologie,onkologie,https://www.medizininformatik-initiative.de/fhir/ext/modul-onko/StructureDefinition/mii-pr-onko-weitere-klassifikationen,MII_PR_Onko_Weitere_Klassifikationen,Observation,2026.0.3,2027.0.0-ballot.1,canonical-only,0,0,0,0,0,False,,
de.medizininformatikinitiative.kerndatensatz.patho,patho,https://www.medizininformatik-initiative.de/fhir/ext/modul-patho/StructureDefinition/mii-pr-patho-active-problems-list,MII_PR_Patho_Active_Problems_List,List,1.0.0,2025.0.1,identical,0,0,0,0,0,False,,
de.medizininformatikinitiative.kerndatensatz.patho,patho,https://www.medizininformatik-initiative.de/fhir/ext/modul-patho/StructureDefinition/mii-pr-patho-active-problems-list,MII_PR_Patho_Active_Problems_List,List,2025.0.1,2025.0.2,identical,0,0,0,0,0,False,,
de.medizininformatikinitiative.kerndatensatz.patho,patho,https://www.medizininformatik-initiative.de/fhir/ext/modul-patho/StructureDefinition/mii-pr-patho-active-problems-list,MII_PR_Patho_Active_Problems_List,List,2025.0.2,2026.0.0,identical,0,0,0,0,0,False,,
de.medizininformatikinitiative.kerndatensatz.patho,patho,https://www.medizininformatik-initiative.de/fhir/ext/modul-patho/StructureDefinition/mii-pr-patho-active-problems-list,MII_PR_Patho_Active_Problems_List,List,2026.0.0,2026.0.1,identical,0,0,0,0,0,False,,
de.medizininformatikinitiative.kerndatensatz.patho,patho,https://www.medizininformatik-initiative.de/fhir/ext/modul-patho/StructureDefinition/mii-pr-patho-active-problems-list,MII_PR_Patho_Active_Problems_List,List,2026.0.1,2026.0.2,identical,0,0,0,0,0,False,,
de.medizininformatikinitiative.kerndatensatz.patho,patho,https://www.medizininformatik-initiative.de/fhir/ext/modul-patho/StructureDefinition/mii-pr-patho-active-problems-list,MII_PR_Patho_Active_Problems_List,List,2026.0.2,2027.0.0-ballot,identical,0,0,0,0,0,False,,
de.medizininformatikinitiative.kerndatensatz.patho,patho,https://www.medizininformatik-initiative.de/fhir/ext/modul-patho/StructureDefinition/mii-pr-patho-additional-specified-grouper,MII_PR_Patho_Additional_Specified_Grouper,Observation,1.0.0,2025.0.1,identical,0,0,0,0,0,False,,
de.medizininformatikinitiative.kerndatensatz.patho,patho,https://www.medizininformatik-initiative.de/fhir/ext/modul-patho/StructureDefinition/mii-pr-patho-additional-specified-grouper,MII_PR_Patho_Additional_Specified_Grouper,Observation,2025.0.1,2025.0.2,identical,0,0,0,0,0,False,,
de.medizininformatikinitiative.kerndatensatz.patho,patho,https://www.medizininformatik-initiative.de/fhir/ext/modul-patho/StructureDefinition/mii-pr-patho-additional-specified-grouper,MII_PR_Patho_Additional_Specified_Grouper,Observation,2025.0.2,2026.0.0,elements-added,2,0,0,0,0,False,Observation.hasMember:pathology-finding|Observation.text,
de.medizininformatikinitiative.kerndatensatz.patho,patho,https://www.medizininformatik-initiative.de/fhir/ext/modul-patho/StructureDefinition/mii-pr-patho-additional-specified-grouper,MII_PR_Patho_Additional_Specified_Grouper,Observation,2026.0.0,2026.0.1,identical,0,0,0,0,0,False,,
de.medizininformatikinitiative.kerndatensatz.patho,patho,https://www.medizininformatik-initiative.de/fhir/ext/modul-patho/StructureDefinition/mii-pr-patho-additional-specified-grouper,MII_PR_Patho_Additional_Specified_Grouper,Observation,2026.0.1,2026.0.2,identical,0,0,0,0,0,False,,
de.medizininformatikinitiative.kerndatensatz.patho,patho,https://www.medizininformatik-initiative.de/fhir/ext/modul-patho/StructureDefinition/mii-pr-patho-additional-specified-grouper,MII_PR_Patho_Additional_Specified_Grouper,Observation,2026.0.2,2027.0.0-ballot,identical,0,0,0,0,0,False,,
de.medizininformatikinitiative.kerndatensatz.patho,patho,https://www.medizininformatik-initiative.de/fhir/ext/modul-patho/StructureDefinition/mii-pr-patho-attached-image,MII_PR_Patho_Attached_Image,Media,1.0.0,2025.0.1,identical,0,0,0,0,0,False,,
de.medizininformatikinitiative.kerndatensatz.patho,patho,https://www.medizininformatik-initiative.de/fhir/ext/modul-patho/StructureDefinition/mii-pr-patho-attached-image,MII_PR_Patho_Attached_Image,Media,2025.0.1,2025.0.2,identical,0,0,0,0,0,False,,
de.medizininformatikinitiative.kerndatensatz.patho,patho,https://www.medizininformatik-initiative.de/fhir/ext/modul-patho/StructureDefinition/mii-pr-patho-attached-image,MII_PR_Patho_Attached_Image,Media,2025.0.2,2026.0.0,canonical-only,0,0,0,0,0,False,,
de.medizininformatikinitiative.kerndatensatz.patho,patho,https://www.medizininformatik-initiative.de/fhir/ext/modul-patho/StructureDefinition/mii-pr-patho-attached-image,MII_PR_Patho_Attached_Image,Media,2026.0.0,2026.0.1,identical,0,0,0,0,0,False,,
de.medizininformatikinitiative.kerndatensatz.patho,patho,https://www.medizininformatik-initiative.de/fhir/ext/modul-patho/StructureDefinition/mii-pr-patho-attached-image,MII_PR_Patho_Attached_Image,Media,2026.0.1,2026.0.2,identical,0,0,0,0,0,False,,
de.medizininformatikinitiative.kerndatensatz.patho,patho,https://www.medizininformatik-initiative.de/fhir/ext/modul-patho/StructureDefinition/mii-pr-patho-attached-image,MII_PR_Patho_Attached_Image,Media,2026.0.2,2027.0.0-ballot,identical,0,0,0,0,0,False,,
de.medizininformatikinitiative.kerndatensatz.patho,patho,https://www.medizininformatik-initiative.de/fhir/ext/modul-patho/StructureDefinition/mii-pr-patho-base-observation,MII_PR_Patho_Base_Observation,Observation,1.0.0,2025.0.1,identical,0,0,0,0,0,False,,
de.medizininformatikinitiative.kerndatensatz.patho,patho,https://www.medizininformatik-initiative.de/fhir/ext/modul-patho/StructureDefinition/mii-pr-patho-base-observation,MII_PR_Patho_Base_Observation,Observation,2025.0.1,2025.0.2,identical,0,0,0,0,0,False,,
de.medizininformatikinitiative.kerndatensatz.patho,patho,https://www.medizininformatik-initiative.de/fhir/ext/modul-patho/StructureDefinition/mii-pr-patho-base-observation,MII_PR_Patho_Base_Observation,Observation,2025.0.2,2026.0.0,identical,0,0,0,0,0,False,,
de.medizininformatikinitiative.kerndatensatz.patho,patho,https://www.medizininformatik-initiative.de/fhir/ext/modul-patho/StructureDefinition/mii-pr-patho-base-observation,MII_PR_Patho_Base_Observation,Observation,2026.0.0,2026.0.1,identical,0,0,0,0,0,False,,
de.medizininformatikinitiative.kerndatensatz.patho,patho,https://www.medizininformatik-initiative.de/fhir/ext/modul-patho/StructureDefinition/mii-pr-patho-base-observation,MII_PR_Patho_Base_Observation,Observation,2026.0.1,2026.0.2,identical,0,0,0,0,0,False,,
de.medizininformatikinitiative.kerndatensatz.patho,patho,https://www.medizininformatik-initiative.de/fhir/ext/modul-patho/StructureDefinition/mii-pr-patho-base-observation,MII_PR_Patho_Base_Observation,Observation,2026.0.2,2027.0.0-ballot,canonical-only,0,0,0,0,0,False,,
de.medizininformatikinitiative.kerndatensatz.patho,patho,https://www.medizininformatik-initiative.de/fhir/ext/modul-patho/StructureDefinition/mii-pr-patho-bundle,MII_PR_Patho_Bundle,Bundle,2026.0.0,2026.0.1,identical,0,0,0,0,0,False,,
de.medizininformatikinitiative.kerndatensatz.patho,patho,https://www.medizininformatik-initiative.de/fhir/ext/modul-patho/StructureDefinition/mii-pr-patho-bundle,MII_PR_Patho_Bundle,Bundle,2026.0.1,2026.0.2,identical,0,0,0,0,0,False,,
de.medizininformatikinitiative.kerndatensatz.patho,patho,https://www.medizininformatik-initiative.de/fhir/ext/modul-patho/StructureDefinition/mii-pr-patho-bundle,MII_PR_Patho_Bundle,Bundle,2026.0.2,2027.0.0-ballot,identical,0,0,0,0,0,False,,
de.medizininformatikinitiative.kerndatensatz.patho,patho,https://www.medizininformatik-initiative.de/fhir/ext/modul-patho/StructureDefinition/mii-pr-patho-composition,MII_PR_Patho_Composition,Composition,1.0.0,2025.0.1,canonical-only,0,0,0,0,0,False,,
de.medizininformatikinitiative.kerndatensatz.patho,patho,https://www.medizininformatik-initiative.de/fhir/ext/modul-patho/StructureDefinition/mii-pr-patho-composition,MII_PR_Patho_Composition,Composition,2025.0.1,2025.0.2,identical,0,0,0,0,0,False,,
de.medizininformatikinitiative.kerndatensatz.patho,patho,https://www.medizininformatik-initiative.de/fhir/ext/modul-patho/StructureDefinition/mii-pr-patho-composition,MII_PR_Patho_Composition,Composition,2025.0.2,2026.0.0,mixed,13,4,0,0,0,True,Composition.category.coding:IHE|Composition.category.coding:IHE.code|Composition.category.coding:sct|Composition.category.coding:sct.system|Composition.identifier|Composition.status|Composition.text|Composition.type.coding:KDL|Composition.type.coding:XDS|Composition.type.coding:XDS.code|Composition.type.coding:sct|Composition.type.coding:sct.code|Composition.type.coding:sct.system,Composition.category.coding:HL7-patho|Composition.type.coding:LOINC-patho|Composition.type.coding:LOINC-patho.code|Composition.type.coding:LOINC-patho.system
de.medizininformatikinitiative.kerndatensatz.patho,patho,https://www.medizininformatik-initiative.de/fhir/ext/modul-patho/StructureDefinition/mii-pr-patho-composition,MII_PR_Patho_Composition,Composition,2026.0.0,2026.0.1,identical,0,0,0,0,0,False,,
de.medizininformatikinitiative.kerndatensatz.patho,patho,https://www.medizininformatik-initiative.de/fhir/ext/modul-patho/StructureDefinition/mii-pr-patho-composition,MII_PR_Patho_Composition,Composition,2026.0.1,2026.0.2,identical,0,0,0,0,0,False,,
de.medizininformatikinitiative.kerndatensatz.patho,patho,https://www.medizininformatik-initiative.de/fhir/ext/modul-patho/StructureDefinition/mii-pr-patho-composition,MII_PR_Patho_Composition,Composition,2026.0.2,2027.0.0-ballot,elements-added,16,0,0,0,0,False,Composition.extension:diagnosticReport|Composition.section:diagnostische-schlussfolgerung|Composition.section:diagnostische-schlussfolgerung.code.coding|Composition.section:diagnostische-schlussfolgerung.entry|Composition.section:intraoperativ|Composition.section:intraoperativ.code.coding|Composition.section:intraoperativ.entry|Composition.section:makroskopie|Composition.section:makroskopie.code.coding|Composition.section:makroskopie.entry|Composition.section:mikroskopie|Composition.section:mikroskopie.code.coding|Composition.section:mikroskopie.entry|Composition.section:zusaetzliche-beobachtung|Composition.section:zusaetzliche-beobachtung.code.coding|Composition.section:zusaetzliche-beobachtung.entry,
de.medizininformatikinitiative.kerndatensatz.patho,patho,https://www.medizininformatik-initiative.de/fhir/ext/modul-patho/StructureDefinition/mii-pr-patho-diagnostic-conclusion-grouper,MII_PR_Patho_Diagnostic_Conclusion_Grouper,Observation,1.0.0,2025.0.1,identical,0,0,0,0,0,False,,
de.medizininformatikinitiative.kerndatensatz.patho,patho,https://www.medizininformatik-initiative.de/fhir/ext/modul-patho/StructureDefinition/mii-pr-patho-diagnostic-conclusion-grouper,MII_PR_Patho_Diagnostic_Conclusion_Grouper,Observation,2025.0.1,2025.0.2,identical,0,0,0,0,0,False,,
de.medizininformatikinitiative.kerndatensatz.patho,patho,https://www.medizininformatik-initiative.de/fhir/ext/modul-patho/StructureDefinition/mii-pr-patho-diagnostic-conclusion-grouper,MII_PR_Patho_Diagnostic_Conclusion_Grouper,Observation,2025.0.2,2026.0.0,elements-added,2,0,0,0,0,False,Observation.hasMember:pathology-finding|Observation.text,
de.medizininformatikinitiative.kerndatensatz.patho,patho,https://www.medizininformatik-initiative.de/fhir/ext/modul-patho/StructureDefinition/mii-pr-patho-diagnostic-conclusion-grouper,MII_PR_Patho_Diagnostic_Conclusion_Grouper,Observation,2026.0.0,2026.0.1,identical,0,0,0,0,0,False,,
de.medizininformatikinitiative.kerndatensatz.patho,patho,https://www.medizininformatik-initiative.de/fhir/ext/modul-patho/StructureDefinition/mii-pr-patho-diagnostic-conclusion-grouper,MII_PR_Patho_Diagnostic_Conclusion_Grouper,Observation,2026.0.1,2026.0.2,identical,0,0,0,0,0,False,,
de.medizininformatikinitiative.kerndatensatz.patho,patho,https://www.medizininformatik-initiative.de/fhir/ext/modul-patho/StructureDefinition/mii-pr-patho-diagnostic-conclusion-grouper,MII_PR_Patho_Diagnostic_Conclusion_Grouper,Observation,2026.0.2,2027.0.0-ballot,identical,0,0,0,0,0,False,,
de.medizininformatikinitiative.kerndatensatz.patho,patho,https://www.medizininformatik-initiative.de/fhir/ext/modul-patho/StructureDefinition/mii-pr-patho-finding,MII_PR_Patho_Finding,Observation,1.0.0,2025.0.1,identical,0,0,0,0,0,False,,
de.medizininformatikinitiative.kerndatensatz.patho,patho,https://www.medizininformatik-initiative.de/fhir/ext/modul-patho/StructureDefinition/mii-pr-patho-finding,MII_PR_Patho_Finding,Observation,2025.0.1,2025.0.2,identical,0,0,0,0,0,False,,
de.medizininformatikinitiative.kerndatensatz.patho,patho,https://www.medizininformatik-initiative.de/fhir/ext/modul-patho/StructureDefinition/mii-pr-patho-finding,MII_PR_Patho_Finding,Observation,2025.0.2,2026.0.0,mixed,11,0,1,0,0,False,Observation.basedOn|Observation.bodySite|Observation.code|Observation.derivedFrom|Observation.effective[x]|Observation.hasMember|Observation.identifier|Observation.method|Observation.specimen|Observation.status|Observation.subject,
de.medizininformatikinitiative.kerndatensatz.patho,patho,https://www.medizininformatik-initiative.de/fhir/ext/modul-patho/StructureDefinition/mii-pr-patho-finding,MII_PR_Patho_Finding,Observation,2026.0.0,2026.0.1,identical,0,0,0,0,0,False,,
de.medizininformatikinitiative.kerndatensatz.patho,patho,https://www.medizininformatik-initiative.de/fhir/ext/modul-patho/StructureDefinition/mii-pr-patho-finding,MII_PR_Patho_Finding,Observation,2026.0.1,2026.0.2,identical,0,0,0,0,0,False,,
de.medizininformatikinitiative.kerndatensatz.patho,patho,https://www.medizininformatik-initiative.de/fhir/ext/modul-patho/StructureDefinition/mii-pr-patho-finding,MII_PR_Patho_Finding,Observation,2026.0.2,2027.0.0-ballot,identical,0,0,0,0,0,False,,
de.medizininformatikinitiative.kerndatensatz.patho,patho,https://www.medizininformatik-initiative.de/fhir/ext/modul-patho/StructureDefinition/mii-pr-patho-history-of-present-illness,MII_PR_Patho_History_Of_Present_Illness,List,1.0.0,2025.0.1,identical,0,0,0,0,0,False,,
de.medizininformatikinitiative.kerndatensatz.patho,patho,https://www.medizininformatik-initiative.de/fhir/ext/modul-patho/StructureDefinition/mii-pr-patho-history-of-present-illness,MII_PR_Patho_History_Of_Present_Illness,List,2025.0.1,2025.0.2,identical,0,0,0,0,0,False,,
de.medizininformatikinitiative.kerndatensatz.patho,patho,https://www.medizininformatik-initiative.de/fhir/ext/modul-patho/StructureDefinition/mii-pr-patho-history-of-present-illness,MII_PR_Patho_History_Of_Present_Illness,List,2025.0.2,2026.0.0,identical,0,0,0,0,0,False,,
de.medizininformatikinitiative.kerndatensatz.patho,patho,https://www.medizininformatik-initiative.de/fhir/ext/modul-patho/StructureDefinition/mii-pr-patho-history-of-present-illness,MII_PR_Patho_History_Of_Present_Illness,List,2026.0.0,2026.0.1,identical,0,0,0,0,0,False,,
de.medizininformatikinitiative.kerndatensatz.patho,patho,https://www.medizininformatik-initiative.de/fhir/ext/modul-patho/StructureDefinition/mii-pr-patho-history-of-present-illness,MII_PR_Patho_History_Of_Present_Illness,List,2026.0.1,2026.0.2,identical,0,0,0,0,0,False,,
de.medizininformatikinitiative.kerndatensatz.patho,patho,https://www.medizininformatik-initiative.de/fhir/ext/modul-patho/StructureDefinition/mii-pr-patho-history-of-present-illness,MII_PR_Patho_History_Of_Present_Illness,List,2026.0.2,2027.0.0-ballot,identical,0,0,0,0,0,False,,
de.medizininformatikinitiative.kerndatensatz.patho,patho,https://www.medizininformatik-initiative.de/fhir/ext/modul-patho/StructureDefinition/mii-pr-patho-intraoperative-grouper,MII_PR_Patho_Intraoperative_Grouper,Observation,1.0.0,2025.0.1,identical,0,0,0,0,0,False,,
de.medizininformatikinitiative.kerndatensatz.patho,patho,https://www.medizininformatik-initiative.de/fhir/ext/modul-patho/StructureDefinition/mii-pr-patho-intraoperative-grouper,MII_PR_Patho_Intraoperative_Grouper,Observation,2025.0.1,2025.0.2,identical,0,0,0,0,0,False,,
de.medizininformatikinitiative.kerndatensatz.patho,patho,https://www.medizininformatik-initiative.de/fhir/ext/modul-patho/StructureDefinition/mii-pr-patho-intraoperative-grouper,MII_PR_Patho_Intraoperative_Grouper,Observation,2025.0.2,2026.0.0,elements-added,2,0,0,0,0,False,Observation.hasMember:pathology-finding|Observation.text,
de.medizininformatikinitiative.kerndatensatz.patho,patho,https://www.medizininformatik-initiative.de/fhir/ext/modul-patho/StructureDefinition/mii-pr-patho-intraoperative-grouper,MII_PR_Patho_Intraoperative_Grouper,Observation,2026.0.0,2026.0.1,identical,0,0,0,0,0,False,,
de.medizininformatikinitiative.kerndatensatz.patho,patho,https://www.medizininformatik-initiative.de/fhir/ext/modul-patho/StructureDefinition/mii-pr-patho-intraoperative-grouper,MII_PR_Patho_Intraoperative_Grouper,Observation,2026.0.1,2026.0.2,identical,0,0,0,0,0,False,,
de.medizininformatikinitiative.kerndatensatz.patho,patho,https://www.medizininformatik-initiative.de/fhir/ext/modul-patho/StructureDefinition/mii-pr-patho-intraoperative-grouper,MII_PR_Patho_Intraoperative_Grouper,Observation,2026.0.2,2027.0.0-ballot,identical,0,0,0,0,0,False,,
de.medizininformatikinitiative.kerndatensatz.patho,patho,https://www.medizininformatik-initiative.de/fhir/ext/modul-patho/StructureDefinition/mii-pr-patho-macroscopic-grouper,MII_PR_Patho_Macroscopic_Grouper,Observation,1.0.0,2025.0.1,identical,0,0,0,0,0,False,,
de.medizininformatikinitiative.kerndatensatz.patho,patho,https://www.medizininformatik-initiative.de/fhir/ext/modul-patho/StructureDefinition/mii-pr-patho-macroscopic-grouper,MII_PR_Patho_Macroscopic_Grouper,Observation,2025.0.1,2025.0.2,identical,0,0,0,0,0,False,,
de.medizininformatikinitiative.kerndatensatz.patho,patho,https://www.medizininformatik-initiative.de/fhir/ext/modul-patho/StructureDefinition/mii-pr-patho-macroscopic-grouper,MII_PR_Patho_Macroscopic_Grouper,Observation,2025.0.2,2026.0.0,elements-added,2,0,0,0,0,False,Observation.hasMember:pathology-finding|Observation.text,
de.medizininformatikinitiative.kerndatensatz.patho,patho,https://www.medizininformatik-initiative.de/fhir/ext/modul-patho/StructureDefinition/mii-pr-patho-macroscopic-grouper,MII_PR_Patho_Macroscopic_Grouper,Observation,2026.0.0,2026.0.1,identical,0,0,0,0,0,False,,
de.medizininformatikinitiative.kerndatensatz.patho,patho,https://www.medizininformatik-initiative.de/fhir/ext/modul-patho/StructureDefinition/mii-pr-patho-macroscopic-grouper,MII_PR_Patho_Macroscopic_Grouper,Observation,2026.0.1,2026.0.2,identical,0,0,0,0,0,False,,
de.medizininformatikinitiative.kerndatensatz.patho,patho,https://www.medizininformatik-initiative.de/fhir/ext/modul-patho/StructureDefinition/mii-pr-patho-macroscopic-grouper,MII_PR_Patho_Macroscopic_Grouper,Observation,2026.0.2,2027.0.0-ballot,identical,0,0,0,0,0,False,,
de.medizininformatikinitiative.kerndatensatz.patho,patho,https://www.medizininformatik-initiative.de/fhir/ext/modul-patho/StructureDefinition/mii-pr-patho-microscopic-grouper,MII_PR_Patho_Microscopic_Grouper,Observation,1.0.0,2025.0.1,identical,0,0,0,0,0,False,,
de.medizininformatikinitiative.kerndatensatz.patho,patho,https://www.medizininformatik-initiative.de/fhir/ext/modul-patho/StructureDefinition/mii-pr-patho-microscopic-grouper,MII_PR_Patho_Microscopic_Grouper,Observation,2025.0.1,2025.0.2,identical,0,0,0,0,0,False,,
de.medizininformatikinitiative.kerndatensatz.patho,patho,https://www.medizininformatik-initiative.de/fhir/ext/modul-patho/StructureDefinition/mii-pr-patho-microscopic-grouper,MII_PR_Patho_Microscopic_Grouper,Observation,2025.0.2,2026.0.0,elements-added,2,0,0,0,0,False,Observation.hasMember:pathology-finding|Observation.text,
de.medizininformatikinitiative.kerndatensatz.patho,patho,https://www.medizininformatik-initiative.de/fhir/ext/modul-patho/StructureDefinition/mii-pr-patho-microscopic-grouper,MII_PR_Patho_Microscopic_Grouper,Observation,2026.0.0,2026.0.1,identical,0,0,0,0,0,False,,
de.medizininformatikinitiative.kerndatensatz.patho,patho,https://www.medizininformatik-initiative.de/fhir/ext/modul-patho/StructureDefinition/mii-pr-patho-microscopic-grouper,MII_PR_Patho_Microscopic_Grouper,Observation,2026.0.1,2026.0.2,identical,0,0,0,0,0,False,,
de.medizininformatikinitiative.kerndatensatz.patho,patho,https://www.medizininformatik-initiative.de/fhir/ext/modul-patho/StructureDefinition/mii-pr-patho-microscopic-grouper,MII_PR_Patho_Microscopic_Grouper,Observation,2026.0.2,2027.0.0-ballot,identical,0,0,0,0,0,False,,
de.medizininformatikinitiative.kerndatensatz.patho,patho,https://www.medizininformatik-initiative.de/fhir/ext/modul-patho/StructureDefinition/mii-pr-patho-problem-list-item,MII_PR_Patho_Problem_List_Item,Condition,1.0.0,2025.0.1,identical,0,0,0,0,0,False,,
de.medizininformatikinitiative.kerndatensatz.patho,patho,https://www.medizininformatik-initiative.de/fhir/ext/modul-patho/StructureDefinition/mii-pr-patho-problem-list-item,MII_PR_Patho_Problem_List_Item,Condition,2025.0.1,2025.0.2,identical,0,0,0,0,0,False,,
de.medizininformatikinitiative.kerndatensatz.patho,patho,https://www.medizininformatik-initiative.de/fhir/ext/modul-patho/StructureDefinition/mii-pr-patho-problem-list-item,MII_PR_Patho_Problem_List_Item,Condition,2025.0.2,2026.0.0,mixed,1,0,2,2,0,False,Condition.category:problem-list-item,
de.medizininformatikinitiative.kerndatensatz.patho,patho,https://www.medizininformatik-initiative.de/fhir/ext/modul-patho/StructureDefinition/mii-pr-patho-problem-list-item,MII_PR_Patho_Problem_List_Item,Condition,2026.0.0,2026.0.1,identical,0,0,0,0,0,False,,
de.medizininformatikinitiative.kerndatensatz.patho,patho,https://www.medizininformatik-initiative.de/fhir/ext/modul-patho/StructureDefinition/mii-pr-patho-problem-list-item,MII_PR_Patho_Problem_List_Item,Condition,2026.0.1,2026.0.2,identical,0,0,0,0,0,False,,
de.medizininformatikinitiative.kerndatensatz.patho,patho,https://www.medizininformatik-initiative.de/fhir/ext/modul-patho/StructureDefinition/mii-pr-patho-problem-list-item,MII_PR_Patho_Problem_List_Item,Condition,2026.0.2,2027.0.0-ballot,identical,0,0,0,0,0,False,,
de.medizininformatikinitiative.kerndatensatz.patho,patho,https://www.medizininformatik-initiative.de/fhir/ext/modul-patho/StructureDefinition/mii-pr-patho-report,MII_PR_Patho_Report,DiagnosticReport,1.0.0,2025.0.1,elements-added,1,0,0,0,0,False,DiagnosticReport.extension,
de.medizininformatikinitiative.kerndatensatz.patho,patho,https://www.medizininformatik-initiative.de/fhir/ext/modul-patho/StructureDefinition/mii-pr-patho-report,MII_PR_Patho_Report,DiagnosticReport,2025.0.1,2025.0.2,identical,0,0,0,0,0,False,,
de.medizininformatikinitiative.kerndatensatz.patho,patho,https://www.medizininformatik-initiative.de/fhir/ext/modul-patho/StructureDefinition/mii-pr-patho-report,MII_PR_Patho_Report,DiagnosticReport,2025.0.2,2026.0.0,modified,0,0,5,0,0,True,,
de.medizininformatikinitiative.kerndatensatz.patho,patho,https://www.medizininformatik-initiative.de/fhir/ext/modul-patho/StructureDefinition/mii-pr-patho-report,MII_PR_Patho_Report,DiagnosticReport,2026.0.0,2026.0.1,identical,0,0,0,0,0,False,,
de.medizininformatikinitiative.kerndatensatz.patho,patho,https://www.medizininformatik-initiative.de/fhir/ext/modul-patho/StructureDefinition/mii-pr-patho-report,MII_PR_Patho_Report,DiagnosticReport,2026.0.1,2026.0.2,identical,0,0,0,0,0,False,,
de.medizininformatikinitiative.kerndatensatz.patho,patho,https://www.medizininformatik-initiative.de/fhir/ext/modul-patho/StructureDefinition/mii-pr-patho-report,MII_PR_Patho_Report,DiagnosticReport,2026.0.2,2027.0.0-ballot,mixed,1,0,1,0,0,True,DiagnosticReport.extension:composition,
de.medizininformatikinitiative.kerndatensatz.patho,patho,https://www.medizininformatik-initiative.de/fhir/ext/modul-patho/StructureDefinition/mii-pr-patho-section-grouper,MII_PR_Patho_Section_Grouper,Observation,1.0.0,2025.0.1,identical,0,0,0,0,0,False,,
de.medizininformatikinitiative.kerndatensatz.patho,patho,https://www.medizininformatik-initiative.de/fhir/ext/modul-patho/StructureDefinition/mii-pr-patho-section-grouper,MII_PR_Patho_Section_Grouper,Observation,2025.0.1,2025.0.2,identical,0,0,0,0,0,False,,
de.medizininformatikinitiative.kerndatensatz.patho,patho,https://www.medizininformatik-initiative.de/fhir/ext/modul-patho/StructureDefinition/mii-pr-patho-section-grouper,MII_PR_Patho_Section_Grouper,Observation,2025.0.2,2026.0.0,identical,0,0,0,0,0,False,,
de.medizininformatikinitiative.kerndatensatz.patho,patho,https://www.medizininformatik-initiative.de/fhir/ext/modul-patho/StructureDefinition/mii-pr-patho-section-grouper,MII_PR_Patho_Section_Grouper,Observation,2026.0.0,2026.0.1,identical,0,0,0,0,0,False,,
de.medizininformatikinitiative.kerndatensatz.patho,patho,https://www.medizininformatik-initiative.de/fhir/ext/modul-patho/StructureDefinition/mii-pr-patho-section-grouper,MII_PR_Patho_Section_Grouper,Observation,2026.0.1,2026.0.2,identical,0,0,0,0,0,False,,
de.medizininformatikinitiative.kerndatensatz.patho,patho,https://www.medizininformatik-initiative.de/fhir/ext/modul-patho/StructureDefinition/mii-pr-patho-section-grouper,MII_PR_Patho_Section_Grouper,Observation,2026.0.2,2027.0.0-ballot,identical,0,0,0,0,0,False,,
de.medizininformatikinitiative.kerndatensatz.patho,patho,https://www.medizininformatik-initiative.de/fhir/ext/modul-patho/StructureDefinition/mii-pr-patho-service-request,MII_PR_Patho_Service_Request,ServiceRequest,1.0.0,2025.0.1,identical,0,0,0,0,0,False,,
de.medizininformatikinitiative.kerndatensatz.patho,patho,https://www.medizininformatik-initiative.de/fhir/ext/modul-patho/StructureDefinition/mii-pr-patho-service-request,MII_PR_Patho_Service_Request,ServiceRequest,2025.0.1,2025.0.2,identical,0,0,0,0,0,False,,
de.medizininformatikinitiative.kerndatensatz.patho,patho,https://www.medizininformatik-initiative.de/fhir/ext/modul-patho/StructureDefinition/mii-pr-patho-service-request,MII_PR_Patho_Service_Request,ServiceRequest,2025.0.2,2026.0.0,mixed,1,0,1,0,0,True,ServiceRequest.supportingInfo:observations,
de.medizininformatikinitiative.kerndatensatz.patho,patho,https://www.medizininformatik-initiative.de/fhir/ext/modul-patho/StructureDefinition/mii-pr-patho-service-request,MII_PR_Patho_Service_Request,ServiceRequest,2026.0.0,2026.0.1,identical,0,0,0,0,0,False,,
de.medizininformatikinitiative.kerndatensatz.patho,patho,https://www.medizininformatik-initiative.de/fhir/ext/modul-patho/StructureDefinition/mii-pr-patho-service-request,MII_PR_Patho_Service_Request,ServiceRequest,2026.0.1,2026.0.2,identical,0,0,0,0,0,False,,
de.medizininformatikinitiative.kerndatensatz.patho,patho,https://www.medizininformatik-initiative.de/fhir/ext/modul-patho/StructureDefinition/mii-pr-patho-service-request,MII_PR_Patho_Service_Request,ServiceRequest,2026.0.2,2027.0.0-ballot,canonical-only,0,0,0,0,0,False,,
de.medizininformatikinitiative.kerndatensatz.patho,patho,https://www.medizininformatik-initiative.de/fhir/ext/modul-patho/StructureDefinition/mii-pr-patho-specimen,MII_PR_Patho_Specimen,Specimen,1.0.0,2025.0.1,identical,0,0,0,0,0,False,,
de.medizininformatikinitiative.kerndatensatz.patho,patho,https://www.medizininformatik-initiative.de/fhir/ext/modul-patho/StructureDefinition/mii-pr-patho-specimen,MII_PR_Patho_Specimen,Specimen,2025.0.1,2025.0.2,identical,0,0,0,0,0,False,,
de.medizininformatikinitiative.kerndatensatz.patho,patho,https://www.medizininformatik-initiative.de/fhir/ext/modul-patho/StructureDefinition/mii-pr-patho-specimen,MII_PR_Patho_Specimen,Specimen,2025.0.2,2026.0.0,mixed,16,2,1,0,0,True,Specimen.container|Specimen.identifier|Specimen.identifier:Filler-ID|Specimen.identifier:Filler-ID.system|Specimen.identifier:Filler-ID.type|Specimen.identifier:Filler-ID.type.coding|Specimen.identifier:Filler-ID.type.coding.code|Specimen.identifier:Filler-ID.type.coding.system|Specimen.identifier:Filler-ID.value|Specimen.identifier:Placer-ID|Specimen.identifier:Placer-ID.system|Specimen.identifier:Placer-ID.type|Specimen.identifier:Placer-ID.type.coding|Specimen.identifier:Placer-ID.type.coding.code|Specimen.identifier:Placer-ID.type.coding.system|Specimen.identifier:Placer-ID.value,Specimen.id|Specimen.meta.profile
de.medizininformatikinitiative.kerndatensatz.patho,patho,https://www.medizininformatik-initiative.de/fhir/ext/modul-patho/StructureDefinition/mii-pr-patho-specimen,MII_PR_Patho_Specimen,Specimen,2026.0.0,2026.0.1,identical,0,0,0,0,0,False,,
de.medizininformatikinitiative.kerndatensatz.patho,patho,https://www.medizininformatik-initiative.de/fhir/ext/modul-patho/StructureDefinition/mii-pr-patho-specimen,MII_PR_Patho_Specimen,Specimen,2026.0.1,2026.0.2,identical,0,0,0,0,0,False,,
de.medizininformatikinitiative.kerndatensatz.patho,patho,https://www.medizininformatik-initiative.de/fhir/ext/modul-patho/StructureDefinition/mii-pr-patho-specimen,MII_PR_Patho_Specimen,Specimen,2026.0.2,2027.0.0-ballot,mixed,3,2,0,0,0,True,Specimen.collection.bodySite.extension:bodyStructure|Specimen.collection.bodySite.extension:bodyStructure.extension|Specimen.collection.bodySite.extension:bodyStructure.value[x],Specimen.collection.bodySite.extension:lateralityQualifier|Specimen.collection.bodySite.extension:locationQualifier
de.medizininformatikinitiative.kerndatensatz.person,person,https://www.medizininformatik-initiative.de/fhir/core/StructureDefinition/Patient,PatientIn,Patient,0.0.2,0.9.0,mixed,11,3,2,2,0,True,Patient.identifier:pid.assigner|Patient.identifier:pid.type|Patient.identifier:pid.type.coding|Patient.identifier:pid.type.coding:MR-Type|Patient.identifier:pid.type.coding:MR-Type.code|Patient.identifier:pid.type.coding:MR-Type.system|Patient.identifier:versicherungsnummer_pkv.type|Patient.identifier:versicherungsnummer_pkv.type.coding|Patient.identifier:versicherungsnummer_pkv.type.coding:PKV-Type|Patient.identifier:versicherungsnummer_pkv.type.coding:PKV-Type.code|Patient.identifier:versicherungsnummer_pkv.type.coding:PKV-Type.system,Patient.identifier:@default|Patient.identifier:@default.system|Patient.identifier:@default.value
de.medizininformatikinitiative.kerndatensatz.person,person,https://www.medizininformatik-initiative.de/fhir/core/StructureDefinition/Patient,PatientIn,Patient,0.9.0,0.9.1,mixed,51,23,3,0,1,True,Patient.address:Postfach|Patient.address:Postfach.city|Patient.address:Postfach.country|Patient.address:Postfach.extension|Patient.address:Postfach.extension:Stadtteil|Patient.address:Postfach.line|Patient.address:Postfach.line.extension|Patient.address:Postfach.line.extension:Adresszusatz|Patient.address:Postfach.line.extension:Hausnummer|Patient.address:Postfach.line.extension:Postfach|Patient.address:Postfach.line.extension:Strasse|Patient.address:Postfach.postalCode|Patient.address:Postfach.type|Patient.address:Strassenanschrift|Patient.address:Strassenanschrift.city|Patient.address:Strassenanschrift.country|Patient.address:Strassenanschrift.extension|Patient.address:Strassenanschrift.extension:Stadtteil|Patient.address:Strassenanschrift.line|Patient.address:Strassenanschrift.line.extension|Patient.address:Strassenanschrift.line.extension:Adresszusatz|Patient.address:Strassenanschrift.line.extension:Hausnummer|Patient.address:Strassenanschrift.line.extension:Postfach|Patient.address:Strassenanschrift.line.extension:Strasse|Patient.address:Strassenanschrift.postalCode|Patient.address:Strassenanschrift.type|Patient.birthDate.extension|Patient.birthDate.extension:data-absent-reason|Patient.name:geburtsname|Patient.name:geburtsname.family|Patient.name:geburtsname.family.extension|Patient.name:geburtsname.family.extension:nachname|Patient.name:geburtsname.family.extension:namenszusatz|Patient.name:geburtsname.family.extension:vorsatzwort|Patient.name:geburtsname.given|Patient.name:geburtsname.prefix|Patient.name:geburtsname.prefix.extension|Patient.name:geburtsname.prefix.extension:prefix-qualifier|Patient.name:geburtsname.use|Patient.name:name|Patient.name:name.family|Patient.name:name.family.extension|Patient.name:name.family.extension:nachname|Patient.name:name.family.extension:namenszusatz|Patient.name:name.family.extension:namenszusatz.value[x]|Patient.name:name.family.extension:vorsatzwort|Patient.name:name.given|Patient.name:name.prefix|Patient.name:name.prefix.extension|Patient.name:name.prefix.extension:prefix-qualifier|Patient.name:name.use,Patient.address.city|Patient.address.country|Patient.address.extension:Stadtteil|Patient.address.extension:Stadtteil.value[x]|Patient.address.extension:Stadtteil.value[x]:valueString|Patient.address.line|Patient.address.line.extension:Adresszusatz|Patient.address.line.extension:Hausnummer|Patient.address.line.extension:Postfach|Patient.address.line.extension:Strasse|Patient.address.postalCode|Patient.identifier:pid.system|Patient.name.family|Patient.name.family.extension:nachname|Patient.name.family.extension:namenszusatz|Patient.name.family.extension:vorsatzwort|Patient.name.given|Patient.name.prefix|Patient.name.prefix.extension:prefix-qualifier|Patient.name.prefix.extension:prefix-qualifier.value[x]|Patient.name.prefix.extension:prefix-qualifier.value[x]:valueCode|Patient.name.suffix|Patient.name.use
de.medizininformatikinitiative.kerndatensatz.person,person,https://www.medizininformatik-initiative.de/fhir/core/StructureDefinition/Patient,PatientIn,Patient,0.9.1,0.9.2,mixed,0,9,23,0,0,True,,Patient.address:Postfach.extension|Patient.address:Postfach.line.extension|Patient.address:Strassenanschrift.extension|Patient.address:Strassenanschrift.line.extension|Patient.name:geburtsname.family.extension|Patient.name:geburtsname.prefix.extension|Patient.name:name.family.extension|Patient.name:name.family.extension:namenszusatz.value[x]|Patient.name:name.prefix.extension
de.medizininformatikinitiative.kerndatensatz.person,person,https://www.medizininformatik-initiative.de/fhir/core/StructureDefinition/Patient,PatientIn,Patient,0.9.2,1.0.0,elements-added,5,0,0,0,0,False,Patient.address:Postfach.city.extension|Patient.address:Postfach.city.extension:gemeindeschluessel|Patient.address:Strassenanschrift.city.extension|Patient.address:Strassenanschrift.city.extension:gemeindeschluessel|Patient.contact,
de.medizininformatikinitiative.kerndatensatz.person,person,https://www.medizininformatik-initiative.de/fhir/core/StructureDefinition/Patient,PatientIn,Patient,1.0.0,1.0.1,identical,0,0,0,0,0,False,,
de.medizininformatikinitiative.kerndatensatz.person,person,https://www.medizininformatik-initiative.de/fhir/core/StructureDefinition/Patient,PatientIn,Patient,1.0.1,1.0.2,identical,0,0,0,0,0,False,,
de.medizininformatikinitiative.kerndatensatz.person,person,https://www.medizininformatik-initiative.de/fhir/core/StructureDefinition/Patient,PatientIn,Patient,1.0.2,1.0.3,mixed,21,4,11,0,0,True,Patient.identifier:pid.assigner.identifier.system|Patient.identifier:pid.assigner.identifier.type.coding|Patient.identifier:pid.assigner.identifier.type.coding:XX-Type|Patient.identifier:pid.assigner.identifier.type.coding:XX-Type.code|Patient.identifier:pid.assigner.identifier.type.coding:XX-Type.system|Patient.identifier:pid.system|Patient.identifier:pid.value|Patient.identifier:versicherungsnummer_gkv.assigner.identifier.system|Patient.identifier:versicherungsnummer_gkv.assigner.identifier.type|Patient.identifier:versicherungsnummer_gkv.assigner.identifier.type.coding|Patient.identifier:versicherungsnummer_gkv.assigner.identifier.type.coding:XX-Type|Patient.identifier:versicherungsnummer_gkv.assigner.identifier.type.coding:XX-Type.code|Patient.identifier:versicherungsnummer_gkv.assigner.identifier.type.coding:XX-Type.system|Patient.identifier:versicherungsnummer_gkv.assigner.identifier.value|Patient.identifier:versicherungsnummer_gkv.system|Patient.identifier:versicherungsnummer_gkv.value|Patient.identifier:versicherungsnummer_pkv.assigner|Patient.identifier:versicherungsnummer_pkv.assigner.display|Patient.identifier:versicherungsnummer_pkv.assigner.identifier.system|Patient.identifier:versicherungsnummer_pkv.assigner.identifier.value|Patient.identifier:versicherungsnummer_pkv.value,Patient.identifier:pid.use|Patient.identifier:versicherungsnummer_gkv.assigner.identifier:iknr|Patient.identifier:versicherungsnummer_gkv.assigner.identifier:iknr.use|Patient.identifier:versicherungsnummer_gkv.use
de.medizininformatikinitiative.kerndatensatz.person,person,https://www.medizininformatik-initiative.de/fhir/core/StructureDefinition/ResearchSubject,ProbantIn,ResearchSubject,0.0.1,0.0.2,mixed,0,3,3,0,0,True,,ResearchSubject.consent.reference|ResearchSubject.individual.reference|ResearchSubject.study.reference
de.medizininformatikinitiative.kerndatensatz.person,person,https://www.medizininformatik-initiative.de/fhir/core/StructureDefinition/ResearchSubject,ProbantIn,ResearchSubject,0.0.2,0.9.0,identical,0,0,0,0,0,False,,
de.medizininformatikinitiative.kerndatensatz.person,person,https://www.medizininformatik-initiative.de/fhir/core/StructureDefinition/ResearchSubject,ProbantIn,ResearchSubject,0.9.0,0.9.1,canonical-only,0,0,0,0,0,False,,
de.medizininformatikinitiative.kerndatensatz.person,person,https://www.medizininformatik-initiative.de/fhir/core/StructureDefinition/ResearchSubject,ProbantIn,ResearchSubject,0.9.1,0.9.2,canonical-only,0,0,0,0,0,False,,
de.medizininformatikinitiative.kerndatensatz.person,person,https://www.medizininformatik-initiative.de/fhir/core/StructureDefinition/ResearchSubject,ProbantIn,ResearchSubject,0.9.2,1.0.0,identical,0,0,0,0,0,False,,
de.medizininformatikinitiative.kerndatensatz.person,person,https://www.medizininformatik-initiative.de/fhir/core/StructureDefinition/ResearchSubject,ProbantIn,ResearchSubject,1.0.0,1.0.1,identical,0,0,0,0,0,False,,
de.medizininformatikinitiative.kerndatensatz.person,person,https://www.medizininformatik-initiative.de/fhir/core/StructureDefinition/ResearchSubject,ProbantIn,ResearchSubject,1.0.1,1.0.2,identical,0,0,0,0,0,False,,
de.medizininformatikinitiative.kerndatensatz.person,person,https://www.medizininformatik-initiative.de/fhir/core/StructureDefinition/ResearchSubject,ProbantIn,ResearchSubject,1.0.2,1.0.3,identical,0,0,0,0,0,False,,
de.medizininformatikinitiative.kerndatensatz.person,person,https://www.medizininformatik-initiative.de/fhir/core/StructureDefinition/Vitalstatus,Observation - Vitalstatus,Observation,0.0.2,0.9.0,mixed,3,3,2,1,0,True,Observation.value[x].coding:Vitalstatus|Observation.value[x].coding:Vitalstatus.code|Observation.value[x].coding:Vitalstatus.system,Observation.value[x].coding:GrundVitalStatusUnbekannt|Observation.value[x].coding:GrundVitalStatusUnbekannt.code|Observation.value[x].coding:GrundVitalStatusUnbekannt.system
de.medizininformatikinitiative.kerndatensatz.person,person,https://www.medizininformatik-initiative.de/fhir/core/StructureDefinition/Vitalstatus,Observation - Vitalstatus,Observation,0.9.0,0.9.1,canonical-only,0,0,0,0,0,False,,
de.medizininformatikinitiative.kerndatensatz.person,person,https://www.medizininformatik-initiative.de/fhir/core/StructureDefinition/Vitalstatus,Observation - Vitalstatus,Observation,0.9.1,0.9.2,canonical-only,0,0,0,0,0,False,,
de.medizininformatikinitiative.kerndatensatz.person,person,https://www.medizininformatik-initiative.de/fhir/core/StructureDefinition/Vitalstatus,Observation - Vitalstatus,Observation,0.9.2,1.0.0,identical,0,0,0,0,0,False,,
de.medizininformatikinitiative.kerndatensatz.person,person,https://www.medizininformatik-initiative.de/fhir/core/StructureDefinition/Vitalstatus,Observation - Vitalstatus,Observation,1.0.0,1.0.1,identical,0,0,0,0,0,False,,
de.medizininformatikinitiative.kerndatensatz.person,person,https://www.medizininformatik-initiative.de/fhir/core/StructureDefinition/Vitalstatus,Observation - Vitalstatus,Observation,1.0.1,1.0.2,identical,0,0,0,0,0,False,,
de.medizininformatikinitiative.kerndatensatz.person,person,https://www.medizininformatik-initiative.de/fhir/core/StructureDefinition/Vitalstatus,Observation - Vitalstatus,Observation,1.0.2,1.0.3,canonical-only,0,0,0,0,0,False,,
de.medizininformatikinitiative.kerndatensatz.person,person,https://www.medizininformatik-initiative.de/fhir/core/modul-person/StructureDefinition/Patient,PatientIn,Patient,1.0.4,1.0.5,identical,0,0,0,0,0,False,,
de.medizininformatikinitiative.kerndatensatz.person,person,https://www.medizininformatik-initiative.de/fhir/core/modul-person/StructureDefinition/Patient,PatientIn,Patient,1.0.5,1.0.6,identical,0,0,0,0,0,False,,
de.medizininformatikinitiative.kerndatensatz.person,person,https://www.medizininformatik-initiative.de/fhir/core/modul-person/StructureDefinition/Patient,PatientIn,Patient,1.0.6,1.0.7,identical,0,0,0,0,0,False,,
de.medizininformatikinitiative.kerndatensatz.person,person,https://www.medizininformatik-initiative.de/fhir/core/modul-person/StructureDefinition/Patient,PatientIn,Patient,1.0.7,1.0.8,mixed,17,18,0,0,0,True,Patient.identifier:versichertenId_GKV|Patient.identifier:versichertenId_GKV.assigner|Patient.identifier:versichertenId_GKV.assigner.identifier|Patient.identifier:versichertenId_GKV.assigner.identifier.system|Patient.identifier:versichertenId_GKV.assigner.identifier.type|Patient.identifier:versichertenId_GKV.assigner.identifier.type.coding|Patient.identifier:versichertenId_GKV.assigner.identifier.type.coding:XX-Type|Patient.identifier:versichertenId_GKV.assigner.identifier.type.coding:XX-Type.code|Patient.identifier:versichertenId_GKV.assigner.identifier.type.coding:XX-Type.system|Patient.identifier:versichertenId_GKV.assigner.identifier.value|Patient.identifier:versichertenId_GKV.system|Patient.identifier:versichertenId_GKV.type|Patient.identifier:versichertenId_GKV.type.coding|Patient.identifier:versichertenId_GKV.type.coding:GKV-Type|Patient.identifier:versichertenId_GKV.type.coding:GKV-Type.code|Patient.identifier:versichertenId_GKV.type.coding:GKV-Type.system|Patient.identifier:versichertenId_GKV.value,Patient.contact|Patient.identifier:versicherungsnummer_gkv|Patient.identifier:versicherungsnummer_gkv.assigner|Patient.identifier:versicherungsnummer_gkv.assigner.identifier|Patient.identifier:versicherungsnummer_gkv.assigner.identifier.system|Patient.identifier:versicherungsnummer_gkv.assigner.identifier.type|Patient.identifier:versicherungsnummer_gkv.assigner.identifier.type.coding|Patient.identifier:versicherungsnummer_gkv.assigner.identifier.type.coding:XX-Type|Patient.identifier:versicherungsnummer_gkv.assigner.identifier.type.coding:XX-Type.code|Patient.identifier:versicherungsnummer_gkv.assigner.identifier.type.coding:XX-Type.system|Patient.identifier:versicherungsnummer_gkv.assigner.identifier.value|Patient.identifier:versicherungsnummer_gkv.system|Patient.identifier:versicherungsnummer_gkv.type|Patient.identifier:versicherungsnummer_gkv.type.coding|Patient.identifier:versicherungsnummer_gkv.type.coding:GKV-Type|Patient.identifier:versicherungsnummer_gkv.type.coding:GKV-Type.code|Patient.identifier:versicherungsnummer_gkv.type.coding:GKV-Type.system|Patient.identifier:versicherungsnummer_gkv.value
de.medizininformatikinitiative.kerndatensatz.person,person,https://www.medizininformatik-initiative.de/fhir/core/modul-person/StructureDefinition/Patient,PatientIn,Patient,1.0.8,1.0.9,modified,0,0,2,0,2,True,,
de.medizininformatikinitiative.kerndatensatz.person,person,https://www.medizininformatik-initiative.de/fhir/core/modul-person/StructureDefinition/Patient,PatientIn,Patient,1.0.9,1.0.10,modified,0,0,1,0,0,True,,
de.medizininformatikinitiative.kerndatensatz.person,person,https://www.medizininformatik-initiative.de/fhir/core/modul-person/StructureDefinition/Patient,PatientIn,Patient,1.0.10,1.0.11,identical,0,0,0,0,0,False,,
de.medizininformatikinitiative.kerndatensatz.person,person,https://www.medizininformatik-initiative.de/fhir/core/modul-person/StructureDefinition/Patient,PatientIn,Patient,1.0.11,1.0.12,mixed,9,0,6,0,0,False,Patient.address:Postfach.extension|Patient.address:Postfach.line.extension|Patient.address:Strassenanschrift.extension|Patient.address:Strassenanschrift.line.extension|Patient.identifier:versicherungsnummer_pkv.assigner.identifier.type.coding|Patient.name:geburtsname.family.extension|Patient.name:geburtsname.prefix.extension|Patient.name:name.family.extension|Patient.name:name.prefix.extension,
de.medizininformatikinitiative.kerndatensatz.person,person,https://www.medizininformatik-initiative.de/fhir/core/modul-person/StructureDefinition/Patient,PatientIn,Patient,1.0.12,1.0.13,modified,0,0,2,0,0,False,,
de.medizininformatikinitiative.kerndatensatz.person,person,https://www.medizininformatik-initiative.de/fhir/core/modul-person/StructureDefinition/Patient,PatientIn,Patient,1.0.13,1.0.14,mixed,10,29,1,0,0,True,Patient.identifier:pid.assigner.identifier.type|Patient.identifier:versichertennummer_pkv|Patient.identifier:versichertennummer_pkv.assigner|Patient.identifier:versichertennummer_pkv.assigner.display|Patient.identifier:versichertennummer_pkv.assigner.identifier.system|Patient.identifier:versichertennummer_pkv.assigner.identifier.type|Patient.identifier:versichertennummer_pkv.assigner.identifier.value|Patient.identifier:versichertennummer_pkv.type|Patient.identifier:versichertennummer_pkv.use|Patient.identifier:versichertennummer_pkv.value,Patient.identifier:pid.assigner.identifier.type.coding|Patient.identifier:pid.assigner.identifier.type.coding:XX-Type|Patient.identifier:pid.assigner.identifier.type.coding:XX-Type.code|Patient.identifier:pid.assigner.identifier.type.coding:XX-Type.system|Patient.identifier:pid.type.coding|Patient.identifier:pid.type.coding:MR-Type|Patient.identifier:pid.type.coding:MR-Type.code|Patient.identifier:pid.type.coding:MR-Type.system|Patient.identifier:versichertenId_GKV.assigner.identifier.type.coding|Patient.identifier:versichertenId_GKV.assigner.identifier.type.coding:XX-Type|Patient.identifier:versichertenId_GKV.assigner.identifier.type.coding:XX-Type.code|Patient.identifier:versichertenId_GKV.assigner.identifier.type.coding:XX-Type.system|Patient.identifier:versichertenId_GKV.type.coding|Patient.identifier:versichertenId_GKV.type.coding:GKV-Type|Patient.identifier:versichertenId_GKV.type.coding:GKV-Type.code|Patient.identifier:versichertenId_GKV.type.coding:GKV-Type.system|Patient.identifier:versicherungsnummer_pkv|Patient.identifier:versicherungsnummer_pkv.assigner|Patient.identifier:versicherungsnummer_pkv.assigner.display|Patient.identifier:versicherungsnummer_pkv.assigner.identifier.system|Patient.identifier:versicherungsnummer_pkv.assigner.identifier.type.coding|Patient.identifier:versicherungsnummer_pkv.assigner.identifier.value|Patient.identifier:versicherungsnummer_pkv.type|Patient.identifier:versicherungsnummer_pkv.type.coding|Patient.identifier:versicherungsnummer_pkv.type.coding:PKV-Type|Patient.identifier:versicherungsnummer_pkv.type.coding:PKV-Type.code|Patient.identifier:versicherungsnummer_pkv.type.coding:PKV-Type.system|Patient.identifier:versicherungsnummer_pkv.use|Patient.identifier:versicherungsnummer_pkv.value
de.medizininformatikinitiative.kerndatensatz.person,person,https://www.medizininformatik-initiative.de/fhir/core/modul-person/StructureDefinition/Patient,PatientIn,Patient,1.0.14,1.0.15,identical,0,0,0,0,0,False,,
de.medizininformatikinitiative.kerndatensatz.person,person,https://www.medizininformatik-initiative.de/fhir/core/modul-person/StructureDefinition/Patient,PatientIn,Patient,1.0.15,1.0.16,identical,0,0,0,0,0,False,,
de.medizininformatikinitiative.kerndatensatz.person,person,https://www.medizininformatik-initiative.de/fhir/core/modul-person/StructureDefinition/Patient,PatientIn,Patient,1.0.16,1.0.17,identical,0,0,0,0,0,False,,
de.medizininformatikinitiative.kerndatensatz.person,person,https://www.medizininformatik-initiative.de/fhir/core/modul-person/StructureDefinition/Patient,PatientIn,Patient,1.0.17,2024.0.0,mixed,0,13,25,1,0,True,,Patient.address:Postfach.city.extension|Patient.address:Postfach.extension|Patient.address:Postfach.line.extension|Patient.address:Strassenanschrift.city.extension|Patient.address:Strassenanschrift.extension|Patient.address:Strassenanschrift.line.extension|Patient.birthDate.extension|Patient.gender.extension|Patient.meta.source|Patient.name:geburtsname.family.extension|Patient.name:geburtsname.prefix.extension|Patient.name:name.family.extension|Patient.name:name.prefix.extension
de.medizininformatikinitiative.kerndatensatz.person,person,https://www.medizininformatik-initiative.de/fhir/core/modul-person/StructureDefinition/Patient,PatientIn,Patient,2024.0.0,2025.0.0,mixed,9,18,0,0,0,True,Patient.identifier:versichertenId|Patient.identifier:versichertenId.assigner|Patient.identifier:versichertenId.assigner.identifier|Patient.identifier:versichertenId.assigner.identifier.system|Patient.identifier:versichertenId.assigner.identifier.type|Patient.identifier:versichertenId.assigner.identifier.value|Patient.identifier:versichertenId.system|Patient.identifier:versichertenId.type|Patient.identifier:versichertenId.value,Patient.identifier:versichertenId_GKV|Patient.identifier:versichertenId_GKV.assigner|Patient.identifier:versichertenId_GKV.assigner.identifier|Patient.identifier:versichertenId_GKV.assigner.identifier.system|Patient.identifier:versichertenId_GKV.assigner.identifier.type|Patient.identifier:versichertenId_GKV.assigner.identifier.value|Patient.identifier:versichertenId_GKV.system|Patient.identifier:versichertenId_GKV.type|Patient.identifier:versichertenId_GKV.value|Patient.identifier:versichertennummer_pkv|Patient.identifier:versichertennummer_pkv.assigner|Patient.identifier:versichertennummer_pkv.assigner.display|Patient.identifier:versichertennummer_pkv.assigner.identifier.system|Patient.identifier:versichertennummer_pkv.assigner.identifier.type|Patient.identifier:versichertennummer_pkv.assigner.identifier.value|Patient.identifier:versichertennummer_pkv.type|Patient.identifier:versichertennummer_pkv.use|Patient.identifier:versichertennummer_pkv.value
de.medizininformatikinitiative.kerndatensatz.person,person,https://www.medizininformatik-initiative.de/fhir/core/modul-person/StructureDefinition/Patient,PatientIn,Patient,2025.0.0,2025.0.1,identical,0,0,0,0,0,False,,
de.medizininformatikinitiative.kerndatensatz.person,person,https://www.medizininformatik-initiative.de/fhir/core/modul-person/StructureDefinition/PatientPseudonymisiert,MII_PR_Person_PatientPseudonymisiert,Patient,2024.0.0,2025.0.0,elements-added,1,0,0,0,0,False,Patient.active,
de.medizininformatikinitiative.kerndatensatz.person,person,https://www.medizininformatik-initiative.de/fhir/core/modul-person/StructureDefinition/PatientPseudonymisiert,MII_PR_Person_PatientPseudonymisiert,Patient,2025.0.0,2025.0.1,mixed,11,10,0,0,0,True,Patient.identifier:MaskierterVersichertenIdentifer|Patient.identifier:MaskierterVersichertenIdentifer.assigner|Patient.identifier:MaskierterVersichertenIdentifer.assigner.identifier|Patient.identifier:MaskierterVersichertenIdentifer.assigner.identifier.system|Patient.identifier:MaskierterVersichertenIdentifer.assigner.identifier.type|Patient.identifier:MaskierterVersichertenIdentifer.assigner.identifier.value|Patient.identifier:MaskierterVersichertenIdentifer.system|Patient.identifier:MaskierterVersichertenIdentifer.type|Patient.identifier:MaskierterVersichertenIdentifer.value|Patient.identifier:MaskierterVersichertenIdentifer.value.extension:data-absent-reason|Patient.identifier:MaskierterVersichertenIdentifer.value.extension:data-absent-reason.value[x],Patient.address:Postfach|Patient.address:Postfach.city.extension:gemeindeschluessel|Patient.address:Postfach.country|Patient.address:Postfach.postalCode|Patient.address:Postfach.type|Patient.deceased[x]|Patient.deceased[x]:deceasedDateTime|Patient.link|Patient.link.other|Patient.link.type
de.medizininformatikinitiative.kerndatensatz.person,person,https://www.medizininformatik-initiative.de/fhir/core/modul-person/StructureDefinition/ResearchSubject,ProbantIn,ResearchSubject,1.0.4,1.0.5,identical,0,0,0,0,0,False,,
de.medizininformatikinitiative.kerndatensatz.person,person,https://www.medizininformatik-initiative.de/fhir/core/modul-person/StructureDefinition/ResearchSubject,ProbantIn,ResearchSubject,1.0.5,1.0.6,identical,0,0,0,0,0,False,,
de.medizininformatikinitiative.kerndatensatz.person,person,https://www.medizininformatik-initiative.de/fhir/core/modul-person/StructureDefinition/ResearchSubject,ProbantIn,ResearchSubject,1.0.6,1.0.7,identical,0,0,0,0,0,False,,
de.medizininformatikinitiative.kerndatensatz.person,person,https://www.medizininformatik-initiative.de/fhir/core/modul-person/StructureDefinition/ResearchSubject,ProbantIn,ResearchSubject,1.0.7,1.0.8,identical,0,0,0,0,0,False,,
de.medizininformatikinitiative.kerndatensatz.person,person,https://www.medizininformatik-initiative.de/fhir/core/modul-person/StructureDefinition/ResearchSubject,ProbantIn,ResearchSubject,1.0.8,1.0.9,identical,0,0,0,0,0,False,,
de.medizininformatikinitiative.kerndatensatz.person,person,https://www.medizininformatik-initiative.de/fhir/core/modul-person/StructureDefinition/ResearchSubject,ProbantIn,ResearchSubject,1.0.9,1.0.10,identical,0,0,0,0,0,False,,
de.medizininformatikinitiative.kerndatensatz.person,person,https://www.medizininformatik-initiative.de/fhir/core/modul-person/StructureDefinition/ResearchSubject,ProbantIn,ResearchSubject,1.0.10,1.0.11,identical,0,0,0,0,0,False,,
de.medizininformatikinitiative.kerndatensatz.person,person,https://www.medizininformatik-initiative.de/fhir/core/modul-person/StructureDefinition/ResearchSubject,ProbantIn,ResearchSubject,1.0.11,1.0.12,modified,0,0,1,0,0,False,,
de.medizininformatikinitiative.kerndatensatz.person,person,https://www.medizininformatik-initiative.de/fhir/core/modul-person/StructureDefinition/ResearchSubject,ProbantIn,ResearchSubject,1.0.12,1.0.13,mixed,1,0,1,0,0,True,ResearchSubject.identifier:subjectIdentificationCode.type,
de.medizininformatikinitiative.kerndatensatz.person,person,https://www.medizininformatik-initiative.de/fhir/core/modul-person/StructureDefinition/ResearchSubject,ProbantIn,ResearchSubject,1.0.13,1.0.14,identical,0,0,0,0,0,False,,
de.medizininformatikinitiative.kerndatensatz.person,person,https://www.medizininformatik-initiative.de/fhir/core/modul-person/StructureDefinition/ResearchSubject,ProbantIn,ResearchSubject,1.0.14,1.0.15,identical,0,0,0,0,0,False,,
de.medizininformatikinitiative.kerndatensatz.person,person,https://www.medizininformatik-initiative.de/fhir/core/modul-person/StructureDefinition/ResearchSubject,ProbantIn,ResearchSubject,1.0.15,1.0.16,identical,0,0,0,0,0,False,,
de.medizininformatikinitiative.kerndatensatz.person,person,https://www.medizininformatik-initiative.de/fhir/core/modul-person/StructureDefinition/ResearchSubject,ProbantIn,ResearchSubject,1.0.16,1.0.17,identical,0,0,0,0,0,False,,
de.medizininformatikinitiative.kerndatensatz.person,person,https://www.medizininformatik-initiative.de/fhir/core/modul-person/StructureDefinition/ResearchSubject,ProbantIn,ResearchSubject,1.0.17,2024.0.0,mixed,0,1,3,0,0,True,,ResearchSubject.meta.source
de.medizininformatikinitiative.kerndatensatz.person,person,https://www.medizininformatik-initiative.de/fhir/core/modul-person/StructureDefinition/Todesursache,MII_PR_Person_Todesursache,Condition,2024.0.0,2025.0.0,modified,0,0,1,0,0,True,,
de.medizininformatikinitiative.kerndatensatz.person,person,https://www.medizininformatik-initiative.de/fhir/core/modul-person/StructureDefinition/Todesursache,MII_PR_Person_Todesursache,Condition,2025.0.0,2025.0.1,identical,0,0,0,0,0,False,,
de.medizininformatikinitiative.kerndatensatz.person,person,https://www.medizininformatik-initiative.de/fhir/core/modul-person/StructureDefinition/Vitalstatus,Observation - Vitalstatus,Observation,1.0.4,1.0.5,identical,0,0,0,0,0,False,,
de.medizininformatikinitiative.kerndatensatz.person,person,https://www.medizininformatik-initiative.de/fhir/core/modul-person/StructureDefinition/Vitalstatus,Observation - Vitalstatus,Observation,1.0.5,1.0.6,canonical-only,0,0,0,0,0,False,,
de.medizininformatikinitiative.kerndatensatz.person,person,https://www.medizininformatik-initiative.de/fhir/core/modul-person/StructureDefinition/Vitalstatus,Observation - Vitalstatus,Observation,1.0.6,1.0.7,canonical-only,0,0,0,0,0,False,,
de.medizininformatikinitiative.kerndatensatz.person,person,https://www.medizininformatik-initiative.de/fhir/core/modul-person/StructureDefinition/Vitalstatus,Observation - Vitalstatus,Observation,1.0.7,1.0.8,identical,0,0,0,0,0,False,,
de.medizininformatikinitiative.kerndatensatz.person,person,https://www.medizininformatik-initiative.de/fhir/core/modul-person/StructureDefinition/Vitalstatus,Observation - Vitalstatus,Observation,1.0.8,1.0.9,identical,0,0,0,0,0,False,,
de.medizininformatikinitiative.kerndatensatz.person,person,https://www.medizininformatik-initiative.de/fhir/core/modul-person/StructureDefinition/Vitalstatus,Observation - Vitalstatus,Observation,1.0.9,1.0.10,identical,0,0,0,0,0,False,,
de.medizininformatikinitiative.kerndatensatz.person,person,https://www.medizininformatik-initiative.de/fhir/core/modul-person/StructureDefinition/Vitalstatus,Observation - Vitalstatus,Observation,1.0.10,1.0.11,identical,0,0,0,0,0,False,,
de.medizininformatikinitiative.kerndatensatz.person,person,https://www.medizininformatik-initiative.de/fhir/core/modul-person/StructureDefinition/Vitalstatus,Observation - Vitalstatus,Observation,1.0.11,1.0.12,canonical-only,0,0,0,0,0,False,,
de.medizininformatikinitiative.kerndatensatz.person,person,https://www.medizininformatik-initiative.de/fhir/core/modul-person/StructureDefinition/Vitalstatus,Observation - Vitalstatus,Observation,1.0.12,1.0.13,mixed,1,4,1,0,0,True,Observation.category:survey,Observation.category.coding|Observation.category.coding:survey|Observation.category.coding:survey.code|Observation.category.coding:survey.system
de.medizininformatikinitiative.kerndatensatz.person,person,https://www.medizininformatik-initiative.de/fhir/core/modul-person/StructureDefinition/Vitalstatus,Observation - Vitalstatus,Observation,1.0.13,1.0.14,canonical-only,0,0,0,0,0,False,,
de.medizininformatikinitiative.kerndatensatz.person,person,https://www.medizininformatik-initiative.de/fhir/core/modul-person/StructureDefinition/Vitalstatus,Observation - Vitalstatus,Observation,1.0.14,1.0.15,identical,0,0,0,0,0,False,,
de.medizininformatikinitiative.kerndatensatz.person,person,https://www.medizininformatik-initiative.de/fhir/core/modul-person/StructureDefinition/Vitalstatus,Observation - Vitalstatus,Observation,1.0.15,1.0.16,identical,0,0,0,0,0,False,,
de.medizininformatikinitiative.kerndatensatz.person,person,https://www.medizininformatik-initiative.de/fhir/core/modul-person/StructureDefinition/Vitalstatus,Observation - Vitalstatus,Observation,1.0.16,1.0.17,identical,0,0,0,0,0,False,,
de.medizininformatikinitiative.kerndatensatz.person,person,https://www.medizininformatik-initiative.de/fhir/core/modul-person/StructureDefinition/Vitalstatus,Observation - Vitalstatus,Observation,1.0.17,2024.0.0,mixed,2,1,0,0,0,True,Observation.encounter|Observation.note,Observation.meta.source
de.medizininformatikinitiative.kerndatensatz.person,person,https://www.medizininformatik-initiative.de/fhir/core/modul-person/StructureDefinition/Vitalstatus,Observation - Vitalstatus,Observation,2024.0.0,2025.0.0,canonical-only,0,0,0,0,0,False,,
de.medizininformatikinitiative.kerndatensatz.person,person,https://www.medizininformatik-initiative.de/fhir/core/modul-person/StructureDefinition/Vitalstatus,Observation - Vitalstatus,Observation,2025.0.0,2025.0.1,identical,0,0,0,0,0,False,,
de.medizininformatikinitiative.kerndatensatz.pros,pros,https://www.medizininformatik-initiative.de/fhir/ext/modul-pro/StructureDefinition/mii-pr-pro-depression-t-score,MII_PR_PRO_Depression_T_Score,Observation,2026.0.1,2026.2.0,elements-added,1,0,0,0,0,False,Observation,
de.medizininformatikinitiative.kerndatensatz.pros,pros,https://www.medizininformatik-initiative.de/fhir/ext/modul-pro/StructureDefinition/mii-pr-pro-depression-t-score,MII_PR_PRO_Depression_T_Score,Observation,2026.2.0,2026.3.0,elements-removed,0,2,0,0,0,True,,Observation|Observation.extension
de.medizininformatikinitiative.kerndatensatz.pros,pros,https://www.medizininformatik-initiative.de/fhir/ext/modul-pro/StructureDefinition/mii-pr-pro-depression-t-score,MII_PR_PRO_Depression_T_Score,Observation,2026.3.0,2026.4.1,identical,0,0,0,0,0,False,,
de.medizininformatikinitiative.kerndatensatz.pros,pros,https://www.medizininformatik-initiative.de/fhir/ext/modul-pro/StructureDefinition/mii-pr-pro-depression-t-score,MII_PR_PRO_Depression_T_Score,Observation,2026.4.1,2026.5.1,elements-added,2,0,0,0,0,False,Observation|Observation.extension,
de.medizininformatikinitiative.kerndatensatz.pros,pros,https://www.medizininformatik-initiative.de/fhir/ext/modul-pro/StructureDefinition/mii-pr-pro-depression-t-score,MII_PR_PRO_Depression_T_Score,Observation,2026.5.1,2026.5.2,elements-removed,0,1,0,0,0,True,,Observation
de.medizininformatikinitiative.kerndatensatz.pros,pros,https://www.medizininformatik-initiative.de/fhir/ext/modul-pro/StructureDefinition/mii-pr-pro-depression-t-score,MII_PR_PRO_Depression_T_Score,Observation,2026.5.2,2026.6.0,identical,0,0,0,0,0,False,,
de.medizininformatikinitiative.kerndatensatz.pros,pros,https://www.medizininformatik-initiative.de/fhir/ext/modul-pro/StructureDefinition/mii-pr-pro-depression-t-score,MII_PR_PRO_Depression_T_Score,Observation,2026.6.0,2026.7.0,identical,0,0,0,0,0,False,,
de.medizininformatikinitiative.kerndatensatz.pros,pros,https://www.medizininformatik-initiative.de/fhir/ext/modul-pro/StructureDefinition/mii-pr-pro-depression-t-score,MII_PR_PRO_Depression_T_Score,Observation,2026.7.0,2027.0.0-ballot.1,identical,0,0,0,0,0,False,,
de.medizininformatikinitiative.kerndatensatz.pros,pros,https://www.medizininformatik-initiative.de/fhir/ext/modul-pro/StructureDefinition/mii-pr-pro-observation-bdi-ii,MII_PR_PRO_Observation_BDI_II,Observation,2026.0.1,2026.2.0,elements-added,1,0,0,0,0,False,Observation,
de.medizininformatikinitiative.kerndatensatz.pros,pros,https://www.medizininformatik-initiative.de/fhir/ext/modul-pro/StructureDefinition/mii-pr-pro-observation-bdi-ii,MII_PR_PRO_Observation_BDI_II,Observation,2026.2.0,2026.3.0,elements-removed,0,1,0,0,0,True,,Observation
de.medizininformatikinitiative.kerndatensatz.pros,pros,https://www.medizininformatik-initiative.de/fhir/ext/modul-pro/StructureDefinition/mii-pr-pro-observation-bdi-ii,MII_PR_PRO_Observation_BDI_II,Observation,2026.3.0,2026.4.1,identical,0,0,0,0,0,False,,
de.medizininformatikinitiative.kerndatensatz.pros,pros,https://www.medizininformatik-initiative.de/fhir/ext/modul-pro/StructureDefinition/mii-pr-pro-observation-bdi-ii,MII_PR_PRO_Observation_BDI_II,Observation,2026.4.1,2026.5.1,elements-added,1,0,0,0,0,False,Observation,
de.medizininformatikinitiative.kerndatensatz.pros,pros,https://www.medizininformatik-initiative.de/fhir/ext/modul-pro/StructureDefinition/mii-pr-pro-observation-bdi-ii,MII_PR_PRO_Observation_BDI_II,Observation,2026.5.1,2026.5.2,elements-removed,0,1,0,0,0,True,,Observation
de.medizininformatikinitiative.kerndatensatz.pros,pros,https://www.medizininformatik-initiative.de/fhir/ext/modul-pro/StructureDefinition/mii-pr-pro-observation-bdi-ii,MII_PR_PRO_Observation_BDI_II,Observation,2026.5.2,2026.6.0,identical,0,0,0,0,0,False,,
de.medizininformatikinitiative.kerndatensatz.pros,pros,https://www.medizininformatik-initiative.de/fhir/ext/modul-pro/StructureDefinition/mii-pr-pro-observation-bdi-ii,MII_PR_PRO_Observation_BDI_II,Observation,2026.6.0,2026.7.0,identical,0,0,0,0,0,False,,
de.medizininformatikinitiative.kerndatensatz.pros,pros,https://www.medizininformatik-initiative.de/fhir/ext/modul-pro/StructureDefinition/mii-pr-pro-observation-bdi-ii,MII_PR_PRO_Observation_BDI_II,Observation,2026.7.0,2027.0.0-ballot.1,identical,0,0,0,0,0,False,,
de.medizininformatikinitiative.kerndatensatz.pros,pros,https://www.medizininformatik-initiative.de/fhir/ext/modul-pro/StructureDefinition/mii-pr-pro-observation-eq5d5l-index,MII_PR_PRO_Observation_EQ5D5L_Index,Observation,2026.0.1,2026.2.0,elements-added,1,0,0,0,0,False,Observation,
de.medizininformatikinitiative.kerndatensatz.pros,pros,https://www.medizininformatik-initiative.de/fhir/ext/modul-pro/StructureDefinition/mii-pr-pro-observation-eq5d5l-index,MII_PR_PRO_Observation_EQ5D5L_Index,Observation,2026.2.0,2026.3.0,elements-removed,0,1,0,0,0,True,,Observation
de.medizininformatikinitiative.kerndatensatz.pros,pros,https://www.medizininformatik-initiative.de/fhir/ext/modul-pro/StructureDefinition/mii-pr-pro-observation-eq5d5l-index,MII_PR_PRO_Observation_EQ5D5L_Index,Observation,2026.3.0,2026.4.1,identical,0,0,0,0,0,False,,
de.medizininformatikinitiative.kerndatensatz.pros,pros,https://www.medizininformatik-initiative.de/fhir/ext/modul-pro/StructureDefinition/mii-pr-pro-observation-eq5d5l-index,MII_PR_PRO_Observation_EQ5D5L_Index,Observation,2026.4.1,2026.5.1,elements-added,1,0,0,0,0,False,Observation,
de.medizininformatikinitiative.kerndatensatz.pros,pros,https://www.medizininformatik-initiative.de/fhir/ext/modul-pro/StructureDefinition/mii-pr-pro-observation-eq5d5l-index,MII_PR_PRO_Observation_EQ5D5L_Index,Observation,2026.5.1,2026.5.2,elements-removed,0,1,0,0,0,True,,Observation
de.medizininformatikinitiative.kerndatensatz.pros,pros,https://www.medizininformatik-initiative.de/fhir/ext/modul-pro/StructureDefinition/mii-pr-pro-observation-eq5d5l-index,MII_PR_PRO_Observation_EQ5D5L_Index,Observation,2026.5.2,2026.6.0,identical,0,0,0,0,0,False,,
de.medizininformatikinitiative.kerndatensatz.pros,pros,https://www.medizininformatik-initiative.de/fhir/ext/modul-pro/StructureDefinition/mii-pr-pro-observation-eq5d5l-index,MII_PR_PRO_Observation_EQ5D5L_Index,Observation,2026.6.0,2026.7.0,identical,0,0,0,0,0,False,,
de.medizininformatikinitiative.kerndatensatz.pros,pros,https://www.medizininformatik-initiative.de/fhir/ext/modul-pro/StructureDefinition/mii-pr-pro-observation-eq5d5l-index,MII_PR_PRO_Observation_EQ5D5L_Index,Observation,2026.7.0,2027.0.0-ballot.1,identical,0,0,0,0,0,False,,
de.medizininformatikinitiative.kerndatensatz.pros,pros,https://www.medizininformatik-initiative.de/fhir/ext/modul-pro/StructureDefinition/mii-pr-pro-observation-eq5d5l-profile,MII_PR_PRO_Observation_EQ5D5L_Profile,Observation,2026.0.1,2026.2.0,elements-added,1,0,0,0,0,False,Observation,
de.medizininformatikinitiative.kerndatensatz.pros,pros,https://www.medizininformatik-initiative.de/fhir/ext/modul-pro/StructureDefinition/mii-pr-pro-observation-eq5d5l-profile,MII_PR_PRO_Observation_EQ5D5L_Profile,Observation,2026.2.0,2026.3.0,elements-removed,0,1,0,0,0,True,,Observation
de.medizininformatikinitiative.kerndatensatz.pros,pros,https://www.medizininformatik-initiative.de/fhir/ext/modul-pro/StructureDefinition/mii-pr-pro-observation-eq5d5l-profile,MII_PR_PRO_Observation_EQ5D5L_Profile,Observation,2026.3.0,2026.4.1,identical,0,0,0,0,0,False,,
de.medizininformatikinitiative.kerndatensatz.pros,pros,https://www.medizininformatik-initiative.de/fhir/ext/modul-pro/StructureDefinition/mii-pr-pro-observation-eq5d5l-profile,MII_PR_PRO_Observation_EQ5D5L_Profile,Observation,2026.4.1,2026.5.1,elements-added,1,0,0,0,0,False,Observation,
de.medizininformatikinitiative.kerndatensatz.pros,pros,https://www.medizininformatik-initiative.de/fhir/ext/modul-pro/StructureDefinition/mii-pr-pro-observation-eq5d5l-profile,MII_PR_PRO_Observation_EQ5D5L_Profile,Observation,2026.5.1,2026.5.2,elements-removed,0,1,0,0,0,True,,Observation
de.medizininformatikinitiative.kerndatensatz.pros,pros,https://www.medizininformatik-initiative.de/fhir/ext/modul-pro/StructureDefinition/mii-pr-pro-observation-eq5d5l-profile,MII_PR_PRO_Observation_EQ5D5L_Profile,Observation,2026.5.2,2026.6.0,identical,0,0,0,0,0,False,,
de.medizininformatikinitiative.kerndatensatz.pros,pros,https://www.medizininformatik-initiative.de/fhir/ext/modul-pro/StructureDefinition/mii-pr-pro-observation-eq5d5l-profile,MII_PR_PRO_Observation_EQ5D5L_Profile,Observation,2026.6.0,2026.7.0,identical,0,0,0,0,0,False,,
de.medizininformatikinitiative.kerndatensatz.pros,pros,https://www.medizininformatik-initiative.de/fhir/ext/modul-pro/StructureDefinition/mii-pr-pro-observation-eq5d5l-profile,MII_PR_PRO_Observation_EQ5D5L_Profile,Observation,2026.7.0,2027.0.0-ballot.1,identical,0,0,0,0,0,False,,
de.medizininformatikinitiative.kerndatensatz.pros,pros,https://www.medizininformatik-initiative.de/fhir/ext/modul-pro/StructureDefinition/mii-pr-pro-observation-eq5d5l-vas,MII_PR_PRO_Observation_EQ5D5L_VAS,Observation,2026.0.1,2026.2.0,elements-added,1,0,0,0,0,False,Observation,
de.medizininformatikinitiative.kerndatensatz.pros,pros,https://www.medizininformatik-initiative.de/fhir/ext/modul-pro/StructureDefinition/mii-pr-pro-observation-eq5d5l-vas,MII_PR_PRO_Observation_EQ5D5L_VAS,Observation,2026.2.0,2026.3.0,elements-removed,0,1,0,0,0,True,,Observation
de.medizininformatikinitiative.kerndatensatz.pros,pros,https://www.medizininformatik-initiative.de/fhir/ext/modul-pro/StructureDefinition/mii-pr-pro-observation-eq5d5l-vas,MII_PR_PRO_Observation_EQ5D5L_VAS,Observation,2026.3.0,2026.4.1,identical,0,0,0,0,0,False,,
de.medizininformatikinitiative.kerndatensatz.pros,pros,https://www.medizininformatik-initiative.de/fhir/ext/modul-pro/StructureDefinition/mii-pr-pro-observation-eq5d5l-vas,MII_PR_PRO_Observation_EQ5D5L_VAS,Observation,2026.4.1,2026.5.1,elements-added,1,0,0,0,0,False,Observation,
de.medizininformatikinitiative.kerndatensatz.pros,pros,https://www.medizininformatik-initiative.de/fhir/ext/modul-pro/StructureDefinition/mii-pr-pro-observation-eq5d5l-vas,MII_PR_PRO_Observation_EQ5D5L_VAS,Observation,2026.5.1,2026.5.2,elements-removed,0,1,0,0,0,True,,Observation
de.medizininformatikinitiative.kerndatensatz.pros,pros,https://www.medizininformatik-initiative.de/fhir/ext/modul-pro/StructureDefinition/mii-pr-pro-observation-eq5d5l-vas,MII_PR_PRO_Observation_EQ5D5L_VAS,Observation,2026.5.2,2026.6.0,identical,0,0,0,0,0,False,,
de.medizininformatikinitiative.kerndatensatz.pros,pros,https://www.medizininformatik-initiative.de/fhir/ext/modul-pro/StructureDefinition/mii-pr-pro-observation-eq5d5l-vas,MII_PR_PRO_Observation_EQ5D5L_VAS,Observation,2026.6.0,2026.7.0,identical,0,0,0,0,0,False,,
de.medizininformatikinitiative.kerndatensatz.pros,pros,https://www.medizininformatik-initiative.de/fhir/ext/modul-pro/StructureDefinition/mii-pr-pro-observation-eq5d5l-vas,MII_PR_PRO_Observation_EQ5D5L_VAS,Observation,2026.7.0,2027.0.0-ballot.1,identical,0,0,0,0,0,False,,
de.medizininformatikinitiative.kerndatensatz.pros,pros,https://www.medizininformatik-initiative.de/fhir/ext/modul-pro/StructureDefinition/mii-pr-pro-observation-phq-15,MII_PR_PRO_Observation_PHQ_15,Observation,2026.5.1,2026.5.2,identical,0,0,0,0,0,False,,
de.medizininformatikinitiative.kerndatensatz.pros,pros,https://www.medizininformatik-initiative.de/fhir/ext/modul-pro/StructureDefinition/mii-pr-pro-observation-phq-15,MII_PR_PRO_Observation_PHQ_15,Observation,2026.5.2,2026.6.0,identical,0,0,0,0,0,False,,
de.medizininformatikinitiative.kerndatensatz.pros,pros,https://www.medizininformatik-initiative.de/fhir/ext/modul-pro/StructureDefinition/mii-pr-pro-observation-phq-15,MII_PR_PRO_Observation_PHQ_15,Observation,2026.6.0,2026.7.0,identical,0,0,0,0,0,False,,
de.medizininformatikinitiative.kerndatensatz.pros,pros,https://www.medizininformatik-initiative.de/fhir/ext/modul-pro/StructureDefinition/mii-pr-pro-observation-phq-15,MII_PR_PRO_Observation_PHQ_15,Observation,2026.7.0,2027.0.0-ballot.1,identical,0,0,0,0,0,False,,
de.medizininformatikinitiative.kerndatensatz.pros,pros,https://www.medizininformatik-initiative.de/fhir/ext/modul-pro/StructureDefinition/mii-pr-pro-observation-phq-9,MII_PR_PRO_Observation_PHQ_9,Observation,2026.5.1,2026.5.2,identical,0,0,0,0,0,False,,
de.medizininformatikinitiative.kerndatensatz.pros,pros,https://www.medizininformatik-initiative.de/fhir/ext/modul-pro/StructureDefinition/mii-pr-pro-observation-phq-9,MII_PR_PRO_Observation_PHQ_9,Observation,2026.5.2,2026.6.0,identical,0,0,0,0,0,False,,
de.medizininformatikinitiative.kerndatensatz.pros,pros,https://www.medizininformatik-initiative.de/fhir/ext/modul-pro/StructureDefinition/mii-pr-pro-observation-phq-9,MII_PR_PRO_Observation_PHQ_9,Observation,2026.6.0,2026.7.0,identical,0,0,0,0,0,False,,
de.medizininformatikinitiative.kerndatensatz.pros,pros,https://www.medizininformatik-initiative.de/fhir/ext/modul-pro/StructureDefinition/mii-pr-pro-observation-phq-9,MII_PR_PRO_Observation_PHQ_9,Observation,2026.7.0,2027.0.0-ballot.1,identical,0,0,0,0,0,False,,
de.medizininformatikinitiative.kerndatensatz.pros,pros,https://www.medizininformatik-initiative.de/fhir/ext/modul-pro/StructureDefinition/mii-pr-pro-observation-whodas12,MII_PR_PRO_Observation_WHODAS_12,Observation,2026.5.1,2026.5.2,identical,0,0,0,0,0,False,,
de.medizininformatikinitiative.kerndatensatz.pros,pros,https://www.medizininformatik-initiative.de/fhir/ext/modul-pro/StructureDefinition/mii-pr-pro-observation-whodas12,MII_PR_PRO_Observation_WHODAS_12,Observation,2026.5.2,2026.6.0,identical,0,0,0,0,0,False,,
de.medizininformatikinitiative.kerndatensatz.pros,pros,https://www.medizininformatik-initiative.de/fhir/ext/modul-pro/StructureDefinition/mii-pr-pro-observation-whodas12,MII_PR_PRO_Observation_WHODAS_12,Observation,2026.6.0,2026.7.0,identical,0,0,0,0,0,False,,
de.medizininformatikinitiative.kerndatensatz.pros,pros,https://www.medizininformatik-initiative.de/fhir/ext/modul-pro/StructureDefinition/mii-pr-pro-observation-whodas12,MII_PR_PRO_Observation_WHODAS_12,Observation,2026.7.0,2027.0.0-ballot.1,identical,0,0,0,0,0,False,,
de.medizininformatikinitiative.kerndatensatz.pros,pros,https://www.medizininformatik-initiative.de/fhir/ext/modul-pro/StructureDefinition/mii-pr-pro-promis-29-anxiety-tscore,MII_PR_PRO_PROMIS_29_Anxiety_TScore,Observation,2026.0.1,2026.2.0,elements-added,1,0,0,0,0,False,Observation,
de.medizininformatikinitiative.kerndatensatz.pros,pros,https://www.medizininformatik-initiative.de/fhir/ext/modul-pro/StructureDefinition/mii-pr-pro-promis-29-anxiety-tscore,MII_PR_PRO_PROMIS_29_Anxiety_TScore,Observation,2026.2.0,2026.3.0,elements-removed,0,1,0,0,0,True,,Observation
de.medizininformatikinitiative.kerndatensatz.pros,pros,https://www.medizininformatik-initiative.de/fhir/ext/modul-pro/StructureDefinition/mii-pr-pro-promis-29-anxiety-tscore,MII_PR_PRO_PROMIS_29_Anxiety_TScore,Observation,2026.3.0,2026.4.1,identical,0,0,0,0,0,False,,
de.medizininformatikinitiative.kerndatensatz.pros,pros,https://www.medizininformatik-initiative.de/fhir/ext/modul-pro/StructureDefinition/mii-pr-pro-promis-29-anxiety-tscore,MII_PR_PRO_PROMIS_29_Anxiety_TScore,Observation,2026.4.1,2026.5.1,elements-added,1,0,0,0,0,False,Observation,
de.medizininformatikinitiative.kerndatensatz.pros,pros,https://www.medizininformatik-initiative.de/fhir/ext/modul-pro/StructureDefinition/mii-pr-pro-promis-29-anxiety-tscore,MII_PR_PRO_PROMIS_29_Anxiety_TScore,Observation,2026.5.1,2026.5.2,elements-removed,0,1,0,0,0,True,,Observation
de.medizininformatikinitiative.kerndatensatz.pros,pros,https://www.medizininformatik-initiative.de/fhir/ext/modul-pro/StructureDefinition/mii-pr-pro-promis-29-anxiety-tscore,MII_PR_PRO_PROMIS_29_Anxiety_TScore,Observation,2026.5.2,2026.6.0,identical,0,0,0,0,0,False,,
de.medizininformatikinitiative.kerndatensatz.pros,pros,https://www.medizininformatik-initiative.de/fhir/ext/modul-pro/StructureDefinition/mii-pr-pro-promis-29-anxiety-tscore,MII_PR_PRO_PROMIS_29_Anxiety_TScore,Observation,2026.6.0,2026.7.0,identical,0,0,0,0,0,False,,
de.medizininformatikinitiative.kerndatensatz.pros,pros,https://www.medizininformatik-initiative.de/fhir/ext/modul-pro/StructureDefinition/mii-pr-pro-promis-29-anxiety-tscore,MII_PR_PRO_PROMIS_29_Anxiety_TScore,Observation,2026.7.0,2027.0.0-ballot.1,identical,0,0,0,0,0,False,,
de.medizininformatikinitiative.kerndatensatz.pros,pros,https://www.medizininformatik-initiative.de/fhir/ext/modul-pro/StructureDefinition/mii-pr-pro-promis-29-depression-tscore,MII_PR_PRO_PROMIS_29_Depression_TScore,Observation,2026.0.1,2026.2.0,elements-added,1,0,0,0,0,False,Observation,
de.medizininformatikinitiative.kerndatensatz.pros,pros,https://www.medizininformatik-initiative.de/fhir/ext/modul-pro/StructureDefinition/mii-pr-pro-promis-29-depression-tscore,MII_PR_PRO_PROMIS_29_Depression_TScore,Observation,2026.2.0,2026.3.0,elements-removed,0,1,0,0,0,True,,Observation
de.medizininformatikinitiative.kerndatensatz.pros,pros,https://www.medizininformatik-initiative.de/fhir/ext/modul-pro/StructureDefinition/mii-pr-pro-promis-29-depression-tscore,MII_PR_PRO_PROMIS_29_Depression_TScore,Observation,2026.3.0,2026.4.1,identical,0,0,0,0,0,False,,
de.medizininformatikinitiative.kerndatensatz.pros,pros,https://www.medizininformatik-initiative.de/fhir/ext/modul-pro/StructureDefinition/mii-pr-pro-promis-29-depression-tscore,MII_PR_PRO_PROMIS_29_Depression_TScore,Observation,2026.4.1,2026.5.1,elements-added,1,0,0,0,0,False,Observation,
de.medizininformatikinitiative.kerndatensatz.pros,pros,https://www.medizininformatik-initiative.de/fhir/ext/modul-pro/StructureDefinition/mii-pr-pro-promis-29-depression-tscore,MII_PR_PRO_PROMIS_29_Depression_TScore,Observation,2026.5.1,2026.5.2,elements-removed,0,1,0,0,0,True,,Observation
de.medizininformatikinitiative.kerndatensatz.pros,pros,https://www.medizininformatik-initiative.de/fhir/ext/modul-pro/StructureDefinition/mii-pr-pro-promis-29-depression-tscore,MII_PR_PRO_PROMIS_29_Depression_TScore,Observation,2026.5.2,2026.6.0,identical,0,0,0,0,0,False,,
de.medizininformatikinitiative.kerndatensatz.pros,pros,https://www.medizininformatik-initiative.de/fhir/ext/modul-pro/StructureDefinition/mii-pr-pro-promis-29-depression-tscore,MII_PR_PRO_PROMIS_29_Depression_TScore,Observation,2026.6.0,2026.7.0,identical,0,0,0,0,0,False,,
de.medizininformatikinitiative.kerndatensatz.pros,pros,https://www.medizininformatik-initiative.de/fhir/ext/modul-pro/StructureDefinition/mii-pr-pro-promis-29-depression-tscore,MII_PR_PRO_PROMIS_29_Depression_TScore,Observation,2026.7.0,2027.0.0-ballot.1,identical,0,0,0,0,0,False,,
de.medizininformatikinitiative.kerndatensatz.pros,pros,https://www.medizininformatik-initiative.de/fhir/ext/modul-pro/StructureDefinition/mii-pr-pro-promis-29-fatigue-tscore,MII_PR_PRO_PROMIS_29_Fatigue_TScore,Observation,2026.0.1,2026.2.0,elements-added,1,0,0,0,0,False,Observation,
de.medizininformatikinitiative.kerndatensatz.pros,pros,https://www.medizininformatik-initiative.de/fhir/ext/modul-pro/StructureDefinition/mii-pr-pro-promis-29-fatigue-tscore,MII_PR_PRO_PROMIS_29_Fatigue_TScore,Observation,2026.2.0,2026.3.0,elements-removed,0,1,0,0,0,True,,Observation
de.medizininformatikinitiative.kerndatensatz.pros,pros,https://www.medizininformatik-initiative.de/fhir/ext/modul-pro/StructureDefinition/mii-pr-pro-promis-29-fatigue-tscore,MII_PR_PRO_PROMIS_29_Fatigue_TScore,Observation,2026.3.0,2026.4.1,identical,0,0,0,0,0,False,,
de.medizininformatikinitiative.kerndatensatz.pros,pros,https://www.medizininformatik-initiative.de/fhir/ext/modul-pro/StructureDefinition/mii-pr-pro-promis-29-fatigue-tscore,MII_PR_PRO_PROMIS_29_Fatigue_TScore,Observation,2026.4.1,2026.5.1,elements-added,1,0,0,0,0,False,Observation,
de.medizininformatikinitiative.kerndatensatz.pros,pros,https://www.medizininformatik-initiative.de/fhir/ext/modul-pro/StructureDefinition/mii-pr-pro-promis-29-fatigue-tscore,MII_PR_PRO_PROMIS_29_Fatigue_TScore,Observation,2026.5.1,2026.5.2,elements-removed,0,1,0,0,0,True,,Observation
de.medizininformatikinitiative.kerndatensatz.pros,pros,https://www.medizininformatik-initiative.de/fhir/ext/modul-pro/StructureDefinition/mii-pr-pro-promis-29-fatigue-tscore,MII_PR_PRO_PROMIS_29_Fatigue_TScore,Observation,2026.5.2,2026.6.0,identical,0,0,0,0,0,False,,
de.medizininformatikinitiative.kerndatensatz.pros,pros,https://www.medizininformatik-initiative.de/fhir/ext/modul-pro/StructureDefinition/mii-pr-pro-promis-29-fatigue-tscore,MII_PR_PRO_PROMIS_29_Fatigue_TScore,Observation,2026.6.0,2026.7.0,identical,0,0,0,0,0,False,,
de.medizininformatikinitiative.kerndatensatz.pros,pros,https://www.medizininformatik-initiative.de/fhir/ext/modul-pro/StructureDefinition/mii-pr-pro-promis-29-fatigue-tscore,MII_PR_PRO_PROMIS_29_Fatigue_TScore,Observation,2026.7.0,2027.0.0-ballot.1,identical,0,0,0,0,0,False,,
de.medizininformatikinitiative.kerndatensatz.pros,pros,https://www.medizininformatik-initiative.de/fhir/ext/modul-pro/StructureDefinition/mii-pr-pro-promis-29-pain-intensity,MII_PR_PRO_PROMIS_29_Pain_Intensity,Observation,2026.0.1,2026.2.0,elements-added,1,0,0,0,0,False,Observation,
de.medizininformatikinitiative.kerndatensatz.pros,pros,https://www.medizininformatik-initiative.de/fhir/ext/modul-pro/StructureDefinition/mii-pr-pro-promis-29-pain-intensity,MII_PR_PRO_PROMIS_29_Pain_Intensity,Observation,2026.2.0,2026.3.0,elements-removed,0,1,0,0,0,True,,Observation
de.medizininformatikinitiative.kerndatensatz.pros,pros,https://www.medizininformatik-initiative.de/fhir/ext/modul-pro/StructureDefinition/mii-pr-pro-promis-29-pain-intensity,MII_PR_PRO_PROMIS_29_Pain_Intensity,Observation,2026.3.0,2026.4.1,identical,0,0,0,0,0,False,,
de.medizininformatikinitiative.kerndatensatz.pros,pros,https://www.medizininformatik-initiative.de/fhir/ext/modul-pro/StructureDefinition/mii-pr-pro-promis-29-pain-intensity,MII_PR_PRO_PROMIS_29_Pain_Intensity,Observation,2026.4.1,2026.5.1,elements-added,1,0,0,0,0,False,Observation,
de.medizininformatikinitiative.kerndatensatz.pros,pros,https://www.medizininformatik-initiative.de/fhir/ext/modul-pro/StructureDefinition/mii-pr-pro-promis-29-pain-intensity,MII_PR_PRO_PROMIS_29_Pain_Intensity,Observation,2026.5.1,2026.5.2,elements-removed,0,1,0,0,0,True,,Observation
de.medizininformatikinitiative.kerndatensatz.pros,pros,https://www.medizininformatik-initiative.de/fhir/ext/modul-pro/StructureDefinition/mii-pr-pro-promis-29-pain-intensity,MII_PR_PRO_PROMIS_29_Pain_Intensity,Observation,2026.5.2,2026.6.0,identical,0,0,0,0,0,False,,
de.medizininformatikinitiative.kerndatensatz.pros,pros,https://www.medizininformatik-initiative.de/fhir/ext/modul-pro/StructureDefinition/mii-pr-pro-promis-29-pain-intensity,MII_PR_PRO_PROMIS_29_Pain_Intensity,Observation,2026.6.0,2026.7.0,identical,0,0,0,0,0,False,,
de.medizininformatikinitiative.kerndatensatz.pros,pros,https://www.medizininformatik-initiative.de/fhir/ext/modul-pro/StructureDefinition/mii-pr-pro-promis-29-pain-intensity,MII_PR_PRO_PROMIS_29_Pain_Intensity,Observation,2026.7.0,2027.0.0-ballot.1,identical,0,0,0,0,0,False,,
de.medizininformatikinitiative.kerndatensatz.pros,pros,https://www.medizininformatik-initiative.de/fhir/ext/modul-pro/StructureDefinition/mii-pr-pro-promis-29-pain-interference-tscore,MII_PR_PRO_PROMIS_29_Pain_Interference_TScore,Observation,2026.0.1,2026.2.0,elements-added,1,0,0,0,0,False,Observation,
de.medizininformatikinitiative.kerndatensatz.pros,pros,https://www.medizininformatik-initiative.de/fhir/ext/modul-pro/StructureDefinition/mii-pr-pro-promis-29-pain-interference-tscore,MII_PR_PRO_PROMIS_29_Pain_Interference_TScore,Observation,2026.2.0,2026.3.0,elements-removed,0,1,0,0,0,True,,Observation
de.medizininformatikinitiative.kerndatensatz.pros,pros,https://www.medizininformatik-initiative.de/fhir/ext/modul-pro/StructureDefinition/mii-pr-pro-promis-29-pain-interference-tscore,MII_PR_PRO_PROMIS_29_Pain_Interference_TScore,Observation,2026.3.0,2026.4.1,identical,0,0,0,0,0,False,,
de.medizininformatikinitiative.kerndatensatz.pros,pros,https://www.medizininformatik-initiative.de/fhir/ext/modul-pro/StructureDefinition/mii-pr-pro-promis-29-pain-interference-tscore,MII_PR_PRO_PROMIS_29_Pain_Interference_TScore,Observation,2026.4.1,2026.5.1,elements-added,1,0,0,0,0,False,Observation,
de.medizininformatikinitiative.kerndatensatz.pros,pros,https://www.medizininformatik-initiative.de/fhir/ext/modul-pro/StructureDefinition/mii-pr-pro-promis-29-pain-interference-tscore,MII_PR_PRO_PROMIS_29_Pain_Interference_TScore,Observation,2026.5.1,2026.5.2,elements-removed,0,1,0,0,0,True,,Observation
de.medizininformatikinitiative.kerndatensatz.pros,pros,https://www.medizininformatik-initiative.de/fhir/ext/modul-pro/StructureDefinition/mii-pr-pro-promis-29-pain-interference-tscore,MII_PR_PRO_PROMIS_29_Pain_Interference_TScore,Observation,2026.5.2,2026.6.0,identical,0,0,0,0,0,False,,
de.medizininformatikinitiative.kerndatensatz.pros,pros,https://www.medizininformatik-initiative.de/fhir/ext/modul-pro/StructureDefinition/mii-pr-pro-promis-29-pain-interference-tscore,MII_PR_PRO_PROMIS_29_Pain_Interference_TScore,Observation,2026.6.0,2026.7.0,identical,0,0,0,0,0,False,,
de.medizininformatikinitiative.kerndatensatz.pros,pros,https://www.medizininformatik-initiative.de/fhir/ext/modul-pro/StructureDefinition/mii-pr-pro-promis-29-pain-interference-tscore,MII_PR_PRO_PROMIS_29_Pain_Interference_TScore,Observation,2026.7.0,2027.0.0-ballot.1,identical,0,0,0,0,0,False,,
de.medizininformatikinitiative.kerndatensatz.pros,pros,https://www.medizininformatik-initiative.de/fhir/ext/modul-pro/StructureDefinition/mii-pr-pro-promis-29-physical-function-tscore,MII_PR_PRO_PROMIS_29_Physical_Function_TScore,Observation,2026.0.1,2026.2.0,elements-added,1,0,0,0,0,False,Observation,
de.medizininformatikinitiative.kerndatensatz.pros,pros,https://www.medizininformatik-initiative.de/fhir/ext/modul-pro/StructureDefinition/mii-pr-pro-promis-29-physical-function-tscore,MII_PR_PRO_PROMIS_29_Physical_Function_TScore,Observation,2026.2.0,2026.3.0,elements-removed,0,1,0,0,0,True,,Observation
de.medizininformatikinitiative.kerndatensatz.pros,pros,https://www.medizininformatik-initiative.de/fhir/ext/modul-pro/StructureDefinition/mii-pr-pro-promis-29-physical-function-tscore,MII_PR_PRO_PROMIS_29_Physical_Function_TScore,Observation,2026.3.0,2026.4.1,identical,0,0,0,0,0,False,,
de.medizininformatikinitiative.kerndatensatz.pros,pros,https://www.medizininformatik-initiative.de/fhir/ext/modul-pro/StructureDefinition/mii-pr-pro-promis-29-physical-function-tscore,MII_PR_PRO_PROMIS_29_Physical_Function_TScore,Observation,2026.4.1,2026.5.1,elements-added,1,0,0,0,0,False,Observation,
de.medizininformatikinitiative.kerndatensatz.pros,pros,https://www.medizininformatik-initiative.de/fhir/ext/modul-pro/StructureDefinition/mii-pr-pro-promis-29-physical-function-tscore,MII_PR_PRO_PROMIS_29_Physical_Function_TScore,Observation,2026.5.1,2026.5.2,elements-removed,0,1,0,0,0,True,,Observation
de.medizininformatikinitiative.kerndatensatz.pros,pros,https://www.medizininformatik-initiative.de/fhir/ext/modul-pro/StructureDefinition/mii-pr-pro-promis-29-physical-function-tscore,MII_PR_PRO_PROMIS_29_Physical_Function_TScore,Observation,2026.5.2,2026.6.0,identical,0,0,0,0,0,False,,
de.medizininformatikinitiative.kerndatensatz.pros,pros,https://www.medizininformatik-initiative.de/fhir/ext/modul-pro/StructureDefinition/mii-pr-pro-promis-29-physical-function-tscore,MII_PR_PRO_PROMIS_29_Physical_Function_TScore,Observation,2026.6.0,2026.7.0,identical,0,0,0,0,0,False,,
de.medizininformatikinitiative.kerndatensatz.pros,pros,https://www.medizininformatik-initiative.de/fhir/ext/modul-pro/StructureDefinition/mii-pr-pro-promis-29-physical-function-tscore,MII_PR_PRO_PROMIS_29_Physical_Function_TScore,Observation,2026.7.0,2027.0.0-ballot.1,identical,0,0,0,0,0,False,,
de.medizininformatikinitiative.kerndatensatz.pros,pros,https://www.medizininformatik-initiative.de/fhir/ext/modul-pro/StructureDefinition/mii-pr-pro-promis-29-sleep-disturbance-tscore,MII_PR_PRO_PROMIS_29_Sleep_Disturbance_TScore,Observation,2026.0.1,2026.2.0,elements-added,1,0,0,0,0,False,Observation,
de.medizininformatikinitiative.kerndatensatz.pros,pros,https://www.medizininformatik-initiative.de/fhir/ext/modul-pro/StructureDefinition/mii-pr-pro-promis-29-sleep-disturbance-tscore,MII_PR_PRO_PROMIS_29_Sleep_Disturbance_TScore,Observation,2026.2.0,2026.3.0,elements-removed,0,1,0,0,0,True,,Observation
de.medizininformatikinitiative.kerndatensatz.pros,pros,https://www.medizininformatik-initiative.de/fhir/ext/modul-pro/StructureDefinition/mii-pr-pro-promis-29-sleep-disturbance-tscore,MII_PR_PRO_PROMIS_29_Sleep_Disturbance_TScore,Observation,2026.3.0,2026.4.1,identical,0,0,0,0,0,False,,
de.medizininformatikinitiative.kerndatensatz.pros,pros,https://www.medizininformatik-initiative.de/fhir/ext/modul-pro/StructureDefinition/mii-pr-pro-promis-29-sleep-disturbance-tscore,MII_PR_PRO_PROMIS_29_Sleep_Disturbance_TScore,Observation,2026.4.1,2026.5.1,elements-added,1,0,0,0,0,False,Observation,
de.medizininformatikinitiative.kerndatensatz.pros,pros,https://www.medizininformatik-initiative.de/fhir/ext/modul-pro/StructureDefinition/mii-pr-pro-promis-29-sleep-disturbance-tscore,MII_PR_PRO_PROMIS_29_Sleep_Disturbance_TScore,Observation,2026.5.1,2026.5.2,elements-removed,0,1,0,0,0,True,,Observation
de.medizininformatikinitiative.kerndatensatz.pros,pros,https://www.medizininformatik-initiative.de/fhir/ext/modul-pro/StructureDefinition/mii-pr-pro-promis-29-sleep-disturbance-tscore,MII_PR_PRO_PROMIS_29_Sleep_Disturbance_TScore,Observation,2026.5.2,2026.6.0,identical,0,0,0,0,0,False,,
de.medizininformatikinitiative.kerndatensatz.pros,pros,https://www.medizininformatik-initiative.de/fhir/ext/modul-pro/StructureDefinition/mii-pr-pro-promis-29-sleep-disturbance-tscore,MII_PR_PRO_PROMIS_29_Sleep_Disturbance_TScore,Observation,2026.6.0,2026.7.0,identical,0,0,0,0,0,False,,
de.medizininformatikinitiative.kerndatensatz.pros,pros,https://www.medizininformatik-initiative.de/fhir/ext/modul-pro/StructureDefinition/mii-pr-pro-promis-29-sleep-disturbance-tscore,MII_PR_PRO_PROMIS_29_Sleep_Disturbance_TScore,Observation,2026.7.0,2027.0.0-ballot.1,identical,0,0,0,0,0,False,,
de.medizininformatikinitiative.kerndatensatz.pros,pros,https://www.medizininformatik-initiative.de/fhir/ext/modul-pro/StructureDefinition/mii-pr-pro-promis-29-social-function-tscore,MII_PR_PRO_PROMIS_29_Social_Function_TScore,Observation,2026.0.1,2026.2.0,elements-added,1,0,0,0,0,False,Observation,
de.medizininformatikinitiative.kerndatensatz.pros,pros,https://www.medizininformatik-initiative.de/fhir/ext/modul-pro/StructureDefinition/mii-pr-pro-promis-29-social-function-tscore,MII_PR_PRO_PROMIS_29_Social_Function_TScore,Observation,2026.2.0,2026.3.0,elements-removed,0,1,0,0,0,True,,Observation
de.medizininformatikinitiative.kerndatensatz.pros,pros,https://www.medizininformatik-initiative.de/fhir/ext/modul-pro/StructureDefinition/mii-pr-pro-promis-29-social-function-tscore,MII_PR_PRO_PROMIS_29_Social_Function_TScore,Observation,2026.3.0,2026.4.1,identical,0,0,0,0,0,False,,
de.medizininformatikinitiative.kerndatensatz.pros,pros,https://www.medizininformatik-initiative.de/fhir/ext/modul-pro/StructureDefinition/mii-pr-pro-promis-29-social-function-tscore,MII_PR_PRO_PROMIS_29_Social_Function_TScore,Observation,2026.4.1,2026.5.1,elements-added,1,0,0,0,0,False,Observation,
de.medizininformatikinitiative.kerndatensatz.pros,pros,https://www.medizininformatik-initiative.de/fhir/ext/modul-pro/StructureDefinition/mii-pr-pro-promis-29-social-function-tscore,MII_PR_PRO_PROMIS_29_Social_Function_TScore,Observation,2026.5.1,2026.5.2,elements-removed,0,1,0,0,0,True,,Observation
de.medizininformatikinitiative.kerndatensatz.pros,pros,https://www.medizininformatik-initiative.de/fhir/ext/modul-pro/StructureDefinition/mii-pr-pro-promis-29-social-function-tscore,MII_PR_PRO_PROMIS_29_Social_Function_TScore,Observation,2026.5.2,2026.6.0,identical,0,0,0,0,0,False,,
de.medizininformatikinitiative.kerndatensatz.pros,pros,https://www.medizininformatik-initiative.de/fhir/ext/modul-pro/StructureDefinition/mii-pr-pro-promis-29-social-function-tscore,MII_PR_PRO_PROMIS_29_Social_Function_TScore,Observation,2026.6.0,2026.7.0,identical,0,0,0,0,0,False,,
de.medizininformatikinitiative.kerndatensatz.pros,pros,https://www.medizininformatik-initiative.de/fhir/ext/modul-pro/StructureDefinition/mii-pr-pro-promis-29-social-function-tscore,MII_PR_PRO_PROMIS_29_Social_Function_TScore,Observation,2026.7.0,2027.0.0-ballot.1,identical,0,0,0,0,0,False,,
de.medizininformatikinitiative.kerndatensatz.pros,pros,https://www.medizininformatik-initiative.de/fhir/ext/modul-pro/StructureDefinition/mii-pr-pro-promis-cognitive-function-sf4a-raw-score,MII_PR_PRO_PROMIS_Cognitive_Function_SF4a_Raw_Score,Observation,2026.0.1,2026.2.0,elements-added,1,0,0,0,0,False,Observation,
de.medizininformatikinitiative.kerndatensatz.pros,pros,https://www.medizininformatik-initiative.de/fhir/ext/modul-pro/StructureDefinition/mii-pr-pro-promis-cognitive-function-sf4a-raw-score,MII_PR_PRO_PROMIS_Cognitive_Function_SF4a_Raw_Score,Observation,2026.2.0,2026.3.0,elements-removed,0,1,0,0,0,True,,Observation
de.medizininformatikinitiative.kerndatensatz.pros,pros,https://www.medizininformatik-initiative.de/fhir/ext/modul-pro/StructureDefinition/mii-pr-pro-promis-cognitive-function-sf4a-raw-score,MII_PR_PRO_PROMIS_Cognitive_Function_SF4a_Raw_Score,Observation,2026.3.0,2026.4.1,identical,0,0,0,0,0,False,,
de.medizininformatikinitiative.kerndatensatz.pros,pros,https://www.medizininformatik-initiative.de/fhir/ext/modul-pro/StructureDefinition/mii-pr-pro-promis-cognitive-function-sf4a-raw-score,MII_PR_PRO_PROMIS_Cognitive_Function_SF4a_Raw_Score,Observation,2026.4.1,2026.5.1,elements-added,1,0,0,0,0,False,Observation,
de.medizininformatikinitiative.kerndatensatz.pros,pros,https://www.medizininformatik-initiative.de/fhir/ext/modul-pro/StructureDefinition/mii-pr-pro-promis-cognitive-function-sf4a-raw-score,MII_PR_PRO_PROMIS_Cognitive_Function_SF4a_Raw_Score,Observation,2026.5.1,2026.5.2,elements-removed,0,1,0,0,0,True,,Observation
de.medizininformatikinitiative.kerndatensatz.pros,pros,https://www.medizininformatik-initiative.de/fhir/ext/modul-pro/StructureDefinition/mii-pr-pro-promis-cognitive-function-sf4a-raw-score,MII_PR_PRO_PROMIS_Cognitive_Function_SF4a_Raw_Score,Observation,2026.5.2,2026.6.0,identical,0,0,0,0,0,False,,
de.medizininformatikinitiative.kerndatensatz.pros,pros,https://www.medizininformatik-initiative.de/fhir/ext/modul-pro/StructureDefinition/mii-pr-pro-promis-cognitive-function-sf4a-raw-score,MII_PR_PRO_PROMIS_Cognitive_Function_SF4a_Raw_Score,Observation,2026.6.0,2026.7.0,identical,0,0,0,0,0,False,,
de.medizininformatikinitiative.kerndatensatz.pros,pros,https://www.medizininformatik-initiative.de/fhir/ext/modul-pro/StructureDefinition/mii-pr-pro-promis-cognitive-function-sf4a-raw-score,MII_PR_PRO_PROMIS_Cognitive_Function_SF4a_Raw_Score,Observation,2026.7.0,2027.0.0-ballot.1,identical,0,0,0,0,0,False,,
de.medizininformatikinitiative.kerndatensatz.pros,pros,https://www.medizininformatik-initiative.de/fhir/ext/modul-pro/StructureDefinition/mii-pr-pro-promis-cognitive-function-sf4a-tscore,MII_PR_PRO_PROMIS_Cognitive_Function_SF4a_TScore,Observation,2026.0.1,2026.2.0,elements-added,1,0,0,0,0,False,Observation,
de.medizininformatikinitiative.kerndatensatz.pros,pros,https://www.medizininformatik-initiative.de/fhir/ext/modul-pro/StructureDefinition/mii-pr-pro-promis-cognitive-function-sf4a-tscore,MII_PR_PRO_PROMIS_Cognitive_Function_SF4a_TScore,Observation,2026.2.0,2026.3.0,elements-removed,0,1,0,0,0,True,,Observation
de.medizininformatikinitiative.kerndatensatz.pros,pros,https://www.medizininformatik-initiative.de/fhir/ext/modul-pro/StructureDefinition/mii-pr-pro-promis-cognitive-function-sf4a-tscore,MII_PR_PRO_PROMIS_Cognitive_Function_SF4a_TScore,Observation,2026.3.0,2026.4.1,identical,0,0,0,0,0,False,,
de.medizininformatikinitiative.kerndatensatz.pros,pros,https://www.medizininformatik-initiative.de/fhir/ext/modul-pro/StructureDefinition/mii-pr-pro-promis-cognitive-function-sf4a-tscore,MII_PR_PRO_PROMIS_Cognitive_Function_SF4a_TScore,Observation,2026.4.1,2026.5.1,elements-added,1,0,0,0,0,False,Observation,
de.medizininformatikinitiative.kerndatensatz.pros,pros,https://www.medizininformatik-initiative.de/fhir/ext/modul-pro/StructureDefinition/mii-pr-pro-promis-cognitive-function-sf4a-tscore,MII_PR_PRO_PROMIS_Cognitive_Function_SF4a_TScore,Observation,2026.5.1,2026.5.2,elements-removed,0,1,0,0,0,True,,Observation
de.medizininformatikinitiative.kerndatensatz.pros,pros,https://www.medizininformatik-initiative.de/fhir/ext/modul-pro/StructureDefinition/mii-pr-pro-promis-cognitive-function-sf4a-tscore,MII_PR_PRO_PROMIS_Cognitive_Function_SF4a_TScore,Observation,2026.5.2,2026.6.0,identical,0,0,0,0,0,False,,
de.medizininformatikinitiative.kerndatensatz.pros,pros,https://www.medizininformatik-initiative.de/fhir/ext/modul-pro/StructureDefinition/mii-pr-pro-promis-cognitive-function-sf4a-tscore,MII_PR_PRO_PROMIS_Cognitive_Function_SF4a_TScore,Observation,2026.6.0,2026.7.0,identical,0,0,0,0,0,False,,
de.medizininformatikinitiative.kerndatensatz.pros,pros,https://www.medizininformatik-initiative.de/fhir/ext/modul-pro/StructureDefinition/mii-pr-pro-promis-cognitive-function-sf4a-tscore,MII_PR_PRO_PROMIS_Cognitive_Function_SF4a_TScore,Observation,2026.7.0,2027.0.0-ballot.1,identical,0,0,0,0,0,False,,
de.medizininformatikinitiative.kerndatensatz.pros,pros,https://www.medizininformatik-initiative.de/fhir/ext/modul-pro/StructureDefinition/mii-pr-pro-promis-depression-sf4a-raw-score,MII_PR_PRO_PROMIS_Depression_SF4a_Raw_Score,Observation,2026.0.1,2026.2.0,elements-added,1,0,0,0,0,False,Observation,
de.medizininformatikinitiative.kerndatensatz.pros,pros,https://www.medizininformatik-initiative.de/fhir/ext/modul-pro/StructureDefinition/mii-pr-pro-promis-depression-sf4a-raw-score,MII_PR_PRO_PROMIS_Depression_SF4a_Raw_Score,Observation,2026.2.0,2026.3.0,elements-removed,0,2,0,0,0,True,,Observation|Observation.extension
de.medizininformatikinitiative.kerndatensatz.pros,pros,https://www.medizininformatik-initiative.de/fhir/ext/modul-pro/StructureDefinition/mii-pr-pro-promis-depression-sf4a-raw-score,MII_PR_PRO_PROMIS_Depression_SF4a_Raw_Score,Observation,2026.3.0,2026.4.1,identical,0,0,0,0,0,False,,
de.medizininformatikinitiative.kerndatensatz.pros,pros,https://www.medizininformatik-initiative.de/fhir/ext/modul-pro/StructureDefinition/mii-pr-pro-promis-depression-sf4a-raw-score,MII_PR_PRO_PROMIS_Depression_SF4a_Raw_Score,Observation,2026.4.1,2026.5.1,elements-added,2,0,0,0,0,False,Observation|Observation.extension,
de.medizininformatikinitiative.kerndatensatz.pros,pros,https://www.medizininformatik-initiative.de/fhir/ext/modul-pro/StructureDefinition/mii-pr-pro-promis-depression-sf4a-raw-score,MII_PR_PRO_PROMIS_Depression_SF4a_Raw_Score,Observation,2026.5.1,2026.5.2,elements-removed,0,1,0,0,0,True,,Observation
de.medizininformatikinitiative.kerndatensatz.pros,pros,https://www.medizininformatik-initiative.de/fhir/ext/modul-pro/StructureDefinition/mii-pr-pro-promis-depression-sf4a-raw-score,MII_PR_PRO_PROMIS_Depression_SF4a_Raw_Score,Observation,2026.5.2,2026.6.0,identical,0,0,0,0,0,False,,
de.medizininformatikinitiative.kerndatensatz.pros,pros,https://www.medizininformatik-initiative.de/fhir/ext/modul-pro/StructureDefinition/mii-pr-pro-promis-depression-sf4a-raw-score,MII_PR_PRO_PROMIS_Depression_SF4a_Raw_Score,Observation,2026.6.0,2026.7.0,identical,0,0,0,0,0,False,,
de.medizininformatikinitiative.kerndatensatz.pros,pros,https://www.medizininformatik-initiative.de/fhir/ext/modul-pro/StructureDefinition/mii-pr-pro-promis-depression-sf4a-raw-score,MII_PR_PRO_PROMIS_Depression_SF4a_Raw_Score,Observation,2026.7.0,2027.0.0-ballot.1,identical,0,0,0,0,0,False,,
de.medizininformatikinitiative.kerndatensatz.pros,pros,https://www.medizininformatik-initiative.de/fhir/ext/modul-pro/StructureDefinition/mii-pr-pro-questionnaire,MII_PR_PRO_Questionnaire,Questionnaire,2026.0.1,2026.2.0,elements-added,1,0,0,0,0,False,Questionnaire,
de.medizininformatikinitiative.kerndatensatz.pros,pros,https://www.medizininformatik-initiative.de/fhir/ext/modul-pro/StructureDefinition/mii-pr-pro-questionnaire,MII_PR_PRO_Questionnaire,Questionnaire,2026.2.0,2026.3.0,elements-removed,0,1,0,0,0,True,,Questionnaire
de.medizininformatikinitiative.kerndatensatz.pros,pros,https://www.medizininformatik-initiative.de/fhir/ext/modul-pro/StructureDefinition/mii-pr-pro-questionnaire,MII_PR_PRO_Questionnaire,Questionnaire,2026.3.0,2026.4.1,identical,0,0,0,0,0,False,,
de.medizininformatikinitiative.kerndatensatz.pros,pros,https://www.medizininformatik-initiative.de/fhir/ext/modul-pro/StructureDefinition/mii-pr-pro-questionnaire,MII_PR_PRO_Questionnaire,Questionnaire,2026.4.1,2026.5.1,elements-added,1,0,0,0,0,False,Questionnaire,
de.medizininformatikinitiative.kerndatensatz.pros,pros,https://www.medizininformatik-initiative.de/fhir/ext/modul-pro/StructureDefinition/mii-pr-pro-questionnaire,MII_PR_PRO_Questionnaire,Questionnaire,2026.5.1,2026.5.2,elements-removed,0,1,0,0,0,True,,Questionnaire
de.medizininformatikinitiative.kerndatensatz.pros,pros,https://www.medizininformatik-initiative.de/fhir/ext/modul-pro/StructureDefinition/mii-pr-pro-questionnaire,MII_PR_PRO_Questionnaire,Questionnaire,2026.5.2,2026.6.0,identical,0,0,0,0,0,False,,
de.medizininformatikinitiative.kerndatensatz.pros,pros,https://www.medizininformatik-initiative.de/fhir/ext/modul-pro/StructureDefinition/mii-pr-pro-questionnaire,MII_PR_PRO_Questionnaire,Questionnaire,2026.6.0,2026.7.0,identical,0,0,0,0,0,False,,
de.medizininformatikinitiative.kerndatensatz.pros,pros,https://www.medizininformatik-initiative.de/fhir/ext/modul-pro/StructureDefinition/mii-pr-pro-questionnaire,MII_PR_PRO_Questionnaire,Questionnaire,2026.7.0,2027.0.0-ballot.1,identical,0,0,0,0,0,False,,
de.medizininformatikinitiative.kerndatensatz.pros,pros,https://www.medizininformatik-initiative.de/fhir/ext/modul-pro/StructureDefinition/mii-pr-pro-questionnaire-response,MII_PR_PRO_QuestionnaireResponse,QuestionnaireResponse,2026.0.1,2026.2.0,elements-added,1,0,0,0,0,False,QuestionnaireResponse,
de.medizininformatikinitiative.kerndatensatz.pros,pros,https://www.medizininformatik-initiative.de/fhir/ext/modul-pro/StructureDefinition/mii-pr-pro-questionnaire-response,MII_PR_PRO_QuestionnaireResponse,QuestionnaireResponse,2026.2.0,2026.3.0,elements-removed,0,1,0,0,0,True,,QuestionnaireResponse
de.medizininformatikinitiative.kerndatensatz.pros,pros,https://www.medizininformatik-initiative.de/fhir/ext/modul-pro/StructureDefinition/mii-pr-pro-questionnaire-response,MII_PR_PRO_QuestionnaireResponse,QuestionnaireResponse,2026.3.0,2026.4.1,identical,0,0,0,0,0,False,,
de.medizininformatikinitiative.kerndatensatz.pros,pros,https://www.medizininformatik-initiative.de/fhir/ext/modul-pro/StructureDefinition/mii-pr-pro-questionnaire-response,MII_PR_PRO_QuestionnaireResponse,QuestionnaireResponse,2026.4.1,2026.5.1,elements-added,1,0,0,0,0,False,QuestionnaireResponse,
de.medizininformatikinitiative.kerndatensatz.pros,pros,https://www.medizininformatik-initiative.de/fhir/ext/modul-pro/StructureDefinition/mii-pr-pro-questionnaire-response,MII_PR_PRO_QuestionnaireResponse,QuestionnaireResponse,2026.5.1,2026.5.2,elements-removed,0,1,0,0,0,True,,QuestionnaireResponse
de.medizininformatikinitiative.kerndatensatz.pros,pros,https://www.medizininformatik-initiative.de/fhir/ext/modul-pro/StructureDefinition/mii-pr-pro-questionnaire-response,MII_PR_PRO_QuestionnaireResponse,QuestionnaireResponse,2026.5.2,2026.6.0,identical,0,0,0,0,0,False,,
de.medizininformatikinitiative.kerndatensatz.pros,pros,https://www.medizininformatik-initiative.de/fhir/ext/modul-pro/StructureDefinition/mii-pr-pro-questionnaire-response,MII_PR_PRO_QuestionnaireResponse,QuestionnaireResponse,2026.6.0,2026.7.0,identical,0,0,0,0,0,False,,
de.medizininformatikinitiative.kerndatensatz.pros,pros,https://www.medizininformatik-initiative.de/fhir/ext/modul-pro/StructureDefinition/mii-pr-pro-questionnaire-response,MII_PR_PRO_QuestionnaireResponse,QuestionnaireResponse,2026.7.0,2027.0.0-ballot.1,elements-added,8,0,0,0,0,False,QuestionnaireResponse.item.answer.value[x]|QuestionnaireResponse.item.answer.value[x]:valueCoding|QuestionnaireResponse.item.answer.value[x]:valueCoding.display|QuestionnaireResponse.item.answer.value[x]:valueCoding.display.extension|QuestionnaireResponse.item.answer.value[x]:valueCoding.display.extension:translation|QuestionnaireResponse.item.text|QuestionnaireResponse.item.text.extension|QuestionnaireResponse.item.text.extension:translation,
de.medizininformatikinitiative.kerndatensatz.pros,pros,https://www.medizininformatik-initiative.de/fhir/ext/modul-pro/StructureDefinition/mii-pr-pro-score-blueprint,MII_PR_PRO_Score_Blueprint,ObservationDefinition,2026.0.1,2026.2.0,elements-added,1,0,0,0,0,False,ObservationDefinition,
de.medizininformatikinitiative.kerndatensatz.pros,pros,https://www.medizininformatik-initiative.de/fhir/ext/modul-pro/StructureDefinition/mii-pr-pro-score-blueprint,MII_PR_PRO_Score_Blueprint,ObservationDefinition,2026.2.0,2026.3.0,elements-removed,0,1,0,0,0,True,,ObservationDefinition
de.medizininformatikinitiative.kerndatensatz.pros,pros,https://www.medizininformatik-initiative.de/fhir/ext/modul-pro/StructureDefinition/mii-pr-pro-score-blueprint,MII_PR_PRO_Score_Blueprint,ObservationDefinition,2026.3.0,2026.4.1,identical,0,0,0,0,0,False,,
de.medizininformatikinitiative.kerndatensatz.pros,pros,https://www.medizininformatik-initiative.de/fhir/ext/modul-pro/StructureDefinition/mii-pr-pro-score-blueprint,MII_PR_PRO_Score_Blueprint,ObservationDefinition,2026.4.1,2026.5.1,elements-added,1,0,0,0,0,False,ObservationDefinition,
de.medizininformatikinitiative.kerndatensatz.pros,pros,https://www.medizininformatik-initiative.de/fhir/ext/modul-pro/StructureDefinition/mii-pr-pro-score-blueprint,MII_PR_PRO_Score_Blueprint,ObservationDefinition,2026.5.1,2026.5.2,elements-removed,0,1,0,0,0,True,,ObservationDefinition
de.medizininformatikinitiative.kerndatensatz.pros,pros,https://www.medizininformatik-initiative.de/fhir/ext/modul-pro/StructureDefinition/mii-pr-pro-score-blueprint,MII_PR_PRO_Score_Blueprint,ObservationDefinition,2026.5.2,2026.6.0,identical,0,0,0,0,0,False,,
de.medizininformatikinitiative.kerndatensatz.pros,pros,https://www.medizininformatik-initiative.de/fhir/ext/modul-pro/StructureDefinition/mii-pr-pro-score-blueprint,MII_PR_PRO_Score_Blueprint,ObservationDefinition,2026.6.0,2026.7.0,identical,0,0,0,0,0,False,,
de.medizininformatikinitiative.kerndatensatz.pros,pros,https://www.medizininformatik-initiative.de/fhir/ext/modul-pro/StructureDefinition/mii-pr-pro-score-blueprint,MII_PR_PRO_Score_Blueprint,ObservationDefinition,2026.7.0,2027.0.0-ballot.1,identical,0,0,0,0,0,False,,
de.medizininformatikinitiative.kerndatensatz.pros,pros,https://www.medizininformatik-initiative.de/fhir/ext/modul-pro/StructureDefinition/mii-pr-pro-score-instance,MII_PR_PRO_Score_Instance,Observation,2026.0.1,2026.2.0,elements-added,1,0,0,0,0,False,Observation,
de.medizininformatikinitiative.kerndatensatz.pros,pros,https://www.medizininformatik-initiative.de/fhir/ext/modul-pro/StructureDefinition/mii-pr-pro-score-instance,MII_PR_PRO_Score_Instance,Observation,2026.2.0,2026.3.0,elements-removed,0,1,0,0,0,True,,Observation
de.medizininformatikinitiative.kerndatensatz.pros,pros,https://www.medizininformatik-initiative.de/fhir/ext/modul-pro/StructureDefinition/mii-pr-pro-score-instance,MII_PR_PRO_Score_Instance,Observation,2026.3.0,2026.4.1,identical,0,0,0,0,0,False,,
de.medizininformatikinitiative.kerndatensatz.pros,pros,https://www.medizininformatik-initiative.de/fhir/ext/modul-pro/StructureDefinition/mii-pr-pro-score-instance,MII_PR_PRO_Score_Instance,Observation,2026.4.1,2026.5.1,elements-added,1,0,0,0,0,False,Observation,
de.medizininformatikinitiative.kerndatensatz.pros,pros,https://www.medizininformatik-initiative.de/fhir/ext/modul-pro/StructureDefinition/mii-pr-pro-score-instance,MII_PR_PRO_Score_Instance,Observation,2026.5.1,2026.5.2,elements-removed,0,1,0,0,0,True,,Observation
de.medizininformatikinitiative.kerndatensatz.pros,pros,https://www.medizininformatik-initiative.de/fhir/ext/modul-pro/StructureDefinition/mii-pr-pro-score-instance,MII_PR_PRO_Score_Instance,Observation,2026.5.2,2026.6.0,identical,0,0,0,0,0,False,,
de.medizininformatikinitiative.kerndatensatz.pros,pros,https://www.medizininformatik-initiative.de/fhir/ext/modul-pro/StructureDefinition/mii-pr-pro-score-instance,MII_PR_PRO_Score_Instance,Observation,2026.6.0,2026.7.0,identical,0,0,0,0,0,False,,
de.medizininformatikinitiative.kerndatensatz.pros,pros,https://www.medizininformatik-initiative.de/fhir/ext/modul-pro/StructureDefinition/mii-pr-pro-score-instance,MII_PR_PRO_Score_Instance,Observation,2026.7.0,2027.0.0-ballot.1,identical,0,0,0,0,0,False,,
de.medizininformatikinitiative.kerndatensatz.prozedur,prozedur,https://www.medizininformatik-initiative.de/fhir/core/StructureDefinition/Procedure,Prozedur,Procedure,0.9.0,0.9.1,identical,0,0,0,0,0,False,,
de.medizininformatikinitiative.kerndatensatz.prozedur,prozedur,https://www.medizininformatik-initiative.de/fhir/core/StructureDefinition/Procedure,Prozedur,Procedure,0.9.1,0.9.2,identical,0,0,0,0,0,False,,
de.medizininformatikinitiative.kerndatensatz.prozedur,prozedur,https://www.medizininformatik-initiative.de/fhir/core/modul-prozedur/StructureDefinition/Procedure,Prozedur,Procedure,0.9.3,0.9.4,identical,0,0,0,0,0,False,,
de.medizininformatikinitiative.kerndatensatz.prozedur,prozedur,https://www.medizininformatik-initiative.de/fhir/core/modul-prozedur/StructureDefinition/Procedure,Prozedur,Procedure,0.9.4,1.0.0,mixed,1,0,3,0,0,False,Procedure,
de.medizininformatikinitiative.kerndatensatz.prozedur,prozedur,https://www.medizininformatik-initiative.de/fhir/core/modul-prozedur/StructureDefinition/Procedure,Prozedur,Procedure,1.0.0,1.0.1,identical,0,0,0,0,0,False,,
de.medizininformatikinitiative.kerndatensatz.prozedur,prozedur,https://www.medizininformatik-initiative.de/fhir/core/modul-prozedur/StructureDefinition/Procedure,Prozedur,Procedure,1.0.1,1.0.2,modified,0,0,1,0,0,True,,
de.medizininformatikinitiative.kerndatensatz.prozedur,prozedur,https://www.medizininformatik-initiative.de/fhir/core/modul-prozedur/StructureDefinition/Procedure,Prozedur,Procedure,1.0.2,1.0.3,identical,0,0,0,0,0,False,,
de.medizininformatikinitiative.kerndatensatz.prozedur,prozedur,https://www.medizininformatik-initiative.de/fhir/core/modul-prozedur/StructureDefinition/Procedure,Prozedur,Procedure,1.0.3,1.0.4,canonical-only,0,0,0,0,0,False,,
de.medizininformatikinitiative.kerndatensatz.prozedur,prozedur,https://www.medizininformatik-initiative.de/fhir/core/modul-prozedur/StructureDefinition/Procedure,Prozedur,Procedure,1.0.4,1.0.5,canonical-only,0,0,0,0,0,False,,
de.medizininformatikinitiative.kerndatensatz.prozedur,prozedur,https://www.medizininformatik-initiative.de/fhir/core/modul-prozedur/StructureDefinition/Procedure,Prozedur,Procedure,1.0.5,1.0.6,canonical-only,0,0,0,0,0,False,,
de.medizininformatikinitiative.kerndatensatz.prozedur,prozedur,https://www.medizininformatik-initiative.de/fhir/core/modul-prozedur/StructureDefinition/Procedure,Prozedur,Procedure,1.0.6,1.0.7,identical,0,0,0,0,0,False,,
de.medizininformatikinitiative.kerndatensatz.prozedur,prozedur,https://www.medizininformatik-initiative.de/fhir/core/modul-prozedur/StructureDefinition/Procedure,Prozedur,Procedure,1.0.7,1.0.8,canonical-only,0,0,0,0,0,False,,
de.medizininformatikinitiative.kerndatensatz.prozedur,prozedur,https://www.medizininformatik-initiative.de/fhir/core/modul-prozedur/StructureDefinition/Procedure,Prozedur,Procedure,1.0.8,2024.0.0,mixed,2,3,9,2,0,True,Procedure.code.coding:ops.extension:Seitenlokalisation|Procedure.extension:Dokumentationsdatum,Procedure.code.coding:ops.extension|Procedure.code.coding:ops.extension:seitenlokalisation|Procedure.extension:recordedDate
de.medizininformatikinitiative.kerndatensatz.prozedur,prozedur,https://www.medizininformatik-initiative.de/fhir/core/modul-prozedur/StructureDefinition/Procedure,Prozedur,Procedure,2024.0.0,2025.0.0,elements-added,2,0,0,0,0,False,Procedure.performed[x]:performedDateTime|Procedure.performed[x]:performedPeriod,
de.medizininformatikinitiative.kerndatensatz.prozedur,prozedur,https://www.medizininformatik-initiative.de/fhir/core/modul-prozedur/StructureDefinition/Procedure,Prozedur,Procedure,2025.0.0,2025.0.1,mixed,5,0,1,0,0,False,Procedure.bodySite.coding|Procedure.bodySite.coding:snomed-ct|Procedure.bodySite.coding:snomed-ct.code|Procedure.bodySite.coding:snomed-ct.system|Procedure.bodySite.coding:snomed-ct.version,
de.medizininformatikinitiative.kerndatensatz.seltene,seltene,https://www.medizininformatik-initiative.de/fhir/ext/modul-seltene/StructureDefinition/mii-pr-seltene-blutgruppe,MII_PR_Seltene_Blutgruppe,Observation,2026.0.0,2026.0.1,identical,0,0,0,0,0,False,,
de.medizininformatikinitiative.kerndatensatz.seltene,seltene,https://www.medizininformatik-initiative.de/fhir/ext/modul-seltene/StructureDefinition/mii-pr-seltene-blutgruppe,MII_PR_Seltene_Blutgruppe,Observation,2026.0.1,2027.0.0-ballot,modified,0,0,2,0,0,True,,
de.medizininformatikinitiative.kerndatensatz.seltene,seltene,https://www.medizininformatik-initiative.de/fhir/ext/modul-seltene/StructureDefinition/mii-pr-seltene-bodymassindex,MII_PR_Seltene_Bodymassindex,Observation,2026.0.0,2026.0.1,identical,0,0,0,0,0,False,,
de.medizininformatikinitiative.kerndatensatz.seltene,seltene,https://www.medizininformatik-initiative.de/fhir/ext/modul-seltene/StructureDefinition/mii-pr-seltene-bodymassindex,MII_PR_Seltene_Bodymassindex,Observation,2026.0.1,2027.0.0-ballot,canonical-only,0,0,0,0,0,False,,
de.medizininformatikinitiative.kerndatensatz.seltene,seltene,https://www.medizininformatik-initiative.de/fhir/ext/modul-seltene/StructureDefinition/mii-pr-seltene-clinical-diagnosis,MII_PR_Seltene_ClinicalDiagnosis,Condition,2026.0.0,2026.0.1,identical,0,0,0,0,0,False,,
de.medizininformatikinitiative.kerndatensatz.seltene,seltene,https://www.medizininformatik-initiative.de/fhir/ext/modul-seltene/StructureDefinition/mii-pr-seltene-clinical-diagnosis,MII_PR_Seltene_ClinicalDiagnosis,Condition,2026.0.1,2027.0.0-ballot,elements-removed,0,1,0,0,0,True,,Condition.abatement[x]
de.medizininformatikinitiative.kerndatensatz.seltene,seltene,https://www.medizininformatik-initiative.de/fhir/ext/modul-seltene/StructureDefinition/mii-pr-seltene-clinical-impression,MII_PR_Seltene_ClinicalImpression,ClinicalImpression,2026.0.0,2026.0.1,identical,0,0,0,0,0,False,,
de.medizininformatikinitiative.kerndatensatz.seltene,seltene,https://www.medizininformatik-initiative.de/fhir/ext/modul-seltene/StructureDefinition/mii-pr-seltene-clinical-impression,MII_PR_Seltene_ClinicalImpression,ClinicalImpression,2026.0.1,2027.0.0-ballot,canonical-only,0,0,0,0,0,False,,
de.medizininformatikinitiative.kerndatensatz.seltene,seltene,https://www.medizininformatik-initiative.de/fhir/ext/modul-seltene/StructureDefinition/mii-pr-seltene-familienanamnese,MII_PR_Seltene_Familienanamnese,FamilyMemberHistory,2026.0.0,2026.0.1,identical,0,0,0,0,0,False,,
de.medizininformatikinitiative.kerndatensatz.seltene,seltene,https://www.medizininformatik-initiative.de/fhir/ext/modul-seltene/StructureDefinition/mii-pr-seltene-familienanamnese,MII_PR_Seltene_Familienanamnese,FamilyMemberHistory,2026.0.1,2027.0.0-ballot,elements-added,1,0,0,0,0,False,FamilyMemberHistory.condition.extension,
de.medizininformatikinitiative.kerndatensatz.seltene,seltene,https://www.medizininformatik-initiative.de/fhir/ext/modul-seltene/StructureDefinition/mii-pr-seltene-genetic-diagnosis,MII_PR_Seltene_GeneticDiagnosis,Condition,2026.0.0,2026.0.1,identical,0,0,0,0,0,False,,
de.medizininformatikinitiative.kerndatensatz.seltene,seltene,https://www.medizininformatik-initiative.de/fhir/ext/modul-seltene/StructureDefinition/mii-pr-seltene-genetic-diagnosis,MII_PR_Seltene_GeneticDiagnosis,Condition,2026.0.1,2027.0.0-ballot,elements-removed,0,1,0,0,0,True,,Condition.abatement[x]
de.medizininformatikinitiative.kerndatensatz.seltene,seltene,https://www.medizininformatik-initiative.de/fhir/ext/modul-seltene/StructureDefinition/mii-pr-seltene-hpo-assessment,MII_PR_Seltene_HPO_Assessment,Observation,2026.0.0,2026.0.1,identical,0,0,0,0,0,False,,
de.medizininformatikinitiative.kerndatensatz.seltene,seltene,https://www.medizininformatik-initiative.de/fhir/ext/modul-seltene/StructureDefinition/mii-pr-seltene-hpo-assessment,MII_PR_Seltene_HPO_Assessment,Observation,2026.0.1,2027.0.0-ballot,canonical-only,0,0,0,0,0,False,,
de.medizininformatikinitiative.kerndatensatz.seltene,seltene,https://www.medizininformatik-initiative.de/fhir/ext/modul-seltene/StructureDefinition/mii-pr-seltene-hueftumfang,MII_PR_Seltene_Hueftumfang,Observation,2026.0.0,2026.0.1,identical,0,0,0,0,0,False,,
de.medizininformatikinitiative.kerndatensatz.seltene,seltene,https://www.medizininformatik-initiative.de/fhir/ext/modul-seltene/StructureDefinition/mii-pr-seltene-hueftumfang,MII_PR_Seltene_Hueftumfang,Observation,2026.0.1,2027.0.0-ballot,canonical-only,0,0,0,0,0,False,,
de.medizininformatikinitiative.kerndatensatz.seltene,seltene,https://www.medizininformatik-initiative.de/fhir/ext/modul-seltene/StructureDefinition/mii-pr-seltene-kopfumfang,MII_PR_Seltene_Kopfumfang,Observation,2026.0.0,2026.0.1,mixed,3,10,3,0,3,True,Observation.effective[x]:effectiveDateTime|Observation.value[x]:valueQuantity|Observation.value[x]:valueQuantity.value,Observation.category|Observation.category.coding.code|Observation.category.coding.display|Observation.category.coding.system|Observation.effective[x]|Observation.value[x]|Observation.value[x].code|Observation.value[x].system|Observation.value[x].unit|Observation.value[x].value
de.medizininformatikinitiative.kerndatensatz.seltene,seltene,https://www.medizininformatik-initiative.de/fhir/ext/modul-seltene/StructureDefinition/mii-pr-seltene-kopfumfang,MII_PR_Seltene_Kopfumfang,Observation,2026.0.1,2027.0.0-ballot,mixed,1,0,1,0,0,True,Observation.effective[x],
de.medizininformatikinitiative.kerndatensatz.seltene,seltene,https://www.medizininformatik-initiative.de/fhir/ext/modul-seltene/StructureDefinition/mii-pr-seltene-studieneinschluss-anfrage,MII_PR_Seltene_Studieneinschluss_Anfrage,ServiceRequest,2026.0.0,2026.0.1,elements-added,1,0,0,0,0,False,ServiceRequest.extension,
de.medizininformatikinitiative.kerndatensatz.seltene,seltene,https://www.medizininformatik-initiative.de/fhir/ext/modul-seltene/StructureDefinition/mii-pr-seltene-studieneinschluss-anfrage,MII_PR_Seltene_Studieneinschluss_Anfrage,ServiceRequest,2026.0.1,2027.0.0-ballot,elements-added,1,0,0,0,0,False,ServiceRequest,
de.medizininformatikinitiative.kerndatensatz.seltene,seltene,https://www.medizininformatik-initiative.de/fhir/ext/modul-seltene/StructureDefinition/mii-pr-seltene-symptom-condition,MII_PR_Seltene_Symptom_Condition,Condition,2026.0.0,2026.0.1,identical,0,0,0,0,0,False,,
de.medizininformatikinitiative.kerndatensatz.seltene,seltene,https://www.medizininformatik-initiative.de/fhir/ext/modul-seltene/StructureDefinition/mii-pr-seltene-symptom-condition,MII_PR_Seltene_Symptom_Condition,Condition,2026.0.1,2027.0.0-ballot,canonical-only,0,0,0,0,0,False,,
de.medizininformatikinitiative.kerndatensatz.seltene,seltene,https://www.medizininformatik-initiative.de/fhir/ext/modul-seltene/StructureDefinition/mii-pr-seltene-taillenumfang,MII_PR_Seltene_Taillenumfang,Observation,2026.0.0,2026.0.1,identical,0,0,0,0,0,False,,
de.medizininformatikinitiative.kerndatensatz.seltene,seltene,https://www.medizininformatik-initiative.de/fhir/ext/modul-seltene/StructureDefinition/mii-pr-seltene-taillenumfang,MII_PR_Seltene_Taillenumfang,Observation,2026.0.1,2027.0.0-ballot,canonical-only,0,0,0,0,0,False,,
de.medizininformatikinitiative.kerndatensatz.seltene,seltene,https://www.medizininformatik-initiative.de/fhir/ext/modul-seltene/StructureDefinition/mii-pr-seltene-therapie-durchgefuehrt,MII_PR_Seltene_TherapieDurchgefuehrt,Procedure,2026.0.0,2026.0.1,identical,0,0,0,0,0,False,,
de.medizininformatikinitiative.kerndatensatz.seltene,seltene,https://www.medizininformatik-initiative.de/fhir/ext/modul-seltene/StructureDefinition/mii-pr-seltene-therapie-durchgefuehrt,MII_PR_Seltene_TherapieDurchgefuehrt,Procedure,2026.0.1,2027.0.0-ballot,elements-added,1,0,0,0,0,False,Procedure,
de.medizininformatikinitiative.kerndatensatz.seltene,seltene,https://www.medizininformatik-initiative.de/fhir/ext/modul-seltene/StructureDefinition/mii-pr-seltene-therapieempfehlung,MII_PR_Seltene_Therapieempfehlung,MedicationRequest,2026.0.0,2026.0.1,identical,0,0,0,0,0,False,,
de.medizininformatikinitiative.kerndatensatz.seltene,seltene,https://www.medizininformatik-initiative.de/fhir/ext/modul-seltene/StructureDefinition/mii-pr-seltene-therapieempfehlung,MII_PR_Seltene_Therapieempfehlung,MedicationRequest,2026.0.1,2027.0.0-ballot,mixed,2,1,0,0,0,True,MedicationRequest|MedicationRequest.extension,MedicationRequest.extension:Evidenzgraduierung
de.medizininformatikinitiative.kerndatensatz.seltene,seltene,https://www.medizininformatik-initiative.de/fhir/ext/modul-seltene/StructureDefinition/mii-pr-seltene-therapieempfehlung-kombination,MII_PR_Seltene_Therapieempfehlung_Kombination,RequestGroup,2026.0.0,2026.0.1,elements-added,1,0,0,0,0,False,RequestGroup.extension,
de.medizininformatikinitiative.kerndatensatz.seltene,seltene,https://www.medizininformatik-initiative.de/fhir/ext/modul-seltene/StructureDefinition/mii-pr-seltene-therapieempfehlung-kombination,MII_PR_Seltene_Therapieempfehlung_Kombination,RequestGroup,2026.0.1,2027.0.0-ballot,mixed,1,1,0,0,0,True,RequestGroup,RequestGroup.extension:Evidenzgraduierung
de.medizininformatikinitiative.kerndatensatz.seltene,seltene,https://www.medizininformatik-initiative.de/fhir/ext/modul-seltene/StructureDefinition/mii-pr-seltene-therapieempfehlung-nicht-medikamentoes,MII_PR_Seltene_TherapieempfehlungNichtMedikamentoes,ServiceRequest,2026.0.0,2026.0.1,elements-added,1,0,0,0,0,False,ServiceRequest.extension,
de.medizininformatikinitiative.kerndatensatz.seltene,seltene,https://www.medizininformatik-initiative.de/fhir/ext/modul-seltene/StructureDefinition/mii-pr-seltene-therapieempfehlung-nicht-medikamentoes,MII_PR_Seltene_TherapieempfehlungNichtMedikamentoes,ServiceRequest,2026.0.1,2027.0.0-ballot,mixed,1,1,0,0,0,True,ServiceRequest,ServiceRequest.extension:Evidenzgraduierung
de.medizininformatikinitiative.kerndatensatz.seltene,seltene,https://www.medizininformatik-initiative.de/fhir/ext/modul-seltene/StructureDefinition/mii-pr-seltene-therapieplan,MII_PR_Seltene_Therapieplan,CarePlan,2026.0.0,2026.0.1,identical,0,0,0,0,0,False,,
de.medizininformatikinitiative.kerndatensatz.seltene,seltene,https://www.medizininformatik-initiative.de/fhir/ext/modul-seltene/StructureDefinition/mii-pr-seltene-therapieplan,MII_PR_Seltene_Therapieplan,CarePlan,2026.0.1,2027.0.0-ballot,elements-added,1,0,0,0,0,False,CarePlan,
de.medizininformatikinitiative.kerndatensatz.studie,studie,https://www.medizininformatik-initiative.de/fhir/modul-studie/StructureDefinition/mii-pr-studie-beteiligte-person,MII_PR_Studie_Beteiligte_Person,PractitionerRole,0.0.1,0.0.2,identical,0,0,0,0,0,False,,
de.medizininformatikinitiative.kerndatensatz.studie,studie,https://www.medizininformatik-initiative.de/fhir/modul-studie/StructureDefinition/mii-pr-studie-beteiligte-person,MII_PR_Studie_Beteiligte_Person,PractitionerRole,0.0.2,0.0.3,identical,0,0,0,0,0,False,,
de.medizininformatikinitiative.kerndatensatz.studie,studie,https://www.medizininformatik-initiative.de/fhir/modul-studie/StructureDefinition/mii-pr-studie-beteiligte-person,MII_PR_Studie_Beteiligte_Person,PractitionerRole,0.0.3,0.0.4,identical,0,0,0,0,0,False,,
de.medizininformatikinitiative.kerndatensatz.studie,studie,https://www.medizininformatik-initiative.de/fhir/modul-studie/StructureDefinition/mii-pr-studie-beteiligte-person,MII_PR_Studie_Beteiligte_Person,PractitionerRole,0.0.4,0.0.5,identical,0,0,0,0,0,False,,
de.medizininformatikinitiative.kerndatensatz.studie,studie,https://www.medizininformatik-initiative.de/fhir/modul-studie/StructureDefinition/mii-pr-studie-beteiligte-person,MII_PR_Studie_Beteiligte_Person,PractitionerRole,0.0.5,0.0.6,identical,0,0,0,0,0,False,,
de.medizininformatikinitiative.kerndatensatz.studie,studie,https://www.medizininformatik-initiative.de/fhir/modul-studie/StructureDefinition/mii-pr-studie-beteiligte-person,MII_PR_Studie_Beteiligte_Person,PractitionerRole,0.0.6,1.0.0,identical,0,0,0,0,0,False,,
de.medizininformatikinitiative.kerndatensatz.studie,studie,https://www.medizininformatik-initiative.de/fhir/modul-studie/StructureDefinition/mii-pr-studie-beteiligte-person,MII_PR_Studie_Beteiligte_Person,PractitionerRole,1.0.0,2025.0.0,identical,0,0,0,0,0,False,,
de.medizininformatikinitiative.kerndatensatz.studie,studie,https://www.medizininformatik-initiative.de/fhir/modul-studie/StructureDefinition/mii-pr-studie-beteiligte-person,MII_PR_Studie_Beteiligte_Person,PractitionerRole,2025.0.0,2026.0.0,canonical-only,0,0,0,0,0,False,,
de.medizininformatikinitiative.kerndatensatz.studie,studie,https://www.medizininformatik-initiative.de/fhir/modul-studie/StructureDefinition/mii-pr-studie-beteiligte-person,MII_PR_Studie_Beteiligte_Person,PractitionerRole,2026.0.0,2026.0.1,identical,0,0,0,0,0,False,,
de.medizininformatikinitiative.kerndatensatz.studie,studie,https://www.medizininformatik-initiative.de/fhir/modul-studie/StructureDefinition/mii-pr-studie-beteiligte-person,MII_PR_Studie_Beteiligte_Person,PractitionerRole,2026.0.1,2026.0.2,identical,0,0,0,0,0,False,,
de.medizininformatikinitiative.kerndatensatz.studie,studie,https://www.medizininformatik-initiative.de/fhir/modul-studie/StructureDefinition/mii-pr-studie-beteiligte-person,MII_PR_Studie_Beteiligte_Person,PractitionerRole,2026.0.2,2027.0.0-ballot,elements-added,1,0,0,0,0,False,PractitionerRole,
de.medizininformatikinitiative.kerndatensatz.studie,studie,https://www.medizininformatik-initiative.de/fhir/modul-studie/StructureDefinition/mii-pr-studie-dokument,MII_PR_Studie_Dokument,DocumentReference,0.0.1,0.0.2,elements-added,2,0,0,0,0,False,DocumentReference.context|DocumentReference.context.related,
de.medizininformatikinitiative.kerndatensatz.studie,studie,https://www.medizininformatik-initiative.de/fhir/modul-studie/StructureDefinition/mii-pr-studie-dokument,MII_PR_Studie_Dokument,DocumentReference,0.0.2,0.0.3,identical,0,0,0,0,0,False,,
de.medizininformatikinitiative.kerndatensatz.studie,studie,https://www.medizininformatik-initiative.de/fhir/modul-studie/StructureDefinition/mii-pr-studie-dokument,MII_PR_Studie_Dokument,DocumentReference,0.0.3,0.0.4,identical,0,0,0,0,0,False,,
de.medizininformatikinitiative.kerndatensatz.studie,studie,https://www.medizininformatik-initiative.de/fhir/modul-studie/StructureDefinition/mii-pr-studie-dokument,MII_PR_Studie_Dokument,DocumentReference,0.0.4,0.0.5,identical,0,0,0,0,0,False,,
de.medizininformatikinitiative.kerndatensatz.studie,studie,https://www.medizininformatik-initiative.de/fhir/modul-studie/StructureDefinition/mii-pr-studie-dokument,MII_PR_Studie_Dokument,DocumentReference,0.0.5,0.0.6,identical,0,0,0,0,0,False,,
de.medizininformatikinitiative.kerndatensatz.studie,studie,https://www.medizininformatik-initiative.de/fhir/modul-studie/StructureDefinition/mii-pr-studie-dokument,MII_PR_Studie_Dokument,DocumentReference,0.0.6,1.0.0,identical,0,0,0,0,0,False,,
de.medizininformatikinitiative.kerndatensatz.studie,studie,https://www.medizininformatik-initiative.de/fhir/modul-studie/StructureDefinition/mii-pr-studie-dokument,MII_PR_Studie_Dokument,DocumentReference,1.0.0,2025.0.0,identical,0,0,0,0,0,False,,
de.medizininformatikinitiative.kerndatensatz.studie,studie,https://www.medizininformatik-initiative.de/fhir/modul-studie/StructureDefinition/mii-pr-studie-dokument,MII_PR_Studie_Dokument,DocumentReference,2025.0.0,2026.0.0,canonical-only,0,0,0,0,0,False,,
de.medizininformatikinitiative.kerndatensatz.studie,studie,https://www.medizininformatik-initiative.de/fhir/modul-studie/StructureDefinition/mii-pr-studie-dokument,MII_PR_Studie_Dokument,DocumentReference,2026.0.0,2026.0.1,identical,0,0,0,0,0,False,,
de.medizininformatikinitiative.kerndatensatz.studie,studie,https://www.medizininformatik-initiative.de/fhir/modul-studie/StructureDefinition/mii-pr-studie-dokument,MII_PR_Studie_Dokument,DocumentReference,2026.0.1,2026.0.2,canonical-only,0,0,0,0,0,False,,
de.medizininformatikinitiative.kerndatensatz.studie,studie,https://www.medizininformatik-initiative.de/fhir/modul-studie/StructureDefinition/mii-pr-studie-dokument,MII_PR_Studie_Dokument,DocumentReference,2026.0.2,2027.0.0-ballot,elements-added,1,0,0,0,0,False,DocumentReference,
de.medizininformatikinitiative.kerndatensatz.studie,studie,https://www.medizininformatik-initiative.de/fhir/modul-studie/StructureDefinition/mii-pr-studie-ein-auschluss-kriterium,MII_PR_Studie_EinAuschlussKriterium,EvidenceVariable,0.0.1,0.0.2,canonical-only,0,0,0,0,0,False,,
de.medizininformatikinitiative.kerndatensatz.studie,studie,https://www.medizininformatik-initiative.de/fhir/modul-studie/StructureDefinition/mii-pr-studie-ein-auschluss-kriterium,MII_PR_Studie_EinAuschlussKriterium,EvidenceVariable,0.0.2,0.0.3,identical,0,0,0,0,0,False,,
de.medizininformatikinitiative.kerndatensatz.studie,studie,https://www.medizininformatik-initiative.de/fhir/modul-studie/StructureDefinition/mii-pr-studie-ein-auschluss-kriterium,MII_PR_Studie_EinAuschlussKriterium,EvidenceVariable,0.0.3,0.0.4,mixed,4,4,0,0,0,True,EvidenceVariable.characteristic.definition[x]:definitionCanonical|EvidenceVariable.characteristic.definition[x]:definitionDataRequirement|EvidenceVariable.characteristic.definition[x]:definitionReference|EvidenceVariable.characteristic.definition[x]:definitionTriggerDefinition,EvidenceVariable.characteristic.definitionCanonical|EvidenceVariable.characteristic.definitionDataRequirement|EvidenceVariable.characteristic.definitionReference|EvidenceVariable.characteristic.definitionTriggerDefinition
de.medizininformatikinitiative.kerndatensatz.studie,studie,https://www.medizininformatik-initiative.de/fhir/modul-studie/StructureDefinition/mii-pr-studie-ein-auschluss-kriterium,MII_PR_Studie_EinAuschlussKriterium,EvidenceVariable,0.0.4,0.0.5,identical,0,0,0,0,0,False,,
de.medizininformatikinitiative.kerndatensatz.studie,studie,https://www.medizininformatik-initiative.de/fhir/modul-studie/StructureDefinition/mii-pr-studie-ein-auschluss-kriterium,MII_PR_Studie_EinAuschlussKriterium,EvidenceVariable,0.0.5,0.0.6,identical,0,0,0,0,0,False,,
de.medizininformatikinitiative.kerndatensatz.studie,studie,https://www.medizininformatik-initiative.de/fhir/modul-studie/StructureDefinition/mii-pr-studie-ein-auschluss-kriterium,MII_PR_Studie_EinAuschlussKriterium,EvidenceVariable,0.0.6,1.0.0,identical,0,0,0,0,0,False,,
de.medizininformatikinitiative.kerndatensatz.studie,studie,https://www.medizininformatik-initiative.de/fhir/modul-studie/StructureDefinition/mii-pr-studie-ein-auschluss-kriterium,MII_PR_Studie_EinAuschlussKriterium,EvidenceVariable,1.0.0,2025.0.0,identical,0,0,0,0,0,False,,
de.medizininformatikinitiative.kerndatensatz.studie,studie,https://www.medizininformatik-initiative.de/fhir/modul-studie/StructureDefinition/mii-pr-studie-ein-auschluss-kriterium,MII_PR_Studie_EinAuschlussKriterium,EvidenceVariable,2025.0.0,2026.0.0,canonical-only,0,0,0,0,0,False,,
de.medizininformatikinitiative.kerndatensatz.studie,studie,https://www.medizininformatik-initiative.de/fhir/modul-studie/StructureDefinition/mii-pr-studie-ein-auschluss-kriterium,MII_PR_Studie_EinAuschlussKriterium,EvidenceVariable,2026.0.0,2026.0.1,identical,0,0,0,0,0,False,,
de.medizininformatikinitiative.kerndatensatz.studie,studie,https://www.medizininformatik-initiative.de/fhir/modul-studie/StructureDefinition/mii-pr-studie-ein-auschluss-kriterium,MII_PR_Studie_EinAuschlussKriterium,EvidenceVariable,2026.0.1,2026.0.2,identical,0,0,0,0,0,False,,
de.medizininformatikinitiative.kerndatensatz.studie,studie,https://www.medizininformatik-initiative.de/fhir/modul-studie/StructureDefinition/mii-pr-studie-ein-auschluss-kriterium,MII_PR_Studie_EinAuschlussKriterium,EvidenceVariable,2026.0.2,2027.0.0-ballot,elements-added,1,0,0,0,0,False,EvidenceVariable,
de.medizininformatikinitiative.kerndatensatz.studie,studie,https://www.medizininformatik-initiative.de/fhir/modul-studie/StructureDefinition/mii-pr-studie-proband,MII_PR_Studie_Proband,ResearchSubject,2026.0.0,2026.0.1,identical,0,0,0,0,0,False,,
de.medizininformatikinitiative.kerndatensatz.studie,studie,https://www.medizininformatik-initiative.de/fhir/modul-studie/StructureDefinition/mii-pr-studie-proband,MII_PR_Studie_Proband,ResearchSubject,2026.0.1,2026.0.2,canonical-only,0,0,0,0,0,False,,
de.medizininformatikinitiative.kerndatensatz.studie,studie,https://www.medizininformatik-initiative.de/fhir/modul-studie/StructureDefinition/mii-pr-studie-proband,MII_PR_Studie_Proband,ResearchSubject,2026.0.2,2027.0.0-ballot,elements-added,1,0,0,0,0,False,ResearchSubject,
de.medizininformatikinitiative.kerndatensatz.studie,studie,https://www.medizininformatik-initiative.de/fhir/modul-studie/StructureDefinition/mii-pr-studie-register,MII_PR_Studie_Register,Library,0.0.1,0.0.2,identical,0,0,0,0,0,False,,
de.medizininformatikinitiative.kerndatensatz.studie,studie,https://www.medizininformatik-initiative.de/fhir/modul-studie/StructureDefinition/mii-pr-studie-register,MII_PR_Studie_Register,Library,0.0.2,0.0.3,identical,0,0,0,0,0,False,,
de.medizininformatikinitiative.kerndatensatz.studie,studie,https://www.medizininformatik-initiative.de/fhir/modul-studie/StructureDefinition/mii-pr-studie-register,MII_PR_Studie_Register,Library,0.0.3,0.0.4,identical,0,0,0,0,0,False,,
de.medizininformatikinitiative.kerndatensatz.studie,studie,https://www.medizininformatik-initiative.de/fhir/modul-studie/StructureDefinition/mii-pr-studie-register,MII_PR_Studie_Register,Library,0.0.4,0.0.5,identical,0,0,0,0,0,False,,
de.medizininformatikinitiative.kerndatensatz.studie,studie,https://www.medizininformatik-initiative.de/fhir/modul-studie/StructureDefinition/mii-pr-studie-register,MII_PR_Studie_Register,Library,0.0.5,0.0.6,identical,0,0,0,0,0,False,,
de.medizininformatikinitiative.kerndatensatz.studie,studie,https://www.medizininformatik-initiative.de/fhir/modul-studie/StructureDefinition/mii-pr-studie-register,MII_PR_Studie_Register,Library,0.0.6,1.0.0,elements-removed,0,2,0,0,0,True,,Library.extension|Library.extension:QuellRegister
de.medizininformatikinitiative.kerndatensatz.studie,studie,https://www.medizininformatik-initiative.de/fhir/modul-studie/StructureDefinition/mii-pr-studie-register,MII_PR_Studie_Register,Library,1.0.0,2025.0.0,identical,0,0,0,0,0,False,,
de.medizininformatikinitiative.kerndatensatz.studie,studie,https://www.medizininformatik-initiative.de/fhir/modul-studie/StructureDefinition/mii-pr-studie-register,MII_PR_Studie_Register,Library,2025.0.0,2026.0.0,elements-added,1,0,0,0,0,False,Library.extension:quellRegister,
de.medizininformatikinitiative.kerndatensatz.studie,studie,https://www.medizininformatik-initiative.de/fhir/modul-studie/StructureDefinition/mii-pr-studie-register,MII_PR_Studie_Register,Library,2026.0.0,2026.0.1,identical,0,0,0,0,0,False,,
de.medizininformatikinitiative.kerndatensatz.studie,studie,https://www.medizininformatik-initiative.de/fhir/modul-studie/StructureDefinition/mii-pr-studie-register,MII_PR_Studie_Register,Library,2026.0.1,2026.0.2,identical,0,0,0,0,0,False,,
de.medizininformatikinitiative.kerndatensatz.studie,studie,https://www.medizininformatik-initiative.de/fhir/modul-studie/StructureDefinition/mii-pr-studie-register,MII_PR_Studie_Register,Library,2026.0.2,2027.0.0-ballot,elements-added,2,0,0,0,0,False,Library|Library.extension,
de.medizininformatikinitiative.kerndatensatz.studie,studie,https://www.medizininformatik-initiative.de/fhir/modul-studie/StructureDefinition/mii-pr-studie-studie,MII_PR_Studie_Studie,ResearchStudy,0.0.1,0.0.2,mixed,7,5,0,0,0,True,ResearchStudy.extension:AssociatedParty|ResearchStudy.extension:Eligibility|ResearchStudy.extension:Ethikvotum|ResearchStudy.extension:Rekrutierung|ResearchStudy.extension:Schlagwort|ResearchStudy.extension:Studienfokus|ResearchStudy.extension:Studienregister,ResearchStudy.extension:Rekrutierungsstand|ResearchStudy.extension:RekrutierungsstandDatum|ResearchStudy.extension:RekrutierungsstandGenauigkeit|ResearchStudy.extension:Rekrutierungsstart|ResearchStudy.extension:Rekrutierungsziel
de.medizininformatikinitiative.kerndatensatz.studie,studie,https://www.medizininformatik-initiative.de/fhir/modul-studie/StructureDefinition/mii-pr-studie-studie,MII_PR_Studie_Studie,ResearchStudy,0.0.2,0.0.3,identical,0,0,0,0,0,False,,
de.medizininformatikinitiative.kerndatensatz.studie,studie,https://www.medizininformatik-initiative.de/fhir/modul-studie/StructureDefinition/mii-pr-studie-studie,MII_PR_Studie_Studie,ResearchStudy,0.0.3,0.0.4,identical,0,0,0,0,0,False,,
de.medizininformatikinitiative.kerndatensatz.studie,studie,https://www.medizininformatik-initiative.de/fhir/modul-studie/StructureDefinition/mii-pr-studie-studie,MII_PR_Studie_Studie,ResearchStudy,0.0.4,0.0.5,identical,0,0,0,0,0,False,,
de.medizininformatikinitiative.kerndatensatz.studie,studie,https://www.medizininformatik-initiative.de/fhir/modul-studie/StructureDefinition/mii-pr-studie-studie,MII_PR_Studie_Studie,ResearchStudy,0.0.5,0.0.6,identical,0,0,0,0,0,False,,
de.medizininformatikinitiative.kerndatensatz.studie,studie,https://www.medizininformatik-initiative.de/fhir/modul-studie/StructureDefinition/mii-pr-studie-studie,MII_PR_Studie_Studie,ResearchStudy,0.0.6,1.0.0,mixed,5,5,1,0,0,True,ResearchStudy.extension:Label|ResearchStudy.focus|ResearchStudy.focus.text|ResearchStudy.keyword|ResearchStudy.keyword.text,ResearchStudy.extension:OeffentlicherTitel|ResearchStudy.extension:Randomisierungsmethode|ResearchStudy.extension:Schlagwort|ResearchStudy.extension:Studienfokus|ResearchStudy.extension:WissenschaftlicherTitel
de.medizininformatikinitiative.kerndatensatz.studie,studie,https://www.medizininformatik-initiative.de/fhir/modul-studie/StructureDefinition/mii-pr-studie-studie,MII_PR_Studie_Studie,ResearchStudy,1.0.0,2025.0.0,identical,0,0,0,0,0,False,,
de.medizininformatikinitiative.kerndatensatz.studie,studie,https://www.medizininformatik-initiative.de/fhir/modul-studie/StructureDefinition/mii-pr-studie-studie,MII_PR_Studie_Studie,ResearchStudy,2025.0.0,2026.0.0,canonical-only,0,0,0,0,0,False,,
de.medizininformatikinitiative.kerndatensatz.studie,studie,https://www.medizininformatik-initiative.de/fhir/modul-studie/StructureDefinition/mii-pr-studie-studie,MII_PR_Studie_Studie,ResearchStudy,2026.0.0,2026.0.1,identical,0,0,0,0,0,False,,
de.medizininformatikinitiative.kerndatensatz.studie,studie,https://www.medizininformatik-initiative.de/fhir/modul-studie/StructureDefinition/mii-pr-studie-studie,MII_PR_Studie_Studie,ResearchStudy,2026.0.1,2026.0.2,identical,0,0,0,0,0,False,,
de.medizininformatikinitiative.kerndatensatz.studie,studie,https://www.medizininformatik-initiative.de/fhir/modul-studie/StructureDefinition/mii-pr-studie-studie,MII_PR_Studie_Studie,ResearchStudy,2026.0.2,2027.0.0-ballot,elements-added,1,0,0,0,0,False,ResearchStudy,
de.medizininformatikinitiative.kerndatensatz.studie,studie,https://www.medizininformatik-initiative.de/fhir/modul-studie/StructureDefinition/mii-pr-studie-studieneinschluss-anfrage,MII_PR_Studie_Studieneinschluss_Anfrage,ServiceRequest,2026.0.0,2026.0.1,identical,0,0,0,0,0,False,,
de.medizininformatikinitiative.kerndatensatz.studie,studie,https://www.medizininformatik-initiative.de/fhir/modul-studie/StructureDefinition/mii-pr-studie-studieneinschluss-anfrage,MII_PR_Studie_Studieneinschluss_Anfrage,ServiceRequest,2026.0.1,2026.0.2,elements-added,1,0,0,0,0,False,ServiceRequest.reasonReference,
de.medizininformatikinitiative.kerndatensatz.studie,studie,https://www.medizininformatik-initiative.de/fhir/modul-studie/StructureDefinition/mii-pr-studie-studieneinschluss-anfrage,MII_PR_Studie_Studieneinschluss_Anfrage,ServiceRequest,2026.0.2,2027.0.0-ballot,elements-added,1,0,0,0,0,False,ServiceRequest,
