module,baseline_version,target_version,profile,profile_status,url,old_url,change,element,field,from,to,tighter
base,2026.0.0,2027.0.0-ballot,MII_PR_Diagnose_Condition,changed,https://www.medizininformatik-initiative.de/fhir/core/modul-diagnose/StructureDefinition/Diagnose,,element-removed,Condition.onset[x]:onsetPeriod,,"Kardinalität max: 1; Must Support: True; Typ: [""Period""]; Slice-Name: onsetPeriod",,
base,2026.0.0,2027.0.0-ballot,MII_PR_Diagnose_Condition,changed,https://www.medizininformatik-initiative.de/fhir/core/modul-diagnose/StructureDefinition/Diagnose,,element-removed,Condition.onset[x]:onsetPeriod.end,,Must Support: True,,
base,2026.0.0,2027.0.0-ballot,MII_PR_Diagnose_Condition,changed,https://www.medizininformatik-initiative.de/fhir/core/modul-diagnose/StructureDefinition/Diagnose,,element-removed,Condition.onset[x]:onsetPeriod.end.extension:lebensphase-bis,,"Kardinalität max: 1; Must Support: True; Typ: [""Extension""]; Typ-Profil: [""http://fhir.de/StructureDefinition/lebensphase""]; Slice-Name: lebensphase-bis",,
base,2026.0.0,2027.0.0-ballot,MII_PR_Diagnose_Condition,changed,https://www.medizininformatik-initiative.de/fhir/core/modul-diagnose/StructureDefinition/Diagnose,,element-removed,Condition.onset[x]:onsetPeriod.start,,Must Support: True,,
base,2026.0.0,2027.0.0-ballot,MII_PR_Diagnose_Condition,changed,https://www.medizininformatik-initiative.de/fhir/core/modul-diagnose/StructureDefinition/Diagnose,,element-removed,Condition.onset[x]:onsetPeriod.start.extension:lebensphase-von,,"Kardinalität max: 1; Must Support: True; Typ: [""Extension""]; Typ-Profil: [""http://fhir.de/StructureDefinition/lebensphase""]; Slice-Name: lebensphase-von",,
base,2026.0.0,2027.0.0-ballot,MII_PR_Diagnose_Condition,changed,https://www.medizininformatik-initiative.de/fhir/core/modul-diagnose/StructureDefinition/Diagnose,,element-added,Condition.abatement[x],,,"Must Support: True; Typ: [""Age"", ""Period"", ""dateTime""]; Slicing-Diskriminator: [{""type"": ""type"", ""path"": ""$this""}]; Slicing-Regel: open",
base,2026.0.0,2027.0.0-ballot,MII_PR_Diagnose_Condition,changed,https://www.medizininformatik-initiative.de/fhir/core/modul-diagnose/StructureDefinition/Diagnose,,element-added,Condition.abatement[x]:abatementAge,,,"Kardinalität max: 1; Must Support: True; Typ: [""Age""]; Slice-Name: abatementAge",
base,2026.0.0,2027.0.0-ballot,MII_PR_Diagnose_Condition,changed,https://www.medizininformatik-initiative.de/fhir/core/modul-diagnose/StructureDefinition/Diagnose,,element-added,Condition.abatement[x]:abatementAge.extension:Lebensphase-Ende,,,"Kardinalität max: 1; Typ: [""Extension""]; Typ-Profil: [""http://fhir.de/StructureDefinition/lebensphase""]; Slice-Name: Lebensphase-Ende",
base,2026.0.0,2027.0.0-ballot,MII_PR_Diagnose_Condition,changed,https://www.medizininformatik-initiative.de/fhir/core/modul-diagnose/StructureDefinition/Diagnose,,element-added,Condition.abatement[x]:abatementAge.extension:Lebensphase-Ende.url,,,Must Support: True,
base,2026.0.0,2027.0.0-ballot,MII_PR_Diagnose_Condition,changed,https://www.medizininformatik-initiative.de/fhir/core/modul-diagnose/StructureDefinition/Diagnose,,element-added,Condition.abatement[x]:abatementAge.extension:Lebensphase-Ende.value[x],,,Must Support: True,
base,2026.0.0,2027.0.0-ballot,MII_PR_Diagnose_Condition,changed,https://www.medizininformatik-initiative.de/fhir/core/modul-diagnose/StructureDefinition/Diagnose,,element-added,Condition.abatement[x]:abatementAge.extension:Lebensphase-Ende.value[x].coding,,,Must Support: True,
base,2026.0.0,2027.0.0-ballot,MII_PR_Diagnose_Condition,changed,https://www.medizininformatik-initiative.de/fhir/core/modul-diagnose/StructureDefinition/Diagnose,,element-added,Condition.abatement[x]:abatementAge.extension:Lebensphase-Ende.value[x].coding.code,,,Must Support: True,
base,2026.0.0,2027.0.0-ballot,MII_PR_Diagnose_Condition,changed,https://www.medizininformatik-initiative.de/fhir/core/modul-diagnose/StructureDefinition/Diagnose,,element-added,Condition.abatement[x]:abatementAge.extension:Lebensphase-Ende.value[x].coding.system,,,Must Support: True,
base,2026.0.0,2027.0.0-ballot,MII_PR_Diagnose_Condition,changed,https://www.medizininformatik-initiative.de/fhir/core/modul-diagnose/StructureDefinition/Diagnose,,element-added,Condition.abatement[x]:abatementDateTime,,,"Kardinalität max: 1; Must Support: True; Typ: [""dateTime""]; Slice-Name: abatementDateTime",
base,2026.0.0,2027.0.0-ballot,MII_PR_Diagnose_Condition,changed,https://www.medizininformatik-initiative.de/fhir/core/modul-diagnose/StructureDefinition/Diagnose,,element-added,Condition.bodySite.extension:bodySite,,,"Kardinalität max: 1; Typ: [""Extension""]; Typ-Profil: [""http://hl7.org/fhir/StructureDefinition/bodySite""]; Slice-Name: bodySite",
base,2026.0.0,2027.0.0-ballot,MII_PR_Diagnose_Condition,changed,https://www.medizininformatik-initiative.de/fhir/core/modul-diagnose/StructureDefinition/Diagnose,,element-added,Condition.clinicalStatus.coding,,,Must Support: True,
base,2026.0.0,2027.0.0-ballot,MII_PR_Diagnose_Condition,changed,https://www.medizininformatik-initiative.de/fhir/core/modul-diagnose/StructureDefinition/Diagnose,,element-added,Condition.clinicalStatus.coding.code,,,Must Support: True,
base,2026.0.0,2027.0.0-ballot,MII_PR_Diagnose_Condition,changed,https://www.medizininformatik-initiative.de/fhir/core/modul-diagnose/StructureDefinition/Diagnose,,element-added,Condition.clinicalStatus.coding.system,,,Must Support: True,
base,2026.0.0,2027.0.0-ballot,MII_PR_Diagnose_Condition,changed,https://www.medizininformatik-initiative.de/fhir/core/modul-diagnose/StructureDefinition/Diagnose,,element-added,Condition.code.coding:alpha-id.version,,,Must Support: True,
base,2026.0.0,2027.0.0-ballot,MII_PR_Diagnose_Condition,changed,https://www.medizininformatik-initiative.de/fhir/core/modul-diagnose/StructureDefinition/Diagnose,,element-added,Condition.code.coding:icd10-gm.extension:Diagnosesicherheit,,,Must Support: True; Slice-Name: Diagnosesicherheit,
base,2026.0.0,2027.0.0-ballot,MII_PR_Diagnose_Condition,changed,https://www.medizininformatik-initiative.de/fhir/core/modul-diagnose/StructureDefinition/Diagnose,,element-added,Condition.code.coding:icd10-gm.extension:Diagnosesicherheit.url,,,Must Support: True,
base,2026.0.0,2027.0.0-ballot,MII_PR_Diagnose_Condition,changed,https://www.medizininformatik-initiative.de/fhir/core/modul-diagnose/StructureDefinition/Diagnose,,element-added,Condition.code.coding:icd10-gm.extension:Diagnosesicherheit.value[x],,,Must Support: True,
base,2026.0.0,2027.0.0-ballot,MII_PR_Diagnose_Condition,changed,https://www.medizininformatik-initiative.de/fhir/core/modul-diagnose/StructureDefinition/Diagnose,,element-added,Condition.code.coding:icd10-gm.extension:Diagnosesicherheit.value[x].code,,,Must Support: True,
base,2026.0.0,2027.0.0-ballot,MII_PR_Diagnose_Condition,changed,https://www.medizininformatik-initiative.de/fhir/core/modul-diagnose/StructureDefinition/Diagnose,,element-added,Condition.code.coding:icd10-gm.extension:Diagnosesicherheit.value[x].system,,,Must Support: True,
base,2026.0.0,2027.0.0-ballot,MII_PR_Diagnose_Condition,changed,https://www.medizininformatik-initiative.de/fhir/core/modul-diagnose/StructureDefinition/Diagnose,,element-added,Condition.code.coding:icd10-gm.extension:Mehrfachcodierungs-Kennzeichen,,,Must Support: True; Slice-Name: Mehrfachcodierungs-Kennzeichen,
base,2026.0.0,2027.0.0-ballot,MII_PR_Diagnose_Condition,changed,https://www.medizininformatik-initiative.de/fhir/core/modul-diagnose/StructureDefinition/Diagnose,,element-added,Condition.code.coding:icd10-gm.extension:Mehrfachcodierungs-Kennzeichen.url,,,Must Support: True,
base,2026.0.0,2027.0.0-ballot,MII_PR_Diagnose_Condition,changed,https://www.medizininformatik-initiative.de/fhir/core/modul-diagnose/StructureDefinition/Diagnose,,element-added,Condition.code.coding:icd10-gm.extension:Mehrfachcodierungs-Kennzeichen.value[x],,,Must Support: True,
base,2026.0.0,2027.0.0-ballot,MII_PR_Diagnose_Condition,changed,https://www.medizininformatik-initiative.de/fhir/core/modul-diagnose/StructureDefinition/Diagnose,,element-added,Condition.code.coding:icd10-gm.extension:Mehrfachcodierungs-Kennzeichen.value[x].code,,,Must Support: True,
base,2026.0.0,2027.0.0-ballot,MII_PR_Diagnose_Condition,changed,https://www.medizininformatik-initiative.de/fhir/core/modul-diagnose/StructureDefinition/Diagnose,,element-added,Condition.code.coding:icd10-gm.extension:Mehrfachcodierungs-Kennzeichen.value[x].system,,,Must Support: True,
base,2026.0.0,2027.0.0-ballot,MII_PR_Diagnose_Condition,changed,https://www.medizininformatik-initiative.de/fhir/core/modul-diagnose/StructureDefinition/Diagnose,,element-added,Condition.code.coding:icd10-gm.extension:Seitenlokalisation,,,Must Support: True; Slice-Name: Seitenlokalisation,
base,2026.0.0,2027.0.0-ballot,MII_PR_Diagnose_Condition,changed,https://www.medizininformatik-initiative.de/fhir/core/modul-diagnose/StructureDefinition/Diagnose,,element-added,Condition.code.coding:icd10-gm.extension:Seitenlokalisation.url,,,Must Support: True,
base,2026.0.0,2027.0.0-ballot,MII_PR_Diagnose_Condition,changed,https://www.medizininformatik-initiative.de/fhir/core/modul-diagnose/StructureDefinition/Diagnose,,element-added,Condition.code.coding:icd10-gm.extension:Seitenlokalisation.value[x],,,Must Support: True,
base,2026.0.0,2027.0.0-ballot,MII_PR_Diagnose_Condition,changed,https://www.medizininformatik-initiative.de/fhir/core/modul-diagnose/StructureDefinition/Diagnose,,element-added,Condition.code.coding:icd10-gm.extension:Seitenlokalisation.value[x].code,,,Must Support: True,
base,2026.0.0,2027.0.0-ballot,MII_PR_Diagnose_Condition,changed,https://www.medizininformatik-initiative.de/fhir/core/modul-diagnose/StructureDefinition/Diagnose,,element-added,Condition.code.coding:icd10-gm.extension:Seitenlokalisation.value[x].system,,,Must Support: True,
base,2026.0.0,2027.0.0-ballot,MII_PR_Diagnose_Condition,changed,https://www.medizininformatik-initiative.de/fhir/core/modul-diagnose/StructureDefinition/Diagnose,,element-added,Condition.encounter.reference,,,Must Support: True,
base,2026.0.0,2027.0.0-ballot,MII_PR_Diagnose_Condition,changed,https://www.medizininformatik-initiative.de/fhir/core/modul-diagnose/StructureDefinition/Diagnose,,element-added,Condition.extension:Feststellungsdatum.url,,,Must Support: True,
base,2026.0.0,2027.0.0-ballot,MII_PR_Diagnose_Condition,changed,https://www.medizininformatik-initiative.de/fhir/core/modul-diagnose/StructureDefinition/Diagnose,,element-added,Condition.extension:Feststellungsdatum.value[x],,,Must Support: True,
base,2026.0.0,2027.0.0-ballot,MII_PR_Diagnose_Condition,changed,https://www.medizininformatik-initiative.de/fhir/core/modul-diagnose/StructureDefinition/Diagnose,,element-added,Condition.extension:ReferenzPrimaerdiagnose.url,,,Must Support: True,
base,2026.0.0,2027.0.0-ballot,MII_PR_Diagnose_Condition,changed,https://www.medizininformatik-initiative.de/fhir/core/modul-diagnose/StructureDefinition/Diagnose,,element-added,Condition.extension:ReferenzPrimaerdiagnose.value[x],,,Must Support: True,
base,2026.0.0,2027.0.0-ballot,MII_PR_Diagnose_Condition,changed,https://www.medizininformatik-initiative.de/fhir/core/modul-diagnose/StructureDefinition/Diagnose,,element-added,Condition.onset[x]:onsetAge.extension:Lebensphase-Beginn.url,,,Must Support: True,
base,2026.0.0,2027.0.0-ballot,MII_PR_Diagnose_Condition,changed,https://www.medizininformatik-initiative.de/fhir/core/modul-diagnose/StructureDefinition/Diagnose,,element-added,Condition.onset[x]:onsetAge.extension:Lebensphase-Beginn.value[x],,,Must Support: True,
base,2026.0.0,2027.0.0-ballot,MII_PR_Diagnose_Condition,changed,https://www.medizininformatik-initiative.de/fhir/core/modul-diagnose/StructureDefinition/Diagnose,,element-added,Condition.onset[x]:onsetAge.extension:Lebensphase-Beginn.value[x].coding,,,Must Support: True,
base,2026.0.0,2027.0.0-ballot,MII_PR_Diagnose_Condition,changed,https://www.medizininformatik-initiative.de/fhir/core/modul-diagnose/StructureDefinition/Diagnose,,element-added,Condition.onset[x]:onsetAge.extension:Lebensphase-Beginn.value[x].coding.code,,,Must Support: True,
base,2026.0.0,2027.0.0-ballot,MII_PR_Diagnose_Condition,changed,https://www.medizininformatik-initiative.de/fhir/core/modul-diagnose/StructureDefinition/Diagnose,,element-added,Condition.onset[x]:onsetAge.extension:Lebensphase-Beginn.value[x].coding.system,,,Must Support: True,
base,2026.0.0,2027.0.0-ballot,MII_PR_Diagnose_Condition,changed,https://www.medizininformatik-initiative.de/fhir/core/modul-diagnose/StructureDefinition/Diagnose,,element-added,Condition.subject.reference,,,Must Support: True,
base,2026.0.0,2027.0.0-ballot,MII_PR_Diagnose_Condition,changed,https://www.medizininformatik-initiative.de/fhir/core/modul-diagnose/StructureDefinition/Diagnose,,element-added,Condition.verificationStatus.coding,,,Must Support: True,
base,2026.0.0,2027.0.0-ballot,MII_PR_Diagnose_Condition,changed,https://www.medizininformatik-initiative.de/fhir/core/modul-diagnose/StructureDefinition/Diagnose,,element-added,Condition.verificationStatus.coding.code,,,Must Support: True,
base,2026.0.0,2027.0.0-ballot,MII_PR_Diagnose_Condition,changed,https://www.medizininformatik-initiative.de/fhir/core/modul-diagnose/StructureDefinition/Diagnose,,element-added,Condition.verificationStatus.coding.system,,,Must Support: True,
base,2026.0.0,2027.0.0-ballot,MII_PR_Fall_KontaktGesundheitseinrichtung,changed,https://www.medizininformatik-initiative.de/fhir/core/modul-fall/StructureDefinition/KontaktGesundheitseinrichtung,,element-added,Encounter.account.identifier,,,Must Support: True,
base,2026.0.0,2027.0.0-ballot,MII_PR_Fall_KontaktGesundheitseinrichtung,changed,https://www.medizininformatik-initiative.de/fhir/core/modul-fall/StructureDefinition/KontaktGesundheitseinrichtung,,element-added,Encounter.account.identifier.system,,,Must Support: True,
base,2026.0.0,2027.0.0-ballot,MII_PR_Fall_KontaktGesundheitseinrichtung,changed,https://www.medizininformatik-initiative.de/fhir/core/modul-fall/StructureDefinition/KontaktGesundheitseinrichtung,,element-added,Encounter.account.identifier.value,,,Must Support: True,
base,2026.0.0,2027.0.0-ballot,MII_PR_Fall_KontaktGesundheitseinrichtung,changed,https://www.medizininformatik-initiative.de/fhir/core/modul-fall/StructureDefinition/KontaktGesundheitseinrichtung,,element-added,Encounter.class.code,,,Must Support: True,
base,2026.0.0,2027.0.0-ballot,MII_PR_Fall_KontaktGesundheitseinrichtung,changed,https://www.medizininformatik-initiative.de/fhir/core/modul-fall/StructureDefinition/KontaktGesundheitseinrichtung,,element-added,Encounter.class.system,,,Must Support: True,
base,2026.0.0,2027.0.0-ballot,MII_PR_Fall_KontaktGesundheitseinrichtung,changed,https://www.medizininformatik-initiative.de/fhir/core/modul-fall/StructureDefinition/KontaktGesundheitseinrichtung,,element-added,Encounter.diagnosis.use.coding:DiagnosesubTyp.code,,,Must Support: True,
base,2026.0.0,2027.0.0-ballot,MII_PR_Fall_KontaktGesundheitseinrichtung,changed,https://www.medizininformatik-initiative.de/fhir/core/modul-fall/StructureDefinition/KontaktGesundheitseinrichtung,,element-added,Encounter.diagnosis.use.coding:DiagnosesubTyp.system,,,Must Support: True,
base,2026.0.0,2027.0.0-ballot,MII_PR_Fall_KontaktGesundheitseinrichtung,changed,https://www.medizininformatik-initiative.de/fhir/core/modul-fall/StructureDefinition/KontaktGesundheitseinrichtung,,element-added,Encounter.diagnosis.use.coding:Diagnosetyp.code,,,Must Support: True,
base,2026.0.0,2027.0.0-ballot,MII_PR_Fall_KontaktGesundheitseinrichtung,changed,https://www.medizininformatik-initiative.de/fhir/core/modul-fall/StructureDefinition/KontaktGesundheitseinrichtung,,element-added,Encounter.diagnosis.use.coding:Diagnosetyp.system,,,Must Support: True,
base,2026.0.0,2027.0.0-ballot,MII_PR_Fall_KontaktGesundheitseinrichtung,changed,https://www.medizininformatik-initiative.de/fhir/core/modul-fall/StructureDefinition/KontaktGesundheitseinrichtung,,element-added,Encounter.extension:Aufnahmegrund.extension:DritteStelle.url,,,Must Support: True,
base,2026.0.0,2027.0.0-ballot,MII_PR_Fall_KontaktGesundheitseinrichtung,changed,https://www.medizininformatik-initiative.de/fhir/core/modul-fall/StructureDefinition/KontaktGesundheitseinrichtung,,element-added,Encounter.extension:Aufnahmegrund.extension:DritteStelle.value[x],,,Must Support: True,
base,2026.0.0,2027.0.0-ballot,MII_PR_Fall_KontaktGesundheitseinrichtung,changed,https://www.medizininformatik-initiative.de/fhir/core/modul-fall/StructureDefinition/KontaktGesundheitseinrichtung,,element-added,Encounter.extension:Aufnahmegrund.extension:ErsteUndZweiteStelle.url,,,Must Support: True,
base,2026.0.0,2027.0.0-ballot,MII_PR_Fall_KontaktGesundheitseinrichtung,changed,https://www.medizininformatik-initiative.de/fhir/core/modul-fall/StructureDefinition/KontaktGesundheitseinrichtung,,element-added,Encounter.extension:Aufnahmegrund.extension:ErsteUndZweiteStelle.value[x],,,Must Support: True,
base,2026.0.0,2027.0.0-ballot,MII_PR_Fall_KontaktGesundheitseinrichtung,changed,https://www.medizininformatik-initiative.de/fhir/core/modul-fall/StructureDefinition/KontaktGesundheitseinrichtung,,element-added,Encounter.extension:Aufnahmegrund.extension:VierteStelle.url,,,Must Support: True,
base,2026.0.0,2027.0.0-ballot,MII_PR_Fall_KontaktGesundheitseinrichtung,changed,https://www.medizininformatik-initiative.de/fhir/core/modul-fall/StructureDefinition/KontaktGesundheitseinrichtung,,element-added,Encounter.extension:Aufnahmegrund.extension:VierteStelle.value[x],,,Must Support: True,
base,2026.0.0,2027.0.0-ballot,MII_PR_Fall_KontaktGesundheitseinrichtung,changed,https://www.medizininformatik-initiative.de/fhir/core/modul-fall/StructureDefinition/KontaktGesundheitseinrichtung,,element-added,Encounter.hospitalization.admitSource.coding,,,Must Support: True,
base,2026.0.0,2027.0.0-ballot,MII_PR_Fall_KontaktGesundheitseinrichtung,changed,https://www.medizininformatik-initiative.de/fhir/core/modul-fall/StructureDefinition/KontaktGesundheitseinrichtung,,element-added,Encounter.hospitalization.admitSource.coding.code,,,Must Support: True,
base,2026.0.0,2027.0.0-ballot,MII_PR_Fall_KontaktGesundheitseinrichtung,changed,https://www.medizininformatik-initiative.de/fhir/core/modul-fall/StructureDefinition/KontaktGesundheitseinrichtung,,element-added,Encounter.hospitalization.admitSource.coding.system,,,Must Support: True,
base,2026.0.0,2027.0.0-ballot,MII_PR_Fall_KontaktGesundheitseinrichtung,changed,https://www.medizininformatik-initiative.de/fhir/core/modul-fall/StructureDefinition/KontaktGesundheitseinrichtung,,element-added,Encounter.hospitalization.dischargeDisposition.extension:Entlassungsgrund.extension:DritteStelle,,,Must Support: True; Slice-Name: DritteStelle,
base,2026.0.0,2027.0.0-ballot,MII_PR_Fall_KontaktGesundheitseinrichtung,changed,https://www.medizininformatik-initiative.de/fhir/core/modul-fall/StructureDefinition/KontaktGesundheitseinrichtung,,element-added,Encounter.hospitalization.dischargeDisposition.extension:Entlassungsgrund.extension:DritteStelle.url,,,Must Support: True,
base,2026.0.0,2027.0.0-ballot,MII_PR_Fall_KontaktGesundheitseinrichtung,changed,https://www.medizininformatik-initiative.de/fhir/core/modul-fall/StructureDefinition/KontaktGesundheitseinrichtung,,element-added,Encounter.hospitalization.dischargeDisposition.extension:Entlassungsgrund.extension:DritteStelle.value[x],,,Must Support: True,
base,2026.0.0,2027.0.0-ballot,MII_PR_Fall_KontaktGesundheitseinrichtung,changed,https://www.medizininformatik-initiative.de/fhir/core/modul-fall/StructureDefinition/KontaktGesundheitseinrichtung,,element-added,Encounter.hospitalization.dischargeDisposition.extension:Entlassungsgrund.extension:ErsteUndZweiteStelle,,,Must Support: True; Slice-Name: ErsteUndZweiteStelle,
base,2026.0.0,2027.0.0-ballot,MII_PR_Fall_KontaktGesundheitseinrichtung,changed,https://www.medizininformatik-initiative.de/fhir/core/modul-fall/StructureDefinition/KontaktGesundheitseinrichtung,,element-added,Encounter.hospitalization.dischargeDisposition.extension:Entlassungsgrund.extension:ErsteUndZweiteStelle.url,,,Must Support: True,
base,2026.0.0,2027.0.0-ballot,MII_PR_Fall_KontaktGesundheitseinrichtung,changed,https://www.medizininformatik-initiative.de/fhir/core/modul-fall/StructureDefinition/KontaktGesundheitseinrichtung,,element-added,Encounter.hospitalization.dischargeDisposition.extension:Entlassungsgrund.extension:ErsteUndZweiteStelle.value[x],,,Must Support: True,
base,2026.0.0,2027.0.0-ballot,MII_PR_Fall_KontaktGesundheitseinrichtung,changed,https://www.medizininformatik-initiative.de/fhir/core/modul-fall/StructureDefinition/KontaktGesundheitseinrichtung,,element-added,Encounter.hospitalization.dischargeDisposition.extension:Entlassungsgrund.url,,,Must Support: True,
base,2026.0.0,2027.0.0-ballot,MII_PR_Fall_KontaktGesundheitseinrichtung,changed,https://www.medizininformatik-initiative.de/fhir/core/modul-fall/StructureDefinition/KontaktGesundheitseinrichtung,,element-added,Encounter.location:Bett.physicalType.coding,,,Must Support: True,
base,2026.0.0,2027.0.0-ballot,MII_PR_Fall_KontaktGesundheitseinrichtung,changed,https://www.medizininformatik-initiative.de/fhir/core/modul-fall/StructureDefinition/KontaktGesundheitseinrichtung,,element-added,Encounter.location:Bett.physicalType.coding.code,,,Must Support: True,
base,2026.0.0,2027.0.0-ballot,MII_PR_Fall_KontaktGesundheitseinrichtung,changed,https://www.medizininformatik-initiative.de/fhir/core/modul-fall/StructureDefinition/KontaktGesundheitseinrichtung,,element-added,Encounter.location:Bett.physicalType.coding.system,,,Must Support: True,
base,2026.0.0,2027.0.0-ballot,MII_PR_Fall_KontaktGesundheitseinrichtung,changed,https://www.medizininformatik-initiative.de/fhir/core/modul-fall/StructureDefinition/KontaktGesundheitseinrichtung,,element-added,Encounter.location:Station.physicalType.coding,,,Must Support: True,
base,2026.0.0,2027.0.0-ballot,MII_PR_Fall_KontaktGesundheitseinrichtung,changed,https://www.medizininformatik-initiative.de/fhir/core/modul-fall/StructureDefinition/KontaktGesundheitseinrichtung,,element-added,Encounter.location:Station.physicalType.coding.code,,,Must Support: True,
base,2026.0.0,2027.0.0-ballot,MII_PR_Fall_KontaktGesundheitseinrichtung,changed,https://www.medizininformatik-initiative.de/fhir/core/modul-fall/StructureDefinition/KontaktGesundheitseinrichtung,,element-added,Encounter.location:Station.physicalType.coding.system,,,Must Support: True,
base,2026.0.0,2027.0.0-ballot,MII_PR_Fall_KontaktGesundheitseinrichtung,changed,https://www.medizininformatik-initiative.de/fhir/core/modul-fall/StructureDefinition/KontaktGesundheitseinrichtung,,element-added,Encounter.location:Zimmer.physicalType.coding,,,Must Support: True,
base,2026.0.0,2027.0.0-ballot,MII_PR_Fall_KontaktGesundheitseinrichtung,changed,https://www.medizininformatik-initiative.de/fhir/core/modul-fall/StructureDefinition/KontaktGesundheitseinrichtung,,element-added,Encounter.location:Zimmer.physicalType.coding.code,,,Must Support: True,
base,2026.0.0,2027.0.0-ballot,MII_PR_Fall_KontaktGesundheitseinrichtung,changed,https://www.medizininformatik-initiative.de/fhir/core/modul-fall/StructureDefinition/KontaktGesundheitseinrichtung,,element-added,Encounter.location:Zimmer.physicalType.coding.system,,,Must Support: True,
base,2026.0.0,2027.0.0-ballot,MII_PR_Fall_KontaktGesundheitseinrichtung,changed,https://www.medizininformatik-initiative.de/fhir/core/modul-fall/StructureDefinition/KontaktGesundheitseinrichtung,,element-added,Encounter.partOf.reference,,,Must Support: True,
base,2026.0.0,2027.0.0-ballot,MII_PR_Fall_KontaktGesundheitseinrichtung,changed,https://www.medizininformatik-initiative.de/fhir/core/modul-fall/StructureDefinition/KontaktGesundheitseinrichtung,,element-added,Encounter.subject.reference,,,Must Support: True,
base,2026.0.0,2027.0.0-ballot,MII_PR_Fall_KontaktGesundheitseinrichtung,changed,https://www.medizininformatik-initiative.de/fhir/core/modul-fall/StructureDefinition/KontaktGesundheitseinrichtung,,element-added,Encounter.type:KontaktArt.coding.code,,,Must Support: True,
base,2026.0.0,2027.0.0-ballot,MII_PR_Fall_KontaktGesundheitseinrichtung,changed,https://www.medizininformatik-initiative.de/fhir/core/modul-fall/StructureDefinition/KontaktGesundheitseinrichtung,,element-added,Encounter.type:KontaktArt.coding.system,,,Must Support: True,
base,2026.0.0,2027.0.0-ballot,MII_PR_Fall_KontaktGesundheitseinrichtung,changed,https://www.medizininformatik-initiative.de/fhir/core/modul-fall/StructureDefinition/KontaktGesundheitseinrichtung,,element-added,Encounter.type:Kontaktebene.coding.code,,,Must Support: True,
base,2026.0.0,2027.0.0-ballot,MII_PR_Fall_KontaktGesundheitseinrichtung,changed,https://www.medizininformatik-initiative.de/fhir/core/modul-fall/StructureDefinition/KontaktGesundheitseinrichtung,,element-added,Encounter.type:Kontaktebene.coding.system,,,Must Support: True,
base,2026.0.0,2027.0.0-ballot,MII_PR_Fall_KontaktGesundheitseinrichtung,changed,https://www.medizininformatik-initiative.de/fhir/core/modul-fall/StructureDefinition/KontaktGesundheitseinrichtung,,field-changed,Encounter.identifier:Aufnahmenummer.type.coding,Must Support,False,True,yes
base,2026.0.0,2027.0.0-ballot,MII_PR_Fall_KontaktGesundheitseinrichtung,changed,https://www.medizininformatik-initiative.de/fhir/core/modul-fall/StructureDefinition/KontaktGesundheitseinrichtung,,field-changed,Encounter.location,Must Support,False,True,yes
base,2026.0.0,2027.0.0-ballot,MII_PR_Fall_KontaktGesundheitseinrichtung,changed,https://www.medizininformatik-initiative.de/fhir/core/modul-fall/StructureDefinition/KontaktGesundheitseinrichtung,,field-changed,Encounter.location:Bett,Must Support,False,True,yes
base,2026.0.0,2027.0.0-ballot,MII_PR_Fall_KontaktGesundheitseinrichtung,changed,https://www.medizininformatik-initiative.de/fhir/core/modul-fall/StructureDefinition/KontaktGesundheitseinrichtung,,field-changed,Encounter.location:Bett.physicalType,Must Support,False,True,yes
base,2026.0.0,2027.0.0-ballot,MII_PR_Fall_KontaktGesundheitseinrichtung,changed,https://www.medizininformatik-initiative.de/fhir/core/modul-fall/StructureDefinition/KontaktGesundheitseinrichtung,,field-changed,Encounter.location:Station,Must Support,False,True,yes
base,2026.0.0,2027.0.0-ballot,MII_PR_Fall_KontaktGesundheitseinrichtung,changed,https://www.medizininformatik-initiative.de/fhir/core/modul-fall/StructureDefinition/KontaktGesundheitseinrichtung,,field-changed,Encounter.location:Station.physicalType,Must Support,False,True,yes
base,2026.0.0,2027.0.0-ballot,MII_PR_Fall_KontaktGesundheitseinrichtung,changed,https://www.medizininformatik-initiative.de/fhir/core/modul-fall/StructureDefinition/KontaktGesundheitseinrichtung,,field-changed,Encounter.location:Zimmer,Must Support,False,True,yes
base,2026.0.0,2027.0.0-ballot,MII_PR_Fall_KontaktGesundheitseinrichtung,changed,https://www.medizininformatik-initiative.de/fhir/core/modul-fall/StructureDefinition/KontaktGesundheitseinrichtung,,field-changed,Encounter.location:Zimmer.physicalType,Must Support,False,True,yes
base,2026.0.0,2027.0.0-ballot,MII_PR_Person_Patient,changed,https://www.medizininformatik-initiative.de/fhir/core/modul-person/StructureDefinition/Patient,,element-added,Patient.address:Postfach.city.extension:gemeindeschluessel.url,,,Must Support: True,
base,2026.0.0,2027.0.0-ballot,MII_PR_Person_Patient,changed,https://www.medizininformatik-initiative.de/fhir/core/modul-person/StructureDefinition/Patient,,element-added,Patient.address:Postfach.city.extension:gemeindeschluessel.value[x],,,Must Support: True,
base,2026.0.0,2027.0.0-ballot,MII_PR_Person_Patient,changed,https://www.medizininformatik-initiative.de/fhir/core/modul-person/StructureDefinition/Patient,,element-added,Patient.address:Postfach.city.extension:gemeindeschluessel.value[x].code,,,Must Support: True,
base,2026.0.0,2027.0.0-ballot,MII_PR_Person_Patient,changed,https://www.medizininformatik-initiative.de/fhir/core/modul-person/StructureDefinition/Patient,,element-added,Patient.address:Postfach.city.extension:gemeindeschluessel.value[x].system,,,Must Support: True,
base,2026.0.0,2027.0.0-ballot,MII_PR_Person_Patient,changed,https://www.medizininformatik-initiative.de/fhir/core/modul-person/StructureDefinition/Patient,,element-added,Patient.address:Strassenanschrift.city.extension:gemeindeschluessel.url,,,Must Support: True,
base,2026.0.0,2027.0.0-ballot,MII_PR_Person_Patient,changed,https://www.medizininformatik-initiative.de/fhir/core/modul-person/StructureDefinition/Patient,,element-added,Patient.address:Strassenanschrift.city.extension:gemeindeschluessel.value[x],,,Must Support: True,
base,2026.0.0,2027.0.0-ballot,MII_PR_Person_Patient,changed,https://www.medizininformatik-initiative.de/fhir/core/modul-person/StructureDefinition/Patient,,element-added,Patient.address:Strassenanschrift.city.extension:gemeindeschluessel.value[x].code,,,Must Support: True,
base,2026.0.0,2027.0.0-ballot,MII_PR_Person_Patient,changed,https://www.medizininformatik-initiative.de/fhir/core/modul-person/StructureDefinition/Patient,,element-added,Patient.address:Strassenanschrift.city.extension:gemeindeschluessel.value[x].system,,,Must Support: True,
base,2026.0.0,2027.0.0-ballot,MII_PR_Person_Patient,changed,https://www.medizininformatik-initiative.de/fhir/core/modul-person/StructureDefinition/Patient,,element-added,Patient.deceased[x]:deceasedBoolean,,,"Kardinalität max: 1; Must Support: True; Typ: [""boolean""]; Slice-Name: deceasedBoolean",
base,2026.0.0,2027.0.0-ballot,MII_PR_Person_Patient,changed,https://www.medizininformatik-initiative.de/fhir/core/modul-person/StructureDefinition/Patient,,element-added,Patient.deceased[x]:deceasedDateTime,,,"Kardinalität max: 1; Must Support: True; Typ: [""dateTime""]; Slice-Name: deceasedDateTime",
base,2026.0.0,2027.0.0-ballot,MII_PR_Person_Patient,changed,https://www.medizininformatik-initiative.de/fhir/core/modul-person/StructureDefinition/Patient,,element-added,Patient.extension:birthPlace,,,"Kardinalität max: 1; Must Support: True; Typ: [""Extension""]; Typ-Profil: [""http://hl7.org/fhir/StructureDefinition/patient-birthPlac…; Slice-Name: birthPlace",
base,2026.0.0,2027.0.0-ballot,MII_PR_Person_Patient,changed,https://www.medizininformatik-initiative.de/fhir/core/modul-person/StructureDefinition/Patient,,element-added,Patient.extension:birthPlace.url,,,Must Support: True,
base,2026.0.0,2027.0.0-ballot,MII_PR_Person_Patient,changed,https://www.medizininformatik-initiative.de/fhir/core/modul-person/StructureDefinition/Patient,,element-added,Patient.extension:birthPlace.value[x],,,Must Support: True,
base,2026.0.0,2027.0.0-ballot,MII_PR_Person_Patient,changed,https://www.medizininformatik-initiative.de/fhir/core/modul-person/StructureDefinition/Patient,,element-added,Patient.extension:birthPlace.value[x].country,,,Must Support: True,
base,2026.0.0,2027.0.0-ballot,MII_PR_Person_Patient,changed,https://www.medizininformatik-initiative.de/fhir/core/modul-person/StructureDefinition/Patient,,element-added,Patient.extension:birthPlace.value[x].country.extension:countryCode,,,"Kardinalität max: 1; Must Support: True; Typ: [""Extension""]; Typ-Profil: [""http://hl7.org/fhir/StructureDefinition/iso21090-codedStr…; Slice-Name: countryCode",
base,2026.0.0,2027.0.0-ballot,MII_PR_Person_Patient,changed,https://www.medizininformatik-initiative.de/fhir/core/modul-person/StructureDefinition/Patient,,element-added,Patient.extension:birthPlace.value[x].country.extension:countryCode.value[x],,,Must Support: True; Binding-Stärke: preferred; Binding-ValueSet: http://hl7.org/fhir/ValueSet/iso3166-1-2,
base,2026.0.0,2027.0.0-ballot,MII_PR_Person_Patient,changed,https://www.medizininformatik-initiative.de/fhir/core/modul-person/StructureDefinition/Patient,,element-added,Patient.extension:birthPlace.value[x].country.extension:countryCode.value[x].code,,,Must Support: True,
base,2026.0.0,2027.0.0-ballot,MII_PR_Person_Patient,changed,https://www.medizininformatik-initiative.de/fhir/core/modul-person/StructureDefinition/Patient,,element-added,Patient.extension:birthPlace.value[x].country.extension:countryCode.value[x].system,,,Must Support: True,
base,2026.0.0,2027.0.0-ballot,MII_PR_Person_Patient,changed,https://www.medizininformatik-initiative.de/fhir/core/modul-person/StructureDefinition/Patient,,element-added,Patient.extension:patient-citizenship,,,"Kardinalität max: *; Must Support: True; Typ: [""Extension""]; Typ-Profil: [""http://hl7.org/fhir/StructureDefinition/patient-citizensh…; Slice-Name: patient-citizenship",
base,2026.0.0,2027.0.0-ballot,MII_PR_Person_Patient,changed,https://www.medizininformatik-initiative.de/fhir/core/modul-person/StructureDefinition/Patient,,element-added,Patient.extension:patient-citizenship.extension:code,,,Must Support: True; Slice-Name: code,
base,2026.0.0,2027.0.0-ballot,MII_PR_Person_Patient,changed,https://www.medizininformatik-initiative.de/fhir/core/modul-person/StructureDefinition/Patient,,element-added,Patient.extension:patient-citizenship.extension:code.url,,,Must Support: True,
base,2026.0.0,2027.0.0-ballot,MII_PR_Person_Patient,changed,https://www.medizininformatik-initiative.de/fhir/core/modul-person/StructureDefinition/Patient,,element-added,Patient.extension:patient-citizenship.extension:code.value[x],,,Must Support: True,
base,2026.0.0,2027.0.0-ballot,MII_PR_Person_Patient,changed,https://www.medizininformatik-initiative.de/fhir/core/modul-person/StructureDefinition/Patient,,element-added,Patient.extension:patient-citizenship.extension:code.value[x].coding,,,Must Support: True,
base,2026.0.0,2027.0.0-ballot,MII_PR_Person_Patient,changed,https://www.medizininformatik-initiative.de/fhir/core/modul-person/StructureDefinition/Patient,,element-added,Patient.extension:patient-citizenship.extension:code.value[x].coding.code,,,Must Support: True,
base,2026.0.0,2027.0.0-ballot,MII_PR_Person_Patient,changed,https://www.medizininformatik-initiative.de/fhir/core/modul-person/StructureDefinition/Patient,,element-added,Patient.extension:patient-citizenship.extension:code.value[x].coding.system,,,Must Support: True,
base,2026.0.0,2027.0.0-ballot,MII_PR_Person_Patient,changed,https://www.medizininformatik-initiative.de/fhir/core/modul-person/StructureDefinition/Patient,,element-added,Patient.extension:patient-citizenship.extension:period,,,Must Support: True; Slice-Name: period,
base,2026.0.0,2027.0.0-ballot,MII_PR_Person_Patient,changed,https://www.medizininformatik-initiative.de/fhir/core/modul-person/StructureDefinition/Patient,,element-added,Patient.extension:patient-citizenship.extension:period.url,,,Must Support: True,
base,2026.0.0,2027.0.0-ballot,MII_PR_Person_Patient,changed,https://www.medizininformatik-initiative.de/fhir/core/modul-person/StructureDefinition/Patient,,element-added,Patient.extension:patient-citizenship.extension:period.value[x],,,Must Support: True,
base,2026.0.0,2027.0.0-ballot,MII_PR_Person_Patient,changed,https://www.medizininformatik-initiative.de/fhir/core/modul-person/StructureDefinition/Patient,,element-added,Patient.extension:patient-citizenship.url,,,Must Support: True,
base,2026.0.0,2027.0.0-ballot,MII_PR_Person_Patient,changed,https://www.medizininformatik-initiative.de/fhir/core/modul-person/StructureDefinition/Patient,,element-added,Patient.extension:patient-nationality,,,"Kardinalität max: *; Must Support: True; Typ: [""Extension""]; Typ-Profil: [""http://hl7.org/fhir/StructureDefinition/patient-nationali…; Slice-Name: patient-nationality",
base,2026.0.0,2027.0.0-ballot,MII_PR_Person_Patient,changed,https://www.medizininformatik-initiative.de/fhir/core/modul-person/StructureDefinition/Patient,,element-added,Patient.extension:patient-nationality.extension:code,,,Must Support: True; Slice-Name: code,
base,2026.0.0,2027.0.0-ballot,MII_PR_Person_Patient,changed,https://www.medizininformatik-initiative.de/fhir/core/modul-person/StructureDefinition/Patient,,element-added,Patient.extension:patient-nationality.extension:code.url,,,Must Support: True,
base,2026.0.0,2027.0.0-ballot,MII_PR_Person_Patient,changed,https://www.medizininformatik-initiative.de/fhir/core/modul-person/StructureDefinition/Patient,,element-added,Patient.extension:patient-nationality.extension:code.value[x],,,Must Support: True,
base,2026.0.0,2027.0.0-ballot,MII_PR_Person_Patient,changed,https://www.medizininformatik-initiative.de/fhir/core/modul-person/StructureDefinition/Patient,,element-added,Patient.extension:patient-nationality.extension:code.value[x].coding,,,Must Support: True,
base,2026.0.0,2027.0.0-ballot,MII_PR_Person_Patient,changed,https://www.medizininformatik-initiative.de/fhir/core/modul-person/StructureDefinition/Patient,,element-added,Patient.extension:patient-nationality.extension:code.value[x].coding.code,,,Must Support: True,
base,2026.0.0,2027.0.0-ballot,MII_PR_Person_Patient,changed,https://www.medizininformatik-initiative.de/fhir/core/modul-person/StructureDefinition/Patient,,element-added,Patient.extension:patient-nationality.extension:code.value[x].coding.system,,,Must Support: True,
base,2026.0.0,2027.0.0-ballot,MII_PR_Person_Patient,changed,https://www.medizininformatik-initiative.de/fhir/core/modul-person/StructureDefinition/Patient,,element-added,Patient.extension:patient-nationality.extension:period,,,Must Support: True; Slice-Name: period,
base,2026.0.0,2027.0.0-ballot,MII_PR_Person_Patient,changed,https://www.medizininformatik-initiative.de/fhir/core/modul-person/StructureDefinition/Patient,,element-added,Patient.extension:patient-nationality.extension:period.url,,,Must Support: True,
base,2026.0.0,2027.0.0-ballot,MII_PR_Person_Patient,changed,https://www.medizininformatik-initiative.de/fhir/core/modul-person/StructureDefinition/Patient,,element-added,Patient.extension:patient-nationality.extension:period.value[x],,,Must Support: True,
base,2026.0.0,2027.0.0-ballot,MII_PR_Person_Patient,changed,https://www.medizininformatik-initiative.de/fhir/core/modul-person/StructureDefinition/Patient,,element-added,Patient.extension:patient-nationality.url,,,Must Support: True,
base,2026.0.0,2027.0.0-ballot,MII_PR_Person_Patient,changed,https://www.medizininformatik-initiative.de/fhir/core/modul-person/StructureDefinition/Patient,,element-added,Patient.extension:recordedSexOrGender,,,"Kardinalität max: *; Must Support: True; Typ: [""Extension""]; Typ-Profil: [""http://hl7.org/fhir/StructureDefinition/individual-record…; Slice-Name: recordedSexOrGender",
base,2026.0.0,2027.0.0-ballot,MII_PR_Person_Patient,changed,https://www.medizininformatik-initiative.de/fhir/core/modul-person/StructureDefinition/Patient,,element-added,Patient.extension:recordedSexOrGender.extension:acquisitionDate,,,Must Support: True; Slice-Name: acquisitionDate,
base,2026.0.0,2027.0.0-ballot,MII_PR_Person_Patient,changed,https://www.medizininformatik-initiative.de/fhir/core/modul-person/StructureDefinition/Patient,,element-added,Patient.extension:recordedSexOrGender.extension:acquisitionDate.url,,,Must Support: True,
base,2026.0.0,2027.0.0-ballot,MII_PR_Person_Patient,changed,https://www.medizininformatik-initiative.de/fhir/core/modul-person/StructureDefinition/Patient,,element-added,Patient.extension:recordedSexOrGender.extension:acquisitionDate.value[x],,,Must Support: True,
base,2026.0.0,2027.0.0-ballot,MII_PR_Person_Patient,changed,https://www.medizininformatik-initiative.de/fhir/core/modul-person/StructureDefinition/Patient,,element-added,Patient.extension:recordedSexOrGender.extension:type,,,Must Support: True; Slice-Name: type,
base,2026.0.0,2027.0.0-ballot,MII_PR_Person_Patient,changed,https://www.medizininformatik-initiative.de/fhir/core/modul-person/StructureDefinition/Patient,,element-added,Patient.extension:recordedSexOrGender.extension:type.url,,,Must Support: True,
base,2026.0.0,2027.0.0-ballot,MII_PR_Person_Patient,changed,https://www.medizininformatik-initiative.de/fhir/core/modul-person/StructureDefinition/Patient,,element-added,Patient.extension:recordedSexOrGender.extension:type.value[x],,,Must Support: True,
base,2026.0.0,2027.0.0-ballot,MII_PR_Person_Patient,changed,https://www.medizininformatik-initiative.de/fhir/core/modul-person/StructureDefinition/Patient,,element-added,Patient.extension:recordedSexOrGender.extension:type.value[x].coding,,,Must Support: True,
base,2026.0.0,2027.0.0-ballot,MII_PR_Person_Patient,changed,https://www.medizininformatik-initiative.de/fhir/core/modul-person/StructureDefinition/Patient,,element-added,Patient.extension:recordedSexOrGender.extension:type.value[x].coding.code,,,Must Support: True,
base,2026.0.0,2027.0.0-ballot,MII_PR_Person_Patient,changed,https://www.medizininformatik-initiative.de/fhir/core/modul-person/StructureDefinition/Patient,,element-added,Patient.extension:recordedSexOrGender.extension:type.value[x].coding.system,,,Must Support: True,
base,2026.0.0,2027.0.0-ballot,MII_PR_Person_Patient,changed,https://www.medizininformatik-initiative.de/fhir/core/modul-person/StructureDefinition/Patient,,element-added,Patient.extension:recordedSexOrGender.extension:value,,,Must Support: True; Slice-Name: value,
base,2026.0.0,2027.0.0-ballot,MII_PR_Person_Patient,changed,https://www.medizininformatik-initiative.de/fhir/core/modul-person/StructureDefinition/Patient,,element-added,Patient.extension:recordedSexOrGender.extension:value.url,,,Must Support: True,
base,2026.0.0,2027.0.0-ballot,MII_PR_Person_Patient,changed,https://www.medizininformatik-initiative.de/fhir/core/modul-person/StructureDefinition/Patient,,element-added,Patient.extension:recordedSexOrGender.extension:value.value[x],,,Must Support: True; Binding-Stärke: preferred; Binding-ValueSet: https://www.medizininformatik-initiative.de/fhir/modul-pers…,
base,2026.0.0,2027.0.0-ballot,MII_PR_Person_Patient,changed,https://www.medizininformatik-initiative.de/fhir/core/modul-person/StructureDefinition/Patient,,element-added,Patient.extension:recordedSexOrGender.extension:value.value[x].coding,,,Must Support: True,
base,2026.0.0,2027.0.0-ballot,MII_PR_Person_Patient,changed,https://www.medizininformatik-initiative.de/fhir/core/modul-person/StructureDefinition/Patient,,element-added,Patient.extension:recordedSexOrGender.extension:value.value[x].coding.code,,,Must Support: True,
base,2026.0.0,2027.0.0-ballot,MII_PR_Person_Patient,changed,https://www.medizininformatik-initiative.de/fhir/core/modul-person/StructureDefinition/Patient,,element-added,Patient.extension:recordedSexOrGender.extension:value.value[x].coding.system,,,Must Support: True,
base,2026.0.0,2027.0.0-ballot,MII_PR_Person_Patient,changed,https://www.medizininformatik-initiative.de/fhir/core/modul-person/StructureDefinition/Patient,,element-added,Patient.extension:recordedSexOrGender.url,,,Must Support: True,
base,2026.0.0,2027.0.0-ballot,MII_PR_Person_Patient,changed,https://www.medizininformatik-initiative.de/fhir/core/modul-person/StructureDefinition/Patient,,element-added,Patient.gender.extension:other-amtlich.url,,,Must Support: True,
base,2026.0.0,2027.0.0-ballot,MII_PR_Person_Patient,changed,https://www.medizininformatik-initiative.de/fhir/core/modul-person/StructureDefinition/Patient,,element-added,Patient.gender.extension:other-amtlich.value[x],,,Must Support: True,
base,2026.0.0,2027.0.0-ballot,MII_PR_Person_Patient,changed,https://www.medizininformatik-initiative.de/fhir/core/modul-person/StructureDefinition/Patient,,element-added,Patient.gender.extension:other-amtlich.value[x].code,,,Must Support: True,
base,2026.0.0,2027.0.0-ballot,MII_PR_Person_Patient,changed,https://www.medizininformatik-initiative.de/fhir/core/modul-person/StructureDefinition/Patient,,element-added,Patient.gender.extension:other-amtlich.value[x].system,,,Must Support: True,
base,2026.0.0,2027.0.0-ballot,MII_PR_Person_Patient,changed,https://www.medizininformatik-initiative.de/fhir/core/modul-person/StructureDefinition/Patient,,element-added,Patient.identifier:pid.assigner.identifier,,,Must Support: True,
base,2026.0.0,2027.0.0-ballot,MII_PR_Person_Patient,changed,https://www.medizininformatik-initiative.de/fhir/core/modul-person/StructureDefinition/Patient,,element-added,Patient.identifier:pid.assigner.identifier.type.coding,,,Must Support: True,
base,2026.0.0,2027.0.0-ballot,MII_PR_Person_Patient,changed,https://www.medizininformatik-initiative.de/fhir/core/modul-person/StructureDefinition/Patient,,element-added,Patient.identifier:pid.assigner.identifier.type.coding.code,,,Must Support: True,
base,2026.0.0,2027.0.0-ballot,MII_PR_Person_Patient,changed,https://www.medizininformatik-initiative.de/fhir/core/modul-person/StructureDefinition/Patient,,element-added,Patient.identifier:pid.assigner.identifier.type.coding.system,,,Must Support: True,
base,2026.0.0,2027.0.0-ballot,MII_PR_Person_Patient,changed,https://www.medizininformatik-initiative.de/fhir/core/modul-person/StructureDefinition/Patient,,element-added,Patient.identifier:pid.type.coding,,,Must Support: True,
base,2026.0.0,2027.0.0-ballot,MII_PR_Person_Patient,changed,https://www.medizininformatik-initiative.de/fhir/core/modul-person/StructureDefinition/Patient,,element-added,Patient.identifier:pid.type.coding.code,,,Must Support: True,
base,2026.0.0,2027.0.0-ballot,MII_PR_Person_Patient,changed,https://www.medizininformatik-initiative.de/fhir/core/modul-person/StructureDefinition/Patient,,element-added,Patient.identifier:pid.type.coding.system,,,Must Support: True,
base,2026.0.0,2027.0.0-ballot,MII_PR_Person_Patient,changed,https://www.medizininformatik-initiative.de/fhir/core/modul-person/StructureDefinition/Patient,,element-added,Patient.identifier:versichertenId.assigner.identifier.type.coding,,,Must Support: True,
base,2026.0.0,2027.0.0-ballot,MII_PR_Person_Patient,changed,https://www.medizininformatik-initiative.de/fhir/core/modul-person/StructureDefinition/Patient,,element-added,Patient.identifier:versichertenId.assigner.identifier.type.coding.code,,,Must Support: True,
base,2026.0.0,2027.0.0-ballot,MII_PR_Person_Patient,changed,https://www.medizininformatik-initiative.de/fhir/core/modul-person/StructureDefinition/Patient,,element-added,Patient.identifier:versichertenId.assigner.identifier.type.coding.system,,,Must Support: True,
base,2026.0.0,2027.0.0-ballot,MII_PR_Person_Patient,changed,https://www.medizininformatik-initiative.de/fhir/core/modul-person/StructureDefinition/Patient,,element-added,Patient.identifier:versichertenId.type.coding,,,Must Support: True,
base,2026.0.0,2027.0.0-ballot,MII_PR_Person_Patient,changed,https://www.medizininformatik-initiative.de/fhir/core/modul-person/StructureDefinition/Patient,,element-added,Patient.identifier:versichertenId.type.coding.code,,,Must Support: True,
base,2026.0.0,2027.0.0-ballot,MII_PR_Person_Patient,changed,https://www.medizininformatik-initiative.de/fhir/core/modul-person/StructureDefinition/Patient,,element-added,Patient.identifier:versichertenId.type.coding.system,,,Must Support: True,
base,2026.0.0,2027.0.0-ballot,MII_PR_Person_Patient,changed,https://www.medizininformatik-initiative.de/fhir/core/modul-person/StructureDefinition/Patient,,field-changed,Patient.deceased[x],Slicing-Diskriminator,—,"[{""type"": ""type"", ""path"": ""$this""}]",
base,2026.0.0,2027.0.0-ballot,MII_PR_Person_Patient,changed,https://www.medizininformatik-initiative.de/fhir/core/modul-person/StructureDefinition/Patient,,field-changed,Patient.deceased[x],Slicing-Regel,—,open,
base,2026.0.0,2027.0.0-ballot,MII_PR_Person_PatientPseudonymisiert,changed,https://www.medizininformatik-initiative.de/fhir/core/modul-person/StructureDefinition/PatientPseudonymisiert,,element-added,Patient.extension:birthPlace,,,"Kardinalität max: 1; Typ: [""Extension""]; Typ-Profil: [""http://hl7.org/fhir/StructureDefinition/patient-birthPlac…; Slice-Name: birthPlace",
base,2026.0.0,2027.0.0-ballot,MII_PR_Person_PatientPseudonymisiert,changed,https://www.medizininformatik-initiative.de/fhir/core/modul-person/StructureDefinition/PatientPseudonymisiert,,element-added,Patient.extension:patient-citizenship,,,"Kardinalität max: *; Typ: [""Extension""]; Typ-Profil: [""http://hl7.org/fhir/StructureDefinition/patient-citizensh…; Slice-Name: patient-citizenship",
base,2026.0.0,2027.0.0-ballot,MII_PR_Person_PatientPseudonymisiert,changed,https://www.medizininformatik-initiative.de/fhir/core/modul-person/StructureDefinition/PatientPseudonymisiert,,element-added,Patient.extension:patient-nationality,,,"Kardinalität max: *; Typ: [""Extension""]; Typ-Profil: [""http://hl7.org/fhir/StructureDefinition/patient-nationali…; Slice-Name: patient-nationality",
base,2026.0.0,2027.0.0-ballot,MII_PR_Person_PatientPseudonymisiert,changed,https://www.medizininformatik-initiative.de/fhir/core/modul-person/StructureDefinition/PatientPseudonymisiert,,element-added,Patient.identifier:PseudonymisierterIdentifier.type,,,Kardinalität min: 1; Must Support: True,
base,2026.0.0,2027.0.0-ballot,MII_PR_Person_PatientPseudonymisiert,changed,https://www.medizininformatik-initiative.de/fhir/core/modul-person/StructureDefinition/PatientPseudonymisiert,,element-added,Patient.identifier:PseudonymisierterIdentifier.type.coding,,,"Kardinalität min: 1; Slicing-Diskriminator: [{""type"": ""pattern"", ""path"": ""$this""}]; Slicing-Regel: open",
base,2026.0.0,2027.0.0-ballot,MII_PR_Person_PatientPseudonymisiert,changed,https://www.medizininformatik-initiative.de/fhir/core/modul-person/StructureDefinition/PatientPseudonymisiert,,element-added,Patient.identifier:PseudonymisierterIdentifier.type.coding:mr,,,"Kardinalität max: 1; pattern: {""system"": ""http://terminology.hl7.org/CodeSystem/v2-0203"",…; pattern-Typ: patternCoding; Slice-Name: mr",
base,2026.0.0,2027.0.0-ballot,MII_PR_Person_PatientPseudonymisiert,changed,https://www.medizininformatik-initiative.de/fhir/core/modul-person/StructureDefinition/PatientPseudonymisiert,,element-added,Patient.identifier:PseudonymisierterIdentifier.type.coding:pseuded,,,"Kardinalität min: 1; Kardinalität max: 1; Must Support: True; pattern: {""system"": ""http://terminology.hl7.org/CodeSystem/v3-Observ…; pattern-Typ: patternCoding; Slice-Name: pseuded",
base,2026.0.0,2027.0.0-ballot,MII_PR_Person_Todesursache,changed,https://www.medizininformatik-initiative.de/fhir/core/modul-person/StructureDefinition/Todesursache,,element-added,Condition.category:todesDiagnose.coding:loinc.code,,,Must Support: True,
base,2026.0.0,2027.0.0-ballot,MII_PR_Person_Todesursache,changed,https://www.medizininformatik-initiative.de/fhir/core/modul-person/StructureDefinition/Todesursache,,element-added,Condition.category:todesDiagnose.coding:loinc.system,,,Must Support: True,
base,2026.0.0,2027.0.0-ballot,MII_PR_Person_Todesursache,changed,https://www.medizininformatik-initiative.de/fhir/core/modul-person/StructureDefinition/Todesursache,,element-added,Condition.category:todesDiagnose.coding:snomed.code,,,Must Support: True,
base,2026.0.0,2027.0.0-ballot,MII_PR_Person_Todesursache,changed,https://www.medizininformatik-initiative.de/fhir/core/modul-person/StructureDefinition/Todesursache,,element-added,Condition.category:todesDiagnose.coding:snomed.system,,,Must Support: True,
base,2026.0.0,2027.0.0-ballot,MII_PR_Person_Todesursache,changed,https://www.medizininformatik-initiative.de/fhir/core/modul-person/StructureDefinition/Todesursache,,element-added,Condition.clinicalStatus.coding,,,Must Support: True,
base,2026.0.0,2027.0.0-ballot,MII_PR_Person_Todesursache,changed,https://www.medizininformatik-initiative.de/fhir/core/modul-person/StructureDefinition/Todesursache,,element-added,Condition.clinicalStatus.coding.code,,,Must Support: True,
base,2026.0.0,2027.0.0-ballot,MII_PR_Person_Todesursache,changed,https://www.medizininformatik-initiative.de/fhir/core/modul-person/StructureDefinition/Todesursache,,element-added,Condition.clinicalStatus.coding.system,,,Must Support: True,
base,2026.0.0,2027.0.0-ballot,MII_PR_Person_Todesursache,changed,https://www.medizininformatik-initiative.de/fhir/core/modul-person/StructureDefinition/Todesursache,,element-added,Condition.encounter.reference,,,Must Support: True,
base,2026.0.0,2027.0.0-ballot,MII_PR_Person_Todesursache,changed,https://www.medizininformatik-initiative.de/fhir/core/modul-person/StructureDefinition/Todesursache,,element-added,Condition.subject.reference,,,Must Support: True,
base,2026.0.0,2027.0.0-ballot,MII_PR_Person_Todesursache,changed,https://www.medizininformatik-initiative.de/fhir/core/modul-person/StructureDefinition/Todesursache,,element-added,Condition.verificationStatus.coding,,,Must Support: True,
base,2026.0.0,2027.0.0-ballot,MII_PR_Person_Todesursache,changed,https://www.medizininformatik-initiative.de/fhir/core/modul-person/StructureDefinition/Todesursache,,element-added,Condition.verificationStatus.coding.code,,,Must Support: True,
base,2026.0.0,2027.0.0-ballot,MII_PR_Person_Todesursache,changed,https://www.medizininformatik-initiative.de/fhir/core/modul-person/StructureDefinition/Todesursache,,element-added,Condition.verificationStatus.coding.system,,,Must Support: True,
base,2026.0.0,2027.0.0-ballot,MII_PR_Person_Vitalstatus,changed,https://www.medizininformatik-initiative.de/fhir/core/modul-person/StructureDefinition/Vitalstatus,,element-added,Observation.category:survey.coding,,,Must Support: True,
base,2026.0.0,2027.0.0-ballot,MII_PR_Person_Vitalstatus,changed,https://www.medizininformatik-initiative.de/fhir/core/modul-person/StructureDefinition/Vitalstatus,,element-added,Observation.category:survey.coding.code,,,Must Support: True,
base,2026.0.0,2027.0.0-ballot,MII_PR_Person_Vitalstatus,changed,https://www.medizininformatik-initiative.de/fhir/core/modul-person/StructureDefinition/Vitalstatus,,element-added,Observation.category:survey.coding.system,,,Must Support: True,
base,2026.0.0,2027.0.0-ballot,MII_PR_Person_Vitalstatus,changed,https://www.medizininformatik-initiative.de/fhir/core/modul-person/StructureDefinition/Vitalstatus,,element-added,Observation.encounter.reference,,,Must Support: True,
base,2026.0.0,2027.0.0-ballot,MII_PR_Person_Vitalstatus,changed,https://www.medizininformatik-initiative.de/fhir/core/modul-person/StructureDefinition/Vitalstatus,,element-added,Observation.subject.reference,,,Must Support: True,
base,2026.0.0,2027.0.0-ballot,MII_PR_Prozedur_Procedure,changed,https://www.medizininformatik-initiative.de/fhir/core/modul-prozedur/StructureDefinition/Procedure,,element-added,Procedure.bodySite.extension:bodySite,,,"Kardinalität max: 1; Typ: [""Extension""]; Typ-Profil: [""http://hl7.org/fhir/StructureDefinition/bodySite""]; Slice-Name: bodySite",
base,2026.0.0,2027.0.0-ballot,MII_PR_Prozedur_Procedure,changed,https://www.medizininformatik-initiative.de/fhir/core/modul-prozedur/StructureDefinition/Procedure,,element-added,Procedure.code.coding:ops.extension:Seitenlokalisation.url,,,Must Support: True,
base,2026.0.0,2027.0.0-ballot,MII_PR_Prozedur_Procedure,changed,https://www.medizininformatik-initiative.de/fhir/core/modul-prozedur/StructureDefinition/Procedure,,element-added,Procedure.code.coding:ops.extension:Seitenlokalisation.value[x],,,Must Support: True,
base,2026.0.0,2027.0.0-ballot,MII_PR_Prozedur_Procedure,changed,https://www.medizininformatik-initiative.de/fhir/core/modul-prozedur/StructureDefinition/Procedure,,element-added,Procedure.code.coding:ops.extension:Seitenlokalisation.value[x].code,,,Must Support: True,
base,2026.0.0,2027.0.0-ballot,MII_PR_Prozedur_Procedure,changed,https://www.medizininformatik-initiative.de/fhir/core/modul-prozedur/StructureDefinition/Procedure,,element-added,Procedure.code.coding:ops.extension:Seitenlokalisation.value[x].system,,,Must Support: True,
base,2026.0.0,2027.0.0-ballot,MII_PR_Prozedur_Procedure,changed,https://www.medizininformatik-initiative.de/fhir/core/modul-prozedur/StructureDefinition/Procedure,,element-added,Procedure.encounter.reference,,,Must Support: True,
base,2026.0.0,2027.0.0-ballot,MII_PR_Prozedur_Procedure,changed,https://www.medizininformatik-initiative.de/fhir/core/modul-prozedur/StructureDefinition/Procedure,,element-added,Procedure.extension:Dokumentationsdatum.url,,,Must Support: True,
base,2026.0.0,2027.0.0-ballot,MII_PR_Prozedur_Procedure,changed,https://www.medizininformatik-initiative.de/fhir/core/modul-prozedur/StructureDefinition/Procedure,,element-added,Procedure.extension:Dokumentationsdatum.value[x],,,Must Support: True,
base,2026.0.0,2027.0.0-ballot,MII_PR_Prozedur_Procedure,changed,https://www.medizininformatik-initiative.de/fhir/core/modul-prozedur/StructureDefinition/Procedure,,element-added,Procedure.extension:durchfuehrungsabsicht.url,,,Must Support: True,
base,2026.0.0,2027.0.0-ballot,MII_PR_Prozedur_Procedure,changed,https://www.medizininformatik-initiative.de/fhir/core/modul-prozedur/StructureDefinition/Procedure,,element-added,Procedure.extension:durchfuehrungsabsicht.value[x],,,Must Support: True,
base,2026.0.0,2027.0.0-ballot,MII_PR_Prozedur_Procedure,changed,https://www.medizininformatik-initiative.de/fhir/core/modul-prozedur/StructureDefinition/Procedure,,element-added,Procedure.extension:durchfuehrungsabsicht.value[x].code,,,Must Support: True,
base,2026.0.0,2027.0.0-ballot,MII_PR_Prozedur_Procedure,changed,https://www.medizininformatik-initiative.de/fhir/core/modul-prozedur/StructureDefinition/Procedure,,element-added,Procedure.extension:durchfuehrungsabsicht.value[x].system,,,Must Support: True,
base,2026.0.0,2027.0.0-ballot,MII_PR_Prozedur_Procedure,changed,https://www.medizininformatik-initiative.de/fhir/core/modul-prozedur/StructureDefinition/Procedure,,element-added,Procedure.subject.reference,,,Must Support: True,
base,2026.0.0,2027.0.0-ballot,MII_PR_Prozedur_Procedure,changed,https://www.medizininformatik-initiative.de/fhir/core/modul-prozedur/StructureDefinition/Procedure,,field-changed,Procedure.category.coding,Must Support,False,True,yes
base,2026.0.0,2027.0.0-ballot,MII_PR_Prozedur_Procedure,changed,https://www.medizininformatik-initiative.de/fhir/core/modul-prozedur/StructureDefinition/Procedure,,field-changed,Procedure.performed[x]:performedDateTime,Must Support,False,True,yes
base,2026.0.0,2027.0.0-ballot,MII_PR_Prozedur_Procedure,changed,https://www.medizininformatik-initiative.de/fhir/core/modul-prozedur/StructureDefinition/Procedure,,field-changed,Procedure.performed[x]:performedPeriod,Must Support,False,True,yes
base,2026.0.0,2027.0.0-ballot,MII_PR_Person_AllergieUnvertraeglichkeit,new,https://www.medizininformatik-initiative.de/fhir/modul-person/StructureDefinition/AllergieUnvertraeglichkeit,,profile-new,,,,,
bildgebung,2026.0.0,2027.0.0-ballot.1,MII_PR_Bildgebung_Anforderung_Bildgebung,changed,https://www.medizininformatik-initiative.de/fhir/ext/modul-bildgebung/StructureDefinition/mii-pr-bildgebung-anforderung-bildgebung,,field-changed,ServiceRequest.category.coding:sct,pattern,"{""system"": ""http://snomed.info/sct"", ""code"": ""363679005"", ""display"": ""Imaging (procedure)…","{""system"": ""http://snomed.info/sct"", ""version"": ""http://snomed.info/sct/90000000000020700…",
bildgebung,2026.0.0,2027.0.0-ballot.1,MII_PR_Bildgebung_Anforderung_Bildgebung,changed,https://www.medizininformatik-initiative.de/fhir/ext/modul-bildgebung/StructureDefinition/mii-pr-bildgebung-anforderung-bildgebung,,field-changed,ServiceRequest.code.coding:sct,pattern,"{""system"": ""http://snomed.info/sct""}","{""system"": ""http://snomed.info/sct|http://snomed.info/sct/900000000000207008/version/2026…",
bildgebung,2026.0.0,2027.0.0-ballot.1,MII_PR_Bildgebung_Anforderung_Bildgebung,changed,https://www.medizininformatik-initiative.de/fhir/ext/modul-bildgebung/StructureDefinition/mii-pr-bildgebung-anforderung-bildgebung,,field-changed,ServiceRequest.reasonCode.coding:sct,pattern,"{""system"": ""http://snomed.info/sct""}","{""system"": ""http://snomed.info/sct|http://snomed.info/sct/900000000000207008/version/2026…",
bildgebung,2026.0.0,2027.0.0-ballot.1,MII_PR_Bildgebung_Bildgebungsprozedur,changed,https://www.medizininformatik-initiative.de/fhir/ext/modul-bildgebung/StructureDefinition/mii-pr-bildgebung-bildgebungsprozedur,,element-removed,Procedure.category.coding:sct.display,,pattern: Imaging (procedure); pattern-Typ: patternString,,
bildgebung,2026.0.0,2027.0.0-ballot.1,MII_PR_Bildgebung_Bildgebungsprozedur,changed,https://www.medizininformatik-initiative.de/fhir/ext/modul-bildgebung/StructureDefinition/mii-pr-bildgebung-bildgebungsprozedur,,field-changed,Procedure.category.coding,Must Support,True,False,
bildgebung,2026.0.0,2027.0.0-ballot.1,MII_PR_Bildgebung_Bildgebungsprozedur,changed,https://www.medizininformatik-initiative.de/fhir/ext/modul-bildgebung/StructureDefinition/mii-pr-bildgebung-bildgebungsprozedur,,field-changed,Procedure.category.coding:sct,pattern,"{""system"": ""http://snomed.info/sct"", ""code"": ""363679005""}","{""system"": ""http://snomed.info/sct"", ""version"": ""http://snomed.info/sct/90000000000020700…",
bildgebung,2026.0.0,2027.0.0-ballot.1,MII_PR_Bildgebung_Bildgebungsstudie,changed,https://www.medizininformatik-initiative.de/fhir/ext/modul-bildgebung/StructureDefinition/mii-pr-bildgebung-bildgebungsstudie,,element-added,ImagingStudy.extension:koerpergewicht,,,"Kardinalität max: 1; Typ: [""Extension""]; Typ-Profil: [""https://www.medizininformatik-initiative.de/fhir/ext/modu…; Slice-Name: koerpergewicht",
bildgebung,2026.0.0,2027.0.0-ballot.1,MII_PR_Bildgebung_Bildgebungsstudie,changed,https://www.medizininformatik-initiative.de/fhir/ext/modul-bildgebung/StructureDefinition/mii-pr-bildgebung-bildgebungsstudie,,element-added,ImagingStudy.extension:koerpergroesse,,,"Kardinalität max: 1; Typ: [""Extension""]; Typ-Profil: [""https://www.medizininformatik-initiative.de/fhir/ext/modu…; Slice-Name: koerpergroesse",
bildgebung,2026.0.0,2027.0.0-ballot.1,MII_PR_Bildgebung_Bildgebungsstudie,changed,https://www.medizininformatik-initiative.de/fhir/ext/modul-bildgebung/StructureDefinition/mii-pr-bildgebung-bildgebungsstudie,,field-changed,ImagingStudy.series.instance.sopClass,Binding-Stärke,required,extensible,
bildgebung,2026.0.0,2027.0.0-ballot.1,MII_PR_Bildgebung_Radiologische_Befundungsprozedur,changed,https://www.medizininformatik-initiative.de/fhir/ext/modul-bildgebung/StructureDefinition/mii-pr-bildgebung-radiologische-befundungsprozedur,,element-removed,Procedure.category.coding:sct.display,,pattern: Imaging (procedure); pattern-Typ: patternString,,
bildgebung,2026.0.0,2027.0.0-ballot.1,MII_PR_Bildgebung_Radiologische_Befundungsprozedur,changed,https://www.medizininformatik-initiative.de/fhir/ext/modul-bildgebung/StructureDefinition/mii-pr-bildgebung-radiologische-befundungsprozedur,,element-removed,Procedure.code.coding:sct.display,,pattern: Consultation and report by radiologist (procedure); pattern-Typ: patternString,,
bildgebung,2026.0.0,2027.0.0-ballot.1,MII_PR_Bildgebung_Radiologische_Befundungsprozedur,changed,https://www.medizininformatik-initiative.de/fhir/ext/modul-bildgebung/StructureDefinition/mii-pr-bildgebung-radiologische-befundungsprozedur,,field-changed,Procedure.category.coding,Must Support,True,False,
bildgebung,2026.0.0,2027.0.0-ballot.1,MII_PR_Bildgebung_Radiologische_Befundungsprozedur,changed,https://www.medizininformatik-initiative.de/fhir/ext/modul-bildgebung/StructureDefinition/mii-pr-bildgebung-radiologische-befundungsprozedur,,field-changed,Procedure.category.coding:sct,pattern,"{""system"": ""http://snomed.info/sct"", ""code"": ""363679005""}","{""system"": ""http://snomed.info/sct"", ""version"": ""http://snomed.info/sct/90000000000020700…",
bildgebung,2026.0.0,2027.0.0-ballot.1,MII_PR_Bildgebung_Radiologische_Befundungsprozedur,changed,https://www.medizininformatik-initiative.de/fhir/ext/modul-bildgebung/StructureDefinition/mii-pr-bildgebung-radiologische-befundungsprozedur,,field-changed,Procedure.code.coding:sct,pattern,"{""system"": ""http://snomed.info/sct"", ""code"": ""28191001""}","{""system"": ""http://snomed.info/sct"", ""version"": ""http://snomed.info/sct/90000000000020700…",
bildgebung,2026.0.0,2027.0.0-ballot.1,MII_PR_Bildgebung_Radiologische_Beobachtung,changed,https://www.medizininformatik-initiative.de/fhir/ext/modul-bildgebung/StructureDefinition/mii-pr-bildgebung-radiologische-beobachtung,,element-added,Observation.value[x]:valueCodeableConcept,,,"Kardinalität max: 1; Typ: [""CodeableConcept""]; Slice-Name: valueCodeableConcept",
bildgebung,2026.0.0,2027.0.0-ballot.1,MII_PR_Bildgebung_Radiologische_Beobachtung,changed,https://www.medizininformatik-initiative.de/fhir/ext/modul-bildgebung/StructureDefinition/mii-pr-bildgebung-radiologische-beobachtung,,element-added,Observation.value[x]:valueCodeableConcept.coding.code,,,Kardinalität min: 1; Must Support: True,
bildgebung,2026.0.0,2027.0.0-ballot.1,MII_PR_Bildgebung_Radiologische_Beobachtung,changed,https://www.medizininformatik-initiative.de/fhir/ext/modul-bildgebung/StructureDefinition/mii-pr-bildgebung-radiologische-beobachtung,,element-added,Observation.value[x]:valueCodeableConcept.coding.system,,,Kardinalität min: 1; Must Support: True,
bildgebung,2026.0.0,2027.0.0-ballot.1,MII_PR_Bildgebung_Radiologische_Beobachtung,changed,https://www.medizininformatik-initiative.de/fhir/ext/modul-bildgebung/StructureDefinition/mii-pr-bildgebung-radiologische-beobachtung,,element-added,Observation.value[x]:valueQuantity,,,"Kardinalität max: 1; Typ: [""Quantity""]; Slice-Name: valueQuantity",
bildgebung,2026.0.0,2027.0.0-ballot.1,MII_PR_Bildgebung_Radiologische_Beobachtung,changed,https://www.medizininformatik-initiative.de/fhir/ext/modul-bildgebung/StructureDefinition/mii-pr-bildgebung-radiologische-beobachtung,,element-added,Observation.value[x]:valueQuantity.code,,,Kardinalität min: 1; Must Support: True,
bildgebung,2026.0.0,2027.0.0-ballot.1,MII_PR_Bildgebung_Radiologische_Beobachtung,changed,https://www.medizininformatik-initiative.de/fhir/ext/modul-bildgebung/StructureDefinition/mii-pr-bildgebung-radiologische-beobachtung,,element-added,Observation.value[x]:valueQuantity.system,,,Kardinalität min: 1; Must Support: True,
bildgebung,2026.0.0,2027.0.0-ballot.1,MII_PR_Bildgebung_Radiologische_Beobachtung,changed,https://www.medizininformatik-initiative.de/fhir/ext/modul-bildgebung/StructureDefinition/mii-pr-bildgebung-radiologische-beobachtung,,element-added,Observation.value[x]:valueQuantity.unit,,,Kardinalität min: 1; Must Support: True,
bildgebung,2026.0.0,2027.0.0-ballot.1,MII_PR_Bildgebung_Radiologische_Beobachtung,changed,https://www.medizininformatik-initiative.de/fhir/ext/modul-bildgebung/StructureDefinition/mii-pr-bildgebung-radiologische-beobachtung,,field-changed,Observation.code.coding:sct,pattern,"{""system"": ""http://snomed.info/sct""}","{""system"": ""http://snomed.info/sct|http://snomed.info/sct/900000000000207008/version/2026…",
bildgebung,2026.0.0,2027.0.0-ballot.1,MII_PR_Bildgebung_Radiologische_Beobachtung,changed,https://www.medizininformatik-initiative.de/fhir/ext/modul-bildgebung/StructureDefinition/mii-pr-bildgebung-radiologische-beobachtung,,field-changed,Observation.value[x],Slicing-Diskriminator,—,"[{""type"": ""type"", ""path"": ""$this""}]",
bildgebung,2026.0.0,2027.0.0-ballot.1,MII_PR_Bildgebung_Radiologische_Beobachtung,changed,https://www.medizininformatik-initiative.de/fhir/ext/modul-bildgebung/StructureDefinition/mii-pr-bildgebung-radiologische-beobachtung,,field-changed,Observation.value[x],Slicing-Regel,—,open,
bildgebung,2026.0.0,2027.0.0-ballot.1,MII_PR_Bildgebung_Radiologischer_Befund,changed,https://www.medizininformatik-initiative.de/fhir/ext/modul-bildgebung/StructureDefinition/mii-pr-bildgebung-radiologischer-befund,,element-removed,DiagnosticReport.category.coding:diagnostic-service-sections.code,,Kardinalität min: 1; Must Support: True,,
bildgebung,2026.0.0,2027.0.0-ballot.1,MII_PR_Bildgebung_Radiologischer_Befund,changed,https://www.medizininformatik-initiative.de/fhir/ext/modul-bildgebung/StructureDefinition/mii-pr-bildgebung-radiologischer-befund,,element-removed,DiagnosticReport.category.coding:diagnostic-service-sections.display,,pattern: Radiology; pattern-Typ: patternString,,
bildgebung,2026.0.0,2027.0.0-ballot.1,MII_PR_Bildgebung_Radiologischer_Befund,changed,https://www.medizininformatik-initiative.de/fhir/ext/modul-bildgebung/StructureDefinition/mii-pr-bildgebung-radiologischer-befund,,element-removed,DiagnosticReport.category.coding:diagnostic-service-sections.system,,Kardinalität min: 1; Must Support: True,,
bildgebung,2026.0.0,2027.0.0-ballot.1,MII_PR_Bildgebung_Radiologischer_Befund,changed,https://www.medizininformatik-initiative.de/fhir/ext/modul-bildgebung/StructureDefinition/mii-pr-bildgebung-radiologischer-befund,,element-removed,DiagnosticReport.category.coding:loinc.code,,Kardinalität min: 1; Must Support: True,,
bildgebung,2026.0.0,2027.0.0-ballot.1,MII_PR_Bildgebung_Radiologischer_Befund,changed,https://www.medizininformatik-initiative.de/fhir/ext/modul-bildgebung/StructureDefinition/mii-pr-bildgebung-radiologischer-befund,,element-removed,DiagnosticReport.category.coding:loinc.display,,pattern: Diagnostic imaging study; pattern-Typ: patternString,,
bildgebung,2026.0.0,2027.0.0-ballot.1,MII_PR_Bildgebung_Radiologischer_Befund,changed,https://www.medizininformatik-initiative.de/fhir/ext/modul-bildgebung/StructureDefinition/mii-pr-bildgebung-radiologischer-befund,,element-removed,DiagnosticReport.category.coding:loinc.system,,Kardinalität min: 1; Must Support: True,,
bildgebung,2026.0.0,2027.0.0-ballot.1,MII_PR_Bildgebung_Radiologischer_Befund,changed,https://www.medizininformatik-initiative.de/fhir/ext/modul-bildgebung/StructureDefinition/mii-pr-bildgebung-radiologischer-befund,,element-removed,DiagnosticReport.category.coding:sct.code,,Kardinalität min: 1; Must Support: True,,
bildgebung,2026.0.0,2027.0.0-ballot.1,MII_PR_Bildgebung_Radiologischer_Befund,changed,https://www.medizininformatik-initiative.de/fhir/ext/modul-bildgebung/StructureDefinition/mii-pr-bildgebung-radiologischer-befund,,element-removed,DiagnosticReport.category.coding:sct.display,,pattern: Imaging report (record artifact); pattern-Typ: patternString,,
bildgebung,2026.0.0,2027.0.0-ballot.1,MII_PR_Bildgebung_Radiologischer_Befund,changed,https://www.medizininformatik-initiative.de/fhir/ext/modul-bildgebung/StructureDefinition/mii-pr-bildgebung-radiologischer-befund,,element-removed,DiagnosticReport.category.coding:sct.system,,Kardinalität min: 1; Must Support: True,,
bildgebung,2026.0.0,2027.0.0-ballot.1,MII_PR_Bildgebung_Radiologischer_Befund,changed,https://www.medizininformatik-initiative.de/fhir/ext/modul-bildgebung/StructureDefinition/mii-pr-bildgebung-radiologischer-befund,,field-changed,DiagnosticReport.category.coding:diagnostic-service-sections,pattern,"{""system"": ""http://terminology.hl7.org/CodeSystem/v2-0074"", ""code"": ""RAD""}","{""system"": ""http://terminology.hl7.org/CodeSystem/v2-0074"", ""code"": ""RAD"", ""display"": ""Ra…",
bildgebung,2026.0.0,2027.0.0-ballot.1,MII_PR_Bildgebung_Radiologischer_Befund,changed,https://www.medizininformatik-initiative.de/fhir/ext/modul-bildgebung/StructureDefinition/mii-pr-bildgebung-radiologischer-befund,,field-changed,DiagnosticReport.category.coding:loinc,pattern,"{""system"": ""http://loinc.org"", ""code"": ""18748-4""}","{""system"": ""http://loinc.org"", ""code"": ""18748-4"", ""display"": ""Diagnostic imaging study""}",
bildgebung,2026.0.0,2027.0.0-ballot.1,MII_PR_Bildgebung_Radiologischer_Befund,changed,https://www.medizininformatik-initiative.de/fhir/ext/modul-bildgebung/StructureDefinition/mii-pr-bildgebung-radiologischer-befund,,field-changed,DiagnosticReport.category.coding:sct,pattern,"{""system"": ""http://snomed.info/sct"", ""code"": ""4201000179104""}","{""system"": ""http://snomed.info/sct"", ""version"": ""http://snomed.info/sct/90000000000020700…",
bildgebung,2026.0.0,2027.0.0-ballot.1,MII_PR_Bildgebung_Radiologischer_Befund,changed,https://www.medizininformatik-initiative.de/fhir/ext/modul-bildgebung/StructureDefinition/mii-pr-bildgebung-radiologischer-befund,,field-changed,DiagnosticReport.code.coding:sct,pattern,"{""system"": ""http://snomed.info/sct""}","{""system"": ""http://snomed.info/sct|http://snomed.info/sct/900000000000207008/version/2026…",
bildgebung,2026.0.0,2027.0.0-ballot.1,MII_PR_Bildgebung_Radiologischer_Befund,changed,https://www.medizininformatik-initiative.de/fhir/ext/modul-bildgebung/StructureDefinition/mii-pr-bildgebung-radiologischer-befund,,field-changed,DiagnosticReport.conclusionCode.coding:icd10-gm,Binding-ValueSet,http://fhir.de/ValueSet/bfarm/icd-10-gm,http://fhir.de/CodeSystem/bfarm/icd-10-gm,
bildgebung,2026.0.0,2027.0.0-ballot.1,MII_PR_Bildgebung_Radiologischer_Befund,changed,https://www.medizininformatik-initiative.de/fhir/ext/modul-bildgebung/StructureDefinition/mii-pr-bildgebung-radiologischer-befund,,field-changed,DiagnosticReport.conclusionCode.coding:sct,pattern,"{""system"": ""http://snomed.info/sct""}","{""system"": ""http://snomed.info/sct|http://snomed.info/sct/900000000000207008/version/2026…",
bildgebung,2026.0.0,2027.0.0-ballot.1,MII_PR_Bildgebung_Radiologische_Messung,new,https://www.medizininformatik-initiative.de/fhir/ext/modul-bildgebung/StructureDefinition/mii-pr-bildgebung-radiologische-messung,,profile-new,,,,,
biobank,2026.0.1,2027.0.0-ballot,MII_PR_Biobank_Organization_Sammlung_Biobank,changed,https://www.medizininformatik-initiative.de/fhir/ext/modul-biobank/StructureDefinition/Organization,,field-changed,Organization.extension:beschreibung,Typ-Profil,"[""https://fhir.bbmri-eric.eu/fhir/StructureDefinition/miabis-organization-description-ext…","[""https://fhir.bbmri-eric.eu/StructureDefinition/miabis-organization-description-extensio…",
biobank,2026.0.1,2027.0.0-ballot,MII_PR_Biobank_Organization_Sammlung_Biobank,changed,https://www.medizininformatik-initiative.de/fhir/ext/modul-biobank/StructureDefinition/Organization,,field-changed,Organization.extension:collectionDesign,Typ-Profil,"[""https://fhir.bbmri-eric.eu/fhir/StructureDefinition/miabis-collection-design-extension""]","[""https://fhir.bbmri-eric.eu/StructureDefinition/miabis-collection-design-extension""]",
biobank,2026.0.1,2027.0.0-ballot,MII_PR_Biobank_Organization_Sammlung_Biobank,changed,https://www.medizininformatik-initiative.de/fhir/ext/modul-biobank/StructureDefinition/Organization,,field-changed,Organization.extension:collectionSetting,Typ-Profil,"[""https://fhir.bbmri-eric.eu/fhir/StructureDefinition/miabis-sample-collection-setting-ex…","[""https://fhir.bbmri-eric.eu/StructureDefinition/miabis-sample-collection-setting-extensi…",
biobank,2026.0.1,2027.0.0-ballot,MII_PR_Biobank_Specimen_Bioprobe,changed,https://www.medizininformatik-initiative.de/fhir/ext/modul-biobank/StructureDefinition/Specimen,,element-added,Specimen.processing.extension,,,Kardinalität min: 1,
biobank,2026.0.1,2027.0.0-ballot,MII_PR_Biobank_Specimen_Bioprobe,changed,https://www.medizininformatik-initiative.de/fhir/ext/modul-biobank/StructureDefinition/Specimen,,element-added,Specimen.processing.extension:temperaturbedingungen,,,Kardinalität min: 1; Slice-Name: temperaturbedingungen,
biobank,2026.0.1,2027.0.0-ballot,MII_PR_Biobank_Specimen_Bioprobe,changed,https://www.medizininformatik-initiative.de/fhir/ext/modul-biobank/StructureDefinition/Specimen,,element-added,Specimen.processing:lagerprozess,,,Slice-Name: lagerprozess,
biobank,2026.0.1,2027.0.0-ballot,MII_PR_Biobank_Specimen_Bioprobe,changed,https://www.medizininformatik-initiative.de/fhir/ext/modul-biobank/StructureDefinition/Specimen,,element-added,Specimen.processing:lagerprozess.extension:temperaturbedingungen,,,Kardinalität min: 1; Slice-Name: temperaturbedingungen,
biobank,2026.0.1,2027.0.0-ballot,MII_PR_Biobank_Specimen_Bioprobe,changed,https://www.medizininformatik-initiative.de/fhir/ext/modul-biobank/StructureDefinition/Specimen,,field-changed,Specimen.processing.extension:temperature-miabis,Typ-Profil,"[""https://fhir.bbmri-eric.eu/fhir/StructureDefinition/miabis-sample-storage-temperature-e…","[""https://fhir.bbmri-eric.eu/StructureDefinition/miabis-sample-storage-temperature-extens…",
biobank,2026.0.1,2027.0.0-ballot,MII_PR_Biobank_Specimen_Bioprobe,changed,https://www.medizininformatik-initiative.de/fhir/ext/modul-biobank/StructureDefinition/Specimen,,field-changed,Specimen.type.coding:miabis-type,Binding-ValueSet,https://fhir.bbmri-eric.eu/fhir/ValueSet/miabis-detailed-sample-type-vs,https://fhir.bbmri-eric.eu/ValueSet/miabis-detailed-sample-type-vs,
biobank,2026.0.1,2027.0.0-ballot,MII_PR_Biobank_Specimen_Bioprobe,changed,https://www.medizininformatik-initiative.de/fhir/ext/modul-biobank/StructureDefinition/Specimen,,field-changed,Specimen.type.coding:miabis-type.system,pattern,https://fhir.bbmri-eric.eu/fhir/CodeSystem/miabis-detailed-samply-type-cs,https://fhir.bbmri-eric.eu/CodeSystem/miabis-detailed-samply-type-cs,
biobank,2026.0.1,2027.0.0-ballot,MII_PR_Biobank_Specimen_Bioprobe_Core,changed,https://www.medizininformatik-initiative.de/fhir/ext/modul-biobank/StructureDefinition/SpecimenCore,,element-added,Specimen.extension:focus,,,"Kardinalität max: 1; Must Support: True; Typ: [""Extension""]; Typ-Profil: [""http://hl7.eu/fhir/laboratory/StructureDefinition/specime…; Slice-Name: focus",
biobank,2026.0.1,2027.0.0-ballot,MII_PR_Biobank_Specimen_Bioprobe_Core,changed,https://www.medizininformatik-initiative.de/fhir/ext/modul-biobank/StructureDefinition/SpecimenCore,,element-added,Specimen.extension:infektiositaetsstatus,,,"Kardinalität max: 1; Must Support: True; Typ: [""Extension""]; Typ-Profil: [""https://www.medizininformatik-initiative.de/fhir/ext/modu…; Slice-Name: infektiositaetsstatus",
biobank,2026.0.1,2027.0.0-ballot,MII_PR_Biobank_Specimen_Bioprobe_Core,changed,https://www.medizininformatik-initiative.de/fhir/ext/modul-biobank/StructureDefinition/SpecimenCore,,field-changed,Specimen.processing.extension,Kardinalität min,1,—,
biobank,2026.0.1,2027.0.0-ballot,MII_PR_Biobank_Specimen_Bioprobe_Core,changed,https://www.medizininformatik-initiative.de/fhir/ext/modul-biobank/StructureDefinition/SpecimenCore,,field-changed,Specimen.processing.extension:temperaturbedingungen,Kardinalität min,1,0,
biobank,2026.0.1,2027.0.0-ballot,MII_PR_Biobank_Specimen_Bioprobe_Core,changed,https://www.medizininformatik-initiative.de/fhir/ext/modul-biobank/StructureDefinition/SpecimenCore,,field-changed,Specimen.processing:lagerprozess.extension,Kardinalität min,—,1,
biobank,2026.0.1,2027.0.0-ballot,MII_PR_Biobank_Specimen_Bioprobe_Core,changed,https://www.medizininformatik-initiative.de/fhir/ext/modul-biobank/StructureDefinition/SpecimenCore,,field-changed,Specimen.processing:lagerprozess.extension:temperaturbedingungen,Kardinalität min,1,0,
consent,2026.0.1-rc-2,2027.0.0-ballot,MII_PR_Consent_Einwilligung,changed,https://www.medizininformatik-initiative.de/fhir/modul-consent/StructureDefinition/mii-pr-consent-einwilligung,,element-moved,Consent.category:loinc,,Consent.category:loinc,Consent.category:mii,
consent,2026.0.1-rc-2,2027.0.0-ballot,MII_PR_Consent_Einwilligung,changed,https://www.medizininformatik-initiative.de/fhir/modul-consent/StructureDefinition/mii-pr-consent-einwilligung,,element-moved,Consent.scope,,Consent.scope,Consent.provision.provision.code,
consent,2026.0.1-rc-2,2027.0.0-ballot,MII_PR_Consent_Einwilligung,changed,https://www.medizininformatik-initiative.de/fhir/modul-consent/StructureDefinition/mii-pr-consent-einwilligung,,element-removed,Consent.extension:domainReference,,"Must Support: True; Typ: [""Extension""]; Typ-Profil: [""http://fhir.de/ConsentManagement/StructureDefinition/Doma…; Slice-Name: domainReference",,
consent,2026.0.1-rc-2,2027.0.0-ballot,MII_PR_Consent_Einwilligung,changed,https://www.medizininformatik-initiative.de/fhir/modul-consent/StructureDefinition/mii-pr-consent-einwilligung,,element-removed,Consent.extension:domainReference.extension:domain,,Must Support: True; Slice-Name: domain,,
consent,2026.0.1-rc-2,2027.0.0-ballot,MII_PR_Consent_Einwilligung,changed,https://www.medizininformatik-initiative.de/fhir/modul-consent/StructureDefinition/mii-pr-consent-einwilligung,,element-removed,Consent.organization,,Must Support: True,,
consent,2026.0.1-rc-2,2027.0.0-ballot,MII_PR_Consent_Einwilligung,changed,https://www.medizininformatik-initiative.de/fhir/modul-consent/StructureDefinition/mii-pr-consent-einwilligung,,element-removed,Consent.patient,,"Kardinalität min: 1; Must Support: True; Typ: [""Reference""]; Referenzziel: [""http://fhir.de/ConsentManagement/StructureDefinition/Pati…",,
consent,2026.0.1-rc-2,2027.0.0-ballot,MII_PR_Consent_Einwilligung,changed,https://www.medizininformatik-initiative.de/fhir/modul-consent/StructureDefinition/mii-pr-consent-einwilligung,,element-removed,Consent.policyRule,,Must Support: True,,
consent,2026.0.1-rc-2,2027.0.0-ballot,MII_PR_Consent_Einwilligung,changed,https://www.medizininformatik-initiative.de/fhir/modul-consent/StructureDefinition/mii-pr-consent-einwilligung,,element-removed,Consent.policyRule.extension:xacml,,"Kardinalität max: 1; Must Support: True; Typ: [""Extension""]; Typ-Profil: [""http://fhir.de/ConsentManagement/StructureDefinition/Xacm…; Slice-Name: xacml",,
consent,2026.0.1-rc-2,2027.0.0-ballot,MII_PR_Consent_Einwilligung,changed,https://www.medizininformatik-initiative.de/fhir/modul-consent/StructureDefinition/mii-pr-consent-einwilligung,,element-removed,Consent.provision,,Must Support: True,,
consent,2026.0.1-rc-2,2027.0.0-ballot,MII_PR_Consent_Einwilligung,changed,https://www.medizininformatik-initiative.de/fhir/modul-consent/StructureDefinition/mii-pr-consent-einwilligung,,element-removed,Consent.source[x],,"Must Support: True; Typ: [""Reference""]; Referenzziel: [""http://fhir.de/ConsentManagement/StructureDefinition/Ques…",,
consent,2026.0.1-rc-2,2027.0.0-ballot,MII_PR_Consent_Einwilligung,changed,https://www.medizininformatik-initiative.de/fhir/modul-consent/StructureDefinition/mii-pr-consent-einwilligung,,element-added,Consent.category:consentCategory,,,"Kardinalität min: 1; Kardinalität max: 1; Must Support: True; pattern: {""coding"": [{""system"": ""http://loinc.org"", ""code"": ""57016-8…; pattern-Typ: patternCodeableConcept; Slice-Name: consentCategory",
consent,2026.0.1-rc-2,2027.0.0-ballot,MII_PR_Consent_Einwilligung,changed,https://www.medizininformatik-initiative.de/fhir/modul-consent/StructureDefinition/mii-pr-consent-einwilligung,,element-added,Consent.category:consentCategory.coding,,,Kardinalität min: 1; Kardinalität max: 1; Must Support: True,
consent,2026.0.1-rc-2,2027.0.0-ballot,MII_PR_Consent_Einwilligung,changed,https://www.medizininformatik-initiative.de/fhir/modul-consent/StructureDefinition/mii-pr-consent-einwilligung,,element-added,Consent.category:consentCategory.coding.code,,,Kardinalität min: 1; Must Support: True,
consent,2026.0.1-rc-2,2027.0.0-ballot,MII_PR_Consent_Einwilligung,changed,https://www.medizininformatik-initiative.de/fhir/modul-consent/StructureDefinition/mii-pr-consent-einwilligung,,element-added,Consent.category:consentCategory.coding.system,,,Kardinalität min: 1; Must Support: True,
consent,2026.0.1-rc-2,2027.0.0-ballot,MII_PR_Consent_Einwilligung,changed,https://www.medizininformatik-initiative.de/fhir/modul-consent/StructureDefinition/mii-pr-consent-einwilligung,,element-added,Consent.category:resultType,,,"Kardinalität max: *; Must Support: True; Binding-Stärke: required; Binding-ValueSet: http://fhir.de/ConsentManagement/ValueSet/ResultType; pattern: {""coding"": [{""system"": ""http://fhir.de/ConsentManagement/Co…; pattern-Typ: patternCodeableConcept; Slice-Name: resultType",
consent,2026.0.1-rc-2,2027.0.0-ballot,MII_PR_Consent_Einwilligung,changed,https://www.medizininformatik-initiative.de/fhir/modul-consent/StructureDefinition/mii-pr-consent-einwilligung,,element-added,Consent.category:resultType.coding,,,Kardinalität min: 1; Must Support: True,
consent,2026.0.1-rc-2,2027.0.0-ballot,MII_PR_Consent_Einwilligung,changed,https://www.medizininformatik-initiative.de/fhir/modul-consent/StructureDefinition/mii-pr-consent-einwilligung,,element-added,Consent.category:resultType.coding.code,,,Kardinalität min: 1; Must Support: True,
consent,2026.0.1-rc-2,2027.0.0-ballot,MII_PR_Consent_Einwilligung,changed,https://www.medizininformatik-initiative.de/fhir/modul-consent/StructureDefinition/mii-pr-consent-einwilligung,,element-added,Consent.category:resultType.coding.system,,,Kardinalität min: 1; Must Support: True,
consent,2026.0.1-rc-2,2027.0.0-ballot,MII_PR_Consent_Einwilligung,changed,https://www.medizininformatik-initiative.de/fhir/modul-consent/StructureDefinition/mii-pr-consent-einwilligung,,element-added,Consent.category:templateType,,,"Kardinalität max: *; Must Support: True; Binding-Stärke: extensible; Binding-ValueSet: http://fhir.de/ConsentManagement/ValueSet/TemplateType; pattern: {""coding"": [{""system"": ""http://fhir.de/ConsentManagement/Co…; pattern-Typ: patternCodeableConcept; Slice-Name: templateType",
consent,2026.0.1-rc-2,2027.0.0-ballot,MII_PR_Consent_Einwilligung,changed,https://www.medizininformatik-initiative.de/fhir/modul-consent/StructureDefinition/mii-pr-consent-einwilligung,,element-added,Consent.category:templateType.coding,,,Kardinalität min: 1; Must Support: True,
consent,2026.0.1-rc-2,2027.0.0-ballot,MII_PR_Consent_Einwilligung,changed,https://www.medizininformatik-initiative.de/fhir/modul-consent/StructureDefinition/mii-pr-consent-einwilligung,,element-added,Consent.category:templateType.coding.code,,,Kardinalität min: 1; Must Support: True,
consent,2026.0.1-rc-2,2027.0.0-ballot,MII_PR_Consent_Einwilligung,changed,https://www.medizininformatik-initiative.de/fhir/modul-consent/StructureDefinition/mii-pr-consent-einwilligung,,element-added,Consent.category:templateType.coding.system,,,Kardinalität min: 1; Must Support: True,
consent,2026.0.1-rc-2,2027.0.0-ballot,MII_PR_Consent_Einwilligung,changed,https://www.medizininformatik-initiative.de/fhir/modul-consent/StructureDefinition/mii-pr-consent-einwilligung,,field-changed,Consent.category,Kardinalität max,*,—,
consent,2026.0.1-rc-2,2027.0.0-ballot,MII_PR_Consent_Einwilligung,changed,https://www.medizininformatik-initiative.de/fhir/modul-consent/StructureDefinition/mii-pr-consent-einwilligung,,field-changed,Consent.category,Must Support,True,False,
consent,2026.0.1-rc-2,2027.0.0-ballot,MII_PR_Consent_Einwilligung,changed,https://www.medizininformatik-initiative.de/fhir/modul-consent/StructureDefinition/mii-pr-consent-einwilligung,,field-changed,Consent.dateTime,Kardinalität min,1,—,
consent,2026.0.1-rc-2,2027.0.0-ballot,MII_PR_Consent_Einwilligung,changed,https://www.medizininformatik-initiative.de/fhir/modul-consent/StructureDefinition/mii-pr-consent-einwilligung,,field-changed,Consent.dateTime,Must Support,True,False,
consent,2026.0.1-rc-2,2027.0.0-ballot,MII_PR_Consent_Einwilligung,changed,https://www.medizininformatik-initiative.de/fhir/modul-consent/StructureDefinition/mii-pr-consent-einwilligung,,field-changed,Consent.policy,Must Support,True,False,
consent,2026.0.1-rc-2,2027.0.0-ballot,MII_PR_Consent_Einwilligung,changed,https://www.medizininformatik-initiative.de/fhir/modul-consent/StructureDefinition/mii-pr-consent-einwilligung,,field-changed,Consent.policy.uri,Kardinalität min,1,—,
consent,2026.0.1-rc-2,2027.0.0-ballot,MII_PR_Consent_Einwilligung,changed,https://www.medizininformatik-initiative.de/fhir/modul-consent/StructureDefinition/mii-pr-consent-einwilligung,,field-changed,Consent.policy.uri,Must Support,True,False,
consent,2026.0.1-rc-2,2027.0.0-ballot,MII_PR_Consent_Einwilligung,changed,https://www.medizininformatik-initiative.de/fhir/modul-consent/StructureDefinition/mii-pr-consent-einwilligung,,field-changed,Consent.provision.period,Must Support,True,False,
consent,2026.0.1-rc-2,2027.0.0-ballot,MII_PR_Consent_Einwilligung,changed,https://www.medizininformatik-initiative.de/fhir/modul-consent/StructureDefinition/mii-pr-consent-einwilligung,,field-changed,Consent.provision.period.end,Kardinalität min,0,—,
consent,2026.0.1-rc-2,2027.0.0-ballot,MII_PR_Consent_Einwilligung,changed,https://www.medizininformatik-initiative.de/fhir/modul-consent/StructureDefinition/mii-pr-consent-einwilligung,,field-changed,Consent.provision.provision,Typ,—,"[""BackboneElement""]",
consent,2026.0.1-rc-2,2027.0.0-ballot,MII_PR_Consent_Einwilligung,changed,https://www.medizininformatik-initiative.de/fhir/modul-consent/StructureDefinition/mii-pr-consent-einwilligung,,field-changed,Consent.provision.provision.period.end,Kardinalität min,0,—,
consent,2026.0.1-rc-2,2027.0.0-ballot,MII_PR_Consent_Einwilligung,changed,https://www.medizininformatik-initiative.de/fhir/modul-consent/StructureDefinition/mii-pr-consent-einwilligung,,field-changed,Consent.source[x].reference,Kardinalität min,1,—,
consent,2026.0.1-rc-2,2027.0.0-ballot,MII_PR_Consent_Einwilligung,changed,https://www.medizininformatik-initiative.de/fhir/modul-consent/StructureDefinition/mii-pr-consent-einwilligung,,field-changed,Consent.source[x].reference,Must Support,True,False,
consent,2026.0.1-rc-2,2027.0.0-ballot,MII_PR_Consent_Einwilligung,changed,https://www.medizininformatik-initiative.de/fhir/modul-consent/StructureDefinition/mii-pr-consent-einwilligung,,field-changed,Consent.status,Must Support,True,False,
icu,2026.0.2,2027.0.0-ballot.3,MII_PR_ICU_Inspiratorische_Sauerstofffraktion_Eingestellt,removed,https://www.medizininformatik-initiative.de/fhir/ext/modul-icu/StructureDefinition/mii-pr-icu-inspiratorische-sauerstofffraktion-eingestellt,,profile-removed,,,,,
icu,2026.0.2,2027.0.0-ballot.3,MII_PR_ICU_Device,renamed,https://www.medizininformatik-initiative.de/fhir/ext/modul-icu/StructureDefinition/mii-pr-icu-device,https://www.medizininformatik-initiative.de/fhir/ext/modul-icu/StructureDefinition/mii-pr-icu-icu-device,profile-renamed,,,,,
icu,2026.0.2,2027.0.0-ballot.3,MII_PR_ICU_Devicemetric_Eingestellte_Gemessene_Parameter_Beatmung,renamed,https://www.medizininformatik-initiative.de/fhir/ext/modul-icu/StructureDefinition/mii-pr-icu-dm-eingestellte-gemessene-parameter-beatmung,https://www.medizininformatik-initiative.de/fhir/ext/modul-icu/StructureDefinition/mii-pr-icu-devicemetric-eingestellte-gemessene-parameter-beatmung,profile-renamed,,,,,
icu,2026.0.2,2027.0.0-ballot.3,MII_PR_ICU_Devicemetric_Eingestellte_Gemessene_Parameter_Beatmung,renamed,https://www.medizininformatik-initiative.de/fhir/ext/modul-icu/StructureDefinition/mii-pr-icu-dm-eingestellte-gemessene-parameter-beatmung,https://www.medizininformatik-initiative.de/fhir/ext/modul-icu/StructureDefinition/mii-pr-icu-devicemetric-eingestellte-gemessene-parameter-beatmung,field-changed,DeviceMetric.source,Referenzziel,"[""https://www.medizininformatik-initiative.de/fhir/ext/modul-icu/StructureDefinition/mii-…","[""https://www.medizininformatik-initiative.de/fhir/ext/modul-icu/StructureDefinition/mii-…",
icu,2026.0.2,2027.0.0-ballot.3,MII_PR_ICU_Devicemetric_Eingestellte_Gemessene_Parameter_Extrakorporale_Verfahren,renamed,https://www.medizininformatik-initiative.de/fhir/ext/modul-icu/StructureDefinition/mii-pr-icu-dm-eingest-gem-parameter-extrakorporale-verfahren,https://www.medizininformatik-initiative.de/fhir/ext/modul-icu/StructureDefinition/mii-pr-icu-devicemetric-eingestellte-gemessene-parameter-extrakorporale-verfahren,profile-renamed,,,,,
icu,2026.0.2,2027.0.0-ballot.3,MII_PR_ICU_Devicemetric_Eingestellte_Gemessene_Parameter_Extrakorporale_Verfahren,renamed,https://www.medizininformatik-initiative.de/fhir/ext/modul-icu/StructureDefinition/mii-pr-icu-dm-eingest-gem-parameter-extrakorporale-verfahren,https://www.medizininformatik-initiative.de/fhir/ext/modul-icu/StructureDefinition/mii-pr-icu-devicemetric-eingestellte-gemessene-parameter-extrakorporale-verfahren,field-changed,DeviceMetric.source,Referenzziel,"[""https://www.medizininformatik-initiative.de/fhir/ext/modul-icu/StructureDefinition/mii-…","[""https://www.medizininformatik-initiative.de/fhir/ext/modul-icu/StructureDefinition/mii-…",
icu,2026.0.2,2027.0.0-ballot.3,MII_PR_ICU_ECT_Arterieller_Druck,renamed,https://www.medizininformatik-initiative.de/fhir/ext/modul-icu/StructureDefinition/mii-pr-icu-ect-arterieller-druck,https://www.medizininformatik-initiative.de/fhir/ext/modul-icu/StructureDefinition/mii-pr-icu-arterieller-druck,profile-renamed,,,,,
icu,2026.0.2,2027.0.0-ballot.3,MII_PR_ICU_ECT_Blutfluss_Cardiovasculaeres_Geraet,renamed,https://www.medizininformatik-initiative.de/fhir/ext/modul-icu/StructureDefinition/mii-pr-icu-ect-blutfluss-cardiovasculaeres-geraet,https://www.medizininformatik-initiative.de/fhir/ext/modul-icu/StructureDefinition/mii-pr-icu-blutfluss-cardiovasculaeres-geraet,profile-renamed,,,,,
icu,2026.0.2,2027.0.0-ballot.3,MII_PR_ICU_ECT_Blutfluss_Extrakorporaler_Gasaustausch,renamed,https://www.medizininformatik-initiative.de/fhir/ext/modul-icu/StructureDefinition/mii-pr-icu-ect-blutfluss-extrakorporaler-gasaustausch,https://www.medizininformatik-initiative.de/fhir/ext/modul-icu/StructureDefinition/mii-pr-icu-blutfluss-extrakorporaler-gasaustausch,profile-renamed,,,,,
icu,2026.0.2,2027.0.0-ballot.3,MII_PR_ICU_ECT_Blutflussindex_Extrakorporaler_Gasaustausch,renamed,https://www.medizininformatik-initiative.de/fhir/ext/modul-icu/StructureDefinition/mii-pr-icu-ect-blutflussindex-extrakorporaler-gasaustausch,https://www.medizininformatik-initiative.de/fhir/ext/modul-icu/StructureDefinition/mii-pr-icu-blutflussindex-extrakorporaler-gasaustausch,profile-renamed,,,,,
icu,2026.0.2,2027.0.0-ballot.3,MII_PR_ICU_ECT_Dauer_Extrakorporaler_Gasaustausch,renamed,https://www.medizininformatik-initiative.de/fhir/ext/modul-icu/StructureDefinition/mii-pr-icu-ect-dauer-extrakorporaler-gasaustausch,https://www.medizininformatik-initiative.de/fhir/ext/modul-icu/StructureDefinition/mii-pr-icu-dauer-extrakorporaler-gasaustausch,profile-renamed,,,,,
icu,2026.0.2,2027.0.0-ballot.3,MII_PR_ICU_ECT_Dauer_Haemodialysesitzung,renamed,https://www.medizininformatik-initiative.de/fhir/ext/modul-icu/StructureDefinition/mii-pr-icu-ect-dauer-haemodialysesitzung,https://www.medizininformatik-initiative.de/fhir/ext/modul-icu/StructureDefinition/mii-pr-icu-dauer-haemodialysesitzung,profile-renamed,,,,,
icu,2026.0.2,2027.0.0-ballot.3,MII_PR_ICU_ECT_Gasfluss,renamed,https://www.medizininformatik-initiative.de/fhir/ext/modul-icu/StructureDefinition/mii-pr-icu-ect-gasfluss,https://www.medizininformatik-initiative.de/fhir/ext/modul-icu/StructureDefinition/mii-pr-icu-gasfluss,profile-renamed,,,,,
icu,2026.0.2,2027.0.0-ballot.3,MII_PR_ICU_ECT_Haemodialyse_Blutfluss,renamed,https://www.medizininformatik-initiative.de/fhir/ext/modul-icu/StructureDefinition/mii-pr-icu-ect-haemodialyse-blutfluss,https://www.medizininformatik-initiative.de/fhir/ext/modul-icu/StructureDefinition/mii-pr-icu-haemodialyse-blutfluss,profile-renamed,,,,,
icu,2026.0.2,2027.0.0-ballot.3,MII_PR_ICU_ECT_Ionisiertes_Kalzium_Nierenersatzverfahren,renamed,https://www.medizininformatik-initiative.de/fhir/ext/modul-icu/StructureDefinition/mii-pr-icu-ect-ionisiertes-kalzium-nierenersatzverfahren,https://www.medizininformatik-initiative.de/fhir/ext/modul-icu/StructureDefinition/mii-pr-icu-ionisiertes-kalzium-nierenersatzverfahren,profile-renamed,,,,,
icu,2026.0.2,2027.0.0-ballot.3,MII_PR_ICU_ECT_Ionisiertes_Kalzium_Nierenersatzverfahren,renamed,https://www.medizininformatik-initiative.de/fhir/ext/modul-icu/StructureDefinition/mii-pr-icu-ect-ionisiertes-kalzium-nierenersatzverfahren,https://www.medizininformatik-initiative.de/fhir/ext/modul-icu/StructureDefinition/mii-pr-icu-ionisiertes-kalzium-nierenersatzverfahren,field-changed,Observation.code,Invarianten,"[""obs-loinc-sct""]","[""mii-icu-loinc-sct-dgai-ieee11073""]",
icu,2026.0.2,2027.0.0-ballot.3,MII_PR_ICU_ECT_Substituatfluss,renamed,https://www.medizininformatik-initiative.de/fhir/ext/modul-icu/StructureDefinition/mii-pr-icu-ect-substituatfluss,https://www.medizininformatik-initiative.de/fhir/ext/modul-icu/StructureDefinition/mii-pr-icu-substituatfluss,profile-renamed,,,,,
icu,2026.0.2,2027.0.0-ballot.3,MII_PR_ICU_ECT_Substituatvolumen,renamed,https://www.medizininformatik-initiative.de/fhir/ext/modul-icu/StructureDefinition/mii-pr-icu-ect-substituatvolumen,https://www.medizininformatik-initiative.de/fhir/ext/modul-icu/StructureDefinition/mii-pr-icu-substituatvolumen,profile-renamed,,,,,
icu,2026.0.2,2027.0.0-ballot.3,MII_PR_ICU_ECT_Venoeser_Druck,renamed,https://www.medizininformatik-initiative.de/fhir/ext/modul-icu/StructureDefinition/mii-pr-icu-ect-venoeser-druck,https://www.medizininformatik-initiative.de/fhir/ext/modul-icu/StructureDefinition/mii-pr-icu-venoeser-druck,profile-renamed,,,,,
icu,2026.0.2,2027.0.0-ballot.3,MII_PR_ICU_VENT_Atemwegsdruck_Bei_Mittlerem_Expiratorischem_Gasfluss,renamed,https://www.medizininformatik-initiative.de/fhir/ext/modul-icu/StructureDefinition/mii-pr-icu-vent-atemwegsdruck-bei-mittlerem-expiratorischem-gasfluss,https://www.medizininformatik-initiative.de/fhir/ext/modul-icu/StructureDefinition/mii-pr-icu-atemwegsdruck-bei-mittlerem-expiratorischem-gasfluss,profile-renamed,,,,,
icu,2026.0.2,2027.0.0-ballot.3,MII_PR_ICU_VENT_Atemwegsdruck_Bei_Mittlerem_Expiratorischem_Gasfluss,renamed,https://www.medizininformatik-initiative.de/fhir/ext/modul-icu/StructureDefinition/mii-pr-icu-vent-atemwegsdruck-bei-mittlerem-expiratorischem-gasfluss,https://www.medizininformatik-initiative.de/fhir/ext/modul-icu/StructureDefinition/mii-pr-icu-atemwegsdruck-bei-mittlerem-expiratorischem-gasfluss,element-removed,Observation.effective[x],,Kardinalität min: 1,,
icu,2026.0.2,2027.0.0-ballot.3,MII_PR_ICU_VENT_Atemwegsdruck_Bei_Mittlerem_Expiratorischem_Gasfluss,renamed,https://www.medizininformatik-initiative.de/fhir/ext/modul-icu/StructureDefinition/mii-pr-icu-vent-atemwegsdruck-bei-mittlerem-expiratorischem-gasfluss,https://www.medizininformatik-initiative.de/fhir/ext/modul-icu/StructureDefinition/mii-pr-icu-atemwegsdruck-bei-mittlerem-expiratorischem-gasfluss,element-added,Observation.category:kuenstlicheBeatmung,,,"Kardinalität min: 1; Kardinalität max: 1; pattern: {""coding"": [{""system"": ""http://snomed.info/sct"", ""code"": ""4…; pattern-Typ: patternCodeableConcept; Slice-Name: kuenstlicheBeatmung",
icu,2026.0.2,2027.0.0-ballot.3,MII_PR_ICU_VENT_Atemwegsdruck_Bei_Mittlerem_Expiratorischem_Gasfluss,renamed,https://www.medizininformatik-initiative.de/fhir/ext/modul-icu/StructureDefinition/mii-pr-icu-vent-atemwegsdruck-bei-mittlerem-expiratorischem-gasfluss,https://www.medizininformatik-initiative.de/fhir/ext/modul-icu/StructureDefinition/mii-pr-icu-atemwegsdruck-bei-mittlerem-expiratorischem-gasfluss,field-changed,Observation.code.coding:IEEE-11073,pattern,"{""system"": ""urn:iso:std:iso:11073:10101""}",—,
icu,2026.0.2,2027.0.0-ballot.3,MII_PR_ICU_VENT_Atemwegsdruck_Bei_Mittlerem_Expiratorischem_Gasfluss,renamed,https://www.medizininformatik-initiative.de/fhir/ext/modul-icu/StructureDefinition/mii-pr-icu-vent-atemwegsdruck-bei-mittlerem-expiratorischem-gasfluss,https://www.medizininformatik-initiative.de/fhir/ext/modul-icu/StructureDefinition/mii-pr-icu-atemwegsdruck-bei-mittlerem-expiratorischem-gasfluss,field-changed,Observation.code.coding:IEEE-11073,pattern-Typ,patternCoding,—,
icu,2026.0.2,2027.0.0-ballot.3,MII_PR_ICU_VENT_Atemwegsdruck_Bei_Mittlerem_Expiratorischem_Gasfluss,renamed,https://www.medizininformatik-initiative.de/fhir/ext/modul-icu/StructureDefinition/mii-pr-icu-vent-atemwegsdruck-bei-mittlerem-expiratorischem-gasfluss,https://www.medizininformatik-initiative.de/fhir/ext/modul-icu/StructureDefinition/mii-pr-icu-atemwegsdruck-bei-mittlerem-expiratorischem-gasfluss,field-changed,Observation.code.coding:loinc,pattern,"{""system"": ""http://loinc.org"", ""code"": ""20056-8""}","{""code"": ""20056-8"", ""display"": ""Pressure.airway^at mean expiratory flow on ventilator""}",
icu,2026.0.2,2027.0.0-ballot.3,MII_PR_ICU_VENT_Atemwegsdruck_Bei_Mittlerem_Expiratorischem_Gasfluss,renamed,https://www.medizininformatik-initiative.de/fhir/ext/modul-icu/StructureDefinition/mii-pr-icu-vent-atemwegsdruck-bei-mittlerem-expiratorischem-gasfluss,https://www.medizininformatik-initiative.de/fhir/ext/modul-icu/StructureDefinition/mii-pr-icu-atemwegsdruck-bei-mittlerem-expiratorischem-gasfluss,field-changed,Observation.code.coding:sct,pattern,"{""system"": ""http://snomed.info/sct""}",—,
icu,2026.0.2,2027.0.0-ballot.3,MII_PR_ICU_VENT_Atemwegsdruck_Bei_Mittlerem_Expiratorischem_Gasfluss,renamed,https://www.medizininformatik-initiative.de/fhir/ext/modul-icu/StructureDefinition/mii-pr-icu-vent-atemwegsdruck-bei-mittlerem-expiratorischem-gasfluss,https://www.medizininformatik-initiative.de/fhir/ext/modul-icu/StructureDefinition/mii-pr-icu-atemwegsdruck-bei-mittlerem-expiratorischem-gasfluss,field-changed,Observation.code.coding:sct,pattern-Typ,patternCoding,—,
icu,2026.0.2,2027.0.0-ballot.3,MII_PR_ICU_VENT_Atemwegsdruck_Bei_Null_Expiratorischem_Gasfluss,renamed,https://www.medizininformatik-initiative.de/fhir/ext/modul-icu/StructureDefinition/mii-pr-icu-vent-atemwegsdruck-bei-null-expiratorischem-gasfluss,https://www.medizininformatik-initiative.de/fhir/ext/modul-icu/StructureDefinition/mii-pr-icu-atemwegsdruck-bei-null-expiratorischem-gasfluss,profile-renamed,,,,,
icu,2026.0.2,2027.0.0-ballot.3,MII_PR_ICU_VENT_Atemwegsdruck_Bei_Null_Expiratorischem_Gasfluss,renamed,https://www.medizininformatik-initiative.de/fhir/ext/modul-icu/StructureDefinition/mii-pr-icu-vent-atemwegsdruck-bei-null-expiratorischem-gasfluss,https://www.medizininformatik-initiative.de/fhir/ext/modul-icu/StructureDefinition/mii-pr-icu-atemwegsdruck-bei-null-expiratorischem-gasfluss,element-removed,Observation.effective[x],,Kardinalität min: 1,,
icu,2026.0.2,2027.0.0-ballot.3,MII_PR_ICU_VENT_Atemwegsdruck_Bei_Null_Expiratorischem_Gasfluss,renamed,https://www.medizininformatik-initiative.de/fhir/ext/modul-icu/StructureDefinition/mii-pr-icu-vent-atemwegsdruck-bei-null-expiratorischem-gasfluss,https://www.medizininformatik-initiative.de/fhir/ext/modul-icu/StructureDefinition/mii-pr-icu-atemwegsdruck-bei-null-expiratorischem-gasfluss,element-added,Observation.category:kuenstlicheBeatmung,,,"Kardinalität min: 1; Kardinalität max: 1; pattern: {""coding"": [{""system"": ""http://snomed.info/sct"", ""code"": ""4…; pattern-Typ: patternCodeableConcept; Slice-Name: kuenstlicheBeatmung",
icu,2026.0.2,2027.0.0-ballot.3,MII_PR_ICU_VENT_Atemwegsdruck_Bei_Null_Expiratorischem_Gasfluss,renamed,https://www.medizininformatik-initiative.de/fhir/ext/modul-icu/StructureDefinition/mii-pr-icu-vent-atemwegsdruck-bei-null-expiratorischem-gasfluss,https://www.medizininformatik-initiative.de/fhir/ext/modul-icu/StructureDefinition/mii-pr-icu-atemwegsdruck-bei-null-expiratorischem-gasfluss,field-changed,Observation.code.coding:IEEE-11073,pattern,"{""system"": ""urn:iso:std:iso:11073:10101""}",—,
icu,2026.0.2,2027.0.0-ballot.3,MII_PR_ICU_VENT_Atemwegsdruck_Bei_Null_Expiratorischem_Gasfluss,renamed,https://www.medizininformatik-initiative.de/fhir/ext/modul-icu/StructureDefinition/mii-pr-icu-vent-atemwegsdruck-bei-null-expiratorischem-gasfluss,https://www.medizininformatik-initiative.de/fhir/ext/modul-icu/StructureDefinition/mii-pr-icu-atemwegsdruck-bei-null-expiratorischem-gasfluss,field-changed,Observation.code.coding:IEEE-11073,pattern-Typ,patternCoding,—,
icu,2026.0.2,2027.0.0-ballot.3,MII_PR_ICU_VENT_Atemwegsdruck_Bei_Null_Expiratorischem_Gasfluss,renamed,https://www.medizininformatik-initiative.de/fhir/ext/modul-icu/StructureDefinition/mii-pr-icu-vent-atemwegsdruck-bei-null-expiratorischem-gasfluss,https://www.medizininformatik-initiative.de/fhir/ext/modul-icu/StructureDefinition/mii-pr-icu-atemwegsdruck-bei-null-expiratorischem-gasfluss,field-changed,Observation.code.coding:loinc,pattern,"{""system"": ""http://loinc.org"", ""code"": ""20060-0""}","{""code"": ""20060-0"", ""display"": ""Pressure.airway^at zero inspiratory flow on ventilator""}",
icu,2026.0.2,2027.0.0-ballot.3,MII_PR_ICU_VENT_Atemwegsdruck_Bei_Null_Expiratorischem_Gasfluss,renamed,https://www.medizininformatik-initiative.de/fhir/ext/modul-icu/StructureDefinition/mii-pr-icu-vent-atemwegsdruck-bei-null-expiratorischem-gasfluss,https://www.medizininformatik-initiative.de/fhir/ext/modul-icu/StructureDefinition/mii-pr-icu-atemwegsdruck-bei-null-expiratorischem-gasfluss,field-changed,Observation.code.coding:sct,pattern,"{""system"": ""http://snomed.info/sct""}",—,
icu,2026.0.2,2027.0.0-ballot.3,MII_PR_ICU_VENT_Atemwegsdruck_Bei_Null_Expiratorischem_Gasfluss,renamed,https://www.medizininformatik-initiative.de/fhir/ext/modul-icu/StructureDefinition/mii-pr-icu-vent-atemwegsdruck-bei-null-expiratorischem-gasfluss,https://www.medizininformatik-initiative.de/fhir/ext/modul-icu/StructureDefinition/mii-pr-icu-atemwegsdruck-bei-null-expiratorischem-gasfluss,field-changed,Observation.code.coding:sct,pattern-Typ,patternCoding,—,
icu,2026.0.2,2027.0.0-ballot.3,MII_PR_ICU_VENT_Atemzugvolumen_Einstellung,renamed,https://www.medizininformatik-initiative.de/fhir/ext/modul-icu/StructureDefinition/mii-pr-icu-vent-atemzugvolumen-einstellung,https://www.medizininformatik-initiative.de/fhir/ext/modul-icu/StructureDefinition/mii-pr-icu-atemzugvolumen-einstellung,profile-renamed,,,,,
icu,2026.0.2,2027.0.0-ballot.3,MII_PR_ICU_VENT_Atemzugvolumen_Einstellung,renamed,https://www.medizininformatik-initiative.de/fhir/ext/modul-icu/StructureDefinition/mii-pr-icu-vent-atemzugvolumen-einstellung,https://www.medizininformatik-initiative.de/fhir/ext/modul-icu/StructureDefinition/mii-pr-icu-atemzugvolumen-einstellung,element-removed,Observation.category.coding,,Kardinalität min: 1; Kardinalität max: 1,,
icu,2026.0.2,2027.0.0-ballot.3,MII_PR_ICU_VENT_Atemzugvolumen_Einstellung,renamed,https://www.medizininformatik-initiative.de/fhir/ext/modul-icu/StructureDefinition/mii-pr-icu-vent-atemzugvolumen-einstellung,https://www.medizininformatik-initiative.de/fhir/ext/modul-icu/StructureDefinition/mii-pr-icu-atemzugvolumen-einstellung,element-removed,Observation.effective[x],,Kardinalität min: 1,,
icu,2026.0.2,2027.0.0-ballot.3,MII_PR_ICU_VENT_Atemzugvolumen_Einstellung,renamed,https://www.medizininformatik-initiative.de/fhir/ext/modul-icu/StructureDefinition/mii-pr-icu-vent-atemzugvolumen-einstellung,https://www.medizininformatik-initiative.de/fhir/ext/modul-icu/StructureDefinition/mii-pr-icu-atemzugvolumen-einstellung,element-added,Observation.category:kuenstlicheBeatmung,,,"Kardinalität min: 1; Kardinalität max: 1; pattern: {""coding"": [{""system"": ""http://snomed.info/sct"", ""code"": ""4…; pattern-Typ: patternCodeableConcept; Slice-Name: kuenstlicheBeatmung",
icu,2026.0.2,2027.0.0-ballot.3,MII_PR_ICU_VENT_Atemzugvolumen_Einstellung,renamed,https://www.medizininformatik-initiative.de/fhir/ext/modul-icu/StructureDefinition/mii-pr-icu-vent-atemzugvolumen-einstellung,https://www.medizininformatik-initiative.de/fhir/ext/modul-icu/StructureDefinition/mii-pr-icu-atemzugvolumen-einstellung,field-changed,Observation.code.coding:IEEE-11073,pattern,"{""system"": ""urn:iso:std:iso:11073:10101"", ""code"": ""16929196""}","{""code"": ""16929196"", ""display"": ""MDC_VENT_VOL_TIDAL_SETTING""}",
icu,2026.0.2,2027.0.0-ballot.3,MII_PR_ICU_VENT_Atemzugvolumen_Einstellung,renamed,https://www.medizininformatik-initiative.de/fhir/ext/modul-icu/StructureDefinition/mii-pr-icu-vent-atemzugvolumen-einstellung,https://www.medizininformatik-initiative.de/fhir/ext/modul-icu/StructureDefinition/mii-pr-icu-atemzugvolumen-einstellung,field-changed,Observation.code.coding:loinc,pattern,"{""system"": ""http://loinc.org"", ""code"": ""20112-9""}","{""code"": ""20112-9"", ""display"": ""Tidal volume setting Ventilator""}",
icu,2026.0.2,2027.0.0-ballot.3,MII_PR_ICU_VENT_Atemzugvolumen_Einstellung,renamed,https://www.medizininformatik-initiative.de/fhir/ext/modul-icu/StructureDefinition/mii-pr-icu-vent-atemzugvolumen-einstellung,https://www.medizininformatik-initiative.de/fhir/ext/modul-icu/StructureDefinition/mii-pr-icu-atemzugvolumen-einstellung,field-changed,Observation.code.coding:sct,pattern,"{""system"": ""http://snomed.info/sct"", ""code"": ""416811008""}","{""code"": ""416811008"", ""display"": ""Tidal volume setting (observable entity)""}",
icu,2026.0.2,2027.0.0-ballot.3,MII_PR_ICU_VENT_Atemzugvolumen_Waehrend_Beatmung,renamed,https://www.medizininformatik-initiative.de/fhir/ext/modul-icu/StructureDefinition/mii-pr-icu-vent-atemzugvolumen-waehrend-beatmung,https://www.medizininformatik-initiative.de/fhir/ext/modul-icu/StructureDefinition/mii-pr-icu-atemzugvolumen-waehrend-beatmung,profile-renamed,,,,,
icu,2026.0.2,2027.0.0-ballot.3,MII_PR_ICU_VENT_Atemzugvolumen_Waehrend_Beatmung,renamed,https://www.medizininformatik-initiative.de/fhir/ext/modul-icu/StructureDefinition/mii-pr-icu-vent-atemzugvolumen-waehrend-beatmung,https://www.medizininformatik-initiative.de/fhir/ext/modul-icu/StructureDefinition/mii-pr-icu-atemzugvolumen-waehrend-beatmung,element-removed,Observation.effective[x],,Kardinalität min: 1,,
icu,2026.0.2,2027.0.0-ballot.3,MII_PR_ICU_VENT_Atemzugvolumen_Waehrend_Beatmung,renamed,https://www.medizininformatik-initiative.de/fhir/ext/modul-icu/StructureDefinition/mii-pr-icu-vent-atemzugvolumen-waehrend-beatmung,https://www.medizininformatik-initiative.de/fhir/ext/modul-icu/StructureDefinition/mii-pr-icu-atemzugvolumen-waehrend-beatmung,element-added,Observation.category:kuenstlicheBeatmung,,,"Kardinalität min: 1; Kardinalität max: 1; pattern: {""coding"": [{""system"": ""http://snomed.info/sct"", ""code"": ""4…; pattern-Typ: patternCodeableConcept; Slice-Name: kuenstlicheBeatmung",
icu,2026.0.2,2027.0.0-ballot.3,MII_PR_ICU_VENT_Atemzugvolumen_Waehrend_Beatmung,renamed,https://www.medizininformatik-initiative.de/fhir/ext/modul-icu/StructureDefinition/mii-pr-icu-vent-atemzugvolumen-waehrend-beatmung,https://www.medizininformatik-initiative.de/fhir/ext/modul-icu/StructureDefinition/mii-pr-icu-atemzugvolumen-waehrend-beatmung,field-changed,Observation.code.coding:IEEE-11073,pattern,"{""system"": ""urn:iso:std:iso:11073:10101"", ""code"": ""151980""}","{""code"": ""151980"", ""display"": ""Volume of gas delivered through the patient-connection por…",
icu,2026.0.2,2027.0.0-ballot.3,MII_PR_ICU_VENT_Atemzugvolumen_Waehrend_Beatmung,renamed,https://www.medizininformatik-initiative.de/fhir/ext/modul-icu/StructureDefinition/mii-pr-icu-vent-atemzugvolumen-waehrend-beatmung,https://www.medizininformatik-initiative.de/fhir/ext/modul-icu/StructureDefinition/mii-pr-icu-atemzugvolumen-waehrend-beatmung,field-changed,Observation.code.coding:loinc,pattern,"{""system"": ""http://loinc.org"", ""code"": ""76222-9""}","{""code"": ""76222-9"", ""display"": ""Tidal volume Ventilator --on ventilator""}",
icu,2026.0.2,2027.0.0-ballot.3,MII_PR_ICU_VENT_Atemzugvolumen_Waehrend_Beatmung,renamed,https://www.medizininformatik-initiative.de/fhir/ext/modul-icu/StructureDefinition/mii-pr-icu-vent-atemzugvolumen-waehrend-beatmung,https://www.medizininformatik-initiative.de/fhir/ext/modul-icu/StructureDefinition/mii-pr-icu-atemzugvolumen-waehrend-beatmung,field-changed,Observation.code.coding:sct,pattern,"{""system"": ""http://snomed.info/sct"", ""code"": ""250874002""}","{""code"": ""250874002"", ""display"": ""Ventilator delivered tidal volume (observable entity)""}",
icu,2026.0.2,2027.0.0-ballot.3,MII_PR_ICU_VENT_Beatmungsvolumen_Pro_Minute_Maschineller_Beatmung,renamed,https://www.medizininformatik-initiative.de/fhir/ext/modul-icu/StructureDefinition/mii-pr-icu-vent-beatmungsvolumen-pro-minute-maschineller-beatmung,https://www.medizininformatik-initiative.de/fhir/ext/modul-icu/StructureDefinition/mii-pr-icu-beatmungsvolumen-pro-minute-maschineller-beatmung,profile-renamed,,,,,
icu,2026.0.2,2027.0.0-ballot.3,MII_PR_ICU_VENT_Beatmungsvolumen_Pro_Minute_Maschineller_Beatmung,renamed,https://www.medizininformatik-initiative.de/fhir/ext/modul-icu/StructureDefinition/mii-pr-icu-vent-beatmungsvolumen-pro-minute-maschineller-beatmung,https://www.medizininformatik-initiative.de/fhir/ext/modul-icu/StructureDefinition/mii-pr-icu-beatmungsvolumen-pro-minute-maschineller-beatmung,element-removed,Observation.effective[x],,Kardinalität min: 1,,
icu,2026.0.2,2027.0.0-ballot.3,MII_PR_ICU_VENT_Beatmungsvolumen_Pro_Minute_Maschineller_Beatmung,renamed,https://www.medizininformatik-initiative.de/fhir/ext/modul-icu/StructureDefinition/mii-pr-icu-vent-beatmungsvolumen-pro-minute-maschineller-beatmung,https://www.medizininformatik-initiative.de/fhir/ext/modul-icu/StructureDefinition/mii-pr-icu-beatmungsvolumen-pro-minute-maschineller-beatmung,element-added,Observation.category:kuenstlicheBeatmung,,,"Kardinalität min: 1; Kardinalität max: 1; pattern: {""coding"": [{""system"": ""http://snomed.info/sct"", ""code"": ""4…; pattern-Typ: patternCodeableConcept; Slice-Name: kuenstlicheBeatmung",
icu,2026.0.2,2027.0.0-ballot.3,MII_PR_ICU_VENT_Beatmungsvolumen_Pro_Minute_Maschineller_Beatmung,renamed,https://www.medizininformatik-initiative.de/fhir/ext/modul-icu/StructureDefinition/mii-pr-icu-vent-beatmungsvolumen-pro-minute-maschineller-beatmung,https://www.medizininformatik-initiative.de/fhir/ext/modul-icu/StructureDefinition/mii-pr-icu-beatmungsvolumen-pro-minute-maschineller-beatmung,field-changed,Observation.code.coding:IEEE-11073,pattern,"{""system"": ""urn:iso:std:iso:11073:10101"", ""code"": ""152004""}","{""code"": ""152004"", ""display"": ""Total volume of gas breathed in during 1 min during mechan…",
icu,2026.0.2,2027.0.0-ballot.3,MII_PR_ICU_VENT_Beatmungsvolumen_Pro_Minute_Maschineller_Beatmung,renamed,https://www.medizininformatik-initiative.de/fhir/ext/modul-icu/StructureDefinition/mii-pr-icu-vent-beatmungsvolumen-pro-minute-maschineller-beatmung,https://www.medizininformatik-initiative.de/fhir/ext/modul-icu/StructureDefinition/mii-pr-icu-beatmungsvolumen-pro-minute-maschineller-beatmung,field-changed,Observation.code.coding:loinc,pattern,"{""system"": ""http://loinc.org"", ""code"": ""76009-0""}","{""code"": ""76009-0"", ""display"": ""Inspired minute Volume during Mechanical ventilation""}",
icu,2026.0.2,2027.0.0-ballot.3,MII_PR_ICU_VENT_Beatmungsvolumen_Pro_Minute_Maschineller_Beatmung,renamed,https://www.medizininformatik-initiative.de/fhir/ext/modul-icu/StructureDefinition/mii-pr-icu-vent-beatmungsvolumen-pro-minute-maschineller-beatmung,https://www.medizininformatik-initiative.de/fhir/ext/modul-icu/StructureDefinition/mii-pr-icu-beatmungsvolumen-pro-minute-maschineller-beatmung,field-changed,Observation.code.coding:sct,pattern,"{""system"": ""http://snomed.info/sct"", ""code"": ""250875001""}","{""code"": ""250875001"", ""display"": ""Ventilator delivered minute volume (observable entity)""}",
icu,2026.0.2,2027.0.0-ballot.3,MII_PR_ICU_VENT_Beatmungszeit_Hohem_Druck,renamed,https://www.medizininformatik-initiative.de/fhir/ext/modul-icu/StructureDefinition/mii-pr-icu-vent-beatmungszeit-hohem-druck,https://www.medizininformatik-initiative.de/fhir/ext/modul-icu/StructureDefinition/mii-pr-icu-beatmungszeit-hohem-druck,profile-renamed,,,,,
icu,2026.0.2,2027.0.0-ballot.3,MII_PR_ICU_VENT_Beatmungszeit_Hohem_Druck,renamed,https://www.medizininformatik-initiative.de/fhir/ext/modul-icu/StructureDefinition/mii-pr-icu-vent-beatmungszeit-hohem-druck,https://www.medizininformatik-initiative.de/fhir/ext/modul-icu/StructureDefinition/mii-pr-icu-beatmungszeit-hohem-druck,element-removed,Observation.effective[x],,Kardinalität min: 1,,
icu,2026.0.2,2027.0.0-ballot.3,MII_PR_ICU_VENT_Beatmungszeit_Hohem_Druck,renamed,https://www.medizininformatik-initiative.de/fhir/ext/modul-icu/StructureDefinition/mii-pr-icu-vent-beatmungszeit-hohem-druck,https://www.medizininformatik-initiative.de/fhir/ext/modul-icu/StructureDefinition/mii-pr-icu-beatmungszeit-hohem-druck,element-added,Observation.category:kuenstlicheBeatmung,,,"Kardinalität min: 1; Kardinalität max: 1; pattern: {""coding"": [{""system"": ""http://snomed.info/sct"", ""code"": ""4…; pattern-Typ: patternCodeableConcept; Slice-Name: kuenstlicheBeatmung",
icu,2026.0.2,2027.0.0-ballot.3,MII_PR_ICU_VENT_Beatmungszeit_Hohem_Druck,renamed,https://www.medizininformatik-initiative.de/fhir/ext/modul-icu/StructureDefinition/mii-pr-icu-vent-beatmungszeit-hohem-druck,https://www.medizininformatik-initiative.de/fhir/ext/modul-icu/StructureDefinition/mii-pr-icu-beatmungszeit-hohem-druck,field-changed,Observation.code.coding:IEEE-11073,pattern,"{""system"": ""urn:iso:std:iso:11073:10101"", ""code"": ""16929860""}","{""code"": ""16929860"", ""display"": ""MDC_VENT_TIME_PD_INSP_THIGH_SETTING""}",
icu,2026.0.2,2027.0.0-ballot.3,MII_PR_ICU_VENT_Beatmungszeit_Hohem_Druck,renamed,https://www.medizininformatik-initiative.de/fhir/ext/modul-icu/StructureDefinition/mii-pr-icu-vent-beatmungszeit-hohem-druck,https://www.medizininformatik-initiative.de/fhir/ext/modul-icu/StructureDefinition/mii-pr-icu-beatmungszeit-hohem-druck,field-changed,Observation.code.coding:loinc,pattern,"{""system"": ""http://loinc.org"", ""code"": ""76190-8""}","{""code"": ""76190-8"", ""display"": ""High pressure hold time setting Ventilator""}",
icu,2026.0.2,2027.0.0-ballot.3,MII_PR_ICU_VENT_Beatmungszeit_Hohem_Druck,renamed,https://www.medizininformatik-initiative.de/fhir/ext/modul-icu/StructureDefinition/mii-pr-icu-vent-beatmungszeit-hohem-druck,https://www.medizininformatik-initiative.de/fhir/ext/modul-icu/StructureDefinition/mii-pr-icu-beatmungszeit-hohem-druck,field-changed,Observation.code.coding:sct,pattern,"{""system"": ""http://snomed.info/sct""}",—,
icu,2026.0.2,2027.0.0-ballot.3,MII_PR_ICU_VENT_Beatmungszeit_Hohem_Druck,renamed,https://www.medizininformatik-initiative.de/fhir/ext/modul-icu/StructureDefinition/mii-pr-icu-vent-beatmungszeit-hohem-druck,https://www.medizininformatik-initiative.de/fhir/ext/modul-icu/StructureDefinition/mii-pr-icu-beatmungszeit-hohem-druck,field-changed,Observation.code.coding:sct,pattern-Typ,patternCoding,—,
icu,2026.0.2,2027.0.0-ballot.3,MII_PR_ICU_VENT_Beatmungszeit_Niedrigem_Druck,renamed,https://www.medizininformatik-initiative.de/fhir/ext/modul-icu/StructureDefinition/mii-pr-icu-vent-beatmungszeit-niedrigem-druck,https://www.medizininformatik-initiative.de/fhir/ext/modul-icu/StructureDefinition/mii-pr-icu-beatmungszeit-niedrigem-druck,profile-renamed,,,,,
icu,2026.0.2,2027.0.0-ballot.3,MII_PR_ICU_VENT_Beatmungszeit_Niedrigem_Druck,renamed,https://www.medizininformatik-initiative.de/fhir/ext/modul-icu/StructureDefinition/mii-pr-icu-vent-beatmungszeit-niedrigem-druck,https://www.medizininformatik-initiative.de/fhir/ext/modul-icu/StructureDefinition/mii-pr-icu-beatmungszeit-niedrigem-druck,element-removed,Observation.effective[x],,Kardinalität min: 1,,
icu,2026.0.2,2027.0.0-ballot.3,MII_PR_ICU_VENT_Beatmungszeit_Niedrigem_Druck,renamed,https://www.medizininformatik-initiative.de/fhir/ext/modul-icu/StructureDefinition/mii-pr-icu-vent-beatmungszeit-niedrigem-druck,https://www.medizininformatik-initiative.de/fhir/ext/modul-icu/StructureDefinition/mii-pr-icu-beatmungszeit-niedrigem-druck,element-added,Observation.category:kuenstlicheBeatmung,,,"Kardinalität min: 1; Kardinalität max: 1; pattern: {""coding"": [{""system"": ""http://snomed.info/sct"", ""code"": ""4…; pattern-Typ: patternCodeableConcept; Slice-Name: kuenstlicheBeatmung",
icu,2026.0.2,2027.0.0-ballot.3,MII_PR_ICU_VENT_Beatmungszeit_Niedrigem_Druck,renamed,https://www.medizininformatik-initiative.de/fhir/ext/modul-icu/StructureDefinition/mii-pr-icu-vent-beatmungszeit-niedrigem-druck,https://www.medizininformatik-initiative.de/fhir/ext/modul-icu/StructureDefinition/mii-pr-icu-beatmungszeit-niedrigem-druck,field-changed,Observation.code.coding:IEEE-11073,pattern,"{""system"": ""urn:iso:std:iso:11073:10101"", ""code"": ""16929864""}","{""code"": ""16929864"", ""display"": ""MDC_VENT_TIME_PD_EXP_TLOW_SETTING""}",
icu,2026.0.2,2027.0.0-ballot.3,MII_PR_ICU_VENT_Beatmungszeit_Niedrigem_Druck,renamed,https://www.medizininformatik-initiative.de/fhir/ext/modul-icu/StructureDefinition/mii-pr-icu-vent-beatmungszeit-niedrigem-druck,https://www.medizininformatik-initiative.de/fhir/ext/modul-icu/StructureDefinition/mii-pr-icu-beatmungszeit-niedrigem-druck,field-changed,Observation.code.coding:loinc,pattern,"{""system"": ""http://loinc.org"", ""code"": ""76229-4""}","{""code"": ""76229-4"", ""display"": ""Low pressure hold time setting Ventilator""}",
icu,2026.0.2,2027.0.0-ballot.3,MII_PR_ICU_VENT_Beatmungszeit_Niedrigem_Druck,renamed,https://www.medizininformatik-initiative.de/fhir/ext/modul-icu/StructureDefinition/mii-pr-icu-vent-beatmungszeit-niedrigem-druck,https://www.medizininformatik-initiative.de/fhir/ext/modul-icu/StructureDefinition/mii-pr-icu-beatmungszeit-niedrigem-druck,field-changed,Observation.code.coding:sct,pattern,"{""system"": ""http://snomed.info/sct""}",—,
icu,2026.0.2,2027.0.0-ballot.3,MII_PR_ICU_VENT_Beatmungszeit_Niedrigem_Druck,renamed,https://www.medizininformatik-initiative.de/fhir/ext/modul-icu/StructureDefinition/mii-pr-icu-vent-beatmungszeit-niedrigem-druck,https://www.medizininformatik-initiative.de/fhir/ext/modul-icu/StructureDefinition/mii-pr-icu-beatmungszeit-niedrigem-druck,field-changed,Observation.code.coding:sct,pattern-Typ,patternCoding,—,
icu,2026.0.2,2027.0.0-ballot.3,MII_PR_ICU_VENT_Druckdifferenz_Beatmung,renamed,https://www.medizininformatik-initiative.de/fhir/ext/modul-icu/StructureDefinition/mii-pr-icu-vent-druckdifferenz-beatmung,https://www.medizininformatik-initiative.de/fhir/ext/modul-icu/StructureDefinition/mii-pr-icu-druckdifferenz-beatmung,profile-renamed,,,,,
icu,2026.0.2,2027.0.0-ballot.3,MII_PR_ICU_VENT_Druckdifferenz_Beatmung,renamed,https://www.medizininformatik-initiative.de/fhir/ext/modul-icu/StructureDefinition/mii-pr-icu-vent-druckdifferenz-beatmung,https://www.medizininformatik-initiative.de/fhir/ext/modul-icu/StructureDefinition/mii-pr-icu-druckdifferenz-beatmung,element-removed,Observation.effective[x],,Kardinalität min: 1,,
icu,2026.0.2,2027.0.0-ballot.3,MII_PR_ICU_VENT_Druckdifferenz_Beatmung,renamed,https://www.medizininformatik-initiative.de/fhir/ext/modul-icu/StructureDefinition/mii-pr-icu-vent-druckdifferenz-beatmung,https://www.medizininformatik-initiative.de/fhir/ext/modul-icu/StructureDefinition/mii-pr-icu-druckdifferenz-beatmung,element-added,Observation.category:kuenstlicheBeatmung,,,"Kardinalität min: 1; Kardinalität max: 1; pattern: {""coding"": [{""system"": ""http://snomed.info/sct"", ""code"": ""4…; pattern-Typ: patternCodeableConcept; Slice-Name: kuenstlicheBeatmung",
icu,2026.0.2,2027.0.0-ballot.3,MII_PR_ICU_VENT_Druckdifferenz_Beatmung,renamed,https://www.medizininformatik-initiative.de/fhir/ext/modul-icu/StructureDefinition/mii-pr-icu-vent-druckdifferenz-beatmung,https://www.medizininformatik-initiative.de/fhir/ext/modul-icu/StructureDefinition/mii-pr-icu-druckdifferenz-beatmung,field-changed,Observation.code.coding:IEEE-11073,pattern,"{""system"": ""urn:iso:std:iso:11073:10101"", ""code"": ""152720""}","{""code"": ""152720"", ""display"": ""Inspiratory airway pressure relative to PEEP or BAP.""}",
icu,2026.0.2,2027.0.0-ballot.3,MII_PR_ICU_VENT_Druckdifferenz_Beatmung,renamed,https://www.medizininformatik-initiative.de/fhir/ext/modul-icu/StructureDefinition/mii-pr-icu-vent-druckdifferenz-beatmung,https://www.medizininformatik-initiative.de/fhir/ext/modul-icu/StructureDefinition/mii-pr-icu-druckdifferenz-beatmung,field-changed,Observation.code.coding:loinc,pattern,"{""system"": ""http://loinc.org"", ""code"": ""76154-4""}","{""code"": ""76154-4"", ""display"": ""Airway pressure delta^on ventilator""}",
icu,2026.0.2,2027.0.0-ballot.3,MII_PR_ICU_VENT_Druckdifferenz_Beatmung,renamed,https://www.medizininformatik-initiative.de/fhir/ext/modul-icu/StructureDefinition/mii-pr-icu-vent-druckdifferenz-beatmung,https://www.medizininformatik-initiative.de/fhir/ext/modul-icu/StructureDefinition/mii-pr-icu-druckdifferenz-beatmung,field-changed,Observation.code.coding:sct,pattern,"{""system"": ""http://snomed.info/sct""}",—,
icu,2026.0.2,2027.0.0-ballot.3,MII_PR_ICU_VENT_Druckdifferenz_Beatmung,renamed,https://www.medizininformatik-initiative.de/fhir/ext/modul-icu/StructureDefinition/mii-pr-icu-vent-druckdifferenz-beatmung,https://www.medizininformatik-initiative.de/fhir/ext/modul-icu/StructureDefinition/mii-pr-icu-druckdifferenz-beatmung,field-changed,Observation.code.coding:sct,pattern-Typ,patternCoding,—,
icu,2026.0.2,2027.0.0-ballot.3,MII_PR_ICU_VENT_Dynamische_Kompliance,renamed,https://www.medizininformatik-initiative.de/fhir/ext/modul-icu/StructureDefinition/mii-pr-icu-vent-dynamische-kompliance,https://www.medizininformatik-initiative.de/fhir/ext/modul-icu/StructureDefinition/mii-pr-icu-dynamische-kompliance,profile-renamed,,,,,
icu,2026.0.2,2027.0.0-ballot.3,MII_PR_ICU_VENT_Dynamische_Kompliance,renamed,https://www.medizininformatik-initiative.de/fhir/ext/modul-icu/StructureDefinition/mii-pr-icu-vent-dynamische-kompliance,https://www.medizininformatik-initiative.de/fhir/ext/modul-icu/StructureDefinition/mii-pr-icu-dynamische-kompliance,element-removed,Observation.effective[x],,Kardinalität min: 1,,
icu,2026.0.2,2027.0.0-ballot.3,MII_PR_ICU_VENT_Dynamische_Kompliance,renamed,https://www.medizininformatik-initiative.de/fhir/ext/modul-icu/StructureDefinition/mii-pr-icu-vent-dynamische-kompliance,https://www.medizininformatik-initiative.de/fhir/ext/modul-icu/StructureDefinition/mii-pr-icu-dynamische-kompliance,element-added,Observation.category:kuenstlicheBeatmung,,,"Kardinalität min: 1; Kardinalität max: 1; pattern: {""coding"": [{""system"": ""http://snomed.info/sct"", ""code"": ""4…; pattern-Typ: patternCodeableConcept; Slice-Name: kuenstlicheBeatmung",
icu,2026.0.2,2027.0.0-ballot.3,MII_PR_ICU_VENT_Dynamische_Kompliance,renamed,https://www.medizininformatik-initiative.de/fhir/ext/modul-icu/StructureDefinition/mii-pr-icu-vent-dynamische-kompliance,https://www.medizininformatik-initiative.de/fhir/ext/modul-icu/StructureDefinition/mii-pr-icu-dynamische-kompliance,field-changed,Observation.code.coding:IEEE-11073,pattern,"{""system"": ""urn:iso:std:iso:11073:10101"", ""code"": ""151692""}","{""code"": ""151692"", ""display"": ""Change of tidal volume per unit change of transthoracic pr…",
icu,2026.0.2,2027.0.0-ballot.3,MII_PR_ICU_VENT_Dynamische_Kompliance,renamed,https://www.medizininformatik-initiative.de/fhir/ext/modul-icu/StructureDefinition/mii-pr-icu-vent-dynamische-kompliance,https://www.medizininformatik-initiative.de/fhir/ext/modul-icu/StructureDefinition/mii-pr-icu-dynamische-kompliance,field-changed,Observation.code.coding:loinc,pattern,"{""system"": ""http://loinc.org"", ""code"": ""0827-3""}","{""code"": ""60827-3"", ""display"": ""Compliance.dynamic""}",
icu,2026.0.2,2027.0.0-ballot.3,MII_PR_ICU_VENT_Dynamische_Kompliance,renamed,https://www.medizininformatik-initiative.de/fhir/ext/modul-icu/StructureDefinition/mii-pr-icu-vent-dynamische-kompliance,https://www.medizininformatik-initiative.de/fhir/ext/modul-icu/StructureDefinition/mii-pr-icu-dynamische-kompliance,field-changed,Observation.code.coding:sct,pattern,"{""system"": ""http://snomed.info/sct"", ""code"": ""250823005""}","{""code"": ""250823005"", ""display"": ""Total dynamic compliance (observable entity)""}",
icu,2026.0.2,2027.0.0-ballot.3,MII_PR_ICU_VENT_Eingestellter_Inspiratorischer_Gasfluss,renamed,https://www.medizininformatik-initiative.de/fhir/ext/modul-icu/StructureDefinition/mii-pr-icu-vent-eingestellter-inspiratorischer-gasfluss,https://www.medizininformatik-initiative.de/fhir/ext/modul-icu/StructureDefinition/mii-pr-icu-eingestellter-inspiratorischer-gasfluss,profile-renamed,,,,,
icu,2026.0.2,2027.0.0-ballot.3,MII_PR_ICU_VENT_Eingestellter_Inspiratorischer_Gasfluss,renamed,https://www.medizininformatik-initiative.de/fhir/ext/modul-icu/StructureDefinition/mii-pr-icu-vent-eingestellter-inspiratorischer-gasfluss,https://www.medizininformatik-initiative.de/fhir/ext/modul-icu/StructureDefinition/mii-pr-icu-eingestellter-inspiratorischer-gasfluss,element-removed,Observation.category:Beatmung,,Kardinalität max: 1; Slice-Name: Beatmung,,
icu,2026.0.2,2027.0.0-ballot.3,MII_PR_ICU_VENT_Eingestellter_Inspiratorischer_Gasfluss,renamed,https://www.medizininformatik-initiative.de/fhir/ext/modul-icu/StructureDefinition/mii-pr-icu-vent-eingestellter-inspiratorischer-gasfluss,https://www.medizininformatik-initiative.de/fhir/ext/modul-icu/StructureDefinition/mii-pr-icu-eingestellter-inspiratorischer-gasfluss,element-added,Observation.category:kuenstlicheBeatmung,,,"Kardinalität min: 1; Kardinalität max: 1; pattern: {""coding"": [{""system"": ""http://snomed.info/sct"", ""code"": ""4…; pattern-Typ: patternCodeableConcept; Slice-Name: kuenstlicheBeatmung",
icu,2026.0.2,2027.0.0-ballot.3,MII_PR_ICU_VENT_Eingestellter_Inspiratorischer_Gasfluss,renamed,https://www.medizininformatik-initiative.de/fhir/ext/modul-icu/StructureDefinition/mii-pr-icu-vent-eingestellter-inspiratorischer-gasfluss,https://www.medizininformatik-initiative.de/fhir/ext/modul-icu/StructureDefinition/mii-pr-icu-eingestellter-inspiratorischer-gasfluss,field-changed,Observation.code.coding:IEEE-11073,pattern,"{""system"": ""urn:iso:std:iso:11073:10101""}",—,
icu,2026.0.2,2027.0.0-ballot.3,MII_PR_ICU_VENT_Eingestellter_Inspiratorischer_Gasfluss,renamed,https://www.medizininformatik-initiative.de/fhir/ext/modul-icu/StructureDefinition/mii-pr-icu-vent-eingestellter-inspiratorischer-gasfluss,https://www.medizininformatik-initiative.de/fhir/ext/modul-icu/StructureDefinition/mii-pr-icu-eingestellter-inspiratorischer-gasfluss,field-changed,Observation.code.coding:IEEE-11073,pattern-Typ,patternCoding,—,
icu,2026.0.2,2027.0.0-ballot.3,MII_PR_ICU_VENT_Eingestellter_Inspiratorischer_Gasfluss,renamed,https://www.medizininformatik-initiative.de/fhir/ext/modul-icu/StructureDefinition/mii-pr-icu-vent-eingestellter-inspiratorischer-gasfluss,https://www.medizininformatik-initiative.de/fhir/ext/modul-icu/StructureDefinition/mii-pr-icu-eingestellter-inspiratorischer-gasfluss,field-changed,Observation.code.coding:loinc,pattern,"{""system"": ""http://loinc.org"", ""code"": ""76275-7""}","{""code"": ""76275-7"", ""display"": ""Inspiratory flow setting Ventilator""}",
icu,2026.0.2,2027.0.0-ballot.3,MII_PR_ICU_VENT_Eingestellter_Inspiratorischer_Gasfluss,renamed,https://www.medizininformatik-initiative.de/fhir/ext/modul-icu/StructureDefinition/mii-pr-icu-vent-eingestellter-inspiratorischer-gasfluss,https://www.medizininformatik-initiative.de/fhir/ext/modul-icu/StructureDefinition/mii-pr-icu-eingestellter-inspiratorischer-gasfluss,field-changed,Observation.code.coding:sct,pattern,"{""system"": ""http://snomed.info/sct""}",—,
icu,2026.0.2,2027.0.0-ballot.3,MII_PR_ICU_VENT_Eingestellter_Inspiratorischer_Gasfluss,renamed,https://www.medizininformatik-initiative.de/fhir/ext/modul-icu/StructureDefinition/mii-pr-icu-vent-eingestellter-inspiratorischer-gasfluss,https://www.medizininformatik-initiative.de/fhir/ext/modul-icu/StructureDefinition/mii-pr-icu-eingestellter-inspiratorischer-gasfluss,field-changed,Observation.code.coding:sct,pattern-Typ,patternCoding,—,
icu,2026.0.2,2027.0.0-ballot.3,MII_PR_ICU_VENT_Einstellung_Ausatmungszeit_Beatmung,renamed,https://www.medizininformatik-initiative.de/fhir/ext/modul-icu/StructureDefinition/mii-pr-icu-vent-einstellung-ausatmungszeit-beatmung,https://www.medizininformatik-initiative.de/fhir/ext/modul-icu/StructureDefinition/mii-pr-icu-einstellung-ausatmungszeit-beatmung,profile-renamed,,,,,
icu,2026.0.2,2027.0.0-ballot.3,MII_PR_ICU_VENT_Einstellung_Ausatmungszeit_Beatmung,renamed,https://www.medizininformatik-initiative.de/fhir/ext/modul-icu/StructureDefinition/mii-pr-icu-vent-einstellung-ausatmungszeit-beatmung,https://www.medizininformatik-initiative.de/fhir/ext/modul-icu/StructureDefinition/mii-pr-icu-einstellung-ausatmungszeit-beatmung,element-removed,Observation.effective[x],,Kardinalität min: 1,,
icu,2026.0.2,2027.0.0-ballot.3,MII_PR_ICU_VENT_Einstellung_Ausatmungszeit_Beatmung,renamed,https://www.medizininformatik-initiative.de/fhir/ext/modul-icu/StructureDefinition/mii-pr-icu-vent-einstellung-ausatmungszeit-beatmung,https://www.medizininformatik-initiative.de/fhir/ext/modul-icu/StructureDefinition/mii-pr-icu-einstellung-ausatmungszeit-beatmung,element-added,Observation.category:kuenstlicheBeatmung,,,"Kardinalität min: 1; Kardinalität max: 1; pattern: {""coding"": [{""system"": ""http://snomed.info/sct"", ""code"": ""4…; pattern-Typ: patternCodeableConcept; Slice-Name: kuenstlicheBeatmung",
icu,2026.0.2,2027.0.0-ballot.3,MII_PR_ICU_VENT_Einstellung_Ausatmungszeit_Beatmung,renamed,https://www.medizininformatik-initiative.de/fhir/ext/modul-icu/StructureDefinition/mii-pr-icu-vent-einstellung-ausatmungszeit-beatmung,https://www.medizininformatik-initiative.de/fhir/ext/modul-icu/StructureDefinition/mii-pr-icu-einstellung-ausatmungszeit-beatmung,field-changed,Observation.code.coding:IEEE-11073,pattern,"{""system"": ""urn:iso:std:iso:11073:10101""}",—,
icu,2026.0.2,2027.0.0-ballot.3,MII_PR_ICU_VENT_Einstellung_Ausatmungszeit_Beatmung,renamed,https://www.medizininformatik-initiative.de/fhir/ext/modul-icu/StructureDefinition/mii-pr-icu-vent-einstellung-ausatmungszeit-beatmung,https://www.medizininformatik-initiative.de/fhir/ext/modul-icu/StructureDefinition/mii-pr-icu-einstellung-ausatmungszeit-beatmung,field-changed,Observation.code.coding:IEEE-11073,pattern-Typ,patternCoding,—,
icu,2026.0.2,2027.0.0-ballot.3,MII_PR_ICU_VENT_Einstellung_Ausatmungszeit_Beatmung,renamed,https://www.medizininformatik-initiative.de/fhir/ext/modul-icu/StructureDefinition/mii-pr-icu-vent-einstellung-ausatmungszeit-beatmung,https://www.medizininformatik-initiative.de/fhir/ext/modul-icu/StructureDefinition/mii-pr-icu-einstellung-ausatmungszeit-beatmung,field-changed,Observation.code.coding:loinc,pattern,"{""system"": ""http://loinc.org"", ""code"": ""76187-4""}","{""code"": ""76187-4"", ""display"": ""Expiratory hold time setting""}",
icu,2026.0.2,2027.0.0-ballot.3,MII_PR_ICU_VENT_Einstellung_Ausatmungszeit_Beatmung,renamed,https://www.medizininformatik-initiative.de/fhir/ext/modul-icu/StructureDefinition/mii-pr-icu-vent-einstellung-ausatmungszeit-beatmung,https://www.medizininformatik-initiative.de/fhir/ext/modul-icu/StructureDefinition/mii-pr-icu-einstellung-ausatmungszeit-beatmung,field-changed,Observation.code.coding:sct,pattern,"{""system"": ""http://snomed.info/sct"", ""code"": ""250820008""}","{""code"": ""250820008"", ""display"": ""Expiratory time (observable entity)""}",
icu,2026.0.2,2027.0.0-ballot.3,MII_PR_ICU_VENT_Einstellung_Einatmungszeit_Beatmung,renamed,https://www.medizininformatik-initiative.de/fhir/ext/modul-icu/StructureDefinition/mii-pr-icu-vent-einstellung-einatmungszeit-beatmung,https://www.medizininformatik-initiative.de/fhir/ext/modul-icu/StructureDefinition/mii-pr-icu-einstellung-einatmungszeit-beatmung,profile-renamed,,,,,
icu,2026.0.2,2027.0.0-ballot.3,MII_PR_ICU_VENT_Einstellung_Einatmungszeit_Beatmung,renamed,https://www.medizininformatik-initiative.de/fhir/ext/modul-icu/StructureDefinition/mii-pr-icu-vent-einstellung-einatmungszeit-beatmung,https://www.medizininformatik-initiative.de/fhir/ext/modul-icu/StructureDefinition/mii-pr-icu-einstellung-einatmungszeit-beatmung,element-removed,Observation.effective[x],,Kardinalität min: 1,,
icu,2026.0.2,2027.0.0-ballot.3,MII_PR_ICU_VENT_Einstellung_Einatmungszeit_Beatmung,renamed,https://www.medizininformatik-initiative.de/fhir/ext/modul-icu/StructureDefinition/mii-pr-icu-vent-einstellung-einatmungszeit-beatmung,https://www.medizininformatik-initiative.de/fhir/ext/modul-icu/StructureDefinition/mii-pr-icu-einstellung-einatmungszeit-beatmung,element-added,Observation.category:kuenstlicheBeatmung,,,"Kardinalität min: 1; Kardinalität max: 1; pattern: {""coding"": [{""system"": ""http://snomed.info/sct"", ""code"": ""4…; pattern-Typ: patternCodeableConcept; Slice-Name: kuenstlicheBeatmung",
icu,2026.0.2,2027.0.0-ballot.3,MII_PR_ICU_VENT_Einstellung_Einatmungszeit_Beatmung,renamed,https://www.medizininformatik-initiative.de/fhir/ext/modul-icu/StructureDefinition/mii-pr-icu-vent-einstellung-einatmungszeit-beatmung,https://www.medizininformatik-initiative.de/fhir/ext/modul-icu/StructureDefinition/mii-pr-icu-einstellung-einatmungszeit-beatmung,field-changed,Observation.code.coding:IEEE-11073,pattern,"{""system"": ""urn:iso:std:iso:11073:10101"", ""code"": ""16929632""}","{""code"": ""16929632"", ""display"": ""MDC_VENT_TIME_PD_INSP_SETTING""}",
icu,2026.0.2,2027.0.0-ballot.3,MII_PR_ICU_VENT_Einstellung_Einatmungszeit_Beatmung,renamed,https://www.medizininformatik-initiative.de/fhir/ext/modul-icu/StructureDefinition/mii-pr-icu-vent-einstellung-einatmungszeit-beatmung,https://www.medizininformatik-initiative.de/fhir/ext/modul-icu/StructureDefinition/mii-pr-icu-einstellung-einatmungszeit-beatmung,field-changed,Observation.code.coding:loinc,pattern,"{""system"": ""http://loinc.org"", ""code"": ""76334-2""}","{""code"": ""76334-2"", ""display"": ""Inspiratory time setting""}",
icu,2026.0.2,2027.0.0-ballot.3,MII_PR_ICU_VENT_Einstellung_Einatmungszeit_Beatmung,renamed,https://www.medizininformatik-initiative.de/fhir/ext/modul-icu/StructureDefinition/mii-pr-icu-vent-einstellung-einatmungszeit-beatmung,https://www.medizininformatik-initiative.de/fhir/ext/modul-icu/StructureDefinition/mii-pr-icu-einstellung-einatmungszeit-beatmung,field-changed,Observation.code.coding:sct,pattern,"{""system"": ""http://snomed.info/sct"", ""code"": ""250819002""}","{""code"": ""250819002"", ""display"": ""Inspiratory time (observable entity)""}",
icu,2026.0.2,2027.0.0-ballot.3,MII_PR_ICU_VENT_Endexpiratorischer_Kohlendioxidpartialdruck,renamed,https://www.medizininformatik-initiative.de/fhir/ext/modul-icu/StructureDefinition/mii-pr-icu-vent-endexpiratorischer-kohlendioxidpartialdruck,https://www.medizininformatik-initiative.de/fhir/ext/modul-icu/StructureDefinition/mii-pr-icu-endexpiratorischer-kohlendioxidpartialdruck,profile-renamed,,,,,
icu,2026.0.2,2027.0.0-ballot.3,MII_PR_ICU_VENT_Endexpiratorischer_Kohlendioxidpartialdruck,renamed,https://www.medizininformatik-initiative.de/fhir/ext/modul-icu/StructureDefinition/mii-pr-icu-vent-endexpiratorischer-kohlendioxidpartialdruck,https://www.medizininformatik-initiative.de/fhir/ext/modul-icu/StructureDefinition/mii-pr-icu-endexpiratorischer-kohlendioxidpartialdruck,element-removed,Observation.category:Beatmung,,Kardinalität max: 1; Slice-Name: Beatmung,,
icu,2026.0.2,2027.0.0-ballot.3,MII_PR_ICU_VENT_Endexpiratorischer_Kohlendioxidpartialdruck,renamed,https://www.medizininformatik-initiative.de/fhir/ext/modul-icu/StructureDefinition/mii-pr-icu-vent-endexpiratorischer-kohlendioxidpartialdruck,https://www.medizininformatik-initiative.de/fhir/ext/modul-icu/StructureDefinition/mii-pr-icu-endexpiratorischer-kohlendioxidpartialdruck,element-added,Observation.category:Sauerstofftherapie,,,"Kardinalität max: 1; pattern: {""coding"": [{""system"": ""http://snomed.info/sct"", ""code"": ""5…; pattern-Typ: patternCodeableConcept; Slice-Name: Sauerstofftherapie",
icu,2026.0.2,2027.0.0-ballot.3,MII_PR_ICU_VENT_Endexpiratorischer_Kohlendioxidpartialdruck,renamed,https://www.medizininformatik-initiative.de/fhir/ext/modul-icu/StructureDefinition/mii-pr-icu-vent-endexpiratorischer-kohlendioxidpartialdruck,https://www.medizininformatik-initiative.de/fhir/ext/modul-icu/StructureDefinition/mii-pr-icu-endexpiratorischer-kohlendioxidpartialdruck,element-added,Observation.category:kuenstlicheBeatmung,,,"Kardinalität max: 1; pattern: {""coding"": [{""system"": ""http://snomed.info/sct"", ""code"": ""4…; pattern-Typ: patternCodeableConcept; Slice-Name: kuenstlicheBeatmung",
icu,2026.0.2,2027.0.0-ballot.3,MII_PR_ICU_VENT_Endexpiratorischer_Kohlendioxidpartialdruck,renamed,https://www.medizininformatik-initiative.de/fhir/ext/modul-icu/StructureDefinition/mii-pr-icu-vent-endexpiratorischer-kohlendioxidpartialdruck,https://www.medizininformatik-initiative.de/fhir/ext/modul-icu/StructureDefinition/mii-pr-icu-endexpiratorischer-kohlendioxidpartialdruck,field-changed,Observation.code.coding:IEEE-11073,pattern,"{""system"": ""urn:iso:std:iso:11073:10101"", ""code"": ""151708""}","{""code"": ""151708"", ""display"": ""Partial pressure of carbon dioxide in airway gas measured …",
icu,2026.0.2,2027.0.0-ballot.3,MII_PR_ICU_VENT_Endexpiratorischer_Kohlendioxidpartialdruck,renamed,https://www.medizininformatik-initiative.de/fhir/ext/modul-icu/StructureDefinition/mii-pr-icu-vent-endexpiratorischer-kohlendioxidpartialdruck,https://www.medizininformatik-initiative.de/fhir/ext/modul-icu/StructureDefinition/mii-pr-icu-endexpiratorischer-kohlendioxidpartialdruck,field-changed,Observation.code.coding:loinc,pattern,"{""system"": ""http://loinc.org"", ""code"": ""19891-1""}","{""code"": ""19891-1"", ""display"": ""Carbon dioxide^at end expiration""}",
icu,2026.0.2,2027.0.0-ballot.3,MII_PR_ICU_VENT_Endexpiratorischer_Kohlendioxidpartialdruck,renamed,https://www.medizininformatik-initiative.de/fhir/ext/modul-icu/StructureDefinition/mii-pr-icu-vent-endexpiratorischer-kohlendioxidpartialdruck,https://www.medizininformatik-initiative.de/fhir/ext/modul-icu/StructureDefinition/mii-pr-icu-endexpiratorischer-kohlendioxidpartialdruck,field-changed,Observation.code.coding:sct,pattern,"{""system"": ""http://snomed.info/sct"", ""code"": ""250790007""}","{""code"": ""250790007"", ""display"": ""End tidal carbon dioxide tension (observable entity)""}",
icu,2026.0.2,2027.0.0-ballot.3,MII_PR_ICU_VENT_Exspiratorischer_Gasfluss,renamed,https://www.medizininformatik-initiative.de/fhir/ext/modul-icu/StructureDefinition/mii-pr-icu-vent-exspiratorischer-gasfluss,https://www.medizininformatik-initiative.de/fhir/ext/modul-icu/StructureDefinition/mii-pr-icu-exspiratorischer-gasfluss,profile-renamed,,,,,
icu,2026.0.2,2027.0.0-ballot.3,MII_PR_ICU_VENT_Exspiratorischer_Gasfluss,renamed,https://www.medizininformatik-initiative.de/fhir/ext/modul-icu/StructureDefinition/mii-pr-icu-vent-exspiratorischer-gasfluss,https://www.medizininformatik-initiative.de/fhir/ext/modul-icu/StructureDefinition/mii-pr-icu-exspiratorischer-gasfluss,element-removed,Observation.category:Beatmung,,Kardinalität max: 1; Slice-Name: Beatmung,,
icu,2026.0.2,2027.0.0-ballot.3,MII_PR_ICU_VENT_Exspiratorischer_Gasfluss,renamed,https://www.medizininformatik-initiative.de/fhir/ext/modul-icu/StructureDefinition/mii-pr-icu-vent-exspiratorischer-gasfluss,https://www.medizininformatik-initiative.de/fhir/ext/modul-icu/StructureDefinition/mii-pr-icu-exspiratorischer-gasfluss,element-added,Observation.category:kuenstlicheBeatmung,,,"Kardinalität min: 1; Kardinalität max: 1; pattern: {""coding"": [{""system"": ""http://snomed.info/sct"", ""code"": ""4…; pattern-Typ: patternCodeableConcept; Slice-Name: kuenstlicheBeatmung",
icu,2026.0.2,2027.0.0-ballot.3,MII_PR_ICU_VENT_Exspiratorischer_Gasfluss,renamed,https://www.medizininformatik-initiative.de/fhir/ext/modul-icu/StructureDefinition/mii-pr-icu-vent-exspiratorischer-gasfluss,https://www.medizininformatik-initiative.de/fhir/ext/modul-icu/StructureDefinition/mii-pr-icu-exspiratorischer-gasfluss,field-changed,Observation.code.coding:IEEE-11073,pattern,"{""system"": ""urn:iso:std:iso:11073:10101"", ""code"": ""151944""}","{""code"": ""151944"", ""display"": ""Expiratory gas flow during mechanical ventilation. ""}",
icu,2026.0.2,2027.0.0-ballot.3,MII_PR_ICU_VENT_Exspiratorischer_Gasfluss,renamed,https://www.medizininformatik-initiative.de/fhir/ext/modul-icu/StructureDefinition/mii-pr-icu-vent-exspiratorischer-gasfluss,https://www.medizininformatik-initiative.de/fhir/ext/modul-icu/StructureDefinition/mii-pr-icu-exspiratorischer-gasfluss,field-changed,Observation.code.coding:loinc,pattern,"{""system"": ""http://loinc.org"", ""code"": ""60792-9""}","{""code"": ""60792-9"", ""display"": ""Expiratory gas flow Respiratory system airway --on ventil…",
icu,2026.0.2,2027.0.0-ballot.3,MII_PR_ICU_VENT_Exspiratorischer_Gasfluss,renamed,https://www.medizininformatik-initiative.de/fhir/ext/modul-icu/StructureDefinition/mii-pr-icu-vent-exspiratorischer-gasfluss,https://www.medizininformatik-initiative.de/fhir/ext/modul-icu/StructureDefinition/mii-pr-icu-exspiratorischer-gasfluss,field-changed,Observation.code.coding:sct,pattern,"{""system"": ""http://snomed.info/sct""}",—,
icu,2026.0.2,2027.0.0-ballot.3,MII_PR_ICU_VENT_Exspiratorischer_Gasfluss,renamed,https://www.medizininformatik-initiative.de/fhir/ext/modul-icu/StructureDefinition/mii-pr-icu-vent-exspiratorischer-gasfluss,https://www.medizininformatik-initiative.de/fhir/ext/modul-icu/StructureDefinition/mii-pr-icu-exspiratorischer-gasfluss,field-changed,Observation.code.coding:sct,pattern-Typ,patternCoding,—,
icu,2026.0.2,2027.0.0-ballot.3,MII_PR_ICU_VENT_Exspiratorischer_Sauerstoffpartialdruck,renamed,https://www.medizininformatik-initiative.de/fhir/ext/modul-icu/StructureDefinition/mii-pr-icu-vent-exspiratorischer-sauerstoffpartialdruck,https://www.medizininformatik-initiative.de/fhir/ext/modul-icu/StructureDefinition/mii-pr-icu-exspiratorischer-sauerstoffpartialdruck,profile-renamed,,,,,
icu,2026.0.2,2027.0.0-ballot.3,MII_PR_ICU_VENT_Exspiratorischer_Sauerstoffpartialdruck,renamed,https://www.medizininformatik-initiative.de/fhir/ext/modul-icu/StructureDefinition/mii-pr-icu-vent-exspiratorischer-sauerstoffpartialdruck,https://www.medizininformatik-initiative.de/fhir/ext/modul-icu/StructureDefinition/mii-pr-icu-exspiratorischer-sauerstoffpartialdruck,element-removed,Observation.category:Beatmung,,Kardinalität max: 1; Slice-Name: Beatmung,,
icu,2026.0.2,2027.0.0-ballot.3,MII_PR_ICU_VENT_Exspiratorischer_Sauerstoffpartialdruck,renamed,https://www.medizininformatik-initiative.de/fhir/ext/modul-icu/StructureDefinition/mii-pr-icu-vent-exspiratorischer-sauerstoffpartialdruck,https://www.medizininformatik-initiative.de/fhir/ext/modul-icu/StructureDefinition/mii-pr-icu-exspiratorischer-sauerstoffpartialdruck,element-added,Observation.category:Sauerstofftherapie,,,"Kardinalität max: 1; pattern: {""coding"": [{""system"": ""http://snomed.info/sct"", ""code"": ""5…; pattern-Typ: patternCodeableConcept; Slice-Name: Sauerstofftherapie",
icu,2026.0.2,2027.0.0-ballot.3,MII_PR_ICU_VENT_Exspiratorischer_Sauerstoffpartialdruck,renamed,https://www.medizininformatik-initiative.de/fhir/ext/modul-icu/StructureDefinition/mii-pr-icu-vent-exspiratorischer-sauerstoffpartialdruck,https://www.medizininformatik-initiative.de/fhir/ext/modul-icu/StructureDefinition/mii-pr-icu-exspiratorischer-sauerstoffpartialdruck,element-added,Observation.category:kuenstlicheBeatmung,,,"Kardinalität max: 1; pattern: {""coding"": [{""system"": ""http://snomed.info/sct"", ""code"": ""4…; pattern-Typ: patternCodeableConcept; Slice-Name: kuenstlicheBeatmung",
icu,2026.0.2,2027.0.0-ballot.3,MII_PR_ICU_VENT_Exspiratorischer_Sauerstoffpartialdruck,renamed,https://www.medizininformatik-initiative.de/fhir/ext/modul-icu/StructureDefinition/mii-pr-icu-vent-exspiratorischer-sauerstoffpartialdruck,https://www.medizininformatik-initiative.de/fhir/ext/modul-icu/StructureDefinition/mii-pr-icu-exspiratorischer-sauerstoffpartialdruck,field-changed,Observation.code.coding:IEEE-11073,pattern,"{""system"": ""urn:iso:std:iso:11073:10101"", ""code"": ""153132""}","{""code"": ""153132"", ""display"": ""Partial pressure of oxygen in airway gas measured during e…",
icu,2026.0.2,2027.0.0-ballot.3,MII_PR_ICU_VENT_Exspiratorischer_Sauerstoffpartialdruck,renamed,https://www.medizininformatik-initiative.de/fhir/ext/modul-icu/StructureDefinition/mii-pr-icu-vent-exspiratorischer-sauerstoffpartialdruck,https://www.medizininformatik-initiative.de/fhir/ext/modul-icu/StructureDefinition/mii-pr-icu-exspiratorischer-sauerstoffpartialdruck,field-changed,Observation.code.coding:loinc,pattern,"{""system"": ""http://loinc.org"", ""code"": ""3147-6""}","{""code"": ""3147-6"", ""display"": ""Oxygen [Partial pressure] in Exhaled gas""}",
icu,2026.0.2,2027.0.0-ballot.3,MII_PR_ICU_VENT_Exspiratorischer_Sauerstoffpartialdruck,renamed,https://www.medizininformatik-initiative.de/fhir/ext/modul-icu/StructureDefinition/mii-pr-icu-vent-exspiratorischer-sauerstoffpartialdruck,https://www.medizininformatik-initiative.de/fhir/ext/modul-icu/StructureDefinition/mii-pr-icu-exspiratorischer-sauerstoffpartialdruck,field-changed,Observation.code.coding:sct,pattern,"{""system"": ""http://snomed.info/sct"", ""code"": ""442720002""}","{""code"": ""442720002"", ""display"": ""Expired oxygen tension (observable entity)""}",
icu,2026.0.2,2027.0.0-ballot.3,MII_PR_ICU_VENT_Horowitz_In_Arteriellem_Blut,renamed,https://www.medizininformatik-initiative.de/fhir/ext/modul-icu/StructureDefinition/mii-pr-icu-vent-horowitz-in-arteriellem-blut,https://www.medizininformatik-initiative.de/fhir/ext/modul-icu/StructureDefinition/mii-pr-icu-horowitz-in-arteriellem-blut,profile-renamed,,,,,
icu,2026.0.2,2027.0.0-ballot.3,MII_PR_ICU_VENT_Horowitz_In_Arteriellem_Blut,renamed,https://www.medizininformatik-initiative.de/fhir/ext/modul-icu/StructureDefinition/mii-pr-icu-vent-horowitz-in-arteriellem-blut,https://www.medizininformatik-initiative.de/fhir/ext/modul-icu/StructureDefinition/mii-pr-icu-horowitz-in-arteriellem-blut,element-removed,Observation.category:vs-cat,,Kardinalität max: 1; Slice-Name: vs-cat,,
icu,2026.0.2,2027.0.0-ballot.3,MII_PR_ICU_VENT_Horowitz_In_Arteriellem_Blut,renamed,https://www.medizininformatik-initiative.de/fhir/ext/modul-icu/StructureDefinition/mii-pr-icu-vent-horowitz-in-arteriellem-blut,https://www.medizininformatik-initiative.de/fhir/ext/modul-icu/StructureDefinition/mii-pr-icu-horowitz-in-arteriellem-blut,element-added,Observation.category:Sauerstofftherapie,,,"Kardinalität max: 1; pattern: {""coding"": [{""system"": ""http://snomed.info/sct"", ""code"": ""5…; pattern-Typ: patternCodeableConcept; Slice-Name: Sauerstofftherapie",
icu,2026.0.2,2027.0.0-ballot.3,MII_PR_ICU_VENT_Horowitz_In_Arteriellem_Blut,renamed,https://www.medizininformatik-initiative.de/fhir/ext/modul-icu/StructureDefinition/mii-pr-icu-vent-horowitz-in-arteriellem-blut,https://www.medizininformatik-initiative.de/fhir/ext/modul-icu/StructureDefinition/mii-pr-icu-horowitz-in-arteriellem-blut,element-added,Observation.category:kuenstlicheBeatmung,,,"Kardinalität max: 1; pattern: {""coding"": [{""system"": ""http://snomed.info/sct"", ""code"": ""4…; pattern-Typ: patternCodeableConcept; Slice-Name: kuenstlicheBeatmung",
icu,2026.0.2,2027.0.0-ballot.3,MII_PR_ICU_VENT_Horowitz_In_Arteriellem_Blut,renamed,https://www.medizininformatik-initiative.de/fhir/ext/modul-icu/StructureDefinition/mii-pr-icu-vent-horowitz-in-arteriellem-blut,https://www.medizininformatik-initiative.de/fhir/ext/modul-icu/StructureDefinition/mii-pr-icu-horowitz-in-arteriellem-blut,field-changed,Observation.code.coding:IEEE-11073,pattern,"{""system"": ""urn:iso:std:iso:11073:10101"", ""code"": ""150656""}","{""code"": ""150656"", ""display"": ""Oxygenation Ratio, calculated as the ratio of PaO2 (partia…",
icu,2026.0.2,2027.0.0-ballot.3,MII_PR_ICU_VENT_Horowitz_In_Arteriellem_Blut,renamed,https://www.medizininformatik-initiative.de/fhir/ext/modul-icu/StructureDefinition/mii-pr-icu-vent-horowitz-in-arteriellem-blut,https://www.medizininformatik-initiative.de/fhir/ext/modul-icu/StructureDefinition/mii-pr-icu-horowitz-in-arteriellem-blut,field-changed,Observation.code.coding:loinc,pattern,"{""system"": ""http://loinc.org"", ""code"": ""50984-4""}","{""code"": ""50984-4"", ""display"": ""Horowitz index in Arterial blood""}",
icu,2026.0.2,2027.0.0-ballot.3,MII_PR_ICU_VENT_Horowitz_In_Arteriellem_Blut,renamed,https://www.medizininformatik-initiative.de/fhir/ext/modul-icu/StructureDefinition/mii-pr-icu-vent-horowitz-in-arteriellem-blut,https://www.medizininformatik-initiative.de/fhir/ext/modul-icu/StructureDefinition/mii-pr-icu-horowitz-in-arteriellem-blut,field-changed,Observation.code.coding:sct,pattern,"{""system"": ""http://snomed.info/sct""}",—,
icu,2026.0.2,2027.0.0-ballot.3,MII_PR_ICU_VENT_Horowitz_In_Arteriellem_Blut,renamed,https://www.medizininformatik-initiative.de/fhir/ext/modul-icu/StructureDefinition/mii-pr-icu-vent-horowitz-in-arteriellem-blut,https://www.medizininformatik-initiative.de/fhir/ext/modul-icu/StructureDefinition/mii-pr-icu-horowitz-in-arteriellem-blut,field-changed,Observation.code.coding:sct,pattern-Typ,patternCoding,—,
icu,2026.0.2,2027.0.0-ballot.3,MII_PR_ICU_VENT_Inspiratorische_Sauerstofffraktion,renamed,https://www.medizininformatik-initiative.de/fhir/ext/modul-icu/StructureDefinition/mii-pr-icu-vent-inspiratorische-sauerstofffraktion,https://www.medizininformatik-initiative.de/fhir/ext/modul-icu/StructureDefinition/mii-pr-icu-inspiratorische-sauerstofffraktion-gemessen,profile-renamed,,,,,
icu,2026.0.2,2027.0.0-ballot.3,MII_PR_ICU_VENT_Inspiratorische_Sauerstofffraktion,renamed,https://www.medizininformatik-initiative.de/fhir/ext/modul-icu/StructureDefinition/mii-pr-icu-vent-inspiratorische-sauerstofffraktion,https://www.medizininformatik-initiative.de/fhir/ext/modul-icu/StructureDefinition/mii-pr-icu-inspiratorische-sauerstofffraktion-gemessen,element-removed,Observation.category:Beatmung,,Kardinalität max: 1; Slice-Name: Beatmung,,
icu,2026.0.2,2027.0.0-ballot.3,MII_PR_ICU_VENT_Inspiratorische_Sauerstofffraktion,renamed,https://www.medizininformatik-initiative.de/fhir/ext/modul-icu/StructureDefinition/mii-pr-icu-vent-inspiratorische-sauerstofffraktion,https://www.medizininformatik-initiative.de/fhir/ext/modul-icu/StructureDefinition/mii-pr-icu-inspiratorische-sauerstofffraktion-gemessen,element-removed,Observation.code.coding,,Kardinalität min: 2,,
icu,2026.0.2,2027.0.0-ballot.3,MII_PR_ICU_VENT_Inspiratorische_Sauerstofffraktion,renamed,https://www.medizininformatik-initiative.de/fhir/ext/modul-icu/StructureDefinition/mii-pr-icu-vent-inspiratorische-sauerstofffraktion,https://www.medizininformatik-initiative.de/fhir/ext/modul-icu/StructureDefinition/mii-pr-icu-inspiratorische-sauerstofffraktion-gemessen,element-added,Observation.category:Sauerstofftherapie,,,"Kardinalität max: 1; pattern: {""coding"": [{""system"": ""http://snomed.info/sct"", ""code"": ""5…; pattern-Typ: patternCodeableConcept; Slice-Name: Sauerstofftherapie",
icu,2026.0.2,2027.0.0-ballot.3,MII_PR_ICU_VENT_Inspiratorische_Sauerstofffraktion,renamed,https://www.medizininformatik-initiative.de/fhir/ext/modul-icu/StructureDefinition/mii-pr-icu-vent-inspiratorische-sauerstofffraktion,https://www.medizininformatik-initiative.de/fhir/ext/modul-icu/StructureDefinition/mii-pr-icu-inspiratorische-sauerstofffraktion-gemessen,element-added,Observation.category:kuenstlicheBeatmung,,,"Kardinalität max: 1; pattern: {""coding"": [{""system"": ""http://snomed.info/sct"", ""code"": ""4…; pattern-Typ: patternCodeableConcept; Slice-Name: kuenstlicheBeatmung",
icu,2026.0.2,2027.0.0-ballot.3,MII_PR_ICU_VENT_Inspiratorische_Sauerstofffraktion,renamed,https://www.medizininformatik-initiative.de/fhir/ext/modul-icu/StructureDefinition/mii-pr-icu-vent-inspiratorische-sauerstofffraktion,https://www.medizininformatik-initiative.de/fhir/ext/modul-icu/StructureDefinition/mii-pr-icu-inspiratorische-sauerstofffraktion-gemessen,element-added,Observation.value[x],,,"pattern: {""system"": ""http://unitsofmeasure.org"", ""code"": ""%""}; pattern-Typ: patternQuantity",
icu,2026.0.2,2027.0.0-ballot.3,MII_PR_ICU_VENT_Inspiratorische_Sauerstofffraktion,renamed,https://www.medizininformatik-initiative.de/fhir/ext/modul-icu/StructureDefinition/mii-pr-icu-vent-inspiratorische-sauerstofffraktion,https://www.medizininformatik-initiative.de/fhir/ext/modul-icu/StructureDefinition/mii-pr-icu-inspiratorische-sauerstofffraktion-gemessen,field-changed,Observation.code.coding:IEEE-11073,pattern,"{""system"": ""urn:iso:std:iso:11073:10101""}",—,
icu,2026.0.2,2027.0.0-ballot.3,MII_PR_ICU_VENT_Inspiratorische_Sauerstofffraktion,renamed,https://www.medizininformatik-initiative.de/fhir/ext/modul-icu/StructureDefinition/mii-pr-icu-vent-inspiratorische-sauerstofffraktion,https://www.medizininformatik-initiative.de/fhir/ext/modul-icu/StructureDefinition/mii-pr-icu-inspiratorische-sauerstofffraktion-gemessen,field-changed,Observation.code.coding:IEEE-11073,pattern-Typ,patternCoding,—,
icu,2026.0.2,2027.0.0-ballot.3,MII_PR_ICU_VENT_Inspiratorische_Sauerstofffraktion,renamed,https://www.medizininformatik-initiative.de/fhir/ext/modul-icu/StructureDefinition/mii-pr-icu-vent-inspiratorische-sauerstofffraktion,https://www.medizininformatik-initiative.de/fhir/ext/modul-icu/StructureDefinition/mii-pr-icu-inspiratorische-sauerstofffraktion-gemessen,field-changed,Observation.code.coding:loinc,Kardinalität min,1,—,
icu,2026.0.2,2027.0.0-ballot.3,MII_PR_ICU_VENT_Inspiratorische_Sauerstofffraktion,renamed,https://www.medizininformatik-initiative.de/fhir/ext/modul-icu/StructureDefinition/mii-pr-icu-vent-inspiratorische-sauerstofffraktion,https://www.medizininformatik-initiative.de/fhir/ext/modul-icu/StructureDefinition/mii-pr-icu-inspiratorische-sauerstofffraktion-gemessen,field-changed,Observation.code.coding:loinc,Kardinalität max,1,0,
icu,2026.0.2,2027.0.0-ballot.3,MII_PR_ICU_VENT_Inspiratorische_Sauerstofffraktion,renamed,https://www.medizininformatik-initiative.de/fhir/ext/modul-icu/StructureDefinition/mii-pr-icu-vent-inspiratorische-sauerstofffraktion,https://www.medizininformatik-initiative.de/fhir/ext/modul-icu/StructureDefinition/mii-pr-icu-inspiratorische-sauerstofffraktion-gemessen,field-changed,Observation.code.coding:loinc,pattern,"{""system"": ""http://loinc.org"", ""code"": ""71835-3""}",—,
icu,2026.0.2,2027.0.0-ballot.3,MII_PR_ICU_VENT_Inspiratorische_Sauerstofffraktion,renamed,https://www.medizininformatik-initiative.de/fhir/ext/modul-icu/StructureDefinition/mii-pr-icu-vent-inspiratorische-sauerstofffraktion,https://www.medizininformatik-initiative.de/fhir/ext/modul-icu/StructureDefinition/mii-pr-icu-inspiratorische-sauerstofffraktion-gemessen,field-changed,Observation.code.coding:loinc,pattern-Typ,patternCoding,—,
icu,2026.0.2,2027.0.0-ballot.3,MII_PR_ICU_VENT_Inspiratorische_Sauerstofffraktion,renamed,https://www.medizininformatik-initiative.de/fhir/ext/modul-icu/StructureDefinition/mii-pr-icu-vent-inspiratorische-sauerstofffraktion,https://www.medizininformatik-initiative.de/fhir/ext/modul-icu/StructureDefinition/mii-pr-icu-inspiratorische-sauerstofffraktion-gemessen,field-changed,Observation.code.coding:sct,pattern,"{""system"": ""http://snomed.info/sct"", ""code"": ""250774007""}","{""code"": ""250774007"", ""display"": ""Inspired oxygen concentration (observable entity)""}",
icu,2026.0.2,2027.0.0-ballot.3,MII_PR_ICU_VENT_Inspiratorischer_Gasfluss,renamed,https://www.medizininformatik-initiative.de/fhir/ext/modul-icu/StructureDefinition/mii-pr-icu-vent-inspiratorischer-gasfluss,https://www.medizininformatik-initiative.de/fhir/ext/modul-icu/StructureDefinition/mii-pr-icu-inspiratorischer-gasfluss,profile-renamed,,,,,
icu,2026.0.2,2027.0.0-ballot.3,MII_PR_ICU_VENT_Inspiratorischer_Gasfluss,renamed,https://www.medizininformatik-initiative.de/fhir/ext/modul-icu/StructureDefinition/mii-pr-icu-vent-inspiratorischer-gasfluss,https://www.medizininformatik-initiative.de/fhir/ext/modul-icu/StructureDefinition/mii-pr-icu-inspiratorischer-gasfluss,element-removed,Observation.category:Beatmung,,Kardinalität max: 1; Slice-Name: Beatmung,,
icu,2026.0.2,2027.0.0-ballot.3,MII_PR_ICU_VENT_Inspiratorischer_Gasfluss,renamed,https://www.medizininformatik-initiative.de/fhir/ext/modul-icu/StructureDefinition/mii-pr-icu-vent-inspiratorischer-gasfluss,https://www.medizininformatik-initiative.de/fhir/ext/modul-icu/StructureDefinition/mii-pr-icu-inspiratorischer-gasfluss,element-added,Observation.category:kuenstlicheBeatmung,,,"Kardinalität min: 1; Kardinalität max: 1; pattern: {""coding"": [{""system"": ""http://snomed.info/sct"", ""code"": ""4…; pattern-Typ: patternCodeableConcept; Slice-Name: kuenstlicheBeatmung",
icu,2026.0.2,2027.0.0-ballot.3,MII_PR_ICU_VENT_Inspiratorischer_Gasfluss,renamed,https://www.medizininformatik-initiative.de/fhir/ext/modul-icu/StructureDefinition/mii-pr-icu-vent-inspiratorischer-gasfluss,https://www.medizininformatik-initiative.de/fhir/ext/modul-icu/StructureDefinition/mii-pr-icu-inspiratorischer-gasfluss,field-changed,Observation.code.coding:IEEE-11073,pattern,"{""system"": ""urn:iso:std:iso:11073:10101"", ""code"": ""151948""}","{""code"": ""151948""}",
icu,2026.0.2,2027.0.0-ballot.3,MII_PR_ICU_VENT_Inspiratorischer_Gasfluss,renamed,https://www.medizininformatik-initiative.de/fhir/ext/modul-icu/StructureDefinition/mii-pr-icu-vent-inspiratorischer-gasfluss,https://www.medizininformatik-initiative.de/fhir/ext/modul-icu/StructureDefinition/mii-pr-icu-inspiratorischer-gasfluss,field-changed,Observation.code.coding:loinc,pattern,"{""system"": ""http://loinc.org"", ""code"": ""60794-5""}","{""code"": ""60794-5"", ""display"": ""Inspiratory gas flow Respiratory system airway --on venti…",
icu,2026.0.2,2027.0.0-ballot.3,MII_PR_ICU_VENT_Inspiratorischer_Gasfluss,renamed,https://www.medizininformatik-initiative.de/fhir/ext/modul-icu/StructureDefinition/mii-pr-icu-vent-inspiratorischer-gasfluss,https://www.medizininformatik-initiative.de/fhir/ext/modul-icu/StructureDefinition/mii-pr-icu-inspiratorischer-gasfluss,field-changed,Observation.code.coding:sct,pattern,"{""system"": ""http://snomed.info/sct""}",—,
icu,2026.0.2,2027.0.0-ballot.3,MII_PR_ICU_VENT_Inspiratorischer_Gasfluss,renamed,https://www.medizininformatik-initiative.de/fhir/ext/modul-icu/StructureDefinition/mii-pr-icu-vent-inspiratorischer-gasfluss,https://www.medizininformatik-initiative.de/fhir/ext/modul-icu/StructureDefinition/mii-pr-icu-inspiratorischer-gasfluss,field-changed,Observation.code.coding:sct,pattern-Typ,patternCoding,—,
icu,2026.0.2,2027.0.0-ballot.3,MII_PR_ICU_VENT_Maximaler_Beatmungsdruck,renamed,https://www.medizininformatik-initiative.de/fhir/ext/modul-icu/StructureDefinition/mii-pr-icu-vent-maximaler-beatmungsdruck,https://www.medizininformatik-initiative.de/fhir/ext/modul-icu/StructureDefinition/mii-pr-icu-maximaler-beatmungsdruck,profile-renamed,,,,,
icu,2026.0.2,2027.0.0-ballot.3,MII_PR_ICU_VENT_Maximaler_Beatmungsdruck,renamed,https://www.medizininformatik-initiative.de/fhir/ext/modul-icu/StructureDefinition/mii-pr-icu-vent-maximaler-beatmungsdruck,https://www.medizininformatik-initiative.de/fhir/ext/modul-icu/StructureDefinition/mii-pr-icu-maximaler-beatmungsdruck,element-removed,Observation.code.coding:sct,,"Kardinalität min: 1; Kardinalität max: 1; pattern: {""system"": ""http://snomed.info/sct"", ""code"": ""27913002""}; pattern-Typ: patternCoding; Slice-Name: sct",,
icu,2026.0.2,2027.0.0-ballot.3,MII_PR_ICU_VENT_Maximaler_Beatmungsdruck,renamed,https://www.medizininformatik-initiative.de/fhir/ext/modul-icu/StructureDefinition/mii-pr-icu-vent-maximaler-beatmungsdruck,https://www.medizininformatik-initiative.de/fhir/ext/modul-icu/StructureDefinition/mii-pr-icu-maximaler-beatmungsdruck,element-removed,Observation.effective[x],,Kardinalität min: 1,,
icu,2026.0.2,2027.0.0-ballot.3,MII_PR_ICU_VENT_Maximaler_Beatmungsdruck,renamed,https://www.medizininformatik-initiative.de/fhir/ext/modul-icu/StructureDefinition/mii-pr-icu-vent-maximaler-beatmungsdruck,https://www.medizininformatik-initiative.de/fhir/ext/modul-icu/StructureDefinition/mii-pr-icu-maximaler-beatmungsdruck,element-added,Observation.category:kuenstlicheBeatmung,,,"Kardinalität min: 1; Kardinalität max: 1; pattern: {""coding"": [{""system"": ""http://snomed.info/sct"", ""code"": ""4…; pattern-Typ: patternCodeableConcept; Slice-Name: kuenstlicheBeatmung",
icu,2026.0.2,2027.0.0-ballot.3,MII_PR_ICU_VENT_Maximaler_Beatmungsdruck,renamed,https://www.medizininformatik-initiative.de/fhir/ext/modul-icu/StructureDefinition/mii-pr-icu-vent-maximaler-beatmungsdruck,https://www.medizininformatik-initiative.de/fhir/ext/modul-icu/StructureDefinition/mii-pr-icu-maximaler-beatmungsdruck,field-changed,Observation.code.coding,Kardinalität min,3,2,
icu,2026.0.2,2027.0.0-ballot.3,MII_PR_ICU_VENT_Maximaler_Beatmungsdruck,renamed,https://www.medizininformatik-initiative.de/fhir/ext/modul-icu/StructureDefinition/mii-pr-icu-vent-maximaler-beatmungsdruck,https://www.medizininformatik-initiative.de/fhir/ext/modul-icu/StructureDefinition/mii-pr-icu-maximaler-beatmungsdruck,field-changed,Observation.code.coding:IEEE-11073,pattern,"{""system"": ""urn:iso:std:iso:11073:10101"", ""code"": ""151973""}","{""code"": ""151957"", ""display"": ""Maximum airway pressure during mechanical ventilation.""}",
icu,2026.0.2,2027.0.0-ballot.3,MII_PR_ICU_VENT_Maximaler_Beatmungsdruck,renamed,https://www.medizininformatik-initiative.de/fhir/ext/modul-icu/StructureDefinition/mii-pr-icu-vent-maximaler-beatmungsdruck,https://www.medizininformatik-initiative.de/fhir/ext/modul-icu/StructureDefinition/mii-pr-icu-maximaler-beatmungsdruck,field-changed,Observation.code.coding:loinc,pattern,"{""system"": ""http://loinc.org"", ""code"": ""76531-3""}","{""code"": ""76531-3"", ""display"": ""Pressure.max Respiratory system airway --on ventilator""}",
icu,2026.0.2,2027.0.0-ballot.3,MII_PR_ICU_VENT_Mechanische_Atemfrequenz_Beatmet,renamed,https://www.medizininformatik-initiative.de/fhir/ext/modul-icu/StructureDefinition/mii-pr-icu-vent-mechanische-atemfrequenz-beatmet,https://www.medizininformatik-initiative.de/fhir/ext/modul-icu/StructureDefinition/mii-pr-icu-mechanische-atemfrequenz-beatmet,profile-renamed,,,,,
icu,2026.0.2,2027.0.0-ballot.3,MII_PR_ICU_VENT_Mechanische_Atemfrequenz_Beatmet,renamed,https://www.medizininformatik-initiative.de/fhir/ext/modul-icu/StructureDefinition/mii-pr-icu-vent-mechanische-atemfrequenz-beatmet,https://www.medizininformatik-initiative.de/fhir/ext/modul-icu/StructureDefinition/mii-pr-icu-mechanische-atemfrequenz-beatmet,element-removed,Observation.effective[x],,Kardinalität min: 1,,
icu,2026.0.2,2027.0.0-ballot.3,MII_PR_ICU_VENT_Mechanische_Atemfrequenz_Beatmet,renamed,https://www.medizininformatik-initiative.de/fhir/ext/modul-icu/StructureDefinition/mii-pr-icu-vent-mechanische-atemfrequenz-beatmet,https://www.medizininformatik-initiative.de/fhir/ext/modul-icu/StructureDefinition/mii-pr-icu-mechanische-atemfrequenz-beatmet,element-added,Observation.category:kuenstlicheBeatmung,,,"Kardinalität min: 1; Kardinalität max: 1; pattern: {""coding"": [{""system"": ""http://snomed.info/sct"", ""code"": ""4…; pattern-Typ: patternCodeableConcept; Slice-Name: kuenstlicheBeatmung",
icu,2026.0.2,2027.0.0-ballot.3,MII_PR_ICU_VENT_Mechanische_Atemfrequenz_Beatmet,renamed,https://www.medizininformatik-initiative.de/fhir/ext/modul-icu/StructureDefinition/mii-pr-icu-vent-mechanische-atemfrequenz-beatmet,https://www.medizininformatik-initiative.de/fhir/ext/modul-icu/StructureDefinition/mii-pr-icu-mechanische-atemfrequenz-beatmet,field-changed,Observation.code.coding:IEEE-11073,pattern,"{""system"": ""urn:iso:std:iso:11073:10101"", ""code"": ""151586""}","{""code"": ""151586"", ""display"": ""Rate of mechanical ventilation; method not specified.""}",
icu,2026.0.2,2027.0.0-ballot.3,MII_PR_ICU_VENT_Mechanische_Atemfrequenz_Beatmet,renamed,https://www.medizininformatik-initiative.de/fhir/ext/modul-icu/StructureDefinition/mii-pr-icu-vent-mechanische-atemfrequenz-beatmet,https://www.medizininformatik-initiative.de/fhir/ext/modul-icu/StructureDefinition/mii-pr-icu-mechanische-atemfrequenz-beatmet,field-changed,Observation.code.coding:loinc,pattern,"{""system"": ""http://loinc.org"", ""code"": ""33438-3""}","{""code"": ""33438-3"", ""display"": ""Breath rate mechanical --on ventilator""}",
icu,2026.0.2,2027.0.0-ballot.3,MII_PR_ICU_VENT_Mechanische_Atemfrequenz_Beatmet,renamed,https://www.medizininformatik-initiative.de/fhir/ext/modul-icu/StructureDefinition/mii-pr-icu-vent-mechanische-atemfrequenz-beatmet,https://www.medizininformatik-initiative.de/fhir/ext/modul-icu/StructureDefinition/mii-pr-icu-mechanische-atemfrequenz-beatmet,field-changed,Observation.code.coding:sct,pattern,"{""system"": ""http://snomed.info/sct"", ""code"": ""250876000""}","{""code"": ""250876000"", ""display"": ""Ventilator rate (observable entity)""}",
icu,2026.0.2,2027.0.0-ballot.3,MII_PR_ICU_VENT_Mittlerer_Beatmungsdruck,renamed,https://www.medizininformatik-initiative.de/fhir/ext/modul-icu/StructureDefinition/mii-pr-icu-vent-mittlerer-beatmungsdruck,https://www.medizininformatik-initiative.de/fhir/ext/modul-icu/StructureDefinition/mii-pr-icu-mittlerer-beatmungsdruck,profile-renamed,,,,,
icu,2026.0.2,2027.0.0-ballot.3,MII_PR_ICU_VENT_Mittlerer_Beatmungsdruck,renamed,https://www.medizininformatik-initiative.de/fhir/ext/modul-icu/StructureDefinition/mii-pr-icu-vent-mittlerer-beatmungsdruck,https://www.medizininformatik-initiative.de/fhir/ext/modul-icu/StructureDefinition/mii-pr-icu-mittlerer-beatmungsdruck,element-removed,Observation.effective[x],,Kardinalität min: 1,,
icu,2026.0.2,2027.0.0-ballot.3,MII_PR_ICU_VENT_Mittlerer_Beatmungsdruck,renamed,https://www.medizininformatik-initiative.de/fhir/ext/modul-icu/StructureDefinition/mii-pr-icu-vent-mittlerer-beatmungsdruck,https://www.medizininformatik-initiative.de/fhir/ext/modul-icu/StructureDefinition/mii-pr-icu-mittlerer-beatmungsdruck,field-changed,Observation.code.coding:IEEE-11073,pattern,"{""system"": ""urn:iso:std:iso:11073:10101"", ""code"": ""151975""}","{""code"": ""151975"", ""display"": ""Mean inspiratory airway pressure.""}",
icu,2026.0.2,2027.0.0-ballot.3,MII_PR_ICU_VENT_Mittlerer_Beatmungsdruck,renamed,https://www.medizininformatik-initiative.de/fhir/ext/modul-icu/StructureDefinition/mii-pr-icu-vent-mittlerer-beatmungsdruck,https://www.medizininformatik-initiative.de/fhir/ext/modul-icu/StructureDefinition/mii-pr-icu-mittlerer-beatmungsdruck,field-changed,Observation.code.coding:loinc,pattern,"{""system"": ""http://loinc.org"", ""code"": ""76530-5""}","{""code"": ""76530-5"", ""display"": ""Mean pressure Respiratory system airway --on ventilator""}",
icu,2026.0.2,2027.0.0-ballot.3,MII_PR_ICU_VENT_Mittlerer_Beatmungsdruck,renamed,https://www.medizininformatik-initiative.de/fhir/ext/modul-icu/StructureDefinition/mii-pr-icu-vent-mittlerer-beatmungsdruck,https://www.medizininformatik-initiative.de/fhir/ext/modul-icu/StructureDefinition/mii-pr-icu-mittlerer-beatmungsdruck,field-changed,Observation.code.coding:sct,pattern,"{""system"": ""http://snomed.info/sct"", ""code"": ""698821009""}","{""code"": ""698821009"", ""display"": ""Mean inspiratory airway pressure (observable entity)""}",
icu,2026.0.2,2027.0.0-ballot.3,MII_PR_ICU_VENT_Positiv_Endexpiratorischer_Druck,renamed,https://www.medizininformatik-initiative.de/fhir/ext/modul-icu/StructureDefinition/mii-pr-icu-vent-positiv-endexpiratorischer-druck,https://www.medizininformatik-initiative.de/fhir/ext/modul-icu/StructureDefinition/mii-pr-icu-positiv-endexpiratorischer-druck,profile-renamed,,,,,
icu,2026.0.2,2027.0.0-ballot.3,MII_PR_ICU_VENT_Positiv_Endexpiratorischer_Druck,renamed,https://www.medizininformatik-initiative.de/fhir/ext/modul-icu/StructureDefinition/mii-pr-icu-vent-positiv-endexpiratorischer-druck,https://www.medizininformatik-initiative.de/fhir/ext/modul-icu/StructureDefinition/mii-pr-icu-positiv-endexpiratorischer-druck,element-removed,Observation.effective[x],,Kardinalität min: 1,,
icu,2026.0.2,2027.0.0-ballot.3,MII_PR_ICU_VENT_Positiv_Endexpiratorischer_Druck,renamed,https://www.medizininformatik-initiative.de/fhir/ext/modul-icu/StructureDefinition/mii-pr-icu-vent-positiv-endexpiratorischer-druck,https://www.medizininformatik-initiative.de/fhir/ext/modul-icu/StructureDefinition/mii-pr-icu-positiv-endexpiratorischer-druck,element-added,Observation.category:kuenstlicheBeatmung,,,"Kardinalität min: 1; Kardinalität max: 1; pattern: {""coding"": [{""system"": ""http://snomed.info/sct"", ""code"": ""4…; pattern-Typ: patternCodeableConcept; Slice-Name: kuenstlicheBeatmung",
icu,2026.0.2,2027.0.0-ballot.3,MII_PR_ICU_VENT_Positiv_Endexpiratorischer_Druck,renamed,https://www.medizininformatik-initiative.de/fhir/ext/modul-icu/StructureDefinition/mii-pr-icu-vent-positiv-endexpiratorischer-druck,https://www.medizininformatik-initiative.de/fhir/ext/modul-icu/StructureDefinition/mii-pr-icu-positiv-endexpiratorischer-druck,field-changed,Observation.code.coding:IEEE-11073,pattern,"{""system"": ""urn:iso:std:iso:11073:10101"", ""code"": ""151976""}","{""code"": ""151976"", ""display"": ""Positive end expiratory pressure applied to the airway.""}",
icu,2026.0.2,2027.0.0-ballot.3,MII_PR_ICU_VENT_Positiv_Endexpiratorischer_Druck,renamed,https://www.medizininformatik-initiative.de/fhir/ext/modul-icu/StructureDefinition/mii-pr-icu-vent-positiv-endexpiratorischer-druck,https://www.medizininformatik-initiative.de/fhir/ext/modul-icu/StructureDefinition/mii-pr-icu-positiv-endexpiratorischer-druck,field-changed,Observation.code.coding:loinc,pattern,"{""system"": ""http://loinc.org"", ""code"": ""76248-4""}","{""code"": ""76248-4"", ""display"": ""PEEP Respiratory system --on ventilator""}",
icu,2026.0.2,2027.0.0-ballot.3,MII_PR_ICU_VENT_Positiv_Endexpiratorischer_Druck,renamed,https://www.medizininformatik-initiative.de/fhir/ext/modul-icu/StructureDefinition/mii-pr-icu-vent-positiv-endexpiratorischer-druck,https://www.medizininformatik-initiative.de/fhir/ext/modul-icu/StructureDefinition/mii-pr-icu-positiv-endexpiratorischer-druck,field-changed,Observation.code.coding:sct,pattern,"{""system"": ""http://snomed.info/sct"", ""code"": ""250854009""}","{""code"": ""250854009"", ""display"": ""Positive end expiratory pressure (observable entity)""}",
icu,2026.0.2,2027.0.0-ballot.3,MII_PR_ICU_VENT_Spontane_Atemfrequenz_Beatmet,renamed,https://www.medizininformatik-initiative.de/fhir/ext/modul-icu/StructureDefinition/mii-pr-icu-vent-spontane-atemfrequenz-beatmet,https://www.medizininformatik-initiative.de/fhir/ext/modul-icu/StructureDefinition/mii-pr-icu-spontane-atemfrequenz-beatmet,profile-renamed,,,,,
icu,2026.0.2,2027.0.0-ballot.3,MII_PR_ICU_VENT_Spontane_Atemfrequenz_Beatmet,renamed,https://www.medizininformatik-initiative.de/fhir/ext/modul-icu/StructureDefinition/mii-pr-icu-vent-spontane-atemfrequenz-beatmet,https://www.medizininformatik-initiative.de/fhir/ext/modul-icu/StructureDefinition/mii-pr-icu-spontane-atemfrequenz-beatmet,element-removed,Observation.code.coding:sct.code,,pattern: 271625008; pattern-Typ: patternCode,,
icu,2026.0.2,2027.0.0-ballot.3,MII_PR_ICU_VENT_Spontane_Atemfrequenz_Beatmet,renamed,https://www.medizininformatik-initiative.de/fhir/ext/modul-icu/StructureDefinition/mii-pr-icu-vent-spontane-atemfrequenz-beatmet,https://www.medizininformatik-initiative.de/fhir/ext/modul-icu/StructureDefinition/mii-pr-icu-spontane-atemfrequenz-beatmet,element-removed,Observation.effective[x],,Kardinalität min: 1,,
icu,2026.0.2,2027.0.0-ballot.3,MII_PR_ICU_VENT_Spontane_Atemfrequenz_Beatmet,renamed,https://www.medizininformatik-initiative.de/fhir/ext/modul-icu/StructureDefinition/mii-pr-icu-vent-spontane-atemfrequenz-beatmet,https://www.medizininformatik-initiative.de/fhir/ext/modul-icu/StructureDefinition/mii-pr-icu-spontane-atemfrequenz-beatmet,element-added,Observation.category:kuenstlicheBeatmung,,,"Kardinalität min: 1; Kardinalität max: 1; pattern: {""coding"": [{""system"": ""http://snomed.info/sct"", ""code"": ""4…; pattern-Typ: patternCodeableConcept; Slice-Name: kuenstlicheBeatmung",
icu,2026.0.2,2027.0.0-ballot.3,MII_PR_ICU_VENT_Spontane_Atemfrequenz_Beatmet,renamed,https://www.medizininformatik-initiative.de/fhir/ext/modul-icu/StructureDefinition/mii-pr-icu-vent-spontane-atemfrequenz-beatmet,https://www.medizininformatik-initiative.de/fhir/ext/modul-icu/StructureDefinition/mii-pr-icu-spontane-atemfrequenz-beatmet,field-changed,Observation.code.coding:IEEE-11073,pattern,"{""system"": ""urn:iso:std:iso:11073:10101"", ""code"": ""152498""}","{""code"": ""152498"", ""display"": ""Rate of breaths or inspiratory gas flow initiated and term…",
icu,2026.0.2,2027.0.0-ballot.3,MII_PR_ICU_VENT_Spontane_Atemfrequenz_Beatmet,renamed,https://www.medizininformatik-initiative.de/fhir/ext/modul-icu/StructureDefinition/mii-pr-icu-vent-spontane-atemfrequenz-beatmet,https://www.medizininformatik-initiative.de/fhir/ext/modul-icu/StructureDefinition/mii-pr-icu-spontane-atemfrequenz-beatmet,field-changed,Observation.code.coding:loinc,Kardinalität min,—,1,
icu,2026.0.2,2027.0.0-ballot.3,MII_PR_ICU_VENT_Spontane_Atemfrequenz_Beatmet,renamed,https://www.medizininformatik-initiative.de/fhir/ext/modul-icu/StructureDefinition/mii-pr-icu-vent-spontane-atemfrequenz-beatmet,https://www.medizininformatik-initiative.de/fhir/ext/modul-icu/StructureDefinition/mii-pr-icu-spontane-atemfrequenz-beatmet,field-changed,Observation.code.coding:loinc,Kardinalität max,0,1,
icu,2026.0.2,2027.0.0-ballot.3,MII_PR_ICU_VENT_Spontane_Atemfrequenz_Beatmet,renamed,https://www.medizininformatik-initiative.de/fhir/ext/modul-icu/StructureDefinition/mii-pr-icu-vent-spontane-atemfrequenz-beatmet,https://www.medizininformatik-initiative.de/fhir/ext/modul-icu/StructureDefinition/mii-pr-icu-spontane-atemfrequenz-beatmet,field-changed,Observation.code.coding:loinc,pattern,"{""system"": ""http://loinc.org""}","{""code"": ""19839-0"", ""display"": ""Breath rate spontaneous --on ventilator""}",
icu,2026.0.2,2027.0.0-ballot.3,MII_PR_ICU_VENT_Spontane_Atemfrequenz_Beatmet,renamed,https://www.medizininformatik-initiative.de/fhir/ext/modul-icu/StructureDefinition/mii-pr-icu-vent-spontane-atemfrequenz-beatmet,https://www.medizininformatik-initiative.de/fhir/ext/modul-icu/StructureDefinition/mii-pr-icu-spontane-atemfrequenz-beatmet,field-changed,Observation.code.coding:sct,Kardinalität min,1,—,
icu,2026.0.2,2027.0.0-ballot.3,MII_PR_ICU_VENT_Spontane_Atemfrequenz_Beatmet,renamed,https://www.medizininformatik-initiative.de/fhir/ext/modul-icu/StructureDefinition/mii-pr-icu-vent-spontane-atemfrequenz-beatmet,https://www.medizininformatik-initiative.de/fhir/ext/modul-icu/StructureDefinition/mii-pr-icu-spontane-atemfrequenz-beatmet,field-changed,Observation.code.coding:sct,Kardinalität max,1,0,
icu,2026.0.2,2027.0.0-ballot.3,MII_PR_ICU_VENT_Spontane_Mechanische_Atemfrequenz_Beatmet,renamed,https://www.medizininformatik-initiative.de/fhir/ext/modul-icu/StructureDefinition/mii-pr-icu-vent-spontane-mechanische-atemfrequenz-beatmet,https://www.medizininformatik-initiative.de/fhir/ext/modul-icu/StructureDefinition/mii-pr-icu-spontane-mechanische-atemfrequenz-beatmet,profile-renamed,,,,,
icu,2026.0.2,2027.0.0-ballot.3,MII_PR_ICU_VENT_Spontane_Mechanische_Atemfrequenz_Beatmet,renamed,https://www.medizininformatik-initiative.de/fhir/ext/modul-icu/StructureDefinition/mii-pr-icu-vent-spontane-mechanische-atemfrequenz-beatmet,https://www.medizininformatik-initiative.de/fhir/ext/modul-icu/StructureDefinition/mii-pr-icu-spontane-mechanische-atemfrequenz-beatmet,element-removed,Observation.effective[x],,Kardinalität min: 1,,
icu,2026.0.2,2027.0.0-ballot.3,MII_PR_ICU_VENT_Spontane_Mechanische_Atemfrequenz_Beatmet,renamed,https://www.medizininformatik-initiative.de/fhir/ext/modul-icu/StructureDefinition/mii-pr-icu-vent-spontane-mechanische-atemfrequenz-beatmet,https://www.medizininformatik-initiative.de/fhir/ext/modul-icu/StructureDefinition/mii-pr-icu-spontane-mechanische-atemfrequenz-beatmet,element-added,Observation.category:kuenstlicheBeatmung,,,"Kardinalität min: 1; Kardinalität max: 1; pattern: {""coding"": [{""system"": ""http://snomed.info/sct"", ""code"": ""4…; pattern-Typ: patternCodeableConcept; Slice-Name: kuenstlicheBeatmung",
icu,2026.0.2,2027.0.0-ballot.3,MII_PR_ICU_VENT_Spontane_Mechanische_Atemfrequenz_Beatmet,renamed,https://www.medizininformatik-initiative.de/fhir/ext/modul-icu/StructureDefinition/mii-pr-icu-vent-spontane-mechanische-atemfrequenz-beatmet,https://www.medizininformatik-initiative.de/fhir/ext/modul-icu/StructureDefinition/mii-pr-icu-spontane-mechanische-atemfrequenz-beatmet,field-changed,Observation.code.coding:IEEE-11073,pattern,"{""system"": ""urn:iso:std:iso:11073:10101"", ""code"": ""152490""}","{""code"": ""152490"", ""display"": ""Total rate of breaths or inspiratory gas flow comprised of…",
icu,2026.0.2,2027.0.0-ballot.3,MII_PR_ICU_VENT_Spontane_Mechanische_Atemfrequenz_Beatmet,renamed,https://www.medizininformatik-initiative.de/fhir/ext/modul-icu/StructureDefinition/mii-pr-icu-vent-spontane-mechanische-atemfrequenz-beatmet,https://www.medizininformatik-initiative.de/fhir/ext/modul-icu/StructureDefinition/mii-pr-icu-spontane-mechanische-atemfrequenz-beatmet,field-changed,Observation.code.coding:loinc,pattern,"{""system"": ""http://loinc.org"", ""code"": ""19840-8""}","{""code"": ""19840-8"", ""display"": ""Breath rate spontaneous and mechanical --on ventilator""}",
icu,2026.0.2,2027.0.0-ballot.3,MII_PR_ICU_VENT_Spontane_Mechanische_Atemfrequenz_Beatmet,renamed,https://www.medizininformatik-initiative.de/fhir/ext/modul-icu/StructureDefinition/mii-pr-icu-vent-spontane-mechanische-atemfrequenz-beatmet,https://www.medizininformatik-initiative.de/fhir/ext/modul-icu/StructureDefinition/mii-pr-icu-spontane-mechanische-atemfrequenz-beatmet,field-changed,Observation.code.coding:sct,pattern,"{""system"": ""http://snomed.info/sct"", ""code"": ""250810003""}","{""code"": ""250810003"", ""display"": ""Total breath rate (observable entity)""}",
icu,2026.0.2,2027.0.0-ballot.3,MII_PR_ICU_VENT_Spontanes_Atemzugvolumen,renamed,https://www.medizininformatik-initiative.de/fhir/ext/modul-icu/StructureDefinition/mii-pr-icu-vent-spontanes-atemzugvolumen,https://www.medizininformatik-initiative.de/fhir/ext/modul-icu/StructureDefinition/mii-pr-icu-spontanes-atemzugvolumen,profile-renamed,,,,,
icu,2026.0.2,2027.0.0-ballot.3,MII_PR_ICU_VENT_Spontanes_Atemzugvolumen,renamed,https://www.medizininformatik-initiative.de/fhir/ext/modul-icu/StructureDefinition/mii-pr-icu-vent-spontanes-atemzugvolumen,https://www.medizininformatik-initiative.de/fhir/ext/modul-icu/StructureDefinition/mii-pr-icu-spontanes-atemzugvolumen,element-removed,Observation.code.coding,,Kardinalität min: 2,,
icu,2026.0.2,2027.0.0-ballot.3,MII_PR_ICU_VENT_Spontanes_Atemzugvolumen,renamed,https://www.medizininformatik-initiative.de/fhir/ext/modul-icu/StructureDefinition/mii-pr-icu-vent-spontanes-atemzugvolumen,https://www.medizininformatik-initiative.de/fhir/ext/modul-icu/StructureDefinition/mii-pr-icu-spontanes-atemzugvolumen,element-removed,Observation.effective[x],,Kardinalität min: 1,,
icu,2026.0.2,2027.0.0-ballot.3,MII_PR_ICU_VENT_Spontanes_Atemzugvolumen,renamed,https://www.medizininformatik-initiative.de/fhir/ext/modul-icu/StructureDefinition/mii-pr-icu-vent-spontanes-atemzugvolumen,https://www.medizininformatik-initiative.de/fhir/ext/modul-icu/StructureDefinition/mii-pr-icu-spontanes-atemzugvolumen,element-added,Observation.category:kuenstlicheBeatmung,,,"Kardinalität min: 1; Kardinalität max: 1; pattern: {""coding"": [{""system"": ""http://snomed.info/sct"", ""code"": ""4…; pattern-Typ: patternCodeableConcept; Slice-Name: kuenstlicheBeatmung",
icu,2026.0.2,2027.0.0-ballot.3,MII_PR_ICU_VENT_Spontanes_Atemzugvolumen,renamed,https://www.medizininformatik-initiative.de/fhir/ext/modul-icu/StructureDefinition/mii-pr-icu-vent-spontanes-atemzugvolumen,https://www.medizininformatik-initiative.de/fhir/ext/modul-icu/StructureDefinition/mii-pr-icu-spontanes-atemzugvolumen,field-changed,Observation.code.coding:IEEE-11073,pattern,"{""system"": ""urn:iso:std:iso:11073:10101""}",—,
icu,2026.0.2,2027.0.0-ballot.3,MII_PR_ICU_VENT_Spontanes_Atemzugvolumen,renamed,https://www.medizininformatik-initiative.de/fhir/ext/modul-icu/StructureDefinition/mii-pr-icu-vent-spontanes-atemzugvolumen,https://www.medizininformatik-initiative.de/fhir/ext/modul-icu/StructureDefinition/mii-pr-icu-spontanes-atemzugvolumen,field-changed,Observation.code.coding:IEEE-11073,pattern-Typ,patternCoding,—,
icu,2026.0.2,2027.0.0-ballot.3,MII_PR_ICU_VENT_Spontanes_Atemzugvolumen,renamed,https://www.medizininformatik-initiative.de/fhir/ext/modul-icu/StructureDefinition/mii-pr-icu-vent-spontanes-atemzugvolumen,https://www.medizininformatik-initiative.de/fhir/ext/modul-icu/StructureDefinition/mii-pr-icu-spontanes-atemzugvolumen,field-changed,Observation.code.coding:loinc,Kardinalität min,1,—,
icu,2026.0.2,2027.0.0-ballot.3,MII_PR_ICU_VENT_Spontanes_Atemzugvolumen,renamed,https://www.medizininformatik-initiative.de/fhir/ext/modul-icu/StructureDefinition/mii-pr-icu-vent-spontanes-atemzugvolumen,https://www.medizininformatik-initiative.de/fhir/ext/modul-icu/StructureDefinition/mii-pr-icu-spontanes-atemzugvolumen,field-changed,Observation.code.coding:loinc,Kardinalität max,1,0,
icu,2026.0.2,2027.0.0-ballot.3,MII_PR_ICU_VENT_Spontanes_Atemzugvolumen,renamed,https://www.medizininformatik-initiative.de/fhir/ext/modul-icu/StructureDefinition/mii-pr-icu-vent-spontanes-atemzugvolumen,https://www.medizininformatik-initiative.de/fhir/ext/modul-icu/StructureDefinition/mii-pr-icu-spontanes-atemzugvolumen,field-changed,Observation.code.coding:loinc,pattern,"{""system"": ""http://loinc.org"", ""code"": ""20116-0""}",—,
icu,2026.0.2,2027.0.0-ballot.3,MII_PR_ICU_VENT_Spontanes_Atemzugvolumen,renamed,https://www.medizininformatik-initiative.de/fhir/ext/modul-icu/StructureDefinition/mii-pr-icu-vent-spontanes-atemzugvolumen,https://www.medizininformatik-initiative.de/fhir/ext/modul-icu/StructureDefinition/mii-pr-icu-spontanes-atemzugvolumen,field-changed,Observation.code.coding:loinc,pattern-Typ,patternCoding,—,
icu,2026.0.2,2027.0.0-ballot.3,MII_PR_ICU_VENT_Spontanes_Atemzugvolumen,renamed,https://www.medizininformatik-initiative.de/fhir/ext/modul-icu/StructureDefinition/mii-pr-icu-vent-spontanes-atemzugvolumen,https://www.medizininformatik-initiative.de/fhir/ext/modul-icu/StructureDefinition/mii-pr-icu-spontanes-atemzugvolumen,field-changed,Observation.code.coding:sct,pattern,"{""system"": ""http://snomed.info/sct"", ""code"": ""250816009""}","{""code"": ""250816009"", ""display"": ""Spontaneous tidal volume (observable entity)""}",
icu,2026.0.2,2027.0.0-ballot.3,MII_PR_ICU_VENT_Spontanes_Plus_Mechanisches_Atemzugvolumen,renamed,https://www.medizininformatik-initiative.de/fhir/ext/modul-icu/StructureDefinition/mii-pr-icu-vent-spontanes-mechanisches-atemzugvolumen-waehrend-beatmung,https://www.medizininformatik-initiative.de/fhir/ext/modul-icu/StructureDefinition/mii-pr-icu-spontanes-mechanisches-atemzugvolumen-waehrend-beatmung,profile-renamed,,,,,
icu,2026.0.2,2027.0.0-ballot.3,MII_PR_ICU_VENT_Spontanes_Plus_Mechanisches_Atemzugvolumen,renamed,https://www.medizininformatik-initiative.de/fhir/ext/modul-icu/StructureDefinition/mii-pr-icu-vent-spontanes-mechanisches-atemzugvolumen-waehrend-beatmung,https://www.medizininformatik-initiative.de/fhir/ext/modul-icu/StructureDefinition/mii-pr-icu-spontanes-mechanisches-atemzugvolumen-waehrend-beatmung,element-removed,Observation.effective[x],,Kardinalität min: 1,,
icu,2026.0.2,2027.0.0-ballot.3,MII_PR_ICU_VENT_Spontanes_Plus_Mechanisches_Atemzugvolumen,renamed,https://www.medizininformatik-initiative.de/fhir/ext/modul-icu/StructureDefinition/mii-pr-icu-vent-spontanes-mechanisches-atemzugvolumen-waehrend-beatmung,https://www.medizininformatik-initiative.de/fhir/ext/modul-icu/StructureDefinition/mii-pr-icu-spontanes-mechanisches-atemzugvolumen-waehrend-beatmung,element-added,Observation.category:kuenstlicheBeatmung,,,"Kardinalität min: 1; Kardinalität max: 1; pattern: {""coding"": [{""system"": ""http://snomed.info/sct"", ""code"": ""4…; pattern-Typ: patternCodeableConcept; Slice-Name: kuenstlicheBeatmung",
icu,2026.0.2,2027.0.0-ballot.3,MII_PR_ICU_VENT_Spontanes_Plus_Mechanisches_Atemzugvolumen,renamed,https://www.medizininformatik-initiative.de/fhir/ext/modul-icu/StructureDefinition/mii-pr-icu-vent-spontanes-mechanisches-atemzugvolumen-waehrend-beatmung,https://www.medizininformatik-initiative.de/fhir/ext/modul-icu/StructureDefinition/mii-pr-icu-spontanes-mechanisches-atemzugvolumen-waehrend-beatmung,field-changed,Observation.code.coding:IEEE-11073,pattern,"{""system"": ""urn:iso:std:iso:11073:10101""}",—,
icu,2026.0.2,2027.0.0-ballot.3,MII_PR_ICU_VENT_Spontanes_Plus_Mechanisches_Atemzugvolumen,renamed,https://www.medizininformatik-initiative.de/fhir/ext/modul-icu/StructureDefinition/mii-pr-icu-vent-spontanes-mechanisches-atemzugvolumen-waehrend-beatmung,https://www.medizininformatik-initiative.de/fhir/ext/modul-icu/StructureDefinition/mii-pr-icu-spontanes-mechanisches-atemzugvolumen-waehrend-beatmung,field-changed,Observation.code.coding:IEEE-11073,pattern-Typ,patternCoding,—,
icu,2026.0.2,2027.0.0-ballot.3,MII_PR_ICU_VENT_Spontanes_Plus_Mechanisches_Atemzugvolumen,renamed,https://www.medizininformatik-initiative.de/fhir/ext/modul-icu/StructureDefinition/mii-pr-icu-vent-spontanes-mechanisches-atemzugvolumen-waehrend-beatmung,https://www.medizininformatik-initiative.de/fhir/ext/modul-icu/StructureDefinition/mii-pr-icu-spontanes-mechanisches-atemzugvolumen-waehrend-beatmung,field-changed,Observation.code.coding:loinc,pattern,"{""system"": ""http://loinc.org"", ""code"": ""20118-6""}","{""code"": ""20118-6"", ""display"": ""Tidal volume.spontaneous+mechanical --on ventilator""}",
icu,2026.0.2,2027.0.0-ballot.3,MII_PR_ICU_VENT_Spontanes_Plus_Mechanisches_Atemzugvolumen,renamed,https://www.medizininformatik-initiative.de/fhir/ext/modul-icu/StructureDefinition/mii-pr-icu-vent-spontanes-mechanisches-atemzugvolumen-waehrend-beatmung,https://www.medizininformatik-initiative.de/fhir/ext/modul-icu/StructureDefinition/mii-pr-icu-spontanes-mechanisches-atemzugvolumen-waehrend-beatmung,field-changed,Observation.code.coding:sct,pattern,"{""system"": ""http://snomed.info/sct""}",—,
icu,2026.0.2,2027.0.0-ballot.3,MII_PR_ICU_VENT_Spontanes_Plus_Mechanisches_Atemzugvolumen,renamed,https://www.medizininformatik-initiative.de/fhir/ext/modul-icu/StructureDefinition/mii-pr-icu-vent-spontanes-mechanisches-atemzugvolumen-waehrend-beatmung,https://www.medizininformatik-initiative.de/fhir/ext/modul-icu/StructureDefinition/mii-pr-icu-spontanes-mechanisches-atemzugvolumen-waehrend-beatmung,field-changed,Observation.code.coding:sct,pattern-Typ,patternCoding,—,
icu,2026.0.2,2027.0.0-ballot.3,MII_PR_ICU_VENT_Unterstuetzungsdruck_Beatmung,renamed,https://www.medizininformatik-initiative.de/fhir/ext/modul-icu/StructureDefinition/mii-pr-icu-vent-unterstuetzungsdruck-beatmung,https://www.medizininformatik-initiative.de/fhir/ext/modul-icu/StructureDefinition/mii-pr-icu-unterstuetzungsdruck-beatmung,profile-renamed,,,,,
icu,2026.0.2,2027.0.0-ballot.3,MII_PR_ICU_VENT_Unterstuetzungsdruck_Beatmung,renamed,https://www.medizininformatik-initiative.de/fhir/ext/modul-icu/StructureDefinition/mii-pr-icu-vent-unterstuetzungsdruck-beatmung,https://www.medizininformatik-initiative.de/fhir/ext/modul-icu/StructureDefinition/mii-pr-icu-unterstuetzungsdruck-beatmung,element-removed,Observation.effective[x],,Kardinalität min: 1,,
icu,2026.0.2,2027.0.0-ballot.3,MII_PR_ICU_VENT_Unterstuetzungsdruck_Beatmung,renamed,https://www.medizininformatik-initiative.de/fhir/ext/modul-icu/StructureDefinition/mii-pr-icu-vent-unterstuetzungsdruck-beatmung,https://www.medizininformatik-initiative.de/fhir/ext/modul-icu/StructureDefinition/mii-pr-icu-unterstuetzungsdruck-beatmung,element-added,Observation.category:kuenstlicheBeatmung,,,"Kardinalität min: 1; Kardinalität max: 1; pattern: {""coding"": [{""system"": ""http://snomed.info/sct"", ""code"": ""4…; pattern-Typ: patternCodeableConcept; Slice-Name: kuenstlicheBeatmung",
icu,2026.0.2,2027.0.0-ballot.3,MII_PR_ICU_VENT_Unterstuetzungsdruck_Beatmung,renamed,https://www.medizininformatik-initiative.de/fhir/ext/modul-icu/StructureDefinition/mii-pr-icu-vent-unterstuetzungsdruck-beatmung,https://www.medizininformatik-initiative.de/fhir/ext/modul-icu/StructureDefinition/mii-pr-icu-unterstuetzungsdruck-beatmung,field-changed,Observation.code.coding:IEEE-11073,pattern,"{""system"": ""urn:iso:std:iso:11073:10101""}",—,
icu,2026.0.2,2027.0.0-ballot.3,MII_PR_ICU_VENT_Unterstuetzungsdruck_Beatmung,renamed,https://www.medizininformatik-initiative.de/fhir/ext/modul-icu/StructureDefinition/mii-pr-icu-vent-unterstuetzungsdruck-beatmung,https://www.medizininformatik-initiative.de/fhir/ext/modul-icu/StructureDefinition/mii-pr-icu-unterstuetzungsdruck-beatmung,field-changed,Observation.code.coding:IEEE-11073,pattern-Typ,patternCoding,—,
icu,2026.0.2,2027.0.0-ballot.3,MII_PR_ICU_VENT_Unterstuetzungsdruck_Beatmung,renamed,https://www.medizininformatik-initiative.de/fhir/ext/modul-icu/StructureDefinition/mii-pr-icu-vent-unterstuetzungsdruck-beatmung,https://www.medizininformatik-initiative.de/fhir/ext/modul-icu/StructureDefinition/mii-pr-icu-unterstuetzungsdruck-beatmung,field-changed,Observation.code.coding:loinc,pattern,"{""system"": ""http://loinc.org"", ""code"": ""20079-0""}","{""code"": ""20079-0"", ""display"": ""Pressure support setting Ventilator""}",
icu,2026.0.2,2027.0.0-ballot.3,MII_PR_ICU_VENT_Unterstuetzungsdruck_Beatmung,renamed,https://www.medizininformatik-initiative.de/fhir/ext/modul-icu/StructureDefinition/mii-pr-icu-vent-unterstuetzungsdruck-beatmung,https://www.medizininformatik-initiative.de/fhir/ext/modul-icu/StructureDefinition/mii-pr-icu-unterstuetzungsdruck-beatmung,field-changed,Observation.code.coding:sct,pattern,"{""system"": ""http://snomed.info/sct""}",—,
icu,2026.0.2,2027.0.0-ballot.3,MII_PR_ICU_VENT_Unterstuetzungsdruck_Beatmung,renamed,https://www.medizininformatik-initiative.de/fhir/ext/modul-icu/StructureDefinition/mii-pr-icu-vent-unterstuetzungsdruck-beatmung,https://www.medizininformatik-initiative.de/fhir/ext/modul-icu/StructureDefinition/mii-pr-icu-unterstuetzungsdruck-beatmung,field-changed,Observation.code.coding:sct,pattern-Typ,patternCoding,—,
icu,2026.0.2,2027.0.0-ballot.3,MII_PR_ICU_VENT_Zeitverhaeltnis_Ein_Ausatmung,renamed,https://www.medizininformatik-initiative.de/fhir/ext/modul-icu/StructureDefinition/mii-pr-icu-vent-zeitverhaeltnis-ein-ausatmung,https://www.medizininformatik-initiative.de/fhir/ext/modul-icu/StructureDefinition/mii-pr-icu-zeitverhaeltnis-ein-ausatmung,profile-renamed,,,,,
icu,2026.0.2,2027.0.0-ballot.3,MII_PR_ICU_VENT_Zeitverhaeltnis_Ein_Ausatmung,renamed,https://www.medizininformatik-initiative.de/fhir/ext/modul-icu/StructureDefinition/mii-pr-icu-vent-zeitverhaeltnis-ein-ausatmung,https://www.medizininformatik-initiative.de/fhir/ext/modul-icu/StructureDefinition/mii-pr-icu-zeitverhaeltnis-ein-ausatmung,element-removed,Observation.effective[x],,Kardinalität min: 1,,
icu,2026.0.2,2027.0.0-ballot.3,MII_PR_ICU_VENT_Zeitverhaeltnis_Ein_Ausatmung,renamed,https://www.medizininformatik-initiative.de/fhir/ext/modul-icu/StructureDefinition/mii-pr-icu-vent-zeitverhaeltnis-ein-ausatmung,https://www.medizininformatik-initiative.de/fhir/ext/modul-icu/StructureDefinition/mii-pr-icu-zeitverhaeltnis-ein-ausatmung,element-added,Observation.category:kuenstlicheBeatmung,,,"Kardinalität min: 1; Kardinalität max: 1; pattern: {""coding"": [{""system"": ""http://snomed.info/sct"", ""code"": ""4…; pattern-Typ: patternCodeableConcept; Slice-Name: kuenstlicheBeatmung",
icu,2026.0.2,2027.0.0-ballot.3,MII_PR_ICU_VENT_Zeitverhaeltnis_Ein_Ausatmung,renamed,https://www.medizininformatik-initiative.de/fhir/ext/modul-icu/StructureDefinition/mii-pr-icu-vent-zeitverhaeltnis-ein-ausatmung,https://www.medizininformatik-initiative.de/fhir/ext/modul-icu/StructureDefinition/mii-pr-icu-zeitverhaeltnis-ein-ausatmung,field-changed,Observation.code.coding:IEEE-11073,pattern,"{""system"": ""urn:iso:std:iso:11073:10101"", ""code"": ""151832""}","{""code"": ""151832"", ""display"": ""Ratio of durations of inspiratory and expiratory phases.""}",
icu,2026.0.2,2027.0.0-ballot.3,MII_PR_ICU_VENT_Zeitverhaeltnis_Ein_Ausatmung,renamed,https://www.medizininformatik-initiative.de/fhir/ext/modul-icu/StructureDefinition/mii-pr-icu-vent-zeitverhaeltnis-ein-ausatmung,https://www.medizininformatik-initiative.de/fhir/ext/modul-icu/StructureDefinition/mii-pr-icu-zeitverhaeltnis-ein-ausatmung,field-changed,Observation.code.coding:loinc,pattern,"{""system"": ""http://loinc.org"", ""code"": ""75931-6""}","{""code"": ""75931-6"", ""display"": ""Inspiration/Expiration time Ratio""}",
icu,2026.0.2,2027.0.0-ballot.3,MII_PR_ICU_VENT_Zeitverhaeltnis_Ein_Ausatmung,renamed,https://www.medizininformatik-initiative.de/fhir/ext/modul-icu/StructureDefinition/mii-pr-icu-vent-zeitverhaeltnis-ein-ausatmung,https://www.medizininformatik-initiative.de/fhir/ext/modul-icu/StructureDefinition/mii-pr-icu-zeitverhaeltnis-ein-ausatmung,field-changed,Observation.code.coding:sct,pattern,"{""system"": ""http://snomed.info/sct"", ""code"": ""250822000""}","{""code"": ""250822000"", ""display"": ""Inspiration/expiration time ratio (observable entity)""}",
icu,2026.0.2,2027.0.0-ballot.3,MII_PR_ICU_Beatmung,changed,https://www.medizininformatik-initiative.de/fhir/ext/modul-icu/StructureDefinition/mii-pr-icu-beatmung,,element-added,Procedure.encounter,,,"Typ: [""Reference""]; Referenzziel: [""http://hl7.org/fhir/StructureDefinition/Encounter""]",
icu,2026.0.2,2027.0.0-ballot.3,MII_PR_ICU_Beatmung,changed,https://www.medizininformatik-initiative.de/fhir/ext/modul-icu/StructureDefinition/mii-pr-icu-beatmung,,field-changed,Procedure.recorder,Typ,—,"[""Reference""]",
icu,2026.0.2,2027.0.0-ballot.3,MII_PR_ICU_Beatmung,changed,https://www.medizininformatik-initiative.de/fhir/ext/modul-icu/StructureDefinition/mii-pr-icu-beatmung,,field-changed,Procedure.recorder,Referenzziel,—,"[""http://hl7.org/fhir/StructureDefinition/Patient"", ""http://hl7.org/fhir/StructureDefinit…",
icu,2026.0.2,2027.0.0-ballot.3,MII_PR_ICU_Bilanz,changed,https://www.medizininformatik-initiative.de/fhir/ext/modul-icu/StructureDefinition/mii-pr-icu-bilanz,,field-changed,Observation.category.coding:kdsicu-category,pattern,—,"{""system"": ""http://snomed.info/sct"", ""code"": ""364396009""}",yes
icu,2026.0.2,2027.0.0-ballot.3,MII_PR_ICU_Bilanz,changed,https://www.medizininformatik-initiative.de/fhir/ext/modul-icu/StructureDefinition/mii-pr-icu-bilanz,,field-changed,Observation.category.coding:kdsicu-category,pattern-Typ,—,patternCoding,
icu,2026.0.2,2027.0.0-ballot.3,MII_PR_ICU_Bilanz_Ausfuhr_Drainage_Generisch,changed,https://www.medizininformatik-initiative.de/fhir/ext/modul-icu/StructureDefinition/mii-pr-icu-bilanz-ausfuhr-drainage-generisch,,field-changed,Observation.code.coding:IEEE-11073,pattern,"{""system"": ""urn:iso:std:iso:11073:10101"", ""code"": ""26668""}","{""system"": ""urn:iso:std:iso:11073:10101"", ""code"": ""157740""}",
icu,2026.0.2,2027.0.0-ballot.3,MII_PR_ICU_Extrakorporales_Verfahren,changed,https://www.medizininformatik-initiative.de/fhir/ext/modul-icu/StructureDefinition/mii-pr-icu-extrakorporales-verfahren,,element-added,Procedure.encounter,,,"Typ: [""Reference""]; Referenzziel: [""http://hl7.org/fhir/StructureDefinition/Encounter""]",
icu,2026.0.2,2027.0.0-ballot.3,MII_PR_ICU_MUV_Arterieller_Blutdruck,changed,https://www.medizininformatik-initiative.de/fhir/ext/modul-icu/StructureDefinition/mii-pr-icu-muv-arterieller-blutdruck,,element-added,Observation.component:meanBP.value[x].code,,,Kardinalität min: 1; Must Support: True,
icu,2026.0.2,2027.0.0-ballot.3,MII_PR_ICU_MUV_Arterieller_Blutdruck,changed,https://www.medizininformatik-initiative.de/fhir/ext/modul-icu/StructureDefinition/mii-pr-icu-muv-arterieller-blutdruck,,element-added,Observation.component:meanBP.value[x].system,,,Kardinalität min: 1; Must Support: True,
icu,2026.0.2,2027.0.0-ballot.3,MII_PR_ICU_MUV_Arterieller_Blutdruck,changed,https://www.medizininformatik-initiative.de/fhir/ext/modul-icu/StructureDefinition/mii-pr-icu-muv-arterieller-blutdruck,,element-added,Observation.component:meanBP.value[x].unit,,,Kardinalität min: 1; Must Support: True,
icu,2026.0.2,2027.0.0-ballot.3,MII_PR_ICU_MUV_Arterieller_Blutdruck,changed,https://www.medizininformatik-initiative.de/fhir/ext/modul-icu/StructureDefinition/mii-pr-icu-muv-arterieller-blutdruck,,element-added,Observation.component:meanBP.value[x].value,,,Kardinalität min: 1; Must Support: True,
icu,2026.0.2,2027.0.0-ballot.3,MII_PR_ICU_MUV_Arterieller_Blutdruck,changed,https://www.medizininformatik-initiative.de/fhir/ext/modul-icu/StructureDefinition/mii-pr-icu-muv-arterieller-blutdruck,,element-added,Observation.component:meanBP.value[x]:valueQuantity,,,"Typ: [""Quantity""]; Slice-Name: valueQuantity",
icu,2026.0.2,2027.0.0-ballot.3,MII_PR_ICU_MUV_Arterieller_Blutdruck,changed,https://www.medizininformatik-initiative.de/fhir/ext/modul-icu/StructureDefinition/mii-pr-icu-muv-arterieller-blutdruck,,element-added,Observation.component:meanBP.value[x]:valueQuantity.code,,,Must Support: True,
icu,2026.0.2,2027.0.0-ballot.3,MII_PR_ICU_MUV_Arterieller_Blutdruck,changed,https://www.medizininformatik-initiative.de/fhir/ext/modul-icu/StructureDefinition/mii-pr-icu-muv-arterieller-blutdruck,,element-added,Observation.component:meanBP.value[x]:valueQuantity.system,,,Must Support: True,
icu,2026.0.2,2027.0.0-ballot.3,MII_PR_ICU_MUV_Arterieller_Blutdruck,changed,https://www.medizininformatik-initiative.de/fhir/ext/modul-icu/StructureDefinition/mii-pr-icu-muv-arterieller-blutdruck,,element-added,Observation.component:meanBP.value[x]:valueQuantity.unit,,,Must Support: True,
icu,2026.0.2,2027.0.0-ballot.3,MII_PR_ICU_MUV_Arterieller_Blutdruck,changed,https://www.medizininformatik-initiative.de/fhir/ext/modul-icu/StructureDefinition/mii-pr-icu-muv-arterieller-blutdruck,,element-added,Observation.component:meanBP.value[x]:valueQuantity.value,,,Must Support: True,
icu,2026.0.2,2027.0.0-ballot.3,MII_PR_ICU_MUV_Koerpergewicht,changed,https://www.medizininformatik-initiative.de/fhir/ext/modul-icu/StructureDefinition/mii-pr-icu-muv-koerpergewicht,,field-changed,Observation,Invarianten,"[""obs-value-or-dataAbsentReason""]","[""mii-icu-val-xor-dar""]",
icu,2026.0.2,2027.0.0-ballot.3,MII_PR_ICU_Parameter_Von_Beatmung,changed,https://www.medizininformatik-initiative.de/fhir/ext/modul-icu/StructureDefinition/mii-pr-icu-parameter-von-beatmung,,element-added,Observation.value[x].value,,,Kardinalität min: 1; Must Support: True,
icu,2026.0.2,2027.0.0-ballot.3,MII_PR_ICU_Parameter_Von_Beatmung,changed,https://www.medizininformatik-initiative.de/fhir/ext/modul-icu/StructureDefinition/mii-pr-icu-parameter-von-beatmung,,field-changed,Observation,Invarianten,"[""obs-10"", ""vs-de-2""]","[""mii-icu-comp-xor-val""]",
icu,2026.0.2,2027.0.0-ballot.3,MII_PR_ICU_Parameter_Von_Beatmung,changed,https://www.medizininformatik-initiative.de/fhir/ext/modul-icu/StructureDefinition/mii-pr-icu-parameter-von-beatmung,,field-changed,Observation.code,Invarianten,—,"[""mii-icu-loinc-sct-dgai-ieee11073""]",
icu,2026.0.2,2027.0.0-ballot.3,MII_PR_ICU_Parameter_Von_Beatmung,changed,https://www.medizininformatik-initiative.de/fhir/ext/modul-icu/StructureDefinition/mii-pr-icu-parameter-von-beatmung,,field-changed,Observation.device,Referenzziel,"[""https://www.medizininformatik-initiative.de/fhir/ext/modul-icu/StructureDefinition/mii-…","[""https://www.medizininformatik-initiative.de/fhir/ext/modul-icu/StructureDefinition/mii-…",
icu,2026.0.2,2027.0.0-ballot.3,MII_PR_ICU_Parameter_Von_Beatmung,changed,https://www.medizininformatik-initiative.de/fhir/ext/modul-icu/StructureDefinition/mii-pr-icu-parameter-von-beatmung,,field-changed,Observation.effective[x],Kardinalität min,—,1,
icu,2026.0.2,2027.0.0-ballot.3,MII_PR_ICU_Parameter_Von_Beatmung,changed,https://www.medizininformatik-initiative.de/fhir/ext/modul-icu/StructureDefinition/mii-pr-icu-parameter-von-beatmung,,field-changed,Observation.partOf,Kardinalität min,1,—,
icu,2026.0.2,2027.0.0-ballot.3,MII_PR_ICU_Parameter_Von_Beatmung,changed,https://www.medizininformatik-initiative.de/fhir/ext/modul-icu/StructureDefinition/mii-pr-icu-parameter-von-beatmung,,field-changed,Observation.partOf,Kardinalität max,1,—,
icu,2026.0.2,2027.0.0-ballot.3,MII_PR_ICU_Parameter_Von_Beatmung,changed,https://www.medizininformatik-initiative.de/fhir/ext/modul-icu/StructureDefinition/mii-pr-icu-parameter-von-beatmung,,field-changed,Observation.partOf,Referenzziel,"[""http://hl7.org/fhir/StructureDefinition/Procedure""]","[""https://www.medizininformatik-initiative.de/fhir/ext/modul-icu/StructureDefinition/mii-…",
icu,2026.0.2,2027.0.0-ballot.3,MII_PR_ICU_Parameter_Von_Beatmung,changed,https://www.medizininformatik-initiative.de/fhir/ext/modul-icu/StructureDefinition/mii-pr-icu-parameter-von-beatmung,,field-changed,Observation.value[x],Kardinalität min,1,—,
icu,2026.0.2,2027.0.0-ballot.3,MII_PR_ICU_Parameter_Von_Beatmung,changed,https://www.medizininformatik-initiative.de/fhir/ext/modul-icu/StructureDefinition/mii-pr-icu-parameter-von-beatmung,,field-changed,Observation.value[x].system,Kardinalität min,—,1,
icu,2026.0.2,2027.0.0-ballot.3,MII_PR_ICU_Parameter_Von_Beatmung,changed,https://www.medizininformatik-initiative.de/fhir/ext/modul-icu/StructureDefinition/mii-pr-icu-parameter-von-beatmung,,field-changed,Observation.value[x].system,Must Support,False,True,yes
icu,2026.0.2,2027.0.0-ballot.3,MII_PR_ICU_Parameter_Von_Extrakorporalen_Verfahren,changed,https://www.medizininformatik-initiative.de/fhir/ext/modul-icu/StructureDefinition/mii-pr-icu-parameter-von-extrakorporalen-verfahren,,field-changed,Observation,Invarianten,"[""obs-10"", ""vs-de-2""]","[""mii-icu-comp-xor-val""]",
icu,2026.0.2,2027.0.0-ballot.3,MII_PR_ICU_Parameter_Von_Extrakorporalen_Verfahren,changed,https://www.medizininformatik-initiative.de/fhir/ext/modul-icu/StructureDefinition/mii-pr-icu-parameter-von-extrakorporalen-verfahren,,field-changed,Observation.device,Referenzziel,"[""https://www.medizininformatik-initiative.de/fhir/ext/modul-icu/StructureDefinition/mii-…","[""https://www.medizininformatik-initiative.de/fhir/ext/modul-icu/StructureDefinition/mii-…",
icu,2026.0.2,2027.0.0-ballot.3,MII_PR_ICU_Parameter_Von_Extrakorporalen_Verfahren,changed,https://www.medizininformatik-initiative.de/fhir/ext/modul-icu/StructureDefinition/mii-pr-icu-parameter-von-extrakorporalen-verfahren,,field-changed,Observation.partOf,Kardinalität min,1,—,
icu,2026.0.2,2027.0.0-ballot.3,MII_PR_ICU_Parameter_Von_Extrakorporalen_Verfahren,changed,https://www.medizininformatik-initiative.de/fhir/ext/modul-icu/StructureDefinition/mii-pr-icu-parameter-von-extrakorporalen-verfahren,,field-changed,Observation.partOf,Kardinalität max,1,—,
icu,2026.0.2,2027.0.0-ballot.3,MII_PR_ICU_Bilanz_Einfuhr_Abgepumpte_Muttermilch,new,https://www.medizininformatik-initiative.de/fhir/ext/modul-icu/StructureDefinition/mii-pr-icu-bilanz-einfuhr-abgepumpte-muttermilch,,profile-new,,,,,
icu,2026.0.2,2027.0.0-ballot.3,MII_PR_ICU_Bilanz_Einfuhr_Muttermilch,new,https://www.medizininformatik-initiative.de/fhir/ext/modul-icu/StructureDefinition/mii-pr-icu-bilanz-einfuhr-muttermilch,,profile-new,,,,,
icu,2026.0.2,2027.0.0-ballot.3,MII_PR_ICU_Bilanz_Einfuhr_Orale_Fluessigkeit,new,https://www.medizininformatik-initiative.de/fhir/ext/modul-icu/StructureDefinition/mii-pr-icu-bilanz-einfuhr-orale-fluessigkeit,,profile-new,,,,,
icu,2026.0.2,2027.0.0-ballot.3,MII_PR_ICU_Bilanz_Einfuhr_Saeuglingsnahrung,new,https://www.medizininformatik-initiative.de/fhir/ext/modul-icu/StructureDefinition/mii-pr-icu-bilanz-einfuhr-saeuglingsnahrung,,profile-new,,,,,
icu,2026.0.2,2027.0.0-ballot.3,MII_PR_ICU_Bilanz_Einfuhr_Spendermilch,new,https://www.medizininformatik-initiative.de/fhir/ext/modul-icu/StructureDefinition/mii-pr-icu-bilanz-einfuhr-spendermilch,,profile-new,,,,,
icu,2026.0.2,2027.0.0-ballot.3,MII_PR_ICU_MUV_Koerperlaenge,new,https://www.medizininformatik-initiative.de/fhir/ext/modul-icu/StructureDefinition/mii-pr-icu-muv-koerperlaenge,,profile-new,,,,,
icu,2026.0.2,2027.0.0-ballot.3,MII_PR_ICU_Score,new,https://www.medizininformatik-initiative.de/fhir/ext/modul-icu/StructureDefinition/mii-pr-icu-score,,profile-new,,,,,
icu,2026.0.2,2027.0.0-ballot.3,MII_PR_ICU_Score_CAM_ICU,new,https://www.medizininformatik-initiative.de/fhir/ext/modul-icu/StructureDefinition/mii-pr-icu-score-cam-icu,,profile-new,,,,,
icu,2026.0.2,2027.0.0-ballot.3,MII_PR_ICU_Score_Faces_Pain_Scale_Revised,new,https://www.medizininformatik-initiative.de/fhir/ext/modul-icu/StructureDefinition/mii-pr-icu-score-faces-pain-scale-revised,,profile-new,,,,,
icu,2026.0.2,2027.0.0-ballot.3,MII_PR_ICU_Score_GCS,new,https://www.medizininformatik-initiative.de/fhir/ext/modul-icu/StructureDefinition/mii-pr-icu-score-gcs,,profile-new,,,,,
icu,2026.0.2,2027.0.0-ballot.3,MII_PR_ICU_Score_ICDSC,new,https://www.medizininformatik-initiative.de/fhir/ext/modul-icu/StructureDefinition/mii-pr-icu-score-icdsc,,profile-new,,,,,
icu,2026.0.2,2027.0.0-ballot.3,MII_PR_ICU_Score_Numerische_Ratingskala,new,https://www.medizininformatik-initiative.de/fhir/ext/modul-icu/StructureDefinition/mii-pr-icu-score-numerische-ratingskala,,profile-new,,,,,
icu,2026.0.2,2027.0.0-ballot.3,MII_PR_ICU_Score_RASS,new,https://www.medizininformatik-initiative.de/fhir/ext/modul-icu/StructureDefinition/mii-pr-icu-score-rass,,profile-new,,,,,
icu,2026.0.2,2027.0.0-ballot.3,MII_PR_ICU_Score_SOFA,new,https://www.medizininformatik-initiative.de/fhir/ext/modul-icu/StructureDefinition/mii-pr-icu-score-sofa,,profile-new,,,,,
icu,2026.0.2,2027.0.0-ballot.3,MII_PR_ICU_Score_Visuelle_Analogskala,new,https://www.medizininformatik-initiative.de/fhir/ext/modul-icu/StructureDefinition/mii-pr-icu-score-visuelle-analogskala,,profile-new,,,,,
icu,2026.0.2,2027.0.0-ballot.3,MII_PR_ICU_Score_Wong_Baker_Faces_Schmerzskala,new,https://www.medizininformatik-initiative.de/fhir/ext/modul-icu/StructureDefinition/mii-pr-icu-score-wong-baker-faces-schmerzskala,,profile-new,,,,,
icu,2026.0.2,2027.0.0-ballot.3,MII_PR_ICU_Score_ZOPA,new,https://www.medizininformatik-initiative.de/fhir/ext/modul-icu/StructureDefinition/mii-pr-icu-score-zopa,,profile-new,,,,,
icu,2026.0.2,2027.0.0-ballot.3,MII_PR_ICU_Untersuchung_Pupillenbefund,new,https://www.medizininformatik-initiative.de/fhir/ext/modul-icu/StructureDefinition/mii-pr-icu-untersuchung-pupillenbefund,,profile-new,,,,,
icu,2026.0.2,2027.0.0-ballot.3,MII_PR_ICU_Untersuchung_Pupillenform,new,https://www.medizininformatik-initiative.de/fhir/ext/modul-icu/StructureDefinition/mii-pr-icu-untersuchung-pupillenform,,profile-new,,,,,
icu,2026.0.2,2027.0.0-ballot.3,MII_PR_ICU_Untersuchung_Pupillengroesse,new,https://www.medizininformatik-initiative.de/fhir/ext/modul-icu/StructureDefinition/mii-pr-icu-untersuchung-pupillengroesse,,profile-new,,,,,
icu,2026.0.2,2027.0.0-ballot.3,MII_PR_ICU_Untersuchung_Pupillenlichtreaktion_Direkt,new,https://www.medizininformatik-initiative.de/fhir/ext/modul-icu/StructureDefinition/mii-pr-icu-untersuchung-pupillenlichtreaktion-direkt,,profile-new,,,,,
icu,2026.0.2,2027.0.0-ballot.3,MII_PR_ICU_Untersuchung_Pupillenlichtreaktion_Indirekt,new,https://www.medizininformatik-initiative.de/fhir/ext/modul-icu/StructureDefinition/mii-pr-icu-untersuchung-pupillenlichtreaktion-indirekt,,profile-new,,,,,
icu,2026.0.2,2027.0.0-ballot.3,MII_PR_ICU_Untersuchung_Pupillensymmetrie,new,https://www.medizininformatik-initiative.de/fhir/ext/modul-icu/StructureDefinition/mii-pr-icu-untersuchung-pupillensymmetrie,,profile-new,,,,,
icu,2026.0.2,2027.0.0-ballot.3,MII_PR_ICU_VENT_Maximaler_Inspiratorischer_Beatmungsdruck,new,https://www.medizininformatik-initiative.de/fhir/ext/modul-icu/StructureDefinition/mii-pr-icu-vent-maximaler-inspiratorischer-beatmungsdruck,,profile-new,,,,,
icu,2026.0.2,2027.0.0-ballot.3,MII_PR_ICU_VENT_Mittlerer_Inspiratorischer_Beatmungsdruck,new,https://www.medizininformatik-initiative.de/fhir/ext/modul-icu/StructureDefinition/mii-pr-icu-vent-mittlerer-inspiratorischer-beatmungsdruck,,profile-new,,,,,
icu,2026.0.2,2027.0.0-ballot.3,MII_PR_ICU_VENT_Plateau_Beatmungsdruck,new,https://www.medizininformatik-initiative.de/fhir/ext/modul-icu/StructureDefinition/mii-pr-icu-vent-plateau-beatmungsdruck,,profile-new,,,,,
kardiologie,,2027.0.0-ballot,MII_PR_Kardio_Anzahl_KH_Aufenthalte_wg_HF,new,https://www.medizininformatik-initiative.de/fhir/ext/modul-kardio/StructureDefinition/mii-pr-kardio-anzahl-kh-aufenthalte-wg-hf,,profile-new,,,,,
kardiologie,,2027.0.0-ballot,MII_PR_Kardio_Atherosklerotisches_Erstereignis,new,https://www.medizininformatik-initiative.de/fhir/ext/modul-kardio/StructureDefinition/mii-pr-kardio-atherosklerotisches-erstereignis,,profile-new,,,,,
kardiologie,,2027.0.0-ballot,MII_PR_Kardio_Device,new,https://www.medizininformatik-initiative.de/fhir/ext/modul-kardio/StructureDefinition/mii-pr-kardio-device,,profile-new,,,,,
kardiologie,,2027.0.0-ballot,MII_PR_Kardio_Diagnose,new,https://www.medizininformatik-initiative.de/fhir/ext/modul-kardio/StructureDefinition/mii-pr-kardio-diagnose,,profile-new,,,,,
kardiologie,,2027.0.0-ballot,MII_PR_Kardio_Diagnose_Prozedur_Nein_Unbekannt,new,https://www.medizininformatik-initiative.de/fhir/ext/modul-kardio/StructureDefinition/mii-pr-kardio-diagnose-prozedur-nein-unbekannt,,profile-new,,,,,
kardiologie,,2027.0.0-ballot,MII_PR_Kardio_Geraeteprogrammierung,new,https://www.medizininformatik-initiative.de/fhir/ext/modul-kardio/StructureDefinition/mii-pr-kardio-geraeteprogrammierung,,profile-new,,,,,
kardiologie,,2027.0.0-ballot,MII_PR_Kardio_Kardiale_Deviceimplantation,new,https://www.medizininformatik-initiative.de/fhir/ext/modul-kardio/StructureDefinition/mii-pr-kardio-kardiale-deviceimplantation,,profile-new,,,,,
kardiologie,,2027.0.0-ballot,MII_PR_Kardio_Klappenvitium,new,https://www.medizininformatik-initiative.de/fhir/ext/modul-kardio/StructureDefinition/mii-pr-kardio-klappenvitium,,profile-new,,,,,
kardiologie,,2027.0.0-ballot,MII_PR_Kardio_Linksventrikulaere_Ejektionsfraktion,new,https://www.medizininformatik-initiative.de/fhir/ext/modul-kardio/StructureDefinition/mii-pr-kardio-linksventrikulaere-ejektionsfraktion,,profile-new,,,,,
kardiologie,,2027.0.0-ballot,MII_PR_Kardio_NBG_Schrittmachermodus,new,https://www.medizininformatik-initiative.de/fhir/ext/modul-kardio/StructureDefinition/mii-pr-kardio-nbg-schrittmachermodus,,profile-new,,,,,
kardiologie,,2027.0.0-ballot,MII_PR_Kardio_Observation_Rauchen,new,https://www.medizininformatik-initiative.de/fhir/ext/modul-kardio/StructureDefinition/mii-pr-kardio-observation-rauchen,,profile-new,,,,,
kardiologie,,2027.0.0-ballot,MII_PR_Kardio_Score_Modifizierte_Rankin_Skala,new,https://www.medizininformatik-initiative.de/fhir/ext/modul-kardio/StructureDefinition/mii-pr-kardio-score-modifizierte-rankin-skala,,profile-new,,,,,
kardiologie,,2027.0.0-ballot,MII_PR_Kardio_Score_NYHA,new,https://www.medizininformatik-initiative.de/fhir/ext/modul-kardio/StructureDefinition/mii-pr-kardio-score-nyha,,profile-new,,,,,
laborbefund,2026.0.1,2027.0.0-ballot,MII_PR_Labor_Laboranforderung,changed,https://www.medizininformatik-initiative.de/fhir/core/modul-labor/StructureDefinition/ServiceRequestLab,,element-added,ServiceRequest.code.coding.version,,,Must Support: True,
laborbefund,2026.0.1,2027.0.0-ballot,MII_PR_Labor_Laborbefund,changed,https://www.medizininformatik-initiative.de/fhir/core/modul-labor/StructureDefinition/DiagnosticReportLab,,element-moved,DiagnosticReport.category:lab-category.coding,,DiagnosticReport.category:lab-category.coding,DiagnosticReport.code.coding,
laborbefund,2026.0.1,2027.0.0-ballot,MII_PR_Labor_Laborbefund,changed,https://www.medizininformatik-initiative.de/fhir/core/modul-labor/StructureDefinition/DiagnosticReportLab,,element-removed,DiagnosticReport.category:lab-category,,"Kardinalität min: 1; Kardinalität max: 1; Must Support: True; pattern: {""coding"": [{""system"": ""http://loinc.org"", ""code"": ""26436-6…; pattern-Typ: patternCodeableConcept; Slice-Name: lab-category",,
laborbefund,2026.0.1,2027.0.0-ballot,MII_PR_Labor_Laborbefund,changed,https://www.medizininformatik-initiative.de/fhir/core/modul-labor/StructureDefinition/DiagnosticReportLab,,element-added,DiagnosticReport.category:v2-lab,,,"Kardinalität min: 1; Kardinalität max: 1; Must Support: True; pattern: {""coding"": [{""system"": ""http://terminology.hl7.org/CodeSyst…; pattern-Typ: patternCodeableConcept; Slice-Name: v2-lab",
laborbefund,2026.0.1,2027.0.0-ballot,MII_PR_Labor_Laboruntersuchung,changed,https://www.medizininformatik-initiative.de/fhir/core/modul-labor/StructureDefinition/ObservationLab,,element-removed,Observation.category.coding:loinc-observation,,"Kardinalität min: 1; Kardinalität max: 1; Must Support: True; pattern: {""system"": ""http://loinc.org"", ""code"": ""26436-6""}; pattern-Typ: patternCoding; Slice-Name: loinc-observation",,
laborbefund,2026.0.1,2027.0.0-ballot,MII_PR_Labor_Laboruntersuchung,changed,https://www.medizininformatik-initiative.de/fhir/core/modul-labor/StructureDefinition/ObservationLab,,element-removed,Observation.category.coding:observation-category,,"Kardinalität min: 1; Kardinalität max: 1; Must Support: True; pattern: {""system"": ""http://terminology.hl7.org/CodeSystem/observati…; pattern-Typ: patternCoding; Slice-Name: observation-category",,
laborbefund,2026.0.1,2027.0.0-ballot,MII_PR_Labor_Laboruntersuchung,changed,https://www.medizininformatik-initiative.de/fhir/core/modul-labor/StructureDefinition/ObservationLab,,element-added,Observation.basedOn,,,"Must Support: True; Typ: [""Reference""]; Referenzziel: [""http://hl7.org/fhir/StructureDefinition/ServiceRequest""]",
laborbefund,2026.0.1,2027.0.0-ballot,MII_PR_Labor_Laboruntersuchung,changed,https://www.medizininformatik-initiative.de/fhir/core/modul-labor/StructureDefinition/ObservationLab,,element-added,Observation.category:observation-category,,,"Kardinalität min: 1; Kardinalität max: 1; Must Support: True; pattern: {""coding"": [{""system"": ""http://terminology.hl7.org/CodeSyst…; pattern-Typ: patternCodeableConcept; Slice-Name: observation-category",
laborbefund,2026.0.1,2027.0.0-ballot,MII_PR_Labor_Laboruntersuchung,changed,https://www.medizininformatik-initiative.de/fhir/core/modul-labor/StructureDefinition/ObservationLab,,element-added,Observation.code.coding.version,,,Must Support: True,
laborbefund,2026.0.1,2027.0.0-ballot,MII_PR_Labor_Laboruntersuchung,changed,https://www.medizininformatik-initiative.de/fhir/core/modul-labor/StructureDefinition/ObservationLab,,element-added,Observation.code.coding:loinc,,,"Kardinalität max: *; Must Support: True; Binding-Stärke: extensible; Binding-ValueSet: http://hl7.org/fhir/uv/ips/ValueSet/results-laboratory-path…; pattern: {""system"": ""http://loinc.org""}; pattern-Typ: patternCoding; Slice-Name: loinc",
laborbefund,2026.0.1,2027.0.0-ballot,MII_PR_Labor_Laboruntersuchung,changed,https://www.medizininformatik-initiative.de/fhir/core/modul-labor/StructureDefinition/ObservationLab,,element-added,Observation.value[x]:valueCodeableConcept.coding.version,,,Must Support: True,
laborbefund,2026.0.1,2027.0.0-ballot,MII_PR_Labor_Laboruntersuchung,changed,https://www.medizininformatik-initiative.de/fhir/core/modul-labor/StructureDefinition/ObservationLab,,field-changed,Observation.category,Slicing-Diskriminator,—,"[{""type"": ""pattern"", ""path"": ""$this""}]",
laborbefund,2026.0.1,2027.0.0-ballot,MII_PR_Labor_Laboruntersuchung,changed,https://www.medizininformatik-initiative.de/fhir/core/modul-labor/StructureDefinition/ObservationLab,,field-changed,Observation.category,Slicing-Regel,—,open,
laborbefund,2026.0.1,2027.0.0-ballot,MII_PR_Labor_Laboruntersuchung,changed,https://www.medizininformatik-initiative.de/fhir/core/modul-labor/StructureDefinition/ObservationLab,,field-changed,Observation.category.coding,Kardinalität min,2,—,
laborbefund,2026.0.1,2027.0.0-ballot,MII_PR_Labor_Laboruntersuchung,changed,https://www.medizininformatik-initiative.de/fhir/core/modul-labor/StructureDefinition/ObservationLab,,field-changed,Observation.category.coding,Slicing-Diskriminator,"[{""type"": ""pattern"", ""path"": ""$this""}]",—,
laborbefund,2026.0.1,2027.0.0-ballot,MII_PR_Labor_Laboruntersuchung,changed,https://www.medizininformatik-initiative.de/fhir/core/modul-labor/StructureDefinition/ObservationLab,,field-changed,Observation.category.coding,Slicing-Regel,open,—,
laborbefund,2026.0.1,2027.0.0-ballot,MII_PR_Labor_Laboruntersuchung,changed,https://www.medizininformatik-initiative.de/fhir/core/modul-labor/StructureDefinition/ObservationLab,,field-changed,Observation.code,Binding-Stärke,preferred,—,
laborbefund,2026.0.1,2027.0.0-ballot,MII_PR_Labor_Laboruntersuchung,changed,https://www.medizininformatik-initiative.de/fhir/core/modul-labor/StructureDefinition/ObservationLab,,field-changed,Observation.code,Binding-ValueSet,http://hl7.org/fhir/uv/ips/ValueSet/results-laboratory-observations-uv-ips,—,
laborbefund,2026.0.1,2027.0.0-ballot,MII_PR_Labor_Laboruntersuchung,changed,https://www.medizininformatik-initiative.de/fhir/core/modul-labor/StructureDefinition/ObservationLab,,field-changed,Observation.code.coding,Slicing-Diskriminator,—,"[{""type"": ""pattern"", ""path"": ""$this""}]",
laborbefund,2026.0.1,2027.0.0-ballot,MII_PR_Labor_Laboruntersuchung,changed,https://www.medizininformatik-initiative.de/fhir/core/modul-labor/StructureDefinition/ObservationLab,,field-changed,Observation.code.coding,Slicing-Regel,—,open,
laborbefund,2026.0.1,2027.0.0-ballot,MII_PR_Labor_Laboruntersuchung,changed,https://www.medizininformatik-initiative.de/fhir/core/modul-labor/StructureDefinition/ObservationLab,,field-changed,Observation.interpretation,Binding-Stärke,—,extensible,yes
laborbefund,2026.0.1,2027.0.0-ballot,MII_PR_Labor_Laboruntersuchung,changed,https://www.medizininformatik-initiative.de/fhir/core/modul-labor/StructureDefinition/ObservationLab,,field-changed,Observation.interpretation,Binding-ValueSet,—,https://www.medizininformatik-initiative.de/fhir/core/modul-labor/ValueSet/Interpretation,
laborbefund,2026.0.1,2027.0.0-ballot,MII_PR_Labor_Laboruntersuchung,changed,https://www.medizininformatik-initiative.de/fhir/core/modul-labor/StructureDefinition/ObservationLab,,field-changed,Observation.value[x]:valueCodeableConcept,Binding-Stärke,—,extensible,yes
laborbefund,2026.0.1,2027.0.0-ballot,MII_PR_Labor_Laboruntersuchung,changed,https://www.medizininformatik-initiative.de/fhir/core/modul-labor/StructureDefinition/ObservationLab,,field-changed,Observation.value[x]:valueCodeableConcept,Binding-ValueSet,—,https://www.medizininformatik-initiative.de/fhir/core/modul-labor/ValueSet/Laborergebnis-…,
lungenfunktion,,2027.0.0-ballot.1,MII_PR_Lungenfunktion_1_Viskositaet,new,https://www.medizininformatik-initiative.de/fhir/ext/modul-lungenfunktion/StructureDefinition/mii-pr-lungenfunktion-1-viskositaet,,profile-new,,,,,
lungenfunktion,,2027.0.0-ballot.1,MII_PR_Lungenfunktion_Befund,new,https://www.medizininformatik-initiative.de/fhir/ext/modul-lungenfunktion/StructureDefinition/mii-pr-lungenfunktion-befund,,profile-new,,,,,
lungenfunktion,,2027.0.0-ballot.1,MII_PR_Lungenfunktion_BF,new,https://www.medizininformatik-initiative.de/fhir/ext/modul-lungenfunktion/StructureDefinition/mii-pr-lungenfunktion-bf,,profile-new,,,,,
lungenfunktion,,2027.0.0-ballot.1,MII_PR_Lungenfunktion_Bodyplethysmographie,new,https://www.medizininformatik-initiative.de/fhir/ext/modul-lungenfunktion/StructureDefinition/mii-pr-lungenfunktion-bodyplethysmographie,,profile-new,,,,,
lungenfunktion,,2027.0.0-ballot.1,MII_PR_Lungenfunktion_Bodyplethysmographie_Messung,new,https://www.medizininformatik-initiative.de/fhir/ext/modul-lungenfunktion/StructureDefinition/mii-pr-lungenfunktion-bodyplethysmographie-messung,,profile-new,,,,,
lungenfunktion,,2027.0.0-ballot.1,MII_PR_Lungenfunktion_CO2_Konzentration,new,https://www.medizininformatik-initiative.de/fhir/ext/modul-lungenfunktion/StructureDefinition/mii-pr-lungenfunktion-co2-konzentration,,profile-new,,,,,
lungenfunktion,,2027.0.0-ballot.1,MII_PR_Lungenfunktion_Diffusion,new,https://www.medizininformatik-initiative.de/fhir/ext/modul-lungenfunktion/StructureDefinition/mii-pr-lungenfunktion-diffusion,,profile-new,,,,,
lungenfunktion,,2027.0.0-ballot.1,MII_PR_Lungenfunktion_Diffusion_Messung,new,https://www.medizininformatik-initiative.de/fhir/ext/modul-lungenfunktion/StructureDefinition/mii-pr-lungenfunktion-diffusion-messung,,profile-new,,,,,
lungenfunktion,,2027.0.0-ballot.1,MII_PR_Lungenfunktion_Diffusionskapzitaet,new,https://www.medizininformatik-initiative.de/fhir/ext/modul-lungenfunktion/StructureDefinition/mii-pr-lungenfunktion-diffusionskapazitaet,,profile-new,,,,,
lungenfunktion,,2027.0.0-ballot.1,MII_PR_Lungenfunktion_DLCO,new,https://www.medizininformatik-initiative.de/fhir/ext/modul-lungenfunktion/StructureDefinition/mii-pr-lungenfunktion-dlco,,profile-new,,,,,
lungenfunktion,,2027.0.0-ballot.1,MII_PR_Lungenfunktion_DLCOc,new,https://www.medizininformatik-initiative.de/fhir/ext/modul-lungenfunktion/StructureDefinition/mii-pr-lungenfunktion-dlcoc,,profile-new,,,,,
lungenfunktion,,2027.0.0-ballot.1,MII_PR_Lungenfunktion_Dosis,new,https://www.medizininformatik-initiative.de/fhir/ext/modul-lungenfunktion/StructureDefinition/mii-pr-lungenfunktion-dosis,,profile-new,,,,,
lungenfunktion,,2027.0.0-ballot.1,MII_PR_Lungenfunktion_Dosis_Gabe,new,https://www.medizininformatik-initiative.de/fhir/ext/modul-lungenfunktion/StructureDefinition/mii-pr-lungenfunktion-dosis-gabe,,profile-new,,,,,
lungenfunktion,,2027.0.0-ballot.1,MII_PR_Lungenfunktion_FEV,new,https://www.medizininformatik-initiative.de/fhir/ext/modul-lungenfunktion/StructureDefinition/mii-pr-lungenfunktion-fev,,profile-new,,,,,
lungenfunktion,,2027.0.0-ballot.1,MII_PR_Lungenfunktion_FEV_FVC,new,https://www.medizininformatik-initiative.de/fhir/ext/modul-lungenfunktion/StructureDefinition/mii-pr-lungenfunktion-fev-fvc,,profile-new,,,,,
lungenfunktion,,2027.0.0-ballot.1,MII_PR_Lungenfunktion_Fluss,new,https://www.medizininformatik-initiative.de/fhir/ext/modul-lungenfunktion/StructureDefinition/mii-pr-lungenfunktion-fluss,,profile-new,,,,,
lungenfunktion,,2027.0.0-ballot.1,MII_PR_Lungenfunktion_FRC,new,https://www.medizininformatik-initiative.de/fhir/ext/modul-lungenfunktion/StructureDefinition/mii-pr-lungenfunktion-frc,,profile-new,,,,,
lungenfunktion,,2027.0.0-ballot.1,MII_PR_Lungenfunktion_FVC,new,https://www.medizininformatik-initiative.de/fhir/ext/modul-lungenfunktion/StructureDefinition/mii-pr-lungenfunktion-fvc,,profile-new,,,,,
lungenfunktion,,2027.0.0-ballot.1,MII_PR_Lungenfunktion_Gewicht,new,https://www.medizininformatik-initiative.de/fhir/ext/modul-lungenfunktion/StructureDefinition/mii-pr-lungenfunktion-gewicht,,profile-new,,,,,
lungenfunktion,,2027.0.0-ballot.1,MII_PR_Lungenfunktion_Hb,new,https://www.medizininformatik-initiative.de/fhir/ext/modul-lungenfunktion/StructureDefinition/mii-pr-lungenfunktion-hb,,profile-new,,,,,
lungenfunktion,,2027.0.0-ballot.1,MII_PR_Lungenfunktion_IC,new,https://www.medizininformatik-initiative.de/fhir/ext/modul-lungenfunktion/StructureDefinition/mii-pr-lungenfunktion-ic,,profile-new,,,,,
lungenfunktion,,2027.0.0-ballot.1,MII_PR_Lungenfunktion_IRV_ERV,new,https://www.medizininformatik-initiative.de/fhir/ext/modul-lungenfunktion/StructureDefinition/mii-pr-lungenfunktion-irv-erv,,profile-new,,,,,
lungenfunktion,,2027.0.0-ballot.1,MII_PR_Lungenfunktion_KCO,new,https://www.medizininformatik-initiative.de/fhir/ext/modul-lungenfunktion/StructureDefinition/mii-pr-lungenfunktion-kco,,profile-new,,,,,
lungenfunktion,,2027.0.0-ballot.1,MII_PR_Lungenfunktion_KCOc,new,https://www.medizininformatik-initiative.de/fhir/ext/modul-lungenfunktion/StructureDefinition/mii-pr-lungenfunktion-kcoc,,profile-new,,,,,
lungenfunktion,,2027.0.0-ballot.1,MII_PR_Lungenfunktion_Luftfeuchtigkeit,new,https://www.medizininformatik-initiative.de/fhir/ext/modul-lungenfunktion/StructureDefinition/mii-pr-lungenfunktion-luftfeuchtigkeit,,profile-new,,,,,
lungenfunktion,,2027.0.0-ballot.1,MII_PR_Lungenfunktion_Lufttemperatur,new,https://www.medizininformatik-initiative.de/fhir/ext/modul-lungenfunktion/StructureDefinition/mii-pr-lungenfunktion-lufttemperatur,,profile-new,,,,,
lungenfunktion,,2027.0.0-ballot.1,MII_PR_Lungenfunktion_MEF,new,https://www.medizininformatik-initiative.de/fhir/ext/modul-lungenfunktion/StructureDefinition/mii-pr-lungenfunktion-mef,,profile-new,,,,,
lungenfunktion,,2027.0.0-ballot.1,MII_PR_Lungenfunktion_Methacholine,new,https://www.medizininformatik-initiative.de/fhir/ext/modul-lungenfunktion/StructureDefinition/mii-pr-lungenfunktion-methacholine,,profile-new,,,,,
lungenfunktion,,2027.0.0-ballot.1,MII_PR_Lungenfunktion_PEF,new,https://www.medizininformatik-initiative.de/fhir/ext/modul-lungenfunktion/StructureDefinition/mii-pr-lungenfunktion-pef,,profile-new,,,,,
lungenfunktion,,2027.0.0-ballot.1,MII_PR_Lungenfunktion_Provokationstest,new,https://www.medizininformatik-initiative.de/fhir/ext/modul-lungenfunktion/StructureDefinition/mii-pr-lungenfunktion-provokationstest,,profile-new,,,,,
lungenfunktion,,2027.0.0-ballot.1,MII_PR_Lungenfunktion_Provokationstest_Messung,new,https://www.medizininformatik-initiative.de/fhir/ext/modul-lungenfunktion/StructureDefinition/mii-pr-lungenfunktion-provokationstest-messung,,profile-new,,,,,
lungenfunktion,,2027.0.0-ballot.1,MII_PR_Lungenfunktion_Prozent,new,https://www.medizininformatik-initiative.de/fhir/ext/modul-lungenfunktion/StructureDefinition/mii-pr-lungenfunktion-prozent,,profile-new,,,,,
lungenfunktion,,2027.0.0-ballot.1,MII_PR_Lungenfunktion_R,new,https://www.medizininformatik-initiative.de/fhir/ext/modul-lungenfunktion/StructureDefinition/mii-pr-lungenfunktion-r,,profile-new,,,,,
lungenfunktion,,2027.0.0-ballot.1,MII_PR_Lungenfunktion_R_Effektiv,new,https://www.medizininformatik-initiative.de/fhir/ext/modul-lungenfunktion/StructureDefinition/mii-pr-lungenfunktion-r-effektiv,,profile-new,,,,,
lungenfunktion,,2027.0.0-ballot.1,MII_PR_Lungenfunktion_R_Spezifisch,new,https://www.medizininformatik-initiative.de/fhir/ext/modul-lungenfunktion/StructureDefinition/mii-pr-lungenfunktion-r-spezifisch,,profile-new,,,,,
lungenfunktion,,2027.0.0-ballot.1,MII_PR_Lungenfunktion_RV,new,https://www.medizininformatik-initiative.de/fhir/ext/modul-lungenfunktion/StructureDefinition/mii-pr-lungenfunktion-rv,,profile-new,,,,,
lungenfunktion,,2027.0.0-ballot.1,MII_PR_Lungenfunktion_RV_TLC,new,https://www.medizininformatik-initiative.de/fhir/ext/modul-lungenfunktion/StructureDefinition/mii-pr-lungenfunktion-rvl-tlc,,profile-new,,,,,
lungenfunktion,,2027.0.0-ballot.1,MII_PR_Lungenfunktion_sG_Total,new,https://www.medizininformatik-initiative.de/fhir/ext/modul-lungenfunktion/StructureDefinition/mii-pr-lungenfunktion-sg-total,,profile-new,,,,,
lungenfunktion,,2027.0.0-ballot.1,MII_PR_Lungenfunktion_Spirometrie,new,https://www.medizininformatik-initiative.de/fhir/ext/modul-lungenfunktion/StructureDefinition/mii-pr-lungenfunktion-spirometrie,,profile-new,,,,,
lungenfunktion,,2027.0.0-ballot.1,MII_PR_Lungenfunktion_Spirometrie_Messung,new,https://www.medizininformatik-initiative.de/fhir/ext/modul-lungenfunktion/StructureDefinition/mii-pr-lungenfunktion-spirometrie-messung,,profile-new,,,,,
lungenfunktion,,2027.0.0-ballot.1,MII_PR_Lungenfunktion_TLC,new,https://www.medizininformatik-initiative.de/fhir/ext/modul-lungenfunktion/StructureDefinition/mii-pr-lungenfunktion-tlc,,profile-new,,,,,
lungenfunktion,,2027.0.0-ballot.1,MII_PR_Lungenfunktion_Transferkoeffizient,new,https://www.medizininformatik-initiative.de/fhir/ext/modul-lungenfunktion/StructureDefinition/mii-pr-lungenfunktion-transferkoeffizient,,profile-new,,,,,
lungenfunktion,,2027.0.0-ballot.1,MII_PR_Lungenfunktion_Umgebung,new,https://www.medizininformatik-initiative.de/fhir/ext/modul-lungenfunktion/StructureDefinition/mii-pr-lungenfunktion-umgebung,,profile-new,,,,,
lungenfunktion,,2027.0.0-ballot.1,MII_PR_Lungenfunktion_VA,new,https://www.medizininformatik-initiative.de/fhir/ext/modul-lungenfunktion/StructureDefinition/mii-pr-lungenfunktion-va,,profile-new,,,,,
lungenfunktion,,2027.0.0-ballot.1,MII_PR_Lungenfunktion_VC,new,https://www.medizininformatik-initiative.de/fhir/ext/modul-lungenfunktion/StructureDefinition/mii-pr-lungenfunktion-vc,,profile-new,,,,,
lungenfunktion,,2027.0.0-ballot.1,MII_PR_Lungenfunktion_Viskositaet,new,https://www.medizininformatik-initiative.de/fhir/ext/modul-lungenfunktion/StructureDefinition/mii-pr-lungenfunktion-viskositaet,,profile-new,,,,,
lungenfunktion,,2027.0.0-ballot.1,MII_PR_Lungenfunktion_Volumen,new,https://www.medizininformatik-initiative.de/fhir/ext/modul-lungenfunktion/StructureDefinition/mii-pr-lungenfunktion-volumen,,profile-new,,,,,
lungenfunktion,,2027.0.0-ballot.1,MII_PR_Lungenfunktion_Widerstand,new,https://www.medizininformatik-initiative.de/fhir/ext/modul-lungenfunktion/StructureDefinition/mii-pr-lungenfunktion-widerstand,,profile-new,,,,,
medikation,2026.0.1,2027.0.0-ballot,MII_PR_Medikation_MedicationAdministration,changed,https://www.medizininformatik-initiative.de/fhir/core/modul-medikation/StructureDefinition/MedicationAdministration,,field-changed,MedicationAdministration.dosage.site.coding:SNOMED,Binding-ValueSet,http://hl7.org/fhir/uv/ips/ValueSet/target-site-uv-ips,http://hl7.org/fhir/uv/ips/ValueSet/body-site-uv-ips,
medikation,2026.0.1,2027.0.0-ballot,MII_PR_Medikation_MedicationRequest,changed,https://www.medizininformatik-initiative.de/fhir/core/modul-medikation/StructureDefinition/MedicationRequest,,field-changed,MedicationRequest.dosageInstruction.site.coding:SNOMED,Binding-ValueSet,http://hl7.org/fhir/uv/ips/ValueSet/target-site-uv-ips,http://hl7.org/fhir/uv/ips/ValueSet/body-site-uv-ips,
medikation,2026.0.1,2027.0.0-ballot,MII_PR_Medikation_MedicationStatement,changed,https://www.medizininformatik-initiative.de/fhir/core/modul-medikation/StructureDefinition/MedicationStatement,,field-changed,MedicationStatement.dosage.site.coding:SNOMED,Binding-ValueSet,http://hl7.org/fhir/uv/ips/ValueSet/target-site-uv-ips,http://hl7.org/fhir/uv/ips/ValueSet/body-site-uv-ips,
mikrobiologie,2027.0.0-alpha.3,2027.0.0-ballot2,MII_PR_Mikrobio_MRE_Klasse,removed,https://www.medizininformatik-initiative.de/fhir/modul-mikrobio/StructureDefinition/mii-pr-mikrobio-mre-klasse,,profile-removed,,,,,
mikrobiologie,2027.0.0-alpha.3,2027.0.0-ballot2,MII_PR_Mikrobio_Bartlett_Score,renamed,https://www.medizininformatik-initiative.de/fhir/modul-mikrobio/StructureDefinition/mii-pr-mikrobio-bartlett-score,https://www.medizininformatik-initiative.de/fhir/modul-mikrobio/StructureDefinition/mii-pr-mikrobio-barlett-score,profile-renamed,,,,,
mikrobiologie,2027.0.0-alpha.3,2027.0.0-ballot2,MII_PR_Mikrobio_Bartlett_Score,renamed,https://www.medizininformatik-initiative.de/fhir/modul-mikrobio/StructureDefinition/mii-pr-mikrobio-bartlett-score,https://www.medizininformatik-initiative.de/fhir/modul-mikrobio/StructureDefinition/mii-pr-mikrobio-barlett-score,element-removed,Observation.category:mibi-category.coding,,Kardinalität min: 3,,
mikrobiologie,2027.0.0-alpha.3,2027.0.0-ballot2,MII_PR_Mikrobio_Bartlett_Score,renamed,https://www.medizininformatik-initiative.de/fhir/modul-mikrobio/StructureDefinition/mii-pr-mikrobio-bartlett-score,https://www.medizininformatik-initiative.de/fhir/modul-mikrobio/StructureDefinition/mii-pr-mikrobio-barlett-score,element-removed,Observation.category:mibi-category.coding:loinc-microbiology-studies,,"Kardinalität max: 1; Must Support: True; pattern: {""system"": ""http://loinc.org"", ""code"": ""18725-2""}; pattern-Typ: patternCoding; Slice-Name: loinc-microbiology-studies",,
mikrobiologie,2027.0.0-alpha.3,2027.0.0-ballot2,MII_PR_Mikrobio_Bartlett_Score,renamed,https://www.medizininformatik-initiative.de/fhir/modul-mikrobio/StructureDefinition/mii-pr-mikrobio-bartlett-score,https://www.medizininformatik-initiative.de/fhir/modul-mikrobio/StructureDefinition/mii-pr-mikrobio-barlett-score,element-removed,Observation.category:mibi-category.coding:v2-microbiology,,"Kardinalität min: 1; Kardinalität max: 1; Must Support: True; pattern: {""system"": ""http://terminology.hl7.org/CodeSystem/v2-0074"",…; pattern-Typ: patternCoding; Slice-Name: v2-microbiology",,
mikrobiologie,2027.0.0-alpha.3,2027.0.0-ballot2,MII_PR_Mikrobio_Bartlett_Score,renamed,https://www.medizininformatik-initiative.de/fhir/modul-mikrobio/StructureDefinition/mii-pr-mikrobio-bartlett-score,https://www.medizininformatik-initiative.de/fhir/modul-mikrobio/StructureDefinition/mii-pr-mikrobio-barlett-score,element-added,Observation.dataAbsentReason,,,Binding-Stärke: extensible; Binding-ValueSet: https://www.medizininformatik-initiative.de/fhir/modul-mikr…,
mikrobiologie,2027.0.0-alpha.3,2027.0.0-ballot2,MII_PR_Mikrobio_Bartlett_Score,renamed,https://www.medizininformatik-initiative.de/fhir/modul-mikrobio/StructureDefinition/mii-pr-mikrobio-bartlett-score,https://www.medizininformatik-initiative.de/fhir/modul-mikrobio/StructureDefinition/mii-pr-mikrobio-barlett-score,field-changed,Observation.category,Kardinalität min,—,2,
mikrobiologie,2027.0.0-alpha.3,2027.0.0-ballot2,MII_PR_Mikrobio_Bartlett_Score,renamed,https://www.medizininformatik-initiative.de/fhir/modul-mikrobio/StructureDefinition/mii-pr-mikrobio-bartlett-score,https://www.medizininformatik-initiative.de/fhir/modul-mikrobio/StructureDefinition/mii-pr-mikrobio-barlett-score,field-changed,Observation.category,Slicing-Diskriminator,"[{""type"": ""pattern"", ""path"": ""$this""}]",—,
mikrobiologie,2027.0.0-alpha.3,2027.0.0-ballot2,MII_PR_Mikrobio_Bartlett_Score,renamed,https://www.medizininformatik-initiative.de/fhir/modul-mikrobio/StructureDefinition/mii-pr-mikrobio-bartlett-score,https://www.medizininformatik-initiative.de/fhir/modul-mikrobio/StructureDefinition/mii-pr-mikrobio-barlett-score,field-changed,Observation.category,Slicing-Regel,open,—,
mikrobiologie,2027.0.0-alpha.3,2027.0.0-ballot2,MII_PR_Mikrobio_Bartlett_Score,renamed,https://www.medizininformatik-initiative.de/fhir/modul-mikrobio/StructureDefinition/mii-pr-mikrobio-bartlett-score,https://www.medizininformatik-initiative.de/fhir/modul-mikrobio/StructureDefinition/mii-pr-mikrobio-barlett-score,field-changed,Observation.specimen,Typ,—,"[""Reference""]",
mikrobiologie,2027.0.0-alpha.3,2027.0.0-ballot2,MII_PR_Mikrobio_Bartlett_Score,renamed,https://www.medizininformatik-initiative.de/fhir/modul-mikrobio/StructureDefinition/mii-pr-mikrobio-bartlett-score,https://www.medizininformatik-initiative.de/fhir/modul-mikrobio/StructureDefinition/mii-pr-mikrobio-barlett-score,field-changed,Observation.specimen,Referenzziel,—,"[""https://www.medizininformatik-initiative.de/fhir/modul-mikrobio/StructureDefinition/mii…",
mikrobiologie,2027.0.0-alpha.3,2027.0.0-ballot2,MII_PR_Mikrobio_Bartlett_Score,renamed,https://www.medizininformatik-initiative.de/fhir/modul-mikrobio/StructureDefinition/mii-pr-mikrobio-bartlett-score,https://www.medizininformatik-initiative.de/fhir/modul-mikrobio/StructureDefinition/mii-pr-mikrobio-barlett-score,field-changed,Observation.value[x]:valueCodeableConcept,Binding-ValueSet,https://www.medizininformatik-initiative.de/fhir/modul-mikrobio/ValueSet/mii-vs-mikrobio-…,https://www.medizininformatik-initiative.de/fhir/modul-mikrobio/ValueSet/mii-vs-mikrobio-…,
mikrobiologie,2027.0.0-alpha.3,2027.0.0-ballot2,MII_PR_Mikrobio_Allgemeine_Bestimmung,changed,https://www.medizininformatik-initiative.de/fhir/modul-mikrobio/StructureDefinition/mii-pr-mikrobio-allgemeine-bestimmung,,element-removed,Observation.category:mibi-category.coding,,Kardinalität min: 3,,
mikrobiologie,2027.0.0-alpha.3,2027.0.0-ballot2,MII_PR_Mikrobio_Allgemeine_Bestimmung,changed,https://www.medizininformatik-initiative.de/fhir/modul-mikrobio/StructureDefinition/mii-pr-mikrobio-allgemeine-bestimmung,,element-removed,Observation.category:mibi-category.coding:loinc-microbiology-studies,,"Kardinalität max: 1; Must Support: True; pattern: {""system"": ""http://loinc.org"", ""code"": ""18725-2""}; pattern-Typ: patternCoding; Slice-Name: loinc-microbiology-studies",,
mikrobiologie,2027.0.0-alpha.3,2027.0.0-ballot2,MII_PR_Mikrobio_Allgemeine_Bestimmung,changed,https://www.medizininformatik-initiative.de/fhir/modul-mikrobio/StructureDefinition/mii-pr-mikrobio-allgemeine-bestimmung,,element-removed,Observation.category:mibi-category.coding:v2-microbiology,,"Kardinalität min: 1; Kardinalität max: 1; Must Support: True; pattern: {""system"": ""http://terminology.hl7.org/CodeSystem/v2-0074"",…; pattern-Typ: patternCoding; Slice-Name: v2-microbiology",,
mikrobiologie,2027.0.0-alpha.3,2027.0.0-ballot2,MII_PR_Mikrobio_Allgemeine_Bestimmung,changed,https://www.medizininformatik-initiative.de/fhir/modul-mikrobio/StructureDefinition/mii-pr-mikrobio-allgemeine-bestimmung,,element-added,Observation.dataAbsentReason,,,Binding-Stärke: extensible; Binding-ValueSet: https://www.medizininformatik-initiative.de/fhir/modul-mikr…,
mikrobiologie,2027.0.0-alpha.3,2027.0.0-ballot2,MII_PR_Mikrobio_Allgemeine_Bestimmung,changed,https://www.medizininformatik-initiative.de/fhir/modul-mikrobio/StructureDefinition/mii-pr-mikrobio-allgemeine-bestimmung,,field-changed,Observation.category,Kardinalität min,—,2,
mikrobiologie,2027.0.0-alpha.3,2027.0.0-ballot2,MII_PR_Mikrobio_Allgemeine_Bestimmung,changed,https://www.medizininformatik-initiative.de/fhir/modul-mikrobio/StructureDefinition/mii-pr-mikrobio-allgemeine-bestimmung,,field-changed,Observation.category,Slicing-Diskriminator,"[{""type"": ""pattern"", ""path"": ""$this""}]",—,
mikrobiologie,2027.0.0-alpha.3,2027.0.0-ballot2,MII_PR_Mikrobio_Allgemeine_Bestimmung,changed,https://www.medizininformatik-initiative.de/fhir/modul-mikrobio/StructureDefinition/mii-pr-mikrobio-allgemeine-bestimmung,,field-changed,Observation.category,Slicing-Regel,open,—,
mikrobiologie,2027.0.0-alpha.3,2027.0.0-ballot2,MII_PR_Mikrobio_Allgemeine_Bestimmung,changed,https://www.medizininformatik-initiative.de/fhir/modul-mikrobio/StructureDefinition/mii-pr-mikrobio-allgemeine-bestimmung,,field-changed,Observation.code,Binding-Stärke,—,extensible,yes
mikrobiologie,2027.0.0-alpha.3,2027.0.0-ballot2,MII_PR_Mikrobio_Allgemeine_Bestimmung,changed,https://www.medizininformatik-initiative.de/fhir/modul-mikrobio/StructureDefinition/mii-pr-mikrobio-allgemeine-bestimmung,,field-changed,Observation.code,Binding-ValueSet,—,https://www.medizininformatik-initiative.de/fhir/modul-mikrobio/ValueSet/mii-vs-mikrobio-…,
mikrobiologie,2027.0.0-alpha.3,2027.0.0-ballot2,MII_PR_Mikrobio_Allgemeine_Bestimmung,changed,https://www.medizininformatik-initiative.de/fhir/modul-mikrobio/StructureDefinition/mii-pr-mikrobio-allgemeine-bestimmung,,field-changed,Observation.code,pattern,"{""coding"": [{""system"": ""http://loinc.org"", ""code"": ""41852-5""}]}",—,
mikrobiologie,2027.0.0-alpha.3,2027.0.0-ballot2,MII_PR_Mikrobio_Allgemeine_Bestimmung,changed,https://www.medizininformatik-initiative.de/fhir/modul-mikrobio/StructureDefinition/mii-pr-mikrobio-allgemeine-bestimmung,,field-changed,Observation.code,pattern-Typ,patternCodeableConcept,—,
mikrobiologie,2027.0.0-alpha.3,2027.0.0-ballot2,MII_PR_Mikrobio_Allgemeine_Bestimmung,changed,https://www.medizininformatik-initiative.de/fhir/modul-mikrobio/StructureDefinition/mii-pr-mikrobio-allgemeine-bestimmung,,field-changed,Observation.specimen,Typ,—,"[""Reference""]",
mikrobiologie,2027.0.0-alpha.3,2027.0.0-ballot2,MII_PR_Mikrobio_Allgemeine_Bestimmung,changed,https://www.medizininformatik-initiative.de/fhir/modul-mikrobio/StructureDefinition/mii-pr-mikrobio-allgemeine-bestimmung,,field-changed,Observation.specimen,Referenzziel,—,"[""https://www.medizininformatik-initiative.de/fhir/modul-mikrobio/StructureDefinition/mii…",
mikrobiologie,2027.0.0-alpha.3,2027.0.0-ballot2,MII_PR_Mikrobio_Allgemeine_Bestimmung,changed,https://www.medizininformatik-initiative.de/fhir/modul-mikrobio/StructureDefinition/mii-pr-mikrobio-allgemeine-bestimmung,,field-changed,Observation.value[x]:valueCodeableConcept,Binding-ValueSet,https://www.medizininformatik-initiative.de/fhir/modul-mikrobio/ValueSet/mii-vs-mikrobio-…,https://www.medizininformatik-initiative.de/fhir/modul-mikrobio/ValueSet/mii-vs-mikrobio-…,
mikrobiologie,2027.0.0-alpha.3,2027.0.0-ballot2,MII_PR_Mikrobio_Allgemeine_Kultur,changed,https://www.medizininformatik-initiative.de/fhir/modul-mikrobio/StructureDefinition/mii-pr-mikrobio-allgemeine-kultur,,element-removed,Observation.category:mibi-category.coding,,Kardinalität min: 3,,
mikrobiologie,2027.0.0-alpha.3,2027.0.0-ballot2,MII_PR_Mikrobio_Allgemeine_Kultur,changed,https://www.medizininformatik-initiative.de/fhir/modul-mikrobio/StructureDefinition/mii-pr-mikrobio-allgemeine-kultur,,element-removed,Observation.category:mibi-category.coding:loinc-microbiology-studies,,"Kardinalität max: 1; Must Support: True; pattern: {""system"": ""http://loinc.org"", ""code"": ""18725-2""}; pattern-Typ: patternCoding; Slice-Name: loinc-microbiology-studies",,
mikrobiologie,2027.0.0-alpha.3,2027.0.0-ballot2,MII_PR_Mikrobio_Allgemeine_Kultur,changed,https://www.medizininformatik-initiative.de/fhir/modul-mikrobio/StructureDefinition/mii-pr-mikrobio-allgemeine-kultur,,element-removed,Observation.category:mibi-category.coding:v2-microbiology,,"Kardinalität min: 1; Kardinalität max: 1; Must Support: True; pattern: {""system"": ""http://terminology.hl7.org/CodeSystem/v2-0074"",…; pattern-Typ: patternCoding; Slice-Name: v2-microbiology",,
mikrobiologie,2027.0.0-alpha.3,2027.0.0-ballot2,MII_PR_Mikrobio_Allgemeine_Kultur,changed,https://www.medizininformatik-initiative.de/fhir/modul-mikrobio/StructureDefinition/mii-pr-mikrobio-allgemeine-kultur,,element-added,Observation,,,"Invarianten: [""allgemeine-kultur-method-with-neutral-code""]",
mikrobiologie,2027.0.0-alpha.3,2027.0.0-ballot2,MII_PR_Mikrobio_Allgemeine_Kultur,changed,https://www.medizininformatik-initiative.de/fhir/modul-mikrobio/StructureDefinition/mii-pr-mikrobio-allgemeine-kultur,,element-added,Observation.dataAbsentReason,,,Binding-Stärke: extensible; Binding-ValueSet: https://www.medizininformatik-initiative.de/fhir/modul-mikr…,
mikrobiologie,2027.0.0-alpha.3,2027.0.0-ballot2,MII_PR_Mikrobio_Allgemeine_Kultur,changed,https://www.medizininformatik-initiative.de/fhir/modul-mikrobio/StructureDefinition/mii-pr-mikrobio-allgemeine-kultur,,field-changed,Observation.category,Kardinalität min,—,2,
mikrobiologie,2027.0.0-alpha.3,2027.0.0-ballot2,MII_PR_Mikrobio_Allgemeine_Kultur,changed,https://www.medizininformatik-initiative.de/fhir/modul-mikrobio/StructureDefinition/mii-pr-mikrobio-allgemeine-kultur,,field-changed,Observation.category,Slicing-Diskriminator,"[{""type"": ""pattern"", ""path"": ""$this""}]",—,
mikrobiologie,2027.0.0-alpha.3,2027.0.0-ballot2,MII_PR_Mikrobio_Allgemeine_Kultur,changed,https://www.medizininformatik-initiative.de/fhir/modul-mikrobio/StructureDefinition/mii-pr-mikrobio-allgemeine-kultur,,field-changed,Observation.category,Slicing-Regel,open,—,
mikrobiologie,2027.0.0-alpha.3,2027.0.0-ballot2,MII_PR_Mikrobio_Allgemeine_Kultur,changed,https://www.medizininformatik-initiative.de/fhir/modul-mikrobio/StructureDefinition/mii-pr-mikrobio-allgemeine-kultur,,field-changed,Observation.code,Binding-Stärke,—,extensible,yes
mikrobiologie,2027.0.0-alpha.3,2027.0.0-ballot2,MII_PR_Mikrobio_Allgemeine_Kultur,changed,https://www.medizininformatik-initiative.de/fhir/modul-mikrobio/StructureDefinition/mii-pr-mikrobio-allgemeine-kultur,,field-changed,Observation.code,Binding-ValueSet,—,https://www.medizininformatik-initiative.de/fhir/modul-mikrobio/ValueSet/mii-vs-mikrobio-…,
mikrobiologie,2027.0.0-alpha.3,2027.0.0-ballot2,MII_PR_Mikrobio_Allgemeine_Kultur,changed,https://www.medizininformatik-initiative.de/fhir/modul-mikrobio/StructureDefinition/mii-pr-mikrobio-allgemeine-kultur,,field-changed,Observation.code,pattern,"{""coding"": [{""system"": ""http://loinc.org"", ""code"": ""11475-1""}]}",—,
mikrobiologie,2027.0.0-alpha.3,2027.0.0-ballot2,MII_PR_Mikrobio_Allgemeine_Kultur,changed,https://www.medizininformatik-initiative.de/fhir/modul-mikrobio/StructureDefinition/mii-pr-mikrobio-allgemeine-kultur,,field-changed,Observation.code,pattern-Typ,patternCodeableConcept,—,
mikrobiologie,2027.0.0-alpha.3,2027.0.0-ballot2,MII_PR_Mikrobio_Allgemeine_Kultur,changed,https://www.medizininformatik-initiative.de/fhir/modul-mikrobio/StructureDefinition/mii-pr-mikrobio-allgemeine-kultur,,field-changed,Observation.specimen,Typ,—,"[""Reference""]",
mikrobiologie,2027.0.0-alpha.3,2027.0.0-ballot2,MII_PR_Mikrobio_Allgemeine_Kultur,changed,https://www.medizininformatik-initiative.de/fhir/modul-mikrobio/StructureDefinition/mii-pr-mikrobio-allgemeine-kultur,,field-changed,Observation.specimen,Referenzziel,—,"[""https://www.medizininformatik-initiative.de/fhir/modul-mikrobio/StructureDefinition/mii…",
mikrobiologie,2027.0.0-alpha.3,2027.0.0-ballot2,MII_PR_Mikrobio_Allgemeine_Kultur,changed,https://www.medizininformatik-initiative.de/fhir/modul-mikrobio/StructureDefinition/mii-pr-mikrobio-allgemeine-kultur,,field-changed,Observation.value[x]:valueCodeableConcept,Binding-ValueSet,https://www.medizininformatik-initiative.de/fhir/modul-mikrobio/ValueSet/mii-vs-mikrobio-…,https://www.medizininformatik-initiative.de/fhir/modul-mikrobio/ValueSet/mii-vs-mikrobio-…,
mikrobiologie,2027.0.0-alpha.3,2027.0.0-ballot2,MII_PR_Mikrobio_Allgemeine_Mikroskopie,changed,https://www.medizininformatik-initiative.de/fhir/modul-mikrobio/StructureDefinition/mii-pr-mikrobio-mikroskopie,,element-removed,Observation.category:mibi-category.coding,,Kardinalität min: 3,,
mikrobiologie,2027.0.0-alpha.3,2027.0.0-ballot2,MII_PR_Mikrobio_Allgemeine_Mikroskopie,changed,https://www.medizininformatik-initiative.de/fhir/modul-mikrobio/StructureDefinition/mii-pr-mikrobio-mikroskopie,,element-removed,Observation.category:mibi-category.coding:loinc-microbiology-studies,,"Kardinalität max: 1; Must Support: True; pattern: {""system"": ""http://loinc.org"", ""code"": ""18725-2""}; pattern-Typ: patternCoding; Slice-Name: loinc-microbiology-studies",,
mikrobiologie,2027.0.0-alpha.3,2027.0.0-ballot2,MII_PR_Mikrobio_Allgemeine_Mikroskopie,changed,https://www.medizininformatik-initiative.de/fhir/modul-mikrobio/StructureDefinition/mii-pr-mikrobio-mikroskopie,,element-removed,Observation.category:mibi-category.coding:v2-microbiology,,"Kardinalität min: 1; Kardinalität max: 1; Must Support: True; pattern: {""system"": ""http://terminology.hl7.org/CodeSystem/v2-0074"",…; pattern-Typ: patternCoding; Slice-Name: v2-microbiology",,
mikrobiologie,2027.0.0-alpha.3,2027.0.0-ballot2,MII_PR_Mikrobio_Allgemeine_Mikroskopie,changed,https://www.medizininformatik-initiative.de/fhir/modul-mikrobio/StructureDefinition/mii-pr-mikrobio-mikroskopie,,element-added,Observation.component,,,"Slicing-Diskriminator: [{""type"": ""pattern"", ""path"": ""$this.code""}]; Slicing-Regel: open",
mikrobiologie,2027.0.0-alpha.3,2027.0.0-ballot2,MII_PR_Mikrobio_Allgemeine_Mikroskopie,changed,https://www.medizininformatik-initiative.de/fhir/modul-mikrobio/StructureDefinition/mii-pr-mikrobio-mikroskopie,,element-added,Observation.component:menge,,,Kardinalität max: 1; Must Support: True; Slice-Name: menge,
mikrobiologie,2027.0.0-alpha.3,2027.0.0-ballot2,MII_PR_Mikrobio_Allgemeine_Mikroskopie,changed,https://www.medizininformatik-initiative.de/fhir/modul-mikrobio/StructureDefinition/mii-pr-mikrobio-mikroskopie,,element-added,Observation.component:menge.code,,,"pattern: {""coding"": [{""system"": ""http://snomed.info/sct"", ""code"": ""1…; pattern-Typ: patternCodeableConcept",
mikrobiologie,2027.0.0-alpha.3,2027.0.0-ballot2,MII_PR_Mikrobio_Allgemeine_Mikroskopie,changed,https://www.medizininformatik-initiative.de/fhir/modul-mikrobio/StructureDefinition/mii-pr-mikrobio-mikroskopie,,element-added,Observation.component:menge.value[x],,,"Typ: [""CodeableConcept"", ""Quantity"", ""Range""]; Slicing-Diskriminator: [{""type"": ""type"", ""path"": ""$this""}]; Slicing-Regel: open",
mikrobiologie,2027.0.0-alpha.3,2027.0.0-ballot2,MII_PR_Mikrobio_Allgemeine_Mikroskopie,changed,https://www.medizininformatik-initiative.de/fhir/modul-mikrobio/StructureDefinition/mii-pr-mikrobio-mikroskopie,,element-added,Observation.component:menge.value[x]:valueCodeableConcept,,,"Kardinalität max: 1; Typ: [""CodeableConcept""]; Binding-Stärke: extensible; Binding-ValueSet: https://www.medizininformatik-initiative.de/fhir/modul-mikr…; Slice-Name: valueCodeableConcept",
mikrobiologie,2027.0.0-alpha.3,2027.0.0-ballot2,MII_PR_Mikrobio_Allgemeine_Mikroskopie,changed,https://www.medizininformatik-initiative.de/fhir/modul-mikrobio/StructureDefinition/mii-pr-mikrobio-mikroskopie,,element-added,Observation.component:menge.value[x]:valueQuantity,,,"Kardinalität max: 1; Typ: [""Quantity""]; Slice-Name: valueQuantity",
mikrobiologie,2027.0.0-alpha.3,2027.0.0-ballot2,MII_PR_Mikrobio_Allgemeine_Mikroskopie,changed,https://www.medizininformatik-initiative.de/fhir/modul-mikrobio/StructureDefinition/mii-pr-mikrobio-mikroskopie,,element-added,Observation.component:menge.value[x]:valueQuantity.code,,,Binding-Stärke: extensible; Binding-ValueSet: https://www.medizininformatik-initiative.de/fhir/modul-mikr…,
mikrobiologie,2027.0.0-alpha.3,2027.0.0-ballot2,MII_PR_Mikrobio_Allgemeine_Mikroskopie,changed,https://www.medizininformatik-initiative.de/fhir/modul-mikrobio/StructureDefinition/mii-pr-mikrobio-mikroskopie,,element-added,Observation.component:menge.value[x]:valueRange,,,"Kardinalität max: 1; Typ: [""Range""]; Slice-Name: valueRange",
mikrobiologie,2027.0.0-alpha.3,2027.0.0-ballot2,MII_PR_Mikrobio_Allgemeine_Mikroskopie,changed,https://www.medizininformatik-initiative.de/fhir/modul-mikrobio/StructureDefinition/mii-pr-mikrobio-mikroskopie,,element-added,Observation.component:menge.value[x]:valueRange.high.code,,,Binding-Stärke: extensible; Binding-ValueSet: https://www.medizininformatik-initiative.de/fhir/modul-mikr…,
mikrobiologie,2027.0.0-alpha.3,2027.0.0-ballot2,MII_PR_Mikrobio_Allgemeine_Mikroskopie,changed,https://www.medizininformatik-initiative.de/fhir/modul-mikrobio/StructureDefinition/mii-pr-mikrobio-mikroskopie,,element-added,Observation.component:menge.value[x]:valueRange.low.code,,,Binding-Stärke: extensible; Binding-ValueSet: https://www.medizininformatik-initiative.de/fhir/modul-mikr…,
mikrobiologie,2027.0.0-alpha.3,2027.0.0-ballot2,MII_PR_Mikrobio_Allgemeine_Mikroskopie,changed,https://www.medizininformatik-initiative.de/fhir/modul-mikrobio/StructureDefinition/mii-pr-mikrobio-mikroskopie,,element-added,Observation.dataAbsentReason,,,Binding-Stärke: extensible; Binding-ValueSet: https://www.medizininformatik-initiative.de/fhir/modul-mikr…,
mikrobiologie,2027.0.0-alpha.3,2027.0.0-ballot2,MII_PR_Mikrobio_Allgemeine_Mikroskopie,changed,https://www.medizininformatik-initiative.de/fhir/modul-mikrobio/StructureDefinition/mii-pr-mikrobio-mikroskopie,,element-added,Observation.extension:faerbung,,,"Kardinalität max: 1; Must Support: True; Typ: [""Extension""]; Typ-Profil: [""https://www.medizininformatik-initiative.de/fhir/modul-mi…; Slice-Name: faerbung",
mikrobiologie,2027.0.0-alpha.3,2027.0.0-ballot2,MII_PR_Mikrobio_Allgemeine_Mikroskopie,changed,https://www.medizininformatik-initiative.de/fhir/modul-mikrobio/StructureDefinition/mii-pr-mikrobio-mikroskopie,,field-changed,Observation.category,Kardinalität min,—,2,
mikrobiologie,2027.0.0-alpha.3,2027.0.0-ballot2,MII_PR_Mikrobio_Allgemeine_Mikroskopie,changed,https://www.medizininformatik-initiative.de/fhir/modul-mikrobio/StructureDefinition/mii-pr-mikrobio-mikroskopie,,field-changed,Observation.category,Slicing-Diskriminator,"[{""type"": ""pattern"", ""path"": ""$this""}]",—,
mikrobiologie,2027.0.0-alpha.3,2027.0.0-ballot2,MII_PR_Mikrobio_Allgemeine_Mikroskopie,changed,https://www.medizininformatik-initiative.de/fhir/modul-mikrobio/StructureDefinition/mii-pr-mikrobio-mikroskopie,,field-changed,Observation.category,Slicing-Regel,open,—,
mikrobiologie,2027.0.0-alpha.3,2027.0.0-ballot2,MII_PR_Mikrobio_Allgemeine_Mikroskopie,changed,https://www.medizininformatik-initiative.de/fhir/modul-mikrobio/StructureDefinition/mii-pr-mikrobio-mikroskopie,,field-changed,Observation.code,Binding-Stärke,—,extensible,yes
mikrobiologie,2027.0.0-alpha.3,2027.0.0-ballot2,MII_PR_Mikrobio_Allgemeine_Mikroskopie,changed,https://www.medizininformatik-initiative.de/fhir/modul-mikrobio/StructureDefinition/mii-pr-mikrobio-mikroskopie,,field-changed,Observation.code,Binding-ValueSet,—,https://www.medizininformatik-initiative.de/fhir/modul-mikrobio/ValueSet/mii-vs-mikrobio-…,
mikrobiologie,2027.0.0-alpha.3,2027.0.0-ballot2,MII_PR_Mikrobio_Allgemeine_Mikroskopie,changed,https://www.medizininformatik-initiative.de/fhir/modul-mikrobio/StructureDefinition/mii-pr-mikrobio-mikroskopie,,field-changed,Observation.code,pattern,"{""coding"": [{""system"": ""http://loinc.org"", ""code"": ""105059-0""}]}",—,
mikrobiologie,2027.0.0-alpha.3,2027.0.0-ballot2,MII_PR_Mikrobio_Allgemeine_Mikroskopie,changed,https://www.medizininformatik-initiative.de/fhir/modul-mikrobio/StructureDefinition/mii-pr-mikrobio-mikroskopie,,field-changed,Observation.code,pattern-Typ,patternCodeableConcept,—,
mikrobiologie,2027.0.0-alpha.3,2027.0.0-ballot2,MII_PR_Mikrobio_Allgemeine_Mikroskopie,changed,https://www.medizininformatik-initiative.de/fhir/modul-mikrobio/StructureDefinition/mii-pr-mikrobio-mikroskopie,,field-changed,Observation.specimen,Typ,—,"[""Reference""]",
mikrobiologie,2027.0.0-alpha.3,2027.0.0-ballot2,MII_PR_Mikrobio_Allgemeine_Mikroskopie,changed,https://www.medizininformatik-initiative.de/fhir/modul-mikrobio/StructureDefinition/mii-pr-mikrobio-mikroskopie,,field-changed,Observation.specimen,Referenzziel,—,"[""https://www.medizininformatik-initiative.de/fhir/modul-mikrobio/StructureDefinition/mii…",
mikrobiologie,2027.0.0-alpha.3,2027.0.0-ballot2,MII_PR_Mikrobio_Antigen_Antikoerper_Quantitativ,changed,https://www.medizininformatik-initiative.de/fhir/modul-mikrobio/StructureDefinition/mii-pr-mikrobio-antigen-antikoerper-quantitativ,,element-removed,Observation.category:mibi-category.coding,,Kardinalität min: 3,,
mikrobiologie,2027.0.0-alpha.3,2027.0.0-ballot2,MII_PR_Mikrobio_Antigen_Antikoerper_Quantitativ,changed,https://www.medizininformatik-initiative.de/fhir/modul-mikrobio/StructureDefinition/mii-pr-mikrobio-antigen-antikoerper-quantitativ,,element-removed,Observation.category:mibi-category.coding:loinc-microbiology-studies,,"Kardinalität max: 1; Must Support: True; pattern: {""system"": ""http://loinc.org"", ""code"": ""18725-2""}; pattern-Typ: patternCoding; Slice-Name: loinc-microbiology-studies",,
mikrobiologie,2027.0.0-alpha.3,2027.0.0-ballot2,MII_PR_Mikrobio_Antigen_Antikoerper_Quantitativ,changed,https://www.medizininformatik-initiative.de/fhir/modul-mikrobio/StructureDefinition/mii-pr-mikrobio-antigen-antikoerper-quantitativ,,element-removed,Observation.category:mibi-category.coding:v2-microbiology,,"Kardinalität min: 1; Kardinalität max: 1; Must Support: True; pattern: {""system"": ""http://terminology.hl7.org/CodeSystem/v2-0074"",…; pattern-Typ: patternCoding; Slice-Name: v2-microbiology",,
mikrobiologie,2027.0.0-alpha.3,2027.0.0-ballot2,MII_PR_Mikrobio_Antigen_Antikoerper_Quantitativ,changed,https://www.medizininformatik-initiative.de/fhir/modul-mikrobio/StructureDefinition/mii-pr-mikrobio-antigen-antikoerper-quantitativ,,element-added,Observation.dataAbsentReason,,,Binding-Stärke: extensible; Binding-ValueSet: https://www.medizininformatik-initiative.de/fhir/modul-mikr…,
mikrobiologie,2027.0.0-alpha.3,2027.0.0-ballot2,MII_PR_Mikrobio_Antigen_Antikoerper_Quantitativ,changed,https://www.medizininformatik-initiative.de/fhir/modul-mikrobio/StructureDefinition/mii-pr-mikrobio-antigen-antikoerper-quantitativ,,field-changed,Observation.category,Kardinalität min,—,2,
mikrobiologie,2027.0.0-alpha.3,2027.0.0-ballot2,MII_PR_Mikrobio_Antigen_Antikoerper_Quantitativ,changed,https://www.medizininformatik-initiative.de/fhir/modul-mikrobio/StructureDefinition/mii-pr-mikrobio-antigen-antikoerper-quantitativ,,field-changed,Observation.category,Slicing-Diskriminator,"[{""type"": ""pattern"", ""path"": ""$this""}]",—,
mikrobiologie,2027.0.0-alpha.3,2027.0.0-ballot2,MII_PR_Mikrobio_Antigen_Antikoerper_Quantitativ,changed,https://www.medizininformatik-initiative.de/fhir/modul-mikrobio/StructureDefinition/mii-pr-mikrobio-antigen-antikoerper-quantitativ,,field-changed,Observation.category,Slicing-Regel,open,—,
mikrobiologie,2027.0.0-alpha.3,2027.0.0-ballot2,MII_PR_Mikrobio_Antigen_Antikoerper_Quantitativ,changed,https://www.medizininformatik-initiative.de/fhir/modul-mikrobio/StructureDefinition/mii-pr-mikrobio-antigen-antikoerper-quantitativ,,field-changed,Observation.specimen,Typ,—,"[""Reference""]",
mikrobiologie,2027.0.0-alpha.3,2027.0.0-ballot2,MII_PR_Mikrobio_Antigen_Antikoerper_Quantitativ,changed,https://www.medizininformatik-initiative.de/fhir/modul-mikrobio/StructureDefinition/mii-pr-mikrobio-antigen-antikoerper-quantitativ,,field-changed,Observation.specimen,Referenzziel,—,"[""https://www.medizininformatik-initiative.de/fhir/modul-mikrobio/StructureDefinition/mii…",
mikrobiologie,2027.0.0-alpha.3,2027.0.0-ballot2,MII_PR_Mikrobio_Aviditaet,changed,https://www.medizininformatik-initiative.de/fhir/modul-mikrobio/StructureDefinition/mii-pr-mikrobio-aviditaet,,element-removed,Observation.category:mibi-category.coding,,Kardinalität min: 3,,
mikrobiologie,2027.0.0-alpha.3,2027.0.0-ballot2,MII_PR_Mikrobio_Aviditaet,changed,https://www.medizininformatik-initiative.de/fhir/modul-mikrobio/StructureDefinition/mii-pr-mikrobio-aviditaet,,element-removed,Observation.category:mibi-category.coding:loinc-microbiology-studies,,"Kardinalität max: 1; Must Support: True; pattern: {""system"": ""http://loinc.org"", ""code"": ""18725-2""}; pattern-Typ: patternCoding; Slice-Name: loinc-microbiology-studies",,
mikrobiologie,2027.0.0-alpha.3,2027.0.0-ballot2,MII_PR_Mikrobio_Aviditaet,changed,https://www.medizininformatik-initiative.de/fhir/modul-mikrobio/StructureDefinition/mii-pr-mikrobio-aviditaet,,element-removed,Observation.category:mibi-category.coding:v2-microbiology,,"Kardinalität min: 1; Kardinalität max: 1; Must Support: True; pattern: {""system"": ""http://terminology.hl7.org/CodeSystem/v2-0074"",…; pattern-Typ: patternCoding; Slice-Name: v2-microbiology",,
mikrobiologie,2027.0.0-alpha.3,2027.0.0-ballot2,MII_PR_Mikrobio_Aviditaet,changed,https://www.medizininformatik-initiative.de/fhir/modul-mikrobio/StructureDefinition/mii-pr-mikrobio-aviditaet,,element-added,Observation.dataAbsentReason,,,Binding-Stärke: extensible; Binding-ValueSet: https://www.medizininformatik-initiative.de/fhir/modul-mikr…,
mikrobiologie,2027.0.0-alpha.3,2027.0.0-ballot2,MII_PR_Mikrobio_Aviditaet,changed,https://www.medizininformatik-initiative.de/fhir/modul-mikrobio/StructureDefinition/mii-pr-mikrobio-aviditaet,,field-changed,Observation.category,Kardinalität min,—,2,
mikrobiologie,2027.0.0-alpha.3,2027.0.0-ballot2,MII_PR_Mikrobio_Aviditaet,changed,https://www.medizininformatik-initiative.de/fhir/modul-mikrobio/StructureDefinition/mii-pr-mikrobio-aviditaet,,field-changed,Observation.category,Slicing-Diskriminator,"[{""type"": ""pattern"", ""path"": ""$this""}]",—,
mikrobiologie,2027.0.0-alpha.3,2027.0.0-ballot2,MII_PR_Mikrobio_Aviditaet,changed,https://www.medizininformatik-initiative.de/fhir/modul-mikrobio/StructureDefinition/mii-pr-mikrobio-aviditaet,,field-changed,Observation.category,Slicing-Regel,open,—,
mikrobiologie,2027.0.0-alpha.3,2027.0.0-ballot2,MII_PR_Mikrobio_Aviditaet,changed,https://www.medizininformatik-initiative.de/fhir/modul-mikrobio/StructureDefinition/mii-pr-mikrobio-aviditaet,,field-changed,Observation.specimen,Typ,—,"[""Reference""]",
mikrobiologie,2027.0.0-alpha.3,2027.0.0-ballot2,MII_PR_Mikrobio_Aviditaet,changed,https://www.medizininformatik-initiative.de/fhir/modul-mikrobio/StructureDefinition/mii-pr-mikrobio-aviditaet,,field-changed,Observation.specimen,Referenzziel,—,"[""https://www.medizininformatik-initiative.de/fhir/modul-mikrobio/StructureDefinition/mii…",
mikrobiologie,2027.0.0-alpha.3,2027.0.0-ballot2,MII_PR_Mikrobio_Ct_Wert,changed,https://www.medizininformatik-initiative.de/fhir/modul-mikrobio/StructureDefinition/mii-pr-mikrobio-ct-wert,,element-removed,Observation.category:mibi-category.coding,,Kardinalität min: 3,,
mikrobiologie,2027.0.0-alpha.3,2027.0.0-ballot2,MII_PR_Mikrobio_Ct_Wert,changed,https://www.medizininformatik-initiative.de/fhir/modul-mikrobio/StructureDefinition/mii-pr-mikrobio-ct-wert,,element-removed,Observation.category:mibi-category.coding:loinc-microbiology-studies,,"Kardinalität max: 1; Must Support: True; pattern: {""system"": ""http://loinc.org"", ""code"": ""18725-2""}; pattern-Typ: patternCoding; Slice-Name: loinc-microbiology-studies",,
mikrobiologie,2027.0.0-alpha.3,2027.0.0-ballot2,MII_PR_Mikrobio_Ct_Wert,changed,https://www.medizininformatik-initiative.de/fhir/modul-mikrobio/StructureDefinition/mii-pr-mikrobio-ct-wert,,element-removed,Observation.category:mibi-category.coding:v2-microbiology,,"Kardinalität min: 1; Kardinalität max: 1; Must Support: True; pattern: {""system"": ""http://terminology.hl7.org/CodeSystem/v2-0074"",…; pattern-Typ: patternCoding; Slice-Name: v2-microbiology",,
mikrobiologie,2027.0.0-alpha.3,2027.0.0-ballot2,MII_PR_Mikrobio_Ct_Wert,changed,https://www.medizininformatik-initiative.de/fhir/modul-mikrobio/StructureDefinition/mii-pr-mikrobio-ct-wert,,element-added,Observation.dataAbsentReason,,,Binding-Stärke: extensible; Binding-ValueSet: https://www.medizininformatik-initiative.de/fhir/modul-mikr…,
mikrobiologie,2027.0.0-alpha.3,2027.0.0-ballot2,MII_PR_Mikrobio_Ct_Wert,changed,https://www.medizininformatik-initiative.de/fhir/modul-mikrobio/StructureDefinition/mii-pr-mikrobio-ct-wert,,field-changed,Observation.category,Kardinalität min,—,2,
mikrobiologie,2027.0.0-alpha.3,2027.0.0-ballot2,MII_PR_Mikrobio_Ct_Wert,changed,https://www.medizininformatik-initiative.de/fhir/modul-mikrobio/StructureDefinition/mii-pr-mikrobio-ct-wert,,field-changed,Observation.category,Slicing-Diskriminator,"[{""type"": ""pattern"", ""path"": ""$this""}]",—,
mikrobiologie,2027.0.0-alpha.3,2027.0.0-ballot2,MII_PR_Mikrobio_Ct_Wert,changed,https://www.medizininformatik-initiative.de/fhir/modul-mikrobio/StructureDefinition/mii-pr-mikrobio-ct-wert,,field-changed,Observation.category,Slicing-Regel,open,—,
mikrobiologie,2027.0.0-alpha.3,2027.0.0-ballot2,MII_PR_Mikrobio_Ct_Wert,changed,https://www.medizininformatik-initiative.de/fhir/modul-mikrobio/StructureDefinition/mii-pr-mikrobio-ct-wert,,field-changed,Observation.specimen,Typ,—,"[""Reference""]",
mikrobiologie,2027.0.0-alpha.3,2027.0.0-ballot2,MII_PR_Mikrobio_Ct_Wert,changed,https://www.medizininformatik-initiative.de/fhir/modul-mikrobio/StructureDefinition/mii-pr-mikrobio-ct-wert,,field-changed,Observation.specimen,Referenzziel,—,"[""https://www.medizininformatik-initiative.de/fhir/modul-mikrobio/StructureDefinition/mii…",
mikrobiologie,2027.0.0-alpha.3,2027.0.0-ballot2,MII_PR_Mikrobio_Diagnostic_Report,changed,https://www.medizininformatik-initiative.de/fhir/modul-mikrobio/StructureDefinition/mii-pr-mikrobio-diagnostic-report,,element-removed,DiagnosticReport.category:mibi-category.coding,,"Kardinalität min: 1; Slicing-Diskriminator: [{""type"": ""pattern"", ""path"": ""$this""}]; Slicing-Regel: open",,
mikrobiologie,2027.0.0-alpha.3,2027.0.0-ballot2,MII_PR_Mikrobio_Diagnostic_Report,changed,https://www.medizininformatik-initiative.de/fhir/modul-mikrobio/StructureDefinition/mii-pr-mikrobio-diagnostic-report,,element-removed,DiagnosticReport.category:mibi-category.coding:loinc-microbiology-studies,,"Kardinalität max: 1; Must Support: True; pattern: {""system"": ""http://loinc.org"", ""code"": ""18725-2""}; pattern-Typ: patternCoding; Slice-Name: loinc-microbiology-studies",,
mikrobiologie,2027.0.0-alpha.3,2027.0.0-ballot2,MII_PR_Mikrobio_Diagnostic_Report,changed,https://www.medizininformatik-initiative.de/fhir/modul-mikrobio/StructureDefinition/mii-pr-mikrobio-diagnostic-report,,element-removed,DiagnosticReport.category:mibi-category.coding:v2-microbiology,,"Kardinalität min: 1; Kardinalität max: 1; Must Support: True; pattern: {""system"": ""http://terminology.hl7.org/CodeSystem/v2-0074"",…; pattern-Typ: patternCoding; Slice-Name: v2-microbiology",,
mikrobiologie,2027.0.0-alpha.3,2027.0.0-ballot2,MII_PR_Mikrobio_Diagnostic_Report,changed,https://www.medizininformatik-initiative.de/fhir/modul-mikrobio/StructureDefinition/mii-pr-mikrobio-diagnostic-report,,field-changed,DiagnosticReport.category:mibi-sub-category,Kardinalität max,1,*,
mikrobiologie,2027.0.0-alpha.3,2027.0.0-ballot2,MII_PR_Mikrobio_Diagnostic_Report,changed,https://www.medizininformatik-initiative.de/fhir/modul-mikrobio/StructureDefinition/mii-pr-mikrobio-diagnostic-report,,field-changed,DiagnosticReport.result,Referenzziel,"[""https://www.medizininformatik-initiative.de/fhir/modul-mikrobio/StructureDefinition/mii…","[""https://www.medizininformatik-initiative.de/fhir/modul-mikrobio/StructureDefinition/mii…",
mikrobiologie,2027.0.0-alpha.3,2027.0.0-ballot2,MII_PR_Mikrobio_Empfindlichkeit,changed,https://www.medizininformatik-initiative.de/fhir/modul-mikrobio/StructureDefinition/mii-pr-mikrobio-empfindlichkeit,,element-removed,Observation.category:mibi-category.coding,,Kardinalität min: 3,,
mikrobiologie,2027.0.0-alpha.3,2027.0.0-ballot2,MII_PR_Mikrobio_Empfindlichkeit,changed,https://www.medizininformatik-initiative.de/fhir/modul-mikrobio/StructureDefinition/mii-pr-mikrobio-empfindlichkeit,,element-removed,Observation.category:mibi-category.coding:loinc-microbiology-studies,,"Kardinalität max: 1; Must Support: True; pattern: {""system"": ""http://loinc.org"", ""code"": ""18725-2""}; pattern-Typ: patternCoding; Slice-Name: loinc-microbiology-studies",,
mikrobiologie,2027.0.0-alpha.3,2027.0.0-ballot2,MII_PR_Mikrobio_Empfindlichkeit,changed,https://www.medizininformatik-initiative.de/fhir/modul-mikrobio/StructureDefinition/mii-pr-mikrobio-empfindlichkeit,,element-removed,Observation.category:mibi-category.coding:v2-microbiology,,"Kardinalität min: 1; Kardinalität max: 1; Must Support: True; pattern: {""system"": ""http://terminology.hl7.org/CodeSystem/v2-0074"",…; pattern-Typ: patternCoding; Slice-Name: v2-microbiology",,
mikrobiologie,2027.0.0-alpha.3,2027.0.0-ballot2,MII_PR_Mikrobio_Empfindlichkeit,changed,https://www.medizininformatik-initiative.de/fhir/modul-mikrobio/StructureDefinition/mii-pr-mikrobio-empfindlichkeit,,element-added,Observation,,,"Invarianten: [""empfindlichkeit-messwert-sollte-bewertet-sein""]",
mikrobiologie,2027.0.0-alpha.3,2027.0.0-ballot2,MII_PR_Mikrobio_Empfindlichkeit,changed,https://www.medizininformatik-initiative.de/fhir/modul-mikrobio/StructureDefinition/mii-pr-mikrobio-empfindlichkeit,,element-added,Observation.dataAbsentReason,,,Binding-Stärke: extensible; Binding-ValueSet: https://www.medizininformatik-initiative.de/fhir/modul-mikr…,
mikrobiologie,2027.0.0-alpha.3,2027.0.0-ballot2,MII_PR_Mikrobio_Empfindlichkeit,changed,https://www.medizininformatik-initiative.de/fhir/modul-mikrobio/StructureDefinition/mii-pr-mikrobio-empfindlichkeit,,element-added,Observation.method,,,Binding-Stärke: extensible; Binding-ValueSet: https://www.medizininformatik-initiative.de/fhir/modul-mikr…,
mikrobiologie,2027.0.0-alpha.3,2027.0.0-ballot2,MII_PR_Mikrobio_Empfindlichkeit,changed,https://www.medizininformatik-initiative.de/fhir/modul-mikrobio/StructureDefinition/mii-pr-mikrobio-empfindlichkeit,,element-added,Observation.value[x]:valueCodeableConcept,,,"Typ: [""CodeableConcept""]; Binding-Stärke: extensible; Binding-ValueSet: https://www.medizininformatik-initiative.de/fhir/modul-mikr…; Slice-Name: valueCodeableConcept",
mikrobiologie,2027.0.0-alpha.3,2027.0.0-ballot2,MII_PR_Mikrobio_Empfindlichkeit,changed,https://www.medizininformatik-initiative.de/fhir/modul-mikrobio/StructureDefinition/mii-pr-mikrobio-empfindlichkeit,,element-added,Observation.value[x]:valueCodeableConcept.extension,,,Kardinalität min: 1,
mikrobiologie,2027.0.0-alpha.3,2027.0.0-ballot2,MII_PR_Mikrobio_Empfindlichkeit,changed,https://www.medizininformatik-initiative.de/fhir/modul-mikrobio/StructureDefinition/mii-pr-mikrobio-empfindlichkeit,,element-added,Observation.value[x]:valueCodeableConcept.extension:Norm,,,"Kardinalität min: 1; Kardinalität max: 1; Must Support: True; Typ: [""Extension""]; Typ-Profil: [""https://www.medizininformatik-initiative.de/fhir/modul-mi…; Slice-Name: Norm",
mikrobiologie,2027.0.0-alpha.3,2027.0.0-ballot2,MII_PR_Mikrobio_Empfindlichkeit,changed,https://www.medizininformatik-initiative.de/fhir/modul-mikrobio/StructureDefinition/mii-pr-mikrobio-empfindlichkeit,,field-changed,Observation.category,Kardinalität min,—,2,
mikrobiologie,2027.0.0-alpha.3,2027.0.0-ballot2,MII_PR_Mikrobio_Empfindlichkeit,changed,https://www.medizininformatik-initiative.de/fhir/modul-mikrobio/StructureDefinition/mii-pr-mikrobio-empfindlichkeit,,field-changed,Observation.category,Slicing-Diskriminator,"[{""type"": ""pattern"", ""path"": ""$this""}]",—,
mikrobiologie,2027.0.0-alpha.3,2027.0.0-ballot2,MII_PR_Mikrobio_Empfindlichkeit,changed,https://www.medizininformatik-initiative.de/fhir/modul-mikrobio/StructureDefinition/mii-pr-mikrobio-empfindlichkeit,,field-changed,Observation.category,Slicing-Regel,open,—,
mikrobiologie,2027.0.0-alpha.3,2027.0.0-ballot2,MII_PR_Mikrobio_Empfindlichkeit,changed,https://www.medizininformatik-initiative.de/fhir/modul-mikrobio/StructureDefinition/mii-pr-mikrobio-empfindlichkeit,,field-changed,Observation.specimen,Typ,—,"[""Reference""]",
mikrobiologie,2027.0.0-alpha.3,2027.0.0-ballot2,MII_PR_Mikrobio_Empfindlichkeit,changed,https://www.medizininformatik-initiative.de/fhir/modul-mikrobio/StructureDefinition/mii-pr-mikrobio-empfindlichkeit,,field-changed,Observation.specimen,Referenzziel,—,"[""https://www.medizininformatik-initiative.de/fhir/modul-mikrobio/StructureDefinition/mii…",
mikrobiologie,2027.0.0-alpha.3,2027.0.0-ballot2,MII_PR_Mikrobio_Empfindlichkeit,changed,https://www.medizininformatik-initiative.de/fhir/modul-mikrobio/StructureDefinition/mii-pr-mikrobio-empfindlichkeit,,field-changed,Observation.value[x],Typ,"[""Quantity""]","[""CodeableConcept"", ""Quantity""]",
mikrobiologie,2027.0.0-alpha.3,2027.0.0-ballot2,MII_PR_Mikrobio_Keimzahl,changed,https://www.medizininformatik-initiative.de/fhir/modul-mikrobio/StructureDefinition/mii-pr-mikrobio-keimzahl,,element-removed,Observation.category:mibi-category.coding,,Kardinalität min: 3,,
mikrobiologie,2027.0.0-alpha.3,2027.0.0-ballot2,MII_PR_Mikrobio_Keimzahl,changed,https://www.medizininformatik-initiative.de/fhir/modul-mikrobio/StructureDefinition/mii-pr-mikrobio-keimzahl,,element-removed,Observation.category:mibi-category.coding:loinc-microbiology-studies,,"Kardinalität max: 1; Must Support: True; pattern: {""system"": ""http://loinc.org"", ""code"": ""18725-2""}; pattern-Typ: patternCoding; Slice-Name: loinc-microbiology-studies",,
mikrobiologie,2027.0.0-alpha.3,2027.0.0-ballot2,MII_PR_Mikrobio_Keimzahl,changed,https://www.medizininformatik-initiative.de/fhir/modul-mikrobio/StructureDefinition/mii-pr-mikrobio-keimzahl,,element-removed,Observation.category:mibi-category.coding:v2-microbiology,,"Kardinalität min: 1; Kardinalität max: 1; Must Support: True; pattern: {""system"": ""http://terminology.hl7.org/CodeSystem/v2-0074"",…; pattern-Typ: patternCoding; Slice-Name: v2-microbiology",,
mikrobiologie,2027.0.0-alpha.3,2027.0.0-ballot2,MII_PR_Mikrobio_Keimzahl,changed,https://www.medizininformatik-initiative.de/fhir/modul-mikrobio/StructureDefinition/mii-pr-mikrobio-keimzahl,,element-added,Observation.dataAbsentReason,,,Binding-Stärke: extensible; Binding-ValueSet: https://www.medizininformatik-initiative.de/fhir/modul-mikr…,
mikrobiologie,2027.0.0-alpha.3,2027.0.0-ballot2,MII_PR_Mikrobio_Keimzahl,changed,https://www.medizininformatik-initiative.de/fhir/modul-mikrobio/StructureDefinition/mii-pr-mikrobio-keimzahl,,field-changed,Observation.category,Kardinalität min,—,2,
mikrobiologie,2027.0.0-alpha.3,2027.0.0-ballot2,MII_PR_Mikrobio_Keimzahl,changed,https://www.medizininformatik-initiative.de/fhir/modul-mikrobio/StructureDefinition/mii-pr-mikrobio-keimzahl,,field-changed,Observation.category,Slicing-Diskriminator,"[{""type"": ""pattern"", ""path"": ""$this""}]",—,
mikrobiologie,2027.0.0-alpha.3,2027.0.0-ballot2,MII_PR_Mikrobio_Keimzahl,changed,https://www.medizininformatik-initiative.de/fhir/modul-mikrobio/StructureDefinition/mii-pr-mikrobio-keimzahl,,field-changed,Observation.category,Slicing-Regel,open,—,
mikrobiologie,2027.0.0-alpha.3,2027.0.0-ballot2,MII_PR_Mikrobio_Keimzahl,changed,https://www.medizininformatik-initiative.de/fhir/modul-mikrobio/StructureDefinition/mii-pr-mikrobio-keimzahl,,field-changed,Observation.specimen,Typ,—,"[""Reference""]",
mikrobiologie,2027.0.0-alpha.3,2027.0.0-ballot2,MII_PR_Mikrobio_Keimzahl,changed,https://www.medizininformatik-initiative.de/fhir/modul-mikrobio/StructureDefinition/mii-pr-mikrobio-keimzahl,,field-changed,Observation.specimen,Referenzziel,—,"[""https://www.medizininformatik-initiative.de/fhir/modul-mikrobio/StructureDefinition/mii…",
mikrobiologie,2027.0.0-alpha.3,2027.0.0-ballot2,MII_PR_Mikrobio_Molekulare_Pathogenlast,changed,https://www.medizininformatik-initiative.de/fhir/modul-mikrobio/StructureDefinition/mii-pr-mikrobio-molekulare-pathogenlast,,element-removed,Observation.category:mibi-category.coding,,Kardinalität min: 3,,
mikrobiologie,2027.0.0-alpha.3,2027.0.0-ballot2,MII_PR_Mikrobio_Molekulare_Pathogenlast,changed,https://www.medizininformatik-initiative.de/fhir/modul-mikrobio/StructureDefinition/mii-pr-mikrobio-molekulare-pathogenlast,,element-removed,Observation.category:mibi-category.coding:loinc-microbiology-studies,,"Kardinalität max: 1; Must Support: True; pattern: {""system"": ""http://loinc.org"", ""code"": ""18725-2""}; pattern-Typ: patternCoding; Slice-Name: loinc-microbiology-studies",,
mikrobiologie,2027.0.0-alpha.3,2027.0.0-ballot2,MII_PR_Mikrobio_Molekulare_Pathogenlast,changed,https://www.medizininformatik-initiative.de/fhir/modul-mikrobio/StructureDefinition/mii-pr-mikrobio-molekulare-pathogenlast,,element-removed,Observation.category:mibi-category.coding:v2-microbiology,,"Kardinalität min: 1; Kardinalität max: 1; Must Support: True; pattern: {""system"": ""http://terminology.hl7.org/CodeSystem/v2-0074"",…; pattern-Typ: patternCoding; Slice-Name: v2-microbiology",,
mikrobiologie,2027.0.0-alpha.3,2027.0.0-ballot2,MII_PR_Mikrobio_Molekulare_Pathogenlast,changed,https://www.medizininformatik-initiative.de/fhir/modul-mikrobio/StructureDefinition/mii-pr-mikrobio-molekulare-pathogenlast,,element-added,Observation.dataAbsentReason,,,Binding-Stärke: extensible; Binding-ValueSet: https://www.medizininformatik-initiative.de/fhir/modul-mikr…,
mikrobiologie,2027.0.0-alpha.3,2027.0.0-ballot2,MII_PR_Mikrobio_Molekulare_Pathogenlast,changed,https://www.medizininformatik-initiative.de/fhir/modul-mikrobio/StructureDefinition/mii-pr-mikrobio-molekulare-pathogenlast,,field-changed,Observation.category,Kardinalität min,—,2,
mikrobiologie,2027.0.0-alpha.3,2027.0.0-ballot2,MII_PR_Mikrobio_Molekulare_Pathogenlast,changed,https://www.medizininformatik-initiative.de/fhir/modul-mikrobio/StructureDefinition/mii-pr-mikrobio-molekulare-pathogenlast,,field-changed,Observation.category,Slicing-Diskriminator,"[{""type"": ""pattern"", ""path"": ""$this""}]",—,
mikrobiologie,2027.0.0-alpha.3,2027.0.0-ballot2,MII_PR_Mikrobio_Molekulare_Pathogenlast,changed,https://www.medizininformatik-initiative.de/fhir/modul-mikrobio/StructureDefinition/mii-pr-mikrobio-molekulare-pathogenlast,,field-changed,Observation.category,Slicing-Regel,open,—,
mikrobiologie,2027.0.0-alpha.3,2027.0.0-ballot2,MII_PR_Mikrobio_Molekulare_Pathogenlast,changed,https://www.medizininformatik-initiative.de/fhir/modul-mikrobio/StructureDefinition/mii-pr-mikrobio-molekulare-pathogenlast,,field-changed,Observation.specimen,Typ,—,"[""Reference""]",
mikrobiologie,2027.0.0-alpha.3,2027.0.0-ballot2,MII_PR_Mikrobio_Molekulare_Pathogenlast,changed,https://www.medizininformatik-initiative.de/fhir/modul-mikrobio/StructureDefinition/mii-pr-mikrobio-molekulare-pathogenlast,,field-changed,Observation.specimen,Referenzziel,—,"[""https://www.medizininformatik-initiative.de/fhir/modul-mikrobio/StructureDefinition/mii…",
mikrobiologie,2027.0.0-alpha.3,2027.0.0-ballot2,MII_PR_Mikrobio_MRGN_Klasse,changed,https://www.medizininformatik-initiative.de/fhir/modul-mikrobio/StructureDefinition/mii-pr-mikrobio-mrgn-klasse,,element-removed,Observation.category:mibi-category.coding,,Kardinalität min: 3,,
mikrobiologie,2027.0.0-alpha.3,2027.0.0-ballot2,MII_PR_Mikrobio_MRGN_Klasse,changed,https://www.medizininformatik-initiative.de/fhir/modul-mikrobio/StructureDefinition/mii-pr-mikrobio-mrgn-klasse,,element-removed,Observation.category:mibi-category.coding:loinc-microbiology-studies,,"Kardinalität max: 1; Must Support: True; pattern: {""system"": ""http://loinc.org"", ""code"": ""18725-2""}; pattern-Typ: patternCoding; Slice-Name: loinc-microbiology-studies",,
mikrobiologie,2027.0.0-alpha.3,2027.0.0-ballot2,MII_PR_Mikrobio_MRGN_Klasse,changed,https://www.medizininformatik-initiative.de/fhir/modul-mikrobio/StructureDefinition/mii-pr-mikrobio-mrgn-klasse,,element-removed,Observation.category:mibi-category.coding:v2-microbiology,,"Kardinalität min: 1; Kardinalität max: 1; Must Support: True; pattern: {""system"": ""http://terminology.hl7.org/CodeSystem/v2-0074"",…; pattern-Typ: patternCoding; Slice-Name: v2-microbiology",,
mikrobiologie,2027.0.0-alpha.3,2027.0.0-ballot2,MII_PR_Mikrobio_MRGN_Klasse,changed,https://www.medizininformatik-initiative.de/fhir/modul-mikrobio/StructureDefinition/mii-pr-mikrobio-mrgn-klasse,,element-added,Observation.dataAbsentReason,,,Binding-Stärke: extensible; Binding-ValueSet: https://www.medizininformatik-initiative.de/fhir/modul-mikr…,
mikrobiologie,2027.0.0-alpha.3,2027.0.0-ballot2,MII_PR_Mikrobio_MRGN_Klasse,changed,https://www.medizininformatik-initiative.de/fhir/modul-mikrobio/StructureDefinition/mii-pr-mikrobio-mrgn-klasse,,element-added,Observation.derivedFrom,,,Must Support: True,
mikrobiologie,2027.0.0-alpha.3,2027.0.0-ballot2,MII_PR_Mikrobio_MRGN_Klasse,changed,https://www.medizininformatik-initiative.de/fhir/modul-mikrobio/StructureDefinition/mii-pr-mikrobio-mrgn-klasse,,field-changed,Observation.category,Kardinalität min,—,2,
mikrobiologie,2027.0.0-alpha.3,2027.0.0-ballot2,MII_PR_Mikrobio_MRGN_Klasse,changed,https://www.medizininformatik-initiative.de/fhir/modul-mikrobio/StructureDefinition/mii-pr-mikrobio-mrgn-klasse,,field-changed,Observation.category,Slicing-Diskriminator,"[{""type"": ""pattern"", ""path"": ""$this""}]",—,
mikrobiologie,2027.0.0-alpha.3,2027.0.0-ballot2,MII_PR_Mikrobio_MRGN_Klasse,changed,https://www.medizininformatik-initiative.de/fhir/modul-mikrobio/StructureDefinition/mii-pr-mikrobio-mrgn-klasse,,field-changed,Observation.category,Slicing-Regel,open,—,
mikrobiologie,2027.0.0-alpha.3,2027.0.0-ballot2,MII_PR_Mikrobio_MRGN_Klasse,changed,https://www.medizininformatik-initiative.de/fhir/modul-mikrobio/StructureDefinition/mii-pr-mikrobio-mrgn-klasse,,field-changed,Observation.specimen,Typ,—,"[""Reference""]",
mikrobiologie,2027.0.0-alpha.3,2027.0.0-ballot2,MII_PR_Mikrobio_MRGN_Klasse,changed,https://www.medizininformatik-initiative.de/fhir/modul-mikrobio/StructureDefinition/mii-pr-mikrobio-mrgn-klasse,,field-changed,Observation.specimen,Referenzziel,—,"[""https://www.medizininformatik-initiative.de/fhir/modul-mikrobio/StructureDefinition/mii…",
mikrobiologie,2027.0.0-alpha.3,2027.0.0-ballot2,MII_PR_Mikrobio_Nugent_Score,changed,https://www.medizininformatik-initiative.de/fhir/modul-mikrobio/StructureDefinition/mii-pr-mikrobio-nugent-score,,element-removed,Observation.category:mibi-category.coding,,Kardinalität min: 3,,
mikrobiologie,2027.0.0-alpha.3,2027.0.0-ballot2,MII_PR_Mikrobio_Nugent_Score,changed,https://www.medizininformatik-initiative.de/fhir/modul-mikrobio/StructureDefinition/mii-pr-mikrobio-nugent-score,,element-removed,Observation.category:mibi-category.coding:loinc-microbiology-studies,,"Kardinalität max: 1; Must Support: True; pattern: {""system"": ""http://loinc.org"", ""code"": ""18725-2""}; pattern-Typ: patternCoding; Slice-Name: loinc-microbiology-studies",,
mikrobiologie,2027.0.0-alpha.3,2027.0.0-ballot2,MII_PR_Mikrobio_Nugent_Score,changed,https://www.medizininformatik-initiative.de/fhir/modul-mikrobio/StructureDefinition/mii-pr-mikrobio-nugent-score,,element-removed,Observation.category:mibi-category.coding:v2-microbiology,,"Kardinalität min: 1; Kardinalität max: 1; Must Support: True; pattern: {""system"": ""http://terminology.hl7.org/CodeSystem/v2-0074"",…; pattern-Typ: patternCoding; Slice-Name: v2-microbiology",,
mikrobiologie,2027.0.0-alpha.3,2027.0.0-ballot2,MII_PR_Mikrobio_Nugent_Score,changed,https://www.medizininformatik-initiative.de/fhir/modul-mikrobio/StructureDefinition/mii-pr-mikrobio-nugent-score,,element-removed,Observation.value[x]:valueQuantity.unit,,pattern: 1; pattern-Typ: patternString,,
mikrobiologie,2027.0.0-alpha.3,2027.0.0-ballot2,MII_PR_Mikrobio_Nugent_Score,changed,https://www.medizininformatik-initiative.de/fhir/modul-mikrobio/StructureDefinition/mii-pr-mikrobio-nugent-score,,element-added,Observation.dataAbsentReason,,,Binding-Stärke: extensible; Binding-ValueSet: https://www.medizininformatik-initiative.de/fhir/modul-mikr…,
mikrobiologie,2027.0.0-alpha.3,2027.0.0-ballot2,MII_PR_Mikrobio_Nugent_Score,changed,https://www.medizininformatik-initiative.de/fhir/modul-mikrobio/StructureDefinition/mii-pr-mikrobio-nugent-score,,field-changed,Observation.category,Kardinalität min,—,2,
mikrobiologie,2027.0.0-alpha.3,2027.0.0-ballot2,MII_PR_Mikrobio_Nugent_Score,changed,https://www.medizininformatik-initiative.de/fhir/modul-mikrobio/StructureDefinition/mii-pr-mikrobio-nugent-score,,field-changed,Observation.category,Slicing-Diskriminator,"[{""type"": ""pattern"", ""path"": ""$this""}]",—,
mikrobiologie,2027.0.0-alpha.3,2027.0.0-ballot2,MII_PR_Mikrobio_Nugent_Score,changed,https://www.medizininformatik-initiative.de/fhir/modul-mikrobio/StructureDefinition/mii-pr-mikrobio-nugent-score,,field-changed,Observation.category,Slicing-Regel,open,—,
mikrobiologie,2027.0.0-alpha.3,2027.0.0-ballot2,MII_PR_Mikrobio_Nugent_Score,changed,https://www.medizininformatik-initiative.de/fhir/modul-mikrobio/StructureDefinition/mii-pr-mikrobio-nugent-score,,field-changed,Observation.specimen,Typ,—,"[""Reference""]",
mikrobiologie,2027.0.0-alpha.3,2027.0.0-ballot2,MII_PR_Mikrobio_Nugent_Score,changed,https://www.medizininformatik-initiative.de/fhir/modul-mikrobio/StructureDefinition/mii-pr-mikrobio-nugent-score,,field-changed,Observation.specimen,Referenzziel,—,"[""https://www.medizininformatik-initiative.de/fhir/modul-mikrobio/StructureDefinition/mii…",
mikrobiologie,2027.0.0-alpha.3,2027.0.0-ballot2,MII_PR_Mikrobio_Nugent_Score,changed,https://www.medizininformatik-initiative.de/fhir/modul-mikrobio/StructureDefinition/mii-pr-mikrobio-nugent-score,,field-changed,Observation.value[x]:valueQuantity,Invarianten,—,"[""nugent-score-0-to-10""]",
mikrobiologie,2027.0.0-alpha.3,2027.0.0-ballot2,MII_PR_Mikrobio_Resistenzmechanismen_Determinanten,changed,https://www.medizininformatik-initiative.de/fhir/modul-mikrobio/StructureDefinition/mii-pr-mikrobio-resistenzmechanismen-determinanten,,element-removed,Observation.category:mibi-category.coding,,Kardinalität min: 3,,
mikrobiologie,2027.0.0-alpha.3,2027.0.0-ballot2,MII_PR_Mikrobio_Resistenzmechanismen_Determinanten,changed,https://www.medizininformatik-initiative.de/fhir/modul-mikrobio/StructureDefinition/mii-pr-mikrobio-resistenzmechanismen-determinanten,,element-removed,Observation.category:mibi-category.coding:loinc-microbiology-studies,,"Kardinalität max: 1; Must Support: True; pattern: {""system"": ""http://loinc.org"", ""code"": ""18725-2""}; pattern-Typ: patternCoding; Slice-Name: loinc-microbiology-studies",,
mikrobiologie,2027.0.0-alpha.3,2027.0.0-ballot2,MII_PR_Mikrobio_Resistenzmechanismen_Determinanten,changed,https://www.medizininformatik-initiative.de/fhir/modul-mikrobio/StructureDefinition/mii-pr-mikrobio-resistenzmechanismen-determinanten,,element-removed,Observation.category:mibi-category.coding:v2-microbiology,,"Kardinalität min: 1; Kardinalität max: 1; Must Support: True; pattern: {""system"": ""http://terminology.hl7.org/CodeSystem/v2-0074"",…; pattern-Typ: patternCoding; Slice-Name: v2-microbiology",,
mikrobiologie,2027.0.0-alpha.3,2027.0.0-ballot2,MII_PR_Mikrobio_Resistenzmechanismen_Determinanten,changed,https://www.medizininformatik-initiative.de/fhir/modul-mikrobio/StructureDefinition/mii-pr-mikrobio-resistenzmechanismen-determinanten,,element-added,Observation.dataAbsentReason,,,Binding-Stärke: extensible; Binding-ValueSet: https://www.medizininformatik-initiative.de/fhir/modul-mikr…,
mikrobiologie,2027.0.0-alpha.3,2027.0.0-ballot2,MII_PR_Mikrobio_Resistenzmechanismen_Determinanten,changed,https://www.medizininformatik-initiative.de/fhir/modul-mikrobio/StructureDefinition/mii-pr-mikrobio-resistenzmechanismen-determinanten,,field-changed,Observation.category,Kardinalität min,—,2,
mikrobiologie,2027.0.0-alpha.3,2027.0.0-ballot2,MII_PR_Mikrobio_Resistenzmechanismen_Determinanten,changed,https://www.medizininformatik-initiative.de/fhir/modul-mikrobio/StructureDefinition/mii-pr-mikrobio-resistenzmechanismen-determinanten,,field-changed,Observation.category,Slicing-Diskriminator,"[{""type"": ""pattern"", ""path"": ""$this""}]",—,
mikrobiologie,2027.0.0-alpha.3,2027.0.0-ballot2,MII_PR_Mikrobio_Resistenzmechanismen_Determinanten,changed,https://www.medizininformatik-initiative.de/fhir/modul-mikrobio/StructureDefinition/mii-pr-mikrobio-resistenzmechanismen-determinanten,,field-changed,Observation.category,Slicing-Regel,open,—,
mikrobiologie,2027.0.0-alpha.3,2027.0.0-ballot2,MII_PR_Mikrobio_Resistenzmechanismen_Determinanten,changed,https://www.medizininformatik-initiative.de/fhir/modul-mikrobio/StructureDefinition/mii-pr-mikrobio-resistenzmechanismen-determinanten,,field-changed,Observation.specimen,Typ,—,"[""Reference""]",
mikrobiologie,2027.0.0-alpha.3,2027.0.0-ballot2,MII_PR_Mikrobio_Resistenzmechanismen_Determinanten,changed,https://www.medizininformatik-initiative.de/fhir/modul-mikrobio/StructureDefinition/mii-pr-mikrobio-resistenzmechanismen-determinanten,,field-changed,Observation.specimen,Referenzziel,—,"[""https://www.medizininformatik-initiative.de/fhir/modul-mikrobio/StructureDefinition/mii…",
mikrobiologie,2027.0.0-alpha.3,2027.0.0-ballot2,MII_PR_Mikrobio_Spezifische_Bestimmung,changed,https://www.medizininformatik-initiative.de/fhir/modul-mikrobio/StructureDefinition/mii-pr-mikrobio-spezifische-bestimmung,,element-removed,Observation.category:mibi-category.coding,,Kardinalität min: 3,,
mikrobiologie,2027.0.0-alpha.3,2027.0.0-ballot2,MII_PR_Mikrobio_Spezifische_Bestimmung,changed,https://www.medizininformatik-initiative.de/fhir/modul-mikrobio/StructureDefinition/mii-pr-mikrobio-spezifische-bestimmung,,element-removed,Observation.category:mibi-category.coding:loinc-microbiology-studies,,"Kardinalität max: 1; Must Support: True; pattern: {""system"": ""http://loinc.org"", ""code"": ""18725-2""}; pattern-Typ: patternCoding; Slice-Name: loinc-microbiology-studies",,
mikrobiologie,2027.0.0-alpha.3,2027.0.0-ballot2,MII_PR_Mikrobio_Spezifische_Bestimmung,changed,https://www.medizininformatik-initiative.de/fhir/modul-mikrobio/StructureDefinition/mii-pr-mikrobio-spezifische-bestimmung,,element-removed,Observation.category:mibi-category.coding:v2-microbiology,,"Kardinalität min: 1; Kardinalität max: 1; Must Support: True; pattern: {""system"": ""http://terminology.hl7.org/CodeSystem/v2-0074"",…; pattern-Typ: patternCoding; Slice-Name: v2-microbiology",,
mikrobiologie,2027.0.0-alpha.3,2027.0.0-ballot2,MII_PR_Mikrobio_Spezifische_Bestimmung,changed,https://www.medizininformatik-initiative.de/fhir/modul-mikrobio/StructureDefinition/mii-pr-mikrobio-spezifische-bestimmung,,element-added,Observation.dataAbsentReason,,,Binding-Stärke: extensible; Binding-ValueSet: https://www.medizininformatik-initiative.de/fhir/modul-mikr…,
mikrobiologie,2027.0.0-alpha.3,2027.0.0-ballot2,MII_PR_Mikrobio_Spezifische_Bestimmung,changed,https://www.medizininformatik-initiative.de/fhir/modul-mikrobio/StructureDefinition/mii-pr-mikrobio-spezifische-bestimmung,,field-changed,Observation.category,Kardinalität min,—,2,
mikrobiologie,2027.0.0-alpha.3,2027.0.0-ballot2,MII_PR_Mikrobio_Spezifische_Bestimmung,changed,https://www.medizininformatik-initiative.de/fhir/modul-mikrobio/StructureDefinition/mii-pr-mikrobio-spezifische-bestimmung,,field-changed,Observation.category,Slicing-Diskriminator,"[{""type"": ""pattern"", ""path"": ""$this""}]",—,
mikrobiologie,2027.0.0-alpha.3,2027.0.0-ballot2,MII_PR_Mikrobio_Spezifische_Bestimmung,changed,https://www.medizininformatik-initiative.de/fhir/modul-mikrobio/StructureDefinition/mii-pr-mikrobio-spezifische-bestimmung,,field-changed,Observation.category,Slicing-Regel,open,—,
mikrobiologie,2027.0.0-alpha.3,2027.0.0-ballot2,MII_PR_Mikrobio_Spezifische_Bestimmung,changed,https://www.medizininformatik-initiative.de/fhir/modul-mikrobio/StructureDefinition/mii-pr-mikrobio-spezifische-bestimmung,,field-changed,Observation.specimen,Typ,—,"[""Reference""]",
mikrobiologie,2027.0.0-alpha.3,2027.0.0-ballot2,MII_PR_Mikrobio_Spezifische_Bestimmung,changed,https://www.medizininformatik-initiative.de/fhir/modul-mikrobio/StructureDefinition/mii-pr-mikrobio-spezifische-bestimmung,,field-changed,Observation.specimen,Referenzziel,—,"[""https://www.medizininformatik-initiative.de/fhir/modul-mikrobio/StructureDefinition/mii…",
mikrobiologie,2027.0.0-alpha.3,2027.0.0-ballot2,MII_PR_Mikrobio_Titer,changed,https://www.medizininformatik-initiative.de/fhir/modul-mikrobio/StructureDefinition/mii-pr-mikrobio-titer,,element-removed,Observation.category:mibi-category.coding,,Kardinalität min: 3,,
mikrobiologie,2027.0.0-alpha.3,2027.0.0-ballot2,MII_PR_Mikrobio_Titer,changed,https://www.medizininformatik-initiative.de/fhir/modul-mikrobio/StructureDefinition/mii-pr-mikrobio-titer,,element-removed,Observation.category:mibi-category.coding:loinc-microbiology-studies,,"Kardinalität max: 1; Must Support: True; pattern: {""system"": ""http://loinc.org"", ""code"": ""18725-2""}; pattern-Typ: patternCoding; Slice-Name: loinc-microbiology-studies",,
mikrobiologie,2027.0.0-alpha.3,2027.0.0-ballot2,MII_PR_Mikrobio_Titer,changed,https://www.medizininformatik-initiative.de/fhir/modul-mikrobio/StructureDefinition/mii-pr-mikrobio-titer,,element-removed,Observation.category:mibi-category.coding:v2-microbiology,,"Kardinalität min: 1; Kardinalität max: 1; Must Support: True; pattern: {""system"": ""http://terminology.hl7.org/CodeSystem/v2-0074"",…; pattern-Typ: patternCoding; Slice-Name: v2-microbiology",,
mikrobiologie,2027.0.0-alpha.3,2027.0.0-ballot2,MII_PR_Mikrobio_Titer,changed,https://www.medizininformatik-initiative.de/fhir/modul-mikrobio/StructureDefinition/mii-pr-mikrobio-titer,,element-added,Observation.dataAbsentReason,,,Binding-Stärke: extensible; Binding-ValueSet: https://www.medizininformatik-initiative.de/fhir/modul-mikr…,
mikrobiologie,2027.0.0-alpha.3,2027.0.0-ballot2,MII_PR_Mikrobio_Titer,changed,https://www.medizininformatik-initiative.de/fhir/modul-mikrobio/StructureDefinition/mii-pr-mikrobio-titer,,field-changed,Observation.category,Kardinalität min,—,2,
mikrobiologie,2027.0.0-alpha.3,2027.0.0-ballot2,MII_PR_Mikrobio_Titer,changed,https://www.medizininformatik-initiative.de/fhir/modul-mikrobio/StructureDefinition/mii-pr-mikrobio-titer,,field-changed,Observation.category,Slicing-Diskriminator,"[{""type"": ""pattern"", ""path"": ""$this""}]",—,
mikrobiologie,2027.0.0-alpha.3,2027.0.0-ballot2,MII_PR_Mikrobio_Titer,changed,https://www.medizininformatik-initiative.de/fhir/modul-mikrobio/StructureDefinition/mii-pr-mikrobio-titer,,field-changed,Observation.category,Slicing-Regel,open,—,
mikrobiologie,2027.0.0-alpha.3,2027.0.0-ballot2,MII_PR_Mikrobio_Titer,changed,https://www.medizininformatik-initiative.de/fhir/modul-mikrobio/StructureDefinition/mii-pr-mikrobio-titer,,field-changed,Observation.specimen,Typ,—,"[""Reference""]",
mikrobiologie,2027.0.0-alpha.3,2027.0.0-ballot2,MII_PR_Mikrobio_Titer,changed,https://www.medizininformatik-initiative.de/fhir/modul-mikrobio/StructureDefinition/mii-pr-mikrobio-titer,,field-changed,Observation.specimen,Referenzziel,—,"[""https://www.medizininformatik-initiative.de/fhir/modul-mikrobio/StructureDefinition/mii…",
mikrobiologie,2027.0.0-alpha.3,2027.0.0-ballot2,MII_PR_Mikrobio_Virulenzfaktor,changed,https://www.medizininformatik-initiative.de/fhir/modul-mikrobio/StructureDefinition/mii-pr-mikrobio-virulenzfaktor,,element-removed,Observation.category:mibi-category.coding,,Kardinalität min: 3,,
mikrobiologie,2027.0.0-alpha.3,2027.0.0-ballot2,MII_PR_Mikrobio_Virulenzfaktor,changed,https://www.medizininformatik-initiative.de/fhir/modul-mikrobio/StructureDefinition/mii-pr-mikrobio-virulenzfaktor,,element-removed,Observation.category:mibi-category.coding:loinc-microbiology-studies,,"Kardinalität max: 1; Must Support: True; pattern: {""system"": ""http://loinc.org"", ""code"": ""18725-2""}; pattern-Typ: patternCoding; Slice-Name: loinc-microbiology-studies",,
mikrobiologie,2027.0.0-alpha.3,2027.0.0-ballot2,MII_PR_Mikrobio_Virulenzfaktor,changed,https://www.medizininformatik-initiative.de/fhir/modul-mikrobio/StructureDefinition/mii-pr-mikrobio-virulenzfaktor,,element-removed,Observation.category:mibi-category.coding:v2-microbiology,,"Kardinalität min: 1; Kardinalität max: 1; Must Support: True; pattern: {""system"": ""http://terminology.hl7.org/CodeSystem/v2-0074"",…; pattern-Typ: patternCoding; Slice-Name: v2-microbiology",,
mikrobiologie,2027.0.0-alpha.3,2027.0.0-ballot2,MII_PR_Mikrobio_Virulenzfaktor,changed,https://www.medizininformatik-initiative.de/fhir/modul-mikrobio/StructureDefinition/mii-pr-mikrobio-virulenzfaktor,,element-added,Observation.dataAbsentReason,,,Binding-Stärke: extensible; Binding-ValueSet: https://www.medizininformatik-initiative.de/fhir/modul-mikr…,
mikrobiologie,2027.0.0-alpha.3,2027.0.0-ballot2,MII_PR_Mikrobio_Virulenzfaktor,changed,https://www.medizininformatik-initiative.de/fhir/modul-mikrobio/StructureDefinition/mii-pr-mikrobio-virulenzfaktor,,field-changed,Observation.category,Kardinalität min,—,2,
mikrobiologie,2027.0.0-alpha.3,2027.0.0-ballot2,MII_PR_Mikrobio_Virulenzfaktor,changed,https://www.medizininformatik-initiative.de/fhir/modul-mikrobio/StructureDefinition/mii-pr-mikrobio-virulenzfaktor,,field-changed,Observation.category,Slicing-Diskriminator,"[{""type"": ""pattern"", ""path"": ""$this""}]",—,
mikrobiologie,2027.0.0-alpha.3,2027.0.0-ballot2,MII_PR_Mikrobio_Virulenzfaktor,changed,https://www.medizininformatik-initiative.de/fhir/modul-mikrobio/StructureDefinition/mii-pr-mikrobio-virulenzfaktor,,field-changed,Observation.category,Slicing-Regel,open,—,
mikrobiologie,2027.0.0-alpha.3,2027.0.0-ballot2,MII_PR_Mikrobio_Virulenzfaktor,changed,https://www.medizininformatik-initiative.de/fhir/modul-mikrobio/StructureDefinition/mii-pr-mikrobio-virulenzfaktor,,field-changed,Observation.specimen,Typ,—,"[""Reference""]",
mikrobiologie,2027.0.0-alpha.3,2027.0.0-ballot2,MII_PR_Mikrobio_Virulenzfaktor,changed,https://www.medizininformatik-initiative.de/fhir/modul-mikrobio/StructureDefinition/mii-pr-mikrobio-virulenzfaktor,,field-changed,Observation.specimen,Referenzziel,—,"[""https://www.medizininformatik-initiative.de/fhir/modul-mikrobio/StructureDefinition/mii…",
mikrobiologie,2027.0.0-alpha.3,2027.0.0-ballot2,MII_PR_Mikrobio_Voraussichtliche_Empfindlichkeit,changed,https://www.medizininformatik-initiative.de/fhir/modul-mikrobio/StructureDefinition/mii-pr-mikrobio-voraussichtliche-empfindlichkeit,,element-removed,Observation.category:mibi-category.coding,,Kardinalität min: 3,,
mikrobiologie,2027.0.0-alpha.3,2027.0.0-ballot2,MII_PR_Mikrobio_Voraussichtliche_Empfindlichkeit,changed,https://www.medizininformatik-initiative.de/fhir/modul-mikrobio/StructureDefinition/mii-pr-mikrobio-voraussichtliche-empfindlichkeit,,element-removed,Observation.category:mibi-category.coding:loinc-microbiology-studies,,"Kardinalität max: 1; Must Support: True; pattern: {""system"": ""http://loinc.org"", ""code"": ""18725-2""}; pattern-Typ: patternCoding; Slice-Name: loinc-microbiology-studies",,
mikrobiologie,2027.0.0-alpha.3,2027.0.0-ballot2,MII_PR_Mikrobio_Voraussichtliche_Empfindlichkeit,changed,https://www.medizininformatik-initiative.de/fhir/modul-mikrobio/StructureDefinition/mii-pr-mikrobio-voraussichtliche-empfindlichkeit,,element-removed,Observation.category:mibi-category.coding:v2-microbiology,,"Kardinalität min: 1; Kardinalität max: 1; Must Support: True; pattern: {""system"": ""http://terminology.hl7.org/CodeSystem/v2-0074"",…; pattern-Typ: patternCoding; Slice-Name: v2-microbiology",,
mikrobiologie,2027.0.0-alpha.3,2027.0.0-ballot2,MII_PR_Mikrobio_Voraussichtliche_Empfindlichkeit,changed,https://www.medizininformatik-initiative.de/fhir/modul-mikrobio/StructureDefinition/mii-pr-mikrobio-voraussichtliche-empfindlichkeit,,element-added,Observation.dataAbsentReason,,,Binding-Stärke: extensible; Binding-ValueSet: https://www.medizininformatik-initiative.de/fhir/modul-mikr…,
mikrobiologie,2027.0.0-alpha.3,2027.0.0-ballot2,MII_PR_Mikrobio_Voraussichtliche_Empfindlichkeit,changed,https://www.medizininformatik-initiative.de/fhir/modul-mikrobio/StructureDefinition/mii-pr-mikrobio-voraussichtliche-empfindlichkeit,,field-changed,Observation.category,Kardinalität min,—,2,
mikrobiologie,2027.0.0-alpha.3,2027.0.0-ballot2,MII_PR_Mikrobio_Voraussichtliche_Empfindlichkeit,changed,https://www.medizininformatik-initiative.de/fhir/modul-mikrobio/StructureDefinition/mii-pr-mikrobio-voraussichtliche-empfindlichkeit,,field-changed,Observation.category,Slicing-Diskriminator,"[{""type"": ""pattern"", ""path"": ""$this""}]",—,
mikrobiologie,2027.0.0-alpha.3,2027.0.0-ballot2,MII_PR_Mikrobio_Voraussichtliche_Empfindlichkeit,changed,https://www.medizininformatik-initiative.de/fhir/modul-mikrobio/StructureDefinition/mii-pr-mikrobio-voraussichtliche-empfindlichkeit,,field-changed,Observation.category,Slicing-Regel,open,—,
mikrobiologie,2027.0.0-alpha.3,2027.0.0-ballot2,MII_PR_Mikrobio_Voraussichtliche_Empfindlichkeit,changed,https://www.medizininformatik-initiative.de/fhir/modul-mikrobio/StructureDefinition/mii-pr-mikrobio-voraussichtliche-empfindlichkeit,,field-changed,Observation.specimen,Typ,—,"[""Reference""]",
mikrobiologie,2027.0.0-alpha.3,2027.0.0-ballot2,MII_PR_Mikrobio_Voraussichtliche_Empfindlichkeit,changed,https://www.medizininformatik-initiative.de/fhir/modul-mikrobio/StructureDefinition/mii-pr-mikrobio-voraussichtliche-empfindlichkeit,,field-changed,Observation.specimen,Referenzziel,—,"[""https://www.medizininformatik-initiative.de/fhir/modul-mikrobio/StructureDefinition/mii…",
mikrobiologie,2027.0.0-alpha.3,2027.0.0-ballot2,MII_PR_Mikrobio_Probe,new,https://www.medizininformatik-initiative.de/fhir/modul-mikrobio/StructureDefinition/mii-pr-mikrobio-probe,,profile-new,,,,,
mikrobiologie,2027.0.0-alpha.3,2027.0.0-ballot2,MII_PR_Mikrobio_Resistenzkategorie_Status,new,https://www.medizininformatik-initiative.de/fhir/modul-mikrobio/StructureDefinition/mii-pr-mikrobio-resistenzkategorie-status,,profile-new,,,,,
mikrobiologie,2027.0.0-alpha.3,2027.0.0-ballot2,MII_PR_Mikrobio_Spezifische_Mikroskopie,new,https://www.medizininformatik-initiative.de/fhir/modul-mikrobio/StructureDefinition/mii-pr-mikrobio-spezifische-mikroskopie,,profile-new,,,,,
molgen,2026.0.4,2027.0.0-ballot.1,MII_PR_MolGen_MolekulargenetischerBefundbericht,changed,https://www.medizininformatik-initiative.de/fhir/ext/modul-molgen/StructureDefinition/molekulargenetischer-befundbericht,,field-changed,DiagnosticReport.result:biomarker,Typ,—,"[""Reference""]",
molgen,2026.0.4,2027.0.0-ballot.1,MII_PR_MolGen_MolekulargenetischerBefundbericht,changed,https://www.medizininformatik-initiative.de/fhir/ext/modul-molgen/StructureDefinition/molekulargenetischer-befundbericht,,field-changed,DiagnosticReport.result:biomarker,Referenzziel,—,"[""https://www.medizininformatik-initiative.de/fhir/ext/modul-molgen/StructureDefinition/m…",
mtb,2026.0.1,2027.0.0-ballot.1,MII_PR_MTB_BIOMARKER_HER2_STATUS,changed,https://www.medizininformatik-initiative.de/fhir/ext/modul-mtb/StructureDefinition/mii-pr-mtb-biomarker-her2-status,,field-changed,Observation.code.coding,pattern,"{""system"": ""http://loinc.org"", ""code"": ""48676-1"", ""display"": ""HER2 [Interpretation] in Ti…","{""system"": ""http://loinc.org"", ""code"": ""48676-1"", ""display"": ""HER2 Ag [Interpretation] in…",
mtb,2026.0.1,2027.0.0-ballot.1,MII_PR_MTB_BRCAness,changed,https://www.medizininformatik-initiative.de/fhir/ext/modul-mtb/StructureDefinition/mii-pr-mtb-brcaness,,field-changed,Observation.interpretation,Binding-ValueSet,http://hl7.org/fhir/uv/genomics-reporting/ValueSet/high-low-codes-vs,https://www.medizininformatik-initiative.de/fhir/ext/modul-mtb/ValueSet/mii-vs-mtb-interp…,
mtb,2026.0.1,2027.0.0-ballot.1,MII_PR_MTB_HRD_Score,changed,https://www.medizininformatik-initiative.de/fhir/ext/modul-mtb/StructureDefinition/mii-pr-mtb-hrd-score,,field-changed,Observation.interpretation,Binding-ValueSet,http://hl7.org/fhir/uv/genomics-reporting/ValueSet/high-low-codes-vs,https://www.medizininformatik-initiative.de/fhir/ext/modul-mtb/ValueSet/mii-vs-mtb-interp…,
mtb,2026.0.1,2027.0.0-ballot.1,MII_PR_MTB_Immunohistochemistry_MMR,changed,https://www.medizininformatik-initiative.de/fhir/ext/modul-mtb/StructureDefinition/mii-pr-mtb-immunohistochemistry-mmr,,field-changed,Observation.component:mmr-mlh1.code.coding,pattern,"{""system"": ""http://loinc.org"", ""code"": ""81691-8"", ""display"": ""DNA mismatch repair protein…","{""system"": ""http://loinc.org"", ""code"": ""81691-8"", ""display"": ""MLH-1 Ag [Presence] in Canc…",
mtb,2026.0.1,2027.0.0-ballot.1,MII_PR_MTB_Immunohistochemistry_MMR,changed,https://www.medizininformatik-initiative.de/fhir/ext/modul-mtb/StructureDefinition/mii-pr-mtb-immunohistochemistry-mmr,,field-changed,Observation.component:mmr-mlh3.code.coding,pattern,"{""system"": ""http://loinc.org"", ""code"": ""96272-0"", ""display"": ""DNA mismatch repair protein…","{""system"": ""http://loinc.org"", ""code"": ""96272-0"", ""display"": ""DNA mismatch repair protein…",
mtb,2026.0.1,2027.0.0-ballot.1,MII_PR_MTB_Immunohistochemistry_MMR,changed,https://www.medizininformatik-initiative.de/fhir/ext/modul-mtb/StructureDefinition/mii-pr-mtb-immunohistochemistry-mmr,,field-changed,Observation.component:mmr-msh2.code.coding,pattern,"{""system"": ""http://loinc.org"", ""code"": ""81692-6"", ""display"": ""DNA mismatch repair protein…","{""system"": ""http://loinc.org"", ""code"": ""81692-6"", ""display"": ""MSH-2 Ag [Presence] in Canc…",
mtb,2026.0.1,2027.0.0-ballot.1,MII_PR_MTB_Immunohistochemistry_MMR,changed,https://www.medizininformatik-initiative.de/fhir/ext/modul-mtb/StructureDefinition/mii-pr-mtb-immunohistochemistry-mmr,,field-changed,Observation.component:mmr-msh3.code.coding,pattern,"{""system"": ""http://loinc.org"", ""code"": ""96271-2"", ""display"": ""DNA mismatch repair protein…","{""system"": ""http://loinc.org"", ""code"": ""96271-2"", ""display"": ""DNA mismatch repair protein…",
mtb,2026.0.1,2027.0.0-ballot.1,MII_PR_MTB_Immunohistochemistry_MMR,changed,https://www.medizininformatik-initiative.de/fhir/ext/modul-mtb/StructureDefinition/mii-pr-mtb-immunohistochemistry-mmr,,field-changed,Observation.component:mmr-msh6.code.coding,pattern,"{""system"": ""http://loinc.org"", ""code"": ""81693-4"", ""display"": ""DNA mismatch repair protein…","{""system"": ""http://loinc.org"", ""code"": ""81693-4"", ""display"": ""MSH-6 Ag [Presence] in Canc…",
mtb,2026.0.1,2027.0.0-ballot.1,MII_PR_MTB_Immunohistochemistry_MMR,changed,https://www.medizininformatik-initiative.de/fhir/ext/modul-mtb/StructureDefinition/mii-pr-mtb-immunohistochemistry-mmr,,field-changed,Observation.component:mmr-pms2.code.coding,pattern,"{""system"": ""http://loinc.org"", ""code"": ""81694-2"", ""display"": ""Mismatch repair endonucleas…","{""system"": ""http://loinc.org"", ""code"": ""81694-2"", ""display"": ""PMS2 Ag [Presence] in Cance…",
mtb,2026.0.1,2027.0.0-ballot.1,MII_PR_MTB_Mutationslast,changed,https://www.medizininformatik-initiative.de/fhir/ext/modul-mtb/StructureDefinition/mii-pr-mtb-mutationslast,,field-changed,Observation.interpretation,Binding-ValueSet,http://hl7.org/fhir/uv/genomics-reporting/ValueSet/high-low-codes-vs,https://www.medizininformatik-initiative.de/fhir/ext/modul-mtb/ValueSet/mii-vs-mtb-interp…,
mtb,2026.0.1,2027.0.0-ballot.1,MII_PR_MTB_Ploidie,changed,https://www.medizininformatik-initiative.de/fhir/ext/modul-mtb/StructureDefinition/mii-pr-mtb-ploidie,,field-changed,Observation.interpretation,Binding-ValueSet,http://hl7.org/fhir/uv/genomics-reporting/ValueSet/high-low-codes-vs,https://www.medizininformatik-initiative.de/fhir/ext/modul-mtb/ValueSet/mii-vs-mtb-interp…,
mtb,2026.0.1,2027.0.0-ballot.1,MII_PR_MTB_RNA_Seq,changed,https://www.medizininformatik-initiative.de/fhir/ext/modul-mtb/StructureDefinition/mii-pr-mtb-rna-seq,,element-added,Observation.value[x],,,"Slicing-Diskriminator: [{""type"": ""type"", ""path"": ""$this""}]; Slicing-Regel: open",
mtb,2026.0.1,2027.0.0-ballot.1,MII_PR_MTB_Systemische_Therapie,changed,https://www.medizininformatik-initiative.de/fhir/ext/modul-mtb/StructureDefinition/mii-pr-mtb-systemische-therapie,,element-added,Procedure.basedOn:tumorkonferenz,,,"Typ: [""Reference""]; Referenzziel: [""https://www.medizininformatik-initiative.de/fhir/ext/modu…; Slice-Name: tumorkonferenz",
mtb,2026.0.1,2027.0.0-ballot.1,MII_PR_MTB_Systemische_Therapie,changed,https://www.medizininformatik-initiative.de/fhir/ext/modul-mtb/StructureDefinition/mii-pr-mtb-systemische-therapie,,field-changed,Procedure.basedOn,Typ,"[""Reference""]",—,
mtb,2026.0.1,2027.0.0-ballot.1,MII_PR_MTB_Systemische_Therapie,changed,https://www.medizininformatik-initiative.de/fhir/ext/modul-mtb/StructureDefinition/mii-pr-mtb-systemische-therapie,,field-changed,Procedure.basedOn,Referenzziel,"[""http://hl7.org/fhir/StructureDefinition/CarePlan"", ""https://www.medizininformatik-initi…",—,
mtb,2026.0.1,2027.0.0-ballot.1,MII_PR_MTB_Systemische_Vortherapie,changed,https://www.medizininformatik-initiative.de/fhir/ext/modul-mtb/StructureDefinition/mii-pr-mtb-systemische-vortherapie,,element-removed,Procedure.basedOn,,"Slicing-Diskriminator: [{""type"": ""profile"", ""path"": ""$this""}]; Slicing-Regel: open",,
mtb,2026.0.1,2027.0.0-ballot.1,MII_PR_MTB_Systemische_Vortherapie,changed,https://www.medizininformatik-initiative.de/fhir/ext/modul-mtb/StructureDefinition/mii-pr-mtb-systemische-vortherapie,,element-removed,Procedure.basedOn:Therapieplan,,"Kardinalität max: 1; Must Support: True; Typ: [""Reference""]; Referenzziel: [""https://www.medizininformatik-initiative.de/fhir/ext/modu…; Slice-Name: Therapieplan",,
mtb,2026.0.1,2027.0.0-ballot.1,MII_PR_MTB_Systemische_Vortherapie,changed,https://www.medizininformatik-initiative.de/fhir/ext/modul-mtb/StructureDefinition/mii-pr-mtb-systemische-vortherapie,,element-added,Procedure.basedOn:tumorkonferenz,,,"Typ: [""Reference""]; Referenzziel: [""https://www.medizininformatik-initiative.de/fhir/ext/modu…; Slice-Name: tumorkonferenz",
mtb,2026.0.1,2027.0.0-ballot.1,MII_PR_MTB_Panel_DeviceDefinition,new,https://www.medizininformatik-initiative.de/fhir/ext/modul-mtb/StructureDefinition/mii-pr-mtb-panel-devicedefinition,,profile-new,,,,,
onkologie,2026.0.3,2027.0.0-ballot.1,MII_PR_Onko_Allgemeiner_Leistungszustand_ECOG,changed,https://www.medizininformatik-initiative.de/fhir/ext/modul-onko/StructureDefinition/mii-pr-onko-allgemeiner-leistungszustand-ecog,,element-added,Observation.focus,,,"Must Support: True; Typ: [""Reference""]; Referenzziel: [""https://www.medizininformatik-initiative.de/fhir/ext/modu…",
onkologie,2026.0.3,2027.0.0-ballot.1,MII_PR_Onko_Allgemeiner_Leistungszustand_ECOG,changed,https://www.medizininformatik-initiative.de/fhir/ext/modul-onko/StructureDefinition/mii-pr-onko-allgemeiner-leistungszustand-ecog,,field-changed,Observation.value[x].coding:loinc,Binding-Stärke,—,required,yes
onkologie,2026.0.3,2027.0.0-ballot.1,MII_PR_Onko_Allgemeiner_Leistungszustand_ECOG,changed,https://www.medizininformatik-initiative.de/fhir/ext/modul-onko/StructureDefinition/mii-pr-onko-allgemeiner-leistungszustand-ecog,,field-changed,Observation.value[x].coding:loinc,Binding-ValueSet,—,https://www.medizininformatik-initiative.de/fhir/ext/modul-onko/ValueSet/mii-vs-onko-allg…,
onkologie,2026.0.3,2027.0.0-ballot.1,MII_PR_Onko_Allgemeiner_Leistungszustand_Karnofsky,changed,https://www.medizininformatik-initiative.de/fhir/ext/modul-onko/StructureDefinition/mii-pr-onko-allgemeiner-leistungszustand-karnofsky,,element-added,Observation.focus,,,"Must Support: True; Typ: [""Reference""]; Referenzziel: [""https://www.medizininformatik-initiative.de/fhir/ext/modu…",
onkologie,2026.0.3,2027.0.0-ballot.1,MII_PR_Onko_Allgemeiner_Leistungszustand_Karnofsky,changed,https://www.medizininformatik-initiative.de/fhir/ext/modul-onko/StructureDefinition/mii-pr-onko-allgemeiner-leistungszustand-karnofsky,,field-changed,Observation.value[x].coding:loinc,Binding-Stärke,—,required,yes
onkologie,2026.0.3,2027.0.0-ballot.1,MII_PR_Onko_Allgemeiner_Leistungszustand_Karnofsky,changed,https://www.medizininformatik-initiative.de/fhir/ext/modul-onko/StructureDefinition/mii-pr-onko-allgemeiner-leistungszustand-karnofsky,,field-changed,Observation.value[x].coding:loinc,Binding-ValueSet,—,https://www.medizininformatik-initiative.de/fhir/ext/modul-onko/ValueSet/mii-vs-onko-allg…,
onkologie,2026.0.3,2027.0.0-ballot.1,MII_PR_Onko_Diagnose_Primaertumor,changed,https://www.medizininformatik-initiative.de/fhir/ext/modul-onko/StructureDefinition/mii-pr-onko-diagnose-primaertumor,,element-added,Condition.category,,,"Kardinalität min: 1; Slicing-Diskriminator: [{""type"": ""pattern"", ""path"": ""$this""}]; Slicing-Regel: open",
onkologie,2026.0.3,2027.0.0-ballot.1,MII_PR_Onko_Diagnose_Primaertumor,changed,https://www.medizininformatik-initiative.de/fhir/ext/modul-onko/StructureDefinition/mii-pr-onko-diagnose-primaertumor,,element-added,Condition.category:onkologie,,,"Kardinalität min: 1; Kardinalität max: 1; Must Support: True; pattern: {""coding"": [{""system"": ""http://snomed.info/sct"", ""code"": ""5…; pattern-Typ: patternCodeableConcept; Slice-Name: onkologie",
onkologie,2026.0.3,2027.0.0-ballot.1,MII_PR_Onko_Diagnose_Primaertumor,changed,https://www.medizininformatik-initiative.de/fhir/ext/modul-onko/StructureDefinition/mii-pr-onko-diagnose-primaertumor,,element-added,Condition.extension:dueTo,,,"Kardinalität max: *; Must Support: True; Typ: [""Extension""]; Typ-Profil: [""http://hl7.org/fhir/StructureDefinition/condition-dueTo""]; Slice-Name: dueTo",
onkologie,2026.0.3,2027.0.0-ballot.1,MII_PR_Onko_Diagnose_Primaertumor,changed,https://www.medizininformatik-initiative.de/fhir/ext/modul-onko/StructureDefinition/mii-pr-onko-diagnose-primaertumor,,element-added,Condition.extension:dueTo.value[x],,,"Slicing-Diskriminator: [{""type"": ""type"", ""path"": ""$this""}]; Slicing-Regel: open",
onkologie,2026.0.3,2027.0.0-ballot.1,MII_PR_Onko_Diagnose_Primaertumor,changed,https://www.medizininformatik-initiative.de/fhir/ext/modul-onko/StructureDefinition/mii-pr-onko-diagnose-primaertumor,,element-added,Condition.extension:dueTo.value[x]:valueReference,,,"Kardinalität max: 1; Typ: [""Reference""]; Referenzziel: [""https://www.medizininformatik-initiative.de/fhir/ext/modu…; Slice-Name: valueReference",
onkologie,2026.0.3,2027.0.0-ballot.1,MII_PR_Onko_Diagnose_Primaertumor,changed,https://www.medizininformatik-initiative.de/fhir/ext/modul-onko/StructureDefinition/mii-pr-onko-diagnose-primaertumor,,element-added,Condition.extension:transformationVon,,,"Kardinalität max: *; Must Support: True; Typ: [""Extension""]; Typ-Profil: [""https://www.medizininformatik-initiative.de/fhir/ext/modu…; Slice-Name: transformationVon",
onkologie,2026.0.3,2027.0.0-ballot.1,MII_PR_Onko_Diagnose_Primaertumor,changed,https://www.medizininformatik-initiative.de/fhir/ext/modul-onko/StructureDefinition/mii-pr-onko-diagnose-primaertumor,,element-added,Condition.identifier,,,Must Support: True,
onkologie,2026.0.3,2027.0.0-ballot.1,MII_PR_Onko_Diagnose_Primaertumor,changed,https://www.medizininformatik-initiative.de/fhir/ext/modul-onko/StructureDefinition/mii-pr-onko-diagnose-primaertumor,,element-added,Condition.identifier.system,,,Must Support: True,
onkologie,2026.0.3,2027.0.0-ballot.1,MII_PR_Onko_Diagnose_Primaertumor,changed,https://www.medizininformatik-initiative.de/fhir/ext/modul-onko/StructureDefinition/mii-pr-onko-diagnose-primaertumor,,element-added,Condition.identifier.value,,,Must Support: True,
onkologie,2026.0.3,2027.0.0-ballot.1,MII_PR_Onko_Diagnose_Primaertumor,changed,https://www.medizininformatik-initiative.de/fhir/ext/modul-onko/StructureDefinition/mii-pr-onko-diagnose-primaertumor,,field-changed,Condition.bodySite.coding:icd-o-3,Binding-Stärke,—,required,yes
onkologie,2026.0.3,2027.0.0-ballot.1,MII_PR_Onko_Diagnose_Primaertumor,changed,https://www.medizininformatik-initiative.de/fhir/ext/modul-onko/StructureDefinition/mii-pr-onko-diagnose-primaertumor,,field-changed,Condition.bodySite.coding:icd-o-3,Binding-ValueSet,—,https://www.medizininformatik-initiative.de/fhir/ext/modul-onko/ValueSet/mii-vs-onko-icdo…,
onkologie,2026.0.3,2027.0.0-ballot.1,MII_PR_Onko_Diagnose_Primaertumor,changed,https://www.medizininformatik-initiative.de/fhir/ext/modul-onko/StructureDefinition/mii-pr-onko-diagnose-primaertumor,,field-changed,Condition.bodySite.coding:icd-o-3.code,Binding-Stärke,required,—,
onkologie,2026.0.3,2027.0.0-ballot.1,MII_PR_Onko_Diagnose_Primaertumor,changed,https://www.medizininformatik-initiative.de/fhir/ext/modul-onko/StructureDefinition/mii-pr-onko-diagnose-primaertumor,,field-changed,Condition.bodySite.coding:icd-o-3.code,Binding-ValueSet,https://www.medizininformatik-initiative.de/fhir/ext/modul-onko/ValueSet/mii-vs-onko-icdo…,—,
onkologie,2026.0.3,2027.0.0-ballot.1,MII_PR_Onko_Diagnose_Primaertumor,changed,https://www.medizininformatik-initiative.de/fhir/ext/modul-onko/StructureDefinition/mii-pr-onko-diagnose-primaertumor,,field-changed,Condition.code.coding:icd10-gm,Invarianten,—,"[""onko-icd-meldepflicht""]",
onkologie,2026.0.3,2027.0.0-ballot.1,MII_PR_Onko_Diagnose_Primaertumor,changed,https://www.medizininformatik-initiative.de/fhir/ext/modul-onko/StructureDefinition/mii-pr-onko-diagnose-primaertumor,,field-changed,Condition.extension:morphology-behavior-icdo3,Kardinalität max,1,*,
onkologie,2026.0.3,2027.0.0-ballot.1,MII_PR_Onko_Diagnose_Primaertumor,changed,https://www.medizininformatik-initiative.de/fhir/ext/modul-onko/StructureDefinition/mii-pr-onko-diagnose-primaertumor,,field-changed,Condition.extension:occurredFollowing.value[x]:valueReference,Referenzziel,"[""https://www.medizininformatik-initiative.de/fhir/ext/modul-onko/StructureDefinition/mii…","[""https://www.medizininformatik-initiative.de/fhir/ext/modul-onko/StructureDefinition/mii…",
onkologie,2026.0.3,2027.0.0-ballot.1,MII_PR_Onko_Diagnose_Primaertumor,changed,https://www.medizininformatik-initiative.de/fhir/ext/modul-onko/StructureDefinition/mii-pr-onko-diagnose-primaertumor,,field-changed,Condition.verificationStatus.coding:primaertumorDiagnosesicherung.code,Must Support,True,False,
onkologie,2026.0.3,2027.0.0-ballot.1,MII_PR_Onko_Diagnose_Primaertumor,changed,https://www.medizininformatik-initiative.de/fhir/ext/modul-onko/StructureDefinition/mii-pr-onko-diagnose-primaertumor,,field-changed,Condition.verificationStatus.coding:primaertumorDiagnosesicherung.system,Must Support,True,False,
onkologie,2026.0.3,2027.0.0-ballot.1,MII_PR_Onko_Fernmetastasen,changed,https://www.medizininformatik-initiative.de/fhir/ext/modul-onko/StructureDefinition/mii-pr-onko-fernmetastasen,,element-added,Observation.bodySite,,,Must Support: True,
onkologie,2026.0.3,2027.0.0-ballot.1,MII_PR_Onko_Fernmetastasen,changed,https://www.medizininformatik-initiative.de/fhir/ext/modul-onko/StructureDefinition/mii-pr-onko-fernmetastasen,,element-added,Observation.bodySite.coding,,,"Slicing-Diskriminator: [{""type"": ""pattern"", ""path"": ""system""}]; Slicing-Regel: open",
onkologie,2026.0.3,2027.0.0-ballot.1,MII_PR_Onko_Fernmetastasen,changed,https://www.medizininformatik-initiative.de/fhir/ext/modul-onko/StructureDefinition/mii-pr-onko-fernmetastasen,,element-added,Observation.bodySite.coding:icd-o-3,,,Kardinalität max: 1; Must Support: True; Binding-Stärke: extensible; Binding-ValueSet: https://www.medizininformatik-initiative.de/fhir/ext/modul-…; Slice-Name: icd-o-3,
onkologie,2026.0.3,2027.0.0-ballot.1,MII_PR_Onko_Fernmetastasen,changed,https://www.medizininformatik-initiative.de/fhir/ext/modul-onko/StructureDefinition/mii-pr-onko-fernmetastasen,,element-added,Observation.bodySite.coding:icd-o-3.system,,,Kardinalität min: 1; pattern: http://terminology.hl7.org/CodeSystem/icd-o-3; pattern-Typ: patternUri,
onkologie,2026.0.3,2027.0.0-ballot.1,MII_PR_Onko_Fernmetastasen,changed,https://www.medizininformatik-initiative.de/fhir/ext/modul-onko/StructureDefinition/mii-pr-onko-fernmetastasen,,element-added,Observation.bodySite.coding:snomed,,,Kardinalität max: 1; Must Support: True; Binding-Stärke: extensible; Binding-ValueSet: https://www.medizininformatik-initiative.de/fhir/ext/modul-…; Slice-Name: snomed,
onkologie,2026.0.3,2027.0.0-ballot.1,MII_PR_Onko_Fernmetastasen,changed,https://www.medizininformatik-initiative.de/fhir/ext/modul-onko/StructureDefinition/mii-pr-onko-fernmetastasen,,element-added,Observation.bodySite.coding:snomed.system,,,Kardinalität min: 1; pattern: http://snomed.info/sct; pattern-Typ: patternUri,
onkologie,2026.0.3,2027.0.0-ballot.1,MII_PR_Onko_Fruehere_Tumorerkrankung,changed,https://www.medizininformatik-initiative.de/fhir/ext/modul-onko/StructureDefinition/mii-pr-onko-fruehere-tumorerkrankung,,element-added,Condition.category:onkologie,,,"Kardinalität min: 1; Kardinalität max: 1; Must Support: True; pattern: {""coding"": [{""system"": ""http://snomed.info/sct"", ""code"": ""5…; pattern-Typ: patternCodeableConcept; Slice-Name: onkologie",
onkologie,2026.0.3,2027.0.0-ballot.1,MII_PR_Onko_Fruehere_Tumorerkrankung,changed,https://www.medizininformatik-initiative.de/fhir/ext/modul-onko/StructureDefinition/mii-pr-onko-fruehere-tumorerkrankung,,field-changed,Condition.bodySite.coding:icd-o-3,Binding-Stärke,—,required,yes
onkologie,2026.0.3,2027.0.0-ballot.1,MII_PR_Onko_Fruehere_Tumorerkrankung,changed,https://www.medizininformatik-initiative.de/fhir/ext/modul-onko/StructureDefinition/mii-pr-onko-fruehere-tumorerkrankung,,field-changed,Condition.bodySite.coding:icd-o-3,Binding-ValueSet,—,https://www.medizininformatik-initiative.de/fhir/ext/modul-onko/ValueSet/mii-vs-onko-icdo…,
onkologie,2026.0.3,2027.0.0-ballot.1,MII_PR_Onko_Fruehere_Tumorerkrankung,changed,https://www.medizininformatik-initiative.de/fhir/ext/modul-onko/StructureDefinition/mii-pr-onko-fruehere-tumorerkrankung,,field-changed,Condition.bodySite.coding:icd-o-3.code,Binding-Stärke,required,—,
onkologie,2026.0.3,2027.0.0-ballot.1,MII_PR_Onko_Fruehere_Tumorerkrankung,changed,https://www.medizininformatik-initiative.de/fhir/ext/modul-onko/StructureDefinition/mii-pr-onko-fruehere-tumorerkrankung,,field-changed,Condition.bodySite.coding:icd-o-3.code,Binding-ValueSet,https://www.medizininformatik-initiative.de/fhir/ext/modul-onko/ValueSet/mii-vs-onko-icdo…,—,
onkologie,2026.0.3,2027.0.0-ballot.1,MII_PR_Onko_Fruehere_Tumorerkrankung,changed,https://www.medizininformatik-initiative.de/fhir/ext/modul-onko/StructureDefinition/mii-pr-onko-fruehere-tumorerkrankung,,field-changed,Condition.category,Kardinalität min,1,2,yes
onkologie,2026.0.3,2027.0.0-ballot.1,MII_PR_Onko_Genetische_Variante,changed,https://www.medizininformatik-initiative.de/fhir/ext/modul-onko/StructureDefinition/mii-pr-onko-genetische-variante,,element-added,Observation.component:gene-studied,,,Slice-Name: gene-studied,
onkologie,2026.0.3,2027.0.0-ballot.1,MII_PR_Onko_Genetische_Variante,changed,https://www.medizininformatik-initiative.de/fhir/ext/modul-onko/StructureDefinition/mii-pr-onko-genetische-variante,,element-added,Observation.component:gene-studied.value[x],,,Binding-Stärke: extensible; Binding-ValueSet: https://www.medizininformatik-initiative.de/fhir/ext/modul-…,
onkologie,2026.0.3,2027.0.0-ballot.1,MII_PR_Onko_Genetische_Variante,changed,https://www.medizininformatik-initiative.de/fhir/ext/modul-onko/StructureDefinition/mii-pr-onko-genetische-variante,,field-changed,Observation.value[x],Slicing-Diskriminator,"[{""type"": ""type"", ""path"": ""$this""}]",—,
onkologie,2026.0.3,2027.0.0-ballot.1,MII_PR_Onko_Genetische_Variante,changed,https://www.medizininformatik-initiative.de/fhir/ext/modul-onko/StructureDefinition/mii-pr-onko-genetische-variante,,field-changed,Observation.value[x],Slicing-Regel,closed,—,
onkologie,2026.0.3,2027.0.0-ballot.1,MII_PR_Onko_Histologie_ICDO3,changed,https://www.medizininformatik-initiative.de/fhir/ext/modul-onko/StructureDefinition/mii-pr-onko-histologie-icdo3,,field-changed,Observation.bodySite.coding:icd-o-3,Binding-Stärke,—,required,yes
onkologie,2026.0.3,2027.0.0-ballot.1,MII_PR_Onko_Histologie_ICDO3,changed,https://www.medizininformatik-initiative.de/fhir/ext/modul-onko/StructureDefinition/mii-pr-onko-histologie-icdo3,,field-changed,Observation.bodySite.coding:icd-o-3,Binding-ValueSet,—,https://www.medizininformatik-initiative.de/fhir/ext/modul-onko/ValueSet/mii-vs-onko-icdo…,
onkologie,2026.0.3,2027.0.0-ballot.1,MII_PR_Onko_Histologie_ICDO3,changed,https://www.medizininformatik-initiative.de/fhir/ext/modul-onko/StructureDefinition/mii-pr-onko-histologie-icdo3,,field-changed,Observation.bodySite.coding:icd-o-3.code,Binding-Stärke,required,—,
onkologie,2026.0.3,2027.0.0-ballot.1,MII_PR_Onko_Histologie_ICDO3,changed,https://www.medizininformatik-initiative.de/fhir/ext/modul-onko/StructureDefinition/mii-pr-onko-histologie-icdo3,,field-changed,Observation.bodySite.coding:icd-o-3.code,Binding-ValueSet,https://www.medizininformatik-initiative.de/fhir/ext/modul-onko/ValueSet/mii-vs-onko-icdo…,—,
onkologie,2026.0.3,2027.0.0-ballot.1,MII_PR_Onko_KRK_MRT_Mesorektale_Faszie,changed,https://www.medizininformatik-initiative.de/fhir/ext/modul-onko/StructureDefinition/mii-pr-onko-krk-mrt-mesorektale-faszie,,field-changed,Observation.code.coding,pattern,"{""system"": ""http://radlex.org"", ""code"": ""RDE96"", ""display"": ""Distance to MRF""}","{""system"": ""https://radelement.org"", ""code"": ""RDE96"", ""display"": ""Distance to MRF""}",
onkologie,2026.0.3,2027.0.0-ballot.1,MII_PR_Onko_KRK_Stoma_Markierung,changed,https://www.medizininformatik-initiative.de/fhir/ext/modul-onko/StructureDefinition/mii-pr-onko-krk-stoma-markierung,,field-changed,Procedure.category.coding,Must Support,True,False,
onkologie,2026.0.3,2027.0.0-ballot.1,MII_PR_Onko_KRK_Stoma_Markierung,changed,https://www.medizininformatik-initiative.de/fhir/ext/modul-onko/StructureDefinition/mii-pr-onko-krk-stoma-markierung,,field-changed,Procedure.performed[x]:performedDateTime,Must Support,True,False,
onkologie,2026.0.3,2027.0.0-ballot.1,MII_PR_Onko_Mamma_Her2neu_Status,changed,https://www.medizininformatik-initiative.de/fhir/ext/modul-onko/StructureDefinition/mii-pr-onko-mamma-her2neu-status,,field-changed,Observation.code.coding,pattern,"{""system"": ""http://loinc.org"", ""code"": ""48676-1"", ""display"": ""HER2 [Interpretation] in Ti…","{""system"": ""http://loinc.org"", ""code"": ""48676-1"", ""display"": ""HER2 Ag [Interpretation] in…",
onkologie,2026.0.3,2027.0.0-ballot.1,MII_PR_Onko_Mamma_Her2neu_Status,changed,https://www.medizininformatik-initiative.de/fhir/ext/modul-onko/StructureDefinition/mii-pr-onko-mamma-her2neu-status,,field-changed,Observation.component:IHCScore.code,pattern,"{""coding"": [{""system"": ""http://loinc.org"", ""code"": ""85319-2"", ""display"": ""HER2 [Presence]…","{""coding"": [{""system"": ""http://loinc.org"", ""code"": ""85319-2"", ""display"": ""HER2 Ag [Presen…",
onkologie,2026.0.3,2027.0.0-ballot.1,MII_PR_Onko_Mamma_Her2neu_Status,changed,https://www.medizininformatik-initiative.de/fhir/ext/modul-onko/StructureDefinition/mii-pr-onko-mamma-her2neu-status,,field-changed,Observation.component:IHCScore.value[x],Binding-ValueSet,http://loinc.org/vs/LL4396-9,https://www.medizininformatik-initiative.de/fhir/ext/modul-onko/ValueSet/mii-vs-onko-mamm…,
onkologie,2026.0.3,2027.0.0-ballot.1,MII_PR_Onko_Mamma_Her2neu_Status,changed,https://www.medizininformatik-initiative.de/fhir/ext/modul-onko/StructureDefinition/mii-pr-onko-mamma-her2neu-status,,field-changed,Observation.component:ISHResult.value[x],Binding-ValueSet,http://loinc.org/vs/LL4678-0,https://www.medizininformatik-initiative.de/fhir/ext/modul-onko/ValueSet/mii-vs-onko-mamm…,
onkologie,2026.0.3,2027.0.0-ballot.1,MII_PR_Onko_Mamma_Operation,changed,https://www.medizininformatik-initiative.de/fhir/ext/modul-onko/StructureDefinition/mii-pr-onko-mamma-operation,,element-removed,Procedure.performed[x]:performedDateTime,,"Must Support: True; Typ: [""dateTime""]; Slice-Name: performedDateTime",,
onkologie,2026.0.3,2027.0.0-ballot.1,MII_PR_Onko_Mamma_Praeoperative_Markierung,changed,https://www.medizininformatik-initiative.de/fhir/ext/modul-onko/StructureDefinition/mii-pr-onko-mamma-praeoperative-markierung,,element-added,Procedure.performed[x],,,"Slicing-Diskriminator: [{""type"": ""type"", ""path"": ""$this""}]; Slicing-Regel: open",
onkologie,2026.0.3,2027.0.0-ballot.1,MII_PR_Onko_Mamma_Praeoperative_Markierung,changed,https://www.medizininformatik-initiative.de/fhir/ext/modul-onko/StructureDefinition/mii-pr-onko-mamma-praeoperative-markierung,,element-added,Procedure.performed[x]:performedDateTime,,,"Kardinalität max: 1; Typ: [""dateTime""]; Slice-Name: performedDateTime",
onkologie,2026.0.3,2027.0.0-ballot.1,MII_PR_Onko_Mamma_Rezeptorstatus_Estrogen,changed,https://www.medizininformatik-initiative.de/fhir/ext/modul-onko/StructureDefinition/mii-pr-onko-mamma-rezeptorstatus-estrogen,,field-changed,Observation.component:Faerbeintensitaet.value[x],Binding-ValueSet,http://loinc.org/vs/LL4358-9,https://www.medizininformatik-initiative.de/fhir/ext/modul-onko/ValueSet/mii-vs-onko-mamm…,
onkologie,2026.0.3,2027.0.0-ballot.1,MII_PR_Onko_Mamma_Rezeptorstatus_Progesteron,changed,https://www.medizininformatik-initiative.de/fhir/ext/modul-onko/StructureDefinition/mii-pr-onko-mamma-rezeptorstatus-progesteron,,field-changed,Observation.component:Faerbeintensitaet.value[x],Binding-ValueSet,http://loinc.org/vs/LL4358-9,https://www.medizininformatik-initiative.de/fhir/ext/modul-onko/ValueSet/mii-vs-onko-mamm…,
onkologie,2026.0.3,2027.0.0-ballot.1,MII_PR_Onko_Mamma_Sozialdienst,changed,https://www.medizininformatik-initiative.de/fhir/ext/modul-onko/StructureDefinition/mii-pr-onko-mamma-sozialdienst,,field-changed,Procedure.performed[x]:performedDateTime,Must Support,True,False,
onkologie,2026.0.3,2027.0.0-ballot.1,MII_PR_Onko_Nebenwirkung_Adverse_Event,changed,https://www.medizininformatik-initiative.de/fhir/ext/modul-onko/StructureDefinition/mii-pr-onko-nebenwirkung-adverse-event,,element-added,AdverseEvent,,,"Invarianten: [""nebenwirkung-grad3-art""]",
onkologie,2026.0.3,2027.0.0-ballot.1,MII_PR_Onko_Nebenwirkung_Adverse_Event,changed,https://www.medizininformatik-initiative.de/fhir/ext/modul-onko/StructureDefinition/mii-pr-onko-nebenwirkung-adverse-event,,element-added,AdverseEvent.event.coding:snomed,,,Kardinalität max: 1; Must Support: True; Slice-Name: snomed,
onkologie,2026.0.3,2027.0.0-ballot.1,MII_PR_Onko_Nebenwirkung_Adverse_Event,changed,https://www.medizininformatik-initiative.de/fhir/ext/modul-onko/StructureDefinition/mii-pr-onko-nebenwirkung-adverse-event,,element-added,AdverseEvent.event.coding:snomed.code,,,Kardinalität min: 1; Must Support: True,
onkologie,2026.0.3,2027.0.0-ballot.1,MII_PR_Onko_Nebenwirkung_Adverse_Event,changed,https://www.medizininformatik-initiative.de/fhir/ext/modul-onko/StructureDefinition/mii-pr-onko-nebenwirkung-adverse-event,,element-added,AdverseEvent.event.coding:snomed.system,,,Kardinalität min: 1; Must Support: True; pattern: http://snomed.info/sct; pattern-Typ: patternUri,
onkologie,2026.0.3,2027.0.0-ballot.1,MII_PR_Onko_Nebenwirkung_Adverse_Event,changed,https://www.medizininformatik-initiative.de/fhir/ext/modul-onko/StructureDefinition/mii-pr-onko-nebenwirkung-adverse-event,,element-added,AdverseEvent.event.coding:snomed.version,,,Must Support: True,
onkologie,2026.0.3,2027.0.0-ballot.1,MII_PR_Onko_Nebenwirkung_Adverse_Event,changed,https://www.medizininformatik-initiative.de/fhir/ext/modul-onko/StructureDefinition/mii-pr-onko-nebenwirkung-adverse-event,,element-added,AdverseEvent.extension:ctcaeVersion,,,"Kardinalität max: 1; Must Support: True; Typ: [""Extension""]; Typ-Profil: [""https://www.medizininformatik-initiative.de/fhir/ext/modu…; Slice-Name: ctcaeVersion",
onkologie,2026.0.3,2027.0.0-ballot.1,MII_PR_Onko_Nebenwirkung_Adverse_Event,changed,https://www.medizininformatik-initiative.de/fhir/ext/modul-onko/StructureDefinition/mii-pr-onko-nebenwirkung-adverse-event,,field-changed,AdverseEvent.event.coding,Binding-Stärke,required,—,
onkologie,2026.0.3,2027.0.0-ballot.1,MII_PR_Onko_Nebenwirkung_Adverse_Event,changed,https://www.medizininformatik-initiative.de/fhir/ext/modul-onko/StructureDefinition/mii-pr-onko-nebenwirkung-adverse-event,,field-changed,AdverseEvent.event.coding,Binding-ValueSet,https://www.medizininformatik-initiative.de/fhir/ext/modul-onko/ValueSet/mii-vs-onko-nebe…,—,
onkologie,2026.0.3,2027.0.0-ballot.1,MII_PR_Onko_Nebenwirkung_Adverse_Event,changed,https://www.medizininformatik-initiative.de/fhir/ext/modul-onko/StructureDefinition/mii-pr-onko-nebenwirkung-adverse-event,,field-changed,AdverseEvent.event.coding:meddra,Binding-Stärke,—,required,yes
onkologie,2026.0.3,2027.0.0-ballot.1,MII_PR_Onko_Nebenwirkung_Adverse_Event,changed,https://www.medizininformatik-initiative.de/fhir/ext/modul-onko/StructureDefinition/mii-pr-onko-nebenwirkung-adverse-event,,field-changed,AdverseEvent.event.coding:meddra,Binding-ValueSet,—,https://www.medizininformatik-initiative.de/fhir/ext/modul-onko/ValueSet/mii-vs-onko-nebe…,
onkologie,2026.0.3,2027.0.0-ballot.1,MII_PR_Onko_Nebenwirkung_Adverse_Event,changed,https://www.medizininformatik-initiative.de/fhir/ext/modul-onko/StructureDefinition/mii-pr-onko-nebenwirkung-adverse-event,,field-changed,AdverseEvent.suspectEntity.instance,Referenzziel,"[""http://hl7.org/fhir/StructureDefinition/MedicationStatement"", ""http://hl7.org/fhir/Stru…","[""https://www.medizininformatik-initiative.de/fhir/ext/modul-onko/StructureDefinition/mii…",
onkologie,2026.0.3,2027.0.0-ballot.1,MII_PR_Onko_Operation,changed,https://www.medizininformatik-initiative.de/fhir/ext/modul-onko/StructureDefinition/mii-pr-onko-operation,,element-added,Procedure.basedOn:tumorkonferenz,,,"Kardinalität max: 1; Must Support: True; Typ: [""Reference""]; Referenzziel: [""https://www.medizininformatik-initiative.de/fhir/ext/modu…; Slice-Name: tumorkonferenz",
onkologie,2026.0.3,2027.0.0-ballot.1,MII_PR_Onko_Operation,changed,https://www.medizininformatik-initiative.de/fhir/ext/modul-onko/StructureDefinition/mii-pr-onko-operation,,element-added,Procedure.code.coding:ops.extension:Seitenlokalisation,,,Slice-Name: Seitenlokalisation,
onkologie,2026.0.3,2027.0.0-ballot.1,MII_PR_Onko_Operation,changed,https://www.medizininformatik-initiative.de/fhir/ext/modul-onko/StructureDefinition/mii-pr-onko-operation,,field-changed,Procedure.basedOn,Slicing-Diskriminator,—,"[{""type"": ""type"", ""path"": ""$this.resolve()""}]",
onkologie,2026.0.3,2027.0.0-ballot.1,MII_PR_Onko_Operation,changed,https://www.medizininformatik-initiative.de/fhir/ext/modul-onko/StructureDefinition/mii-pr-onko-operation,,field-changed,Procedure.basedOn,Slicing-Regel,—,open,
onkologie,2026.0.3,2027.0.0-ballot.1,MII_PR_Onko_Prostata_Gleason_Grade_Group,changed,https://www.medizininformatik-initiative.de/fhir/ext/modul-onko/StructureDefinition/mii-pr-onko-prostate-gleason-grade-group,,element-added,Observation.code.coding:loinc,,,"Kardinalität max: 1; Must Support: True; pattern: {""system"": ""http://loinc.org"", ""code"": ""94734-1"", ""display""…; pattern-Typ: patternCoding; Slice-Name: loinc",
onkologie,2026.0.3,2027.0.0-ballot.1,MII_PR_Onko_Prostata_Gleason_Grade_Group,changed,https://www.medizininformatik-initiative.de/fhir/ext/modul-onko/StructureDefinition/mii-pr-onko-prostate-gleason-grade-group,,element-added,Observation.code.coding:loinc.code,,,Kardinalität min: 1; Must Support: True,
onkologie,2026.0.3,2027.0.0-ballot.1,MII_PR_Onko_Prostata_Gleason_Grade_Group,changed,https://www.medizininformatik-initiative.de/fhir/ext/modul-onko/StructureDefinition/mii-pr-onko-prostate-gleason-grade-group,,element-added,Observation.code.coding:loinc.system,,,Kardinalität min: 1; Must Support: True; pattern: http://loinc.org; pattern-Typ: patternUri,
onkologie,2026.0.3,2027.0.0-ballot.1,MII_PR_Onko_Prostata_Gleason_Grade_Group,changed,https://www.medizininformatik-initiative.de/fhir/ext/modul-onko/StructureDefinition/mii-pr-onko-prostate-gleason-grade-group,,element-added,Observation.code.coding:snomed,,,"Kardinalität min: 1; Kardinalität max: 1; Must Support: True; pattern: {""system"": ""http://snomed.info/sct"", ""code"": ""1812491000004…; pattern-Typ: patternCoding; Slice-Name: snomed",
onkologie,2026.0.3,2027.0.0-ballot.1,MII_PR_Onko_Prostata_Gleason_Grade_Group,changed,https://www.medizininformatik-initiative.de/fhir/ext/modul-onko/StructureDefinition/mii-pr-onko-prostate-gleason-grade-group,,element-added,Observation.code.coding:snomed.code,,,Kardinalität min: 1; Must Support: True,
onkologie,2026.0.3,2027.0.0-ballot.1,MII_PR_Onko_Prostata_Gleason_Grade_Group,changed,https://www.medizininformatik-initiative.de/fhir/ext/modul-onko/StructureDefinition/mii-pr-onko-prostate-gleason-grade-group,,element-added,Observation.code.coding:snomed.system,,,Kardinalität min: 1; Must Support: True; pattern: http://snomed.info/sct; pattern-Typ: patternUri,
onkologie,2026.0.3,2027.0.0-ballot.1,MII_PR_Onko_Prostata_Gleason_Grade_Group,changed,https://www.medizininformatik-initiative.de/fhir/ext/modul-onko/StructureDefinition/mii-pr-onko-prostate-gleason-grade-group,,field-changed,Observation.code.coding,Kardinalität min,—,1,
onkologie,2026.0.3,2027.0.0-ballot.1,MII_PR_Onko_Prostata_Gleason_Grade_Group,changed,https://www.medizininformatik-initiative.de/fhir/ext/modul-onko/StructureDefinition/mii-pr-onko-prostate-gleason-grade-group,,field-changed,Observation.code.coding,pattern,"{""system"": ""http://snomed.info/sct"", ""code"": ""1812491000004107"", ""display"": ""Histologic g…",—,
onkologie,2026.0.3,2027.0.0-ballot.1,MII_PR_Onko_Prostata_Gleason_Grade_Group,changed,https://www.medizininformatik-initiative.de/fhir/ext/modul-onko/StructureDefinition/mii-pr-onko-prostate-gleason-grade-group,,field-changed,Observation.code.coding,pattern-Typ,patternCoding,—,
onkologie,2026.0.3,2027.0.0-ballot.1,MII_PR_Onko_Prostata_Gleason_Grade_Group,changed,https://www.medizininformatik-initiative.de/fhir/ext/modul-onko/StructureDefinition/mii-pr-onko-prostate-gleason-grade-group,,field-changed,Observation.code.coding,Slicing-Diskriminator,—,"[{""type"": ""pattern"", ""path"": ""system""}]",
onkologie,2026.0.3,2027.0.0-ballot.1,MII_PR_Onko_Prostata_Gleason_Grade_Group,changed,https://www.medizininformatik-initiative.de/fhir/ext/modul-onko/StructureDefinition/mii-pr-onko-prostate-gleason-grade-group,,field-changed,Observation.code.coding,Slicing-Regel,—,open,
onkologie,2026.0.3,2027.0.0-ballot.1,MII_PR_Onko_Prostata_Gleason_Pattern,changed,https://www.medizininformatik-initiative.de/fhir/ext/modul-onko/StructureDefinition/mii-pr-onko-prostate-gleason-patterns,,element-added,Observation.code.coding:loinc,,,Kardinalität max: 1; Must Support: True; Binding-Stärke: required; Binding-ValueSet: https://www.medizininformatik-initiative.de/fhir/ext/modul-…; Slice-Name: loinc,
onkologie,2026.0.3,2027.0.0-ballot.1,MII_PR_Onko_Prostata_Gleason_Pattern,changed,https://www.medizininformatik-initiative.de/fhir/ext/modul-onko/StructureDefinition/mii-pr-onko-prostate-gleason-patterns,,element-added,Observation.code.coding:loinc.code,,,Kardinalität min: 1; Must Support: True,
onkologie,2026.0.3,2027.0.0-ballot.1,MII_PR_Onko_Prostata_Gleason_Pattern,changed,https://www.medizininformatik-initiative.de/fhir/ext/modul-onko/StructureDefinition/mii-pr-onko-prostate-gleason-patterns,,element-added,Observation.code.coding:loinc.system,,,Kardinalität min: 1; Must Support: True; pattern: http://loinc.org; pattern-Typ: patternUri,
onkologie,2026.0.3,2027.0.0-ballot.1,MII_PR_Onko_Prostata_Gleason_Pattern,changed,https://www.medizininformatik-initiative.de/fhir/ext/modul-onko/StructureDefinition/mii-pr-onko-prostate-gleason-patterns,,element-added,Observation.code.coding:snomed,,,Kardinalität min: 1; Kardinalität max: 1; Must Support: True; Binding-Stärke: required; Binding-ValueSet: https://www.medizininformatik-initiative.de/fhir/ext/modul-…; Slice-Name: snomed,
onkologie,2026.0.3,2027.0.0-ballot.1,MII_PR_Onko_Prostata_Gleason_Pattern,changed,https://www.medizininformatik-initiative.de/fhir/ext/modul-onko/StructureDefinition/mii-pr-onko-prostate-gleason-patterns,,element-added,Observation.code.coding:snomed.code,,,Kardinalität min: 1; Must Support: True,
onkologie,2026.0.3,2027.0.0-ballot.1,MII_PR_Onko_Prostata_Gleason_Pattern,changed,https://www.medizininformatik-initiative.de/fhir/ext/modul-onko/StructureDefinition/mii-pr-onko-prostate-gleason-patterns,,element-added,Observation.code.coding:snomed.system,,,Kardinalität min: 1; Must Support: True; pattern: http://snomed.info/sct; pattern-Typ: patternUri,
onkologie,2026.0.3,2027.0.0-ballot.1,MII_PR_Onko_Prostata_Gleason_Pattern,changed,https://www.medizininformatik-initiative.de/fhir/ext/modul-onko/StructureDefinition/mii-pr-onko-prostate-gleason-patterns,,field-changed,Observation.code.coding,Kardinalität min,—,1,
onkologie,2026.0.3,2027.0.0-ballot.1,MII_PR_Onko_Prostata_Gleason_Pattern,changed,https://www.medizininformatik-initiative.de/fhir/ext/modul-onko/StructureDefinition/mii-pr-onko-prostate-gleason-patterns,,field-changed,Observation.code.coding,Binding-Stärke,required,—,
onkologie,2026.0.3,2027.0.0-ballot.1,MII_PR_Onko_Prostata_Gleason_Pattern,changed,https://www.medizininformatik-initiative.de/fhir/ext/modul-onko/StructureDefinition/mii-pr-onko-prostate-gleason-patterns,,field-changed,Observation.code.coding,Binding-ValueSet,https://www.medizininformatik-initiative.de/fhir/ext/modul-onko/ValueSet/mii-vs-onko-pros…,—,
onkologie,2026.0.3,2027.0.0-ballot.1,MII_PR_Onko_Prostata_Gleason_Pattern,changed,https://www.medizininformatik-initiative.de/fhir/ext/modul-onko/StructureDefinition/mii-pr-onko-prostate-gleason-patterns,,field-changed,Observation.code.coding,Slicing-Diskriminator,—,"[{""type"": ""pattern"", ""path"": ""system""}]",
onkologie,2026.0.3,2027.0.0-ballot.1,MII_PR_Onko_Prostata_Gleason_Pattern,changed,https://www.medizininformatik-initiative.de/fhir/ext/modul-onko/StructureDefinition/mii-pr-onko-prostate-gleason-patterns,,field-changed,Observation.code.coding,Slicing-Regel,—,open,
onkologie,2026.0.3,2027.0.0-ballot.1,MII_PR_Onko_Residualstatus,changed,https://www.medizininformatik-initiative.de/fhir/ext/modul-onko/StructureDefinition/mii-pr-onko-residualstatus,,field-changed,Observation.partOf,Typ,—,"[""Reference""]",
onkologie,2026.0.3,2027.0.0-ballot.1,MII_PR_Onko_Residualstatus,changed,https://www.medizininformatik-initiative.de/fhir/ext/modul-onko/StructureDefinition/mii-pr-onko-residualstatus,,field-changed,Observation.partOf,Referenzziel,—,"[""https://www.medizininformatik-initiative.de/fhir/ext/modul-onko/StructureDefinition/mii…",
onkologie,2026.0.3,2027.0.0-ballot.1,MII_PR_Onko_Strahlentherapie,changed,https://www.medizininformatik-initiative.de/fhir/ext/modul-onko/StructureDefinition/mii-pr-onko-strahlentherapie,,element-added,Procedure.basedOn:tumorkonferenz,,,"Kardinalität max: 1; Must Support: True; Typ: [""Reference""]; Referenzziel: [""https://www.medizininformatik-initiative.de/fhir/ext/modu…; Slice-Name: tumorkonferenz",
onkologie,2026.0.3,2027.0.0-ballot.1,MII_PR_Onko_Strahlentherapie,changed,https://www.medizininformatik-initiative.de/fhir/ext/modul-onko/StructureDefinition/mii-pr-onko-strahlentherapie,,field-changed,Procedure.basedOn,Slicing-Diskriminator,—,"[{""type"": ""type"", ""path"": ""$this.resolve()""}]",
onkologie,2026.0.3,2027.0.0-ballot.1,MII_PR_Onko_Strahlentherapie,changed,https://www.medizininformatik-initiative.de/fhir/ext/modul-onko/StructureDefinition/mii-pr-onko-strahlentherapie,,field-changed,Procedure.basedOn,Slicing-Regel,—,open,
onkologie,2026.0.3,2027.0.0-ballot.1,MII_PR_Onko_Strahlentherapie,changed,https://www.medizininformatik-initiative.de/fhir/ext/modul-onko/StructureDefinition/mii-pr-onko-strahlentherapie,,field-changed,Procedure.outcome.coding,Binding-ValueSet,https://www.medizininformatik-initiative.de/fhir/ext/modul-onko/ValueSet/mii-vs-strahlent…,https://www.medizininformatik-initiative.de/fhir/ext/modul-onko/ValueSet/mii-vs-onko-stra…,
onkologie,2026.0.3,2027.0.0-ballot.1,MII_PR_Onko_Strahlentherapie_Bestrahlung_Nuklearmedizin,changed,https://www.medizininformatik-initiative.de/fhir/ext/modul-onko/StructureDefinition/mii-pr-onko-strahlentherapie-bestrahlung-nuklearmedizin,,field-changed,Procedure.bodySite,Binding-ValueSet,https://www.medizininformatik-initiative.de/fhir/ext/modul-onko/ValueSet/mii-vs-strahlent…,https://www.medizininformatik-initiative.de/fhir/ext/modul-onko/ValueSet/mii-vs-onko-stra…,
onkologie,2026.0.3,2027.0.0-ballot.1,MII_PR_Onko_Strahlentherapie_Bestrahlung_Nuklearmedizin,changed,https://www.medizininformatik-initiative.de/fhir/ext/modul-onko/StructureDefinition/mii-pr-onko-strahlentherapie-bestrahlung-nuklearmedizin,,field-changed,Procedure.usedCode:Strahlenart,Binding-ValueSet,https://www.medizininformatik-initiative.de/fhir/ext/modul-onko/ValueSet/mii-vs-strahlent…,https://www.medizininformatik-initiative.de/fhir/ext/modul-onko/ValueSet/mii-vs-onko-stra…,
onkologie,2026.0.3,2027.0.0-ballot.1,MII_PR_Onko_Strahlentherapie_Bestrahlung_Strahlentherapie,changed,https://www.medizininformatik-initiative.de/fhir/ext/modul-onko/StructureDefinition/mii-pr-onko-strahlentherapie-bestrahlung-strahlentherapie,,field-changed,Procedure.bodySite,Binding-ValueSet,https://www.medizininformatik-initiative.de/fhir/ext/modul-onko/ValueSet/mii-vs-strahlent…,https://www.medizininformatik-initiative.de/fhir/ext/modul-onko/ValueSet/mii-vs-onko-stra…,
onkologie,2026.0.3,2027.0.0-ballot.1,MII_PR_Onko_Strahlentherapie_Bestrahlung_Strahlentherapie,changed,https://www.medizininformatik-initiative.de/fhir/ext/modul-onko/StructureDefinition/mii-pr-onko-strahlentherapie-bestrahlung-strahlentherapie,,field-changed,Procedure.usedCode:Strahlenart,Binding-ValueSet,https://www.medizininformatik-initiative.de/fhir/ext/modul-onko/ValueSet/mii-vs-strahlent…,https://www.medizininformatik-initiative.de/fhir/ext/modul-onko/ValueSet/mii-vs-onko-stra…,
onkologie,2026.0.3,2027.0.0-ballot.1,MII_PR_Onko_Systemische_Therapie,changed,https://www.medizininformatik-initiative.de/fhir/ext/modul-onko/StructureDefinition/mii-pr-onko-systemische-therapie,,element-added,Procedure.basedOn:tumorkonferenz,,,"Kardinalität max: 1; Must Support: True; Typ: [""Reference""]; Referenzziel: [""https://www.medizininformatik-initiative.de/fhir/ext/modu…; Slice-Name: tumorkonferenz",
onkologie,2026.0.3,2027.0.0-ballot.1,MII_PR_Onko_Systemische_Therapie,changed,https://www.medizininformatik-initiative.de/fhir/ext/modul-onko/StructureDefinition/mii-pr-onko-systemische-therapie,,field-changed,Procedure.basedOn,Slicing-Diskriminator,—,"[{""type"": ""type"", ""path"": ""$this.resolve()""}]",
onkologie,2026.0.3,2027.0.0-ballot.1,MII_PR_Onko_Systemische_Therapie,changed,https://www.medizininformatik-initiative.de/fhir/ext/modul-onko/StructureDefinition/mii-pr-onko-systemische-therapie,,field-changed,Procedure.basedOn,Slicing-Regel,—,open,
onkologie,2026.0.3,2027.0.0-ballot.1,MII_PR_Onko_Systemische_Therapie,changed,https://www.medizininformatik-initiative.de/fhir/ext/modul-onko/StructureDefinition/mii-pr-onko-systemische-therapie,,field-changed,Procedure.outcome,Binding-ValueSet,https://www.medizininformatik-initiative.de/fhir/ext/modul-onko/ValueSet/mii-vs-systemisc…,https://www.medizininformatik-initiative.de/fhir/ext/modul-onko/ValueSet/mii-vs-onko-syst…,
onkologie,2026.0.3,2027.0.0-ballot.1,MII_PR_Onko_Systemische_Therapie_Medikation,changed,https://www.medizininformatik-initiative.de/fhir/ext/modul-onko/StructureDefinition/mii-pr-onko-systemische-therapie-medikation,,element-added,MedicationStatement.basedOn:therapieempfehlung,,,"Kardinalität max: 1; Must Support: True; Typ: [""Reference""]; Referenzziel: [""https://www.medizininformatik-initiative.de/fhir/ext/modu…; Slice-Name: therapieempfehlung",
onkologie,2026.0.3,2027.0.0-ballot.1,MII_PR_Onko_Systemische_Therapie_Medikation,changed,https://www.medizininformatik-initiative.de/fhir/ext/modul-onko/StructureDefinition/mii-pr-onko-systemische-therapie-medikation,,element-added,MedicationStatement.basedOn:tumorkonferenz,,,"Kardinalität max: 1; Must Support: True; Typ: [""Reference""]; Referenzziel: [""https://www.medizininformatik-initiative.de/fhir/ext/modu…; Slice-Name: tumorkonferenz",
onkologie,2026.0.3,2027.0.0-ballot.1,MII_PR_Onko_Systemische_Therapie_Medikation,changed,https://www.medizininformatik-initiative.de/fhir/ext/modul-onko/StructureDefinition/mii-pr-onko-systemische-therapie-medikation,,element-added,MedicationStatement.medication[x]:medicationReference,,,"Typ: [""Reference""]; Referenzziel: [""https://www.medizininformatik-initiative.de/fhir/core/mod…; Slice-Name: medicationReference",
onkologie,2026.0.3,2027.0.0-ballot.1,MII_PR_Onko_Systemische_Therapie_Medikation,changed,https://www.medizininformatik-initiative.de/fhir/ext/modul-onko/StructureDefinition/mii-pr-onko-systemische-therapie-medikation,,field-changed,MedicationStatement.basedOn,Slicing-Diskriminator,—,"[{""type"": ""type"", ""path"": ""$this.resolve()""}]",
onkologie,2026.0.3,2027.0.0-ballot.1,MII_PR_Onko_Systemische_Therapie_Medikation,changed,https://www.medizininformatik-initiative.de/fhir/ext/modul-onko/StructureDefinition/mii-pr-onko-systemische-therapie-medikation,,field-changed,MedicationStatement.basedOn,Slicing-Regel,—,open,
onkologie,2026.0.3,2027.0.0-ballot.1,MII_PR_Onko_Systemische_Therapie_Medikation,changed,https://www.medizininformatik-initiative.de/fhir/ext/modul-onko/StructureDefinition/mii-pr-onko-systemische-therapie-medikation,,field-changed,MedicationStatement.medication[x]:medicationCodeableConcept,Kardinalität min,1,—,
onkologie,2026.0.3,2027.0.0-ballot.1,MII_PR_Onko_TNM_M_Kategorie,changed,https://www.medizininformatik-initiative.de/fhir/ext/modul-onko/StructureDefinition/mii-pr-onko-tnm-m-kategorie,,element-removed,Observation.value[x].coding.system,,Kardinalität min: 1; Must Support: True,,
onkologie,2026.0.3,2027.0.0-ballot.1,MII_PR_Onko_TNM_M_Kategorie,changed,https://www.medizininformatik-initiative.de/fhir/ext/modul-onko/StructureDefinition/mii-pr-onko-tnm-m-kategorie,,element-added,Observation,,,"Invarianten: [""tnm-sct-uicc-konsistenz""]",
onkologie,2026.0.3,2027.0.0-ballot.1,MII_PR_Onko_TNM_M_Kategorie,changed,https://www.medizininformatik-initiative.de/fhir/ext/modul-onko/StructureDefinition/mii-pr-onko-tnm-m-kategorie,,element-added,Observation.modifierExtension:aPraefix,,,"Kardinalität max: 1; Must Support: True; Typ: [""Extension""]; Typ-Profil: [""https://www.medizininformatik-initiative.de/fhir/ext/modu…; Slice-Name: aPraefix",
onkologie,2026.0.3,2027.0.0-ballot.1,MII_PR_Onko_TNM_M_Kategorie,changed,https://www.medizininformatik-initiative.de/fhir/ext/modul-onko/StructureDefinition/mii-pr-onko-tnm-m-kategorie,,element-added,Observation.modifierExtension:rPraefix,,,"Kardinalität max: 1; Must Support: True; Typ: [""Extension""]; Typ-Profil: [""https://www.medizininformatik-initiative.de/fhir/ext/modu…; Slice-Name: rPraefix",
onkologie,2026.0.3,2027.0.0-ballot.1,MII_PR_Onko_TNM_M_Kategorie,changed,https://www.medizininformatik-initiative.de/fhir/ext/modul-onko/StructureDefinition/mii-pr-onko-tnm-m-kategorie,,element-added,Observation.modifierExtension:yPraefix,,,"Kardinalität max: 1; Must Support: True; Typ: [""Extension""]; Typ-Profil: [""https://www.medizininformatik-initiative.de/fhir/ext/modu…; Slice-Name: yPraefix",
onkologie,2026.0.3,2027.0.0-ballot.1,MII_PR_Onko_TNM_M_Kategorie,changed,https://www.medizininformatik-initiative.de/fhir/ext/modul-onko/StructureDefinition/mii-pr-onko-tnm-m-kategorie,,element-added,Observation.value[x].coding:snomed-ct,,,Kardinalität max: 1; Must Support: True; Binding-Stärke: required; Binding-ValueSet: https://www.medizininformatik-initiative.de/fhir/ext/modul-…; Slice-Name: snomed-ct,
onkologie,2026.0.3,2027.0.0-ballot.1,MII_PR_Onko_TNM_M_Kategorie,changed,https://www.medizininformatik-initiative.de/fhir/ext/modul-onko/StructureDefinition/mii-pr-onko-tnm-m-kategorie,,element-added,Observation.value[x].coding:snomed-ct.code,,,Kardinalität min: 1; Must Support: True,
onkologie,2026.0.3,2027.0.0-ballot.1,MII_PR_Onko_TNM_M_Kategorie,changed,https://www.medizininformatik-initiative.de/fhir/ext/modul-onko/StructureDefinition/mii-pr-onko-tnm-m-kategorie,,element-added,Observation.value[x].coding:snomed-ct.system,,,Kardinalität min: 1; Must Support: True; pattern: http://snomed.info/sct; pattern-Typ: patternUri,
onkologie,2026.0.3,2027.0.0-ballot.1,MII_PR_Onko_TNM_M_Kategorie,changed,https://www.medizininformatik-initiative.de/fhir/ext/modul-onko/StructureDefinition/mii-pr-onko-tnm-m-kategorie,,element-added,Observation.value[x].coding:uicc,,,Kardinalität min: 1; Kardinalität max: 1; Must Support: True; Binding-Stärke: required; Binding-ValueSet: https://www.medizininformatik-initiative.de/fhir/ext/modul-…; Slice-Name: uicc,
onkologie,2026.0.3,2027.0.0-ballot.1,MII_PR_Onko_TNM_M_Kategorie,changed,https://www.medizininformatik-initiative.de/fhir/ext/modul-onko/StructureDefinition/mii-pr-onko-tnm-m-kategorie,,element-added,Observation.value[x].coding:uicc.code,,,Kardinalität min: 1; Must Support: True,
onkologie,2026.0.3,2027.0.0-ballot.1,MII_PR_Onko_TNM_M_Kategorie,changed,https://www.medizininformatik-initiative.de/fhir/ext/modul-onko/StructureDefinition/mii-pr-onko-tnm-m-kategorie,,element-added,Observation.value[x].coding:uicc.system,,,Kardinalität min: 1; Must Support: True; pattern: https://www.uicc.org/resources/tnm; pattern-Typ: patternUri,
onkologie,2026.0.3,2027.0.0-ballot.1,MII_PR_Onko_TNM_M_Kategorie,changed,https://www.medizininformatik-initiative.de/fhir/ext/modul-onko/StructureDefinition/mii-pr-onko-tnm-m-kategorie,,field-changed,Observation.value[x],Binding-Stärke,required,—,
onkologie,2026.0.3,2027.0.0-ballot.1,MII_PR_Onko_TNM_M_Kategorie,changed,https://www.medizininformatik-initiative.de/fhir/ext/modul-onko/StructureDefinition/mii-pr-onko-tnm-m-kategorie,,field-changed,Observation.value[x],Binding-ValueSet,https://www.medizininformatik-initiative.de/fhir/ext/modul-onko/ValueSet/mii-vs-onko-tnm-…,—,
onkologie,2026.0.3,2027.0.0-ballot.1,MII_PR_Onko_TNM_M_Kategorie,changed,https://www.medizininformatik-initiative.de/fhir/ext/modul-onko/StructureDefinition/mii-pr-onko-tnm-m-kategorie,,field-changed,Observation.value[x].coding,Kardinalität min,—,1,
onkologie,2026.0.3,2027.0.0-ballot.1,MII_PR_Onko_TNM_M_Kategorie,changed,https://www.medizininformatik-initiative.de/fhir/ext/modul-onko/StructureDefinition/mii-pr-onko-tnm-m-kategorie,,field-changed,Observation.value[x].coding,Slicing-Diskriminator,—,"[{""type"": ""pattern"", ""path"": ""$this""}]",
onkologie,2026.0.3,2027.0.0-ballot.1,MII_PR_Onko_TNM_M_Kategorie,changed,https://www.medizininformatik-initiative.de/fhir/ext/modul-onko/StructureDefinition/mii-pr-onko-tnm-m-kategorie,,field-changed,Observation.value[x].coding,Slicing-Regel,—,open,
onkologie,2026.0.3,2027.0.0-ballot.1,MII_PR_Onko_TNM_M_Kategorie,changed,https://www.medizininformatik-initiative.de/fhir/ext/modul-onko/StructureDefinition/mii-pr-onko-tnm-m-kategorie,,field-changed,Observation.value[x].coding.code,Kardinalität min,1,—,
onkologie,2026.0.3,2027.0.0-ballot.1,MII_PR_Onko_TNM_M_Kategorie,changed,https://www.medizininformatik-initiative.de/fhir/ext/modul-onko/StructureDefinition/mii-pr-onko-tnm-m-kategorie,,field-changed,Observation.value[x].coding.code,Must Support,True,False,
onkologie,2026.0.3,2027.0.0-ballot.1,MII_PR_Onko_TNM_N_Kategorie,changed,https://www.medizininformatik-initiative.de/fhir/ext/modul-onko/StructureDefinition/mii-pr-onko-tnm-n-kategorie,,element-removed,Observation.value[x].coding.system,,Kardinalität min: 1; Must Support: True,,
onkologie,2026.0.3,2027.0.0-ballot.1,MII_PR_Onko_TNM_N_Kategorie,changed,https://www.medizininformatik-initiative.de/fhir/ext/modul-onko/StructureDefinition/mii-pr-onko-tnm-n-kategorie,,element-added,Observation,,,"Invarianten: [""tnm-sct-uicc-konsistenz""]",
onkologie,2026.0.3,2027.0.0-ballot.1,MII_PR_Onko_TNM_N_Kategorie,changed,https://www.medizininformatik-initiative.de/fhir/ext/modul-onko/StructureDefinition/mii-pr-onko-tnm-n-kategorie,,element-added,Observation.modifierExtension:aPraefix,,,"Kardinalität max: 1; Must Support: True; Typ: [""Extension""]; Typ-Profil: [""https://www.medizininformatik-initiative.de/fhir/ext/modu…; Slice-Name: aPraefix",
onkologie,2026.0.3,2027.0.0-ballot.1,MII_PR_Onko_TNM_N_Kategorie,changed,https://www.medizininformatik-initiative.de/fhir/ext/modul-onko/StructureDefinition/mii-pr-onko-tnm-n-kategorie,,element-added,Observation.modifierExtension:rPraefix,,,"Kardinalität max: 1; Must Support: True; Typ: [""Extension""]; Typ-Profil: [""https://www.medizininformatik-initiative.de/fhir/ext/modu…; Slice-Name: rPraefix",
onkologie,2026.0.3,2027.0.0-ballot.1,MII_PR_Onko_TNM_N_Kategorie,changed,https://www.medizininformatik-initiative.de/fhir/ext/modul-onko/StructureDefinition/mii-pr-onko-tnm-n-kategorie,,element-added,Observation.modifierExtension:yPraefix,,,"Kardinalität max: 1; Must Support: True; Typ: [""Extension""]; Typ-Profil: [""https://www.medizininformatik-initiative.de/fhir/ext/modu…; Slice-Name: yPraefix",
onkologie,2026.0.3,2027.0.0-ballot.1,MII_PR_Onko_TNM_N_Kategorie,changed,https://www.medizininformatik-initiative.de/fhir/ext/modul-onko/StructureDefinition/mii-pr-onko-tnm-n-kategorie,,element-added,Observation.value[x].coding:snomed-ct,,,Kardinalität max: 1; Must Support: True; Binding-Stärke: required; Binding-ValueSet: https://www.medizininformatik-initiative.de/fhir/ext/modul-…; Slice-Name: snomed-ct,
onkologie,2026.0.3,2027.0.0-ballot.1,MII_PR_Onko_TNM_N_Kategorie,changed,https://www.medizininformatik-initiative.de/fhir/ext/modul-onko/StructureDefinition/mii-pr-onko-tnm-n-kategorie,,element-added,Observation.value[x].coding:snomed-ct.code,,,Kardinalität min: 1; Must Support: True,
onkologie,2026.0.3,2027.0.0-ballot.1,MII_PR_Onko_TNM_N_Kategorie,changed,https://www.medizininformatik-initiative.de/fhir/ext/modul-onko/StructureDefinition/mii-pr-onko-tnm-n-kategorie,,element-added,Observation.value[x].coding:snomed-ct.system,,,Kardinalität min: 1; Must Support: True; pattern: http://snomed.info/sct; pattern-Typ: patternUri,
onkologie,2026.0.3,2027.0.0-ballot.1,MII_PR_Onko_TNM_N_Kategorie,changed,https://www.medizininformatik-initiative.de/fhir/ext/modul-onko/StructureDefinition/mii-pr-onko-tnm-n-kategorie,,element-added,Observation.value[x].coding:uicc,,,Kardinalität min: 1; Kardinalität max: 1; Must Support: True; Binding-Stärke: required; Binding-ValueSet: https://www.medizininformatik-initiative.de/fhir/ext/modul-…; Slice-Name: uicc,
onkologie,2026.0.3,2027.0.0-ballot.1,MII_PR_Onko_TNM_N_Kategorie,changed,https://www.medizininformatik-initiative.de/fhir/ext/modul-onko/StructureDefinition/mii-pr-onko-tnm-n-kategorie,,element-added,Observation.value[x].coding:uicc.code,,,Kardinalität min: 1; Must Support: True,
onkologie,2026.0.3,2027.0.0-ballot.1,MII_PR_Onko_TNM_N_Kategorie,changed,https://www.medizininformatik-initiative.de/fhir/ext/modul-onko/StructureDefinition/mii-pr-onko-tnm-n-kategorie,,element-added,Observation.value[x].coding:uicc.system,,,Kardinalität min: 1; Must Support: True; pattern: https://www.uicc.org/resources/tnm; pattern-Typ: patternUri,
onkologie,2026.0.3,2027.0.0-ballot.1,MII_PR_Onko_TNM_N_Kategorie,changed,https://www.medizininformatik-initiative.de/fhir/ext/modul-onko/StructureDefinition/mii-pr-onko-tnm-n-kategorie,,field-changed,Observation.value[x],Binding-Stärke,required,—,
onkologie,2026.0.3,2027.0.0-ballot.1,MII_PR_Onko_TNM_N_Kategorie,changed,https://www.medizininformatik-initiative.de/fhir/ext/modul-onko/StructureDefinition/mii-pr-onko-tnm-n-kategorie,,field-changed,Observation.value[x],Binding-ValueSet,https://www.medizininformatik-initiative.de/fhir/ext/modul-onko/ValueSet/mii-vs-onko-tnm-…,—,
onkologie,2026.0.3,2027.0.0-ballot.1,MII_PR_Onko_TNM_N_Kategorie,changed,https://www.medizininformatik-initiative.de/fhir/ext/modul-onko/StructureDefinition/mii-pr-onko-tnm-n-kategorie,,field-changed,Observation.value[x].coding,Kardinalität min,—,1,
onkologie,2026.0.3,2027.0.0-ballot.1,MII_PR_Onko_TNM_N_Kategorie,changed,https://www.medizininformatik-initiative.de/fhir/ext/modul-onko/StructureDefinition/mii-pr-onko-tnm-n-kategorie,,field-changed,Observation.value[x].coding,Slicing-Diskriminator,—,"[{""type"": ""pattern"", ""path"": ""$this""}]",
onkologie,2026.0.3,2027.0.0-ballot.1,MII_PR_Onko_TNM_N_Kategorie,changed,https://www.medizininformatik-initiative.de/fhir/ext/modul-onko/StructureDefinition/mii-pr-onko-tnm-n-kategorie,,field-changed,Observation.value[x].coding,Slicing-Regel,—,open,
onkologie,2026.0.3,2027.0.0-ballot.1,MII_PR_Onko_TNM_N_Kategorie,changed,https://www.medizininformatik-initiative.de/fhir/ext/modul-onko/StructureDefinition/mii-pr-onko-tnm-n-kategorie,,field-changed,Observation.value[x].coding.code,Kardinalität min,1,—,
onkologie,2026.0.3,2027.0.0-ballot.1,MII_PR_Onko_TNM_N_Kategorie,changed,https://www.medizininformatik-initiative.de/fhir/ext/modul-onko/StructureDefinition/mii-pr-onko-tnm-n-kategorie,,field-changed,Observation.value[x].coding.code,Must Support,True,False,
onkologie,2026.0.3,2027.0.0-ballot.1,MII_PR_Onko_TNM_T_Kategorie,changed,https://www.medizininformatik-initiative.de/fhir/ext/modul-onko/StructureDefinition/mii-pr-onko-tnm-t-kategorie,,element-removed,Observation.value[x].coding.system,,Kardinalität min: 1; Must Support: True,,
onkologie,2026.0.3,2027.0.0-ballot.1,MII_PR_Onko_TNM_T_Kategorie,changed,https://www.medizininformatik-initiative.de/fhir/ext/modul-onko/StructureDefinition/mii-pr-onko-tnm-t-kategorie,,element-added,Observation,,,"Invarianten: [""tnm-sct-uicc-konsistenz""]",
onkologie,2026.0.3,2027.0.0-ballot.1,MII_PR_Onko_TNM_T_Kategorie,changed,https://www.medizininformatik-initiative.de/fhir/ext/modul-onko/StructureDefinition/mii-pr-onko-tnm-t-kategorie,,element-added,Observation.component,,,"Slicing-Diskriminator: [{""type"": ""pattern"", ""path"": ""code""}]; Slicing-Regel: open",
onkologie,2026.0.3,2027.0.0-ballot.1,MII_PR_Onko_TNM_T_Kategorie,changed,https://www.medizininformatik-initiative.de/fhir/ext/modul-onko/StructureDefinition/mii-pr-onko-tnm-t-kategorie,,element-added,Observation.component:multipleTumoren,,,Kardinalität max: 1; Must Support: True; Slice-Name: multipleTumoren,
onkologie,2026.0.3,2027.0.0-ballot.1,MII_PR_Onko_TNM_T_Kategorie,changed,https://www.medizininformatik-initiative.de/fhir/ext/modul-onko/StructureDefinition/mii-pr-onko-tnm-t-kategorie,,element-added,Observation.component:multipleTumoren.code,,,"pattern: {""coding"": [{""system"": ""http://loinc.org"", ""code"": ""42030-7…; pattern-Typ: patternCodeableConcept",
onkologie,2026.0.3,2027.0.0-ballot.1,MII_PR_Onko_TNM_T_Kategorie,changed,https://www.medizininformatik-initiative.de/fhir/ext/modul-onko/StructureDefinition/mii-pr-onko-tnm-t-kategorie,,element-added,Observation.component:multipleTumoren.value[x],,,"Typ: [""CodeableConcept""]; Binding-Stärke: required; Binding-ValueSet: https://www.medizininformatik-initiative.de/fhir/ext/modul-…",
onkologie,2026.0.3,2027.0.0-ballot.1,MII_PR_Onko_TNM_T_Kategorie,changed,https://www.medizininformatik-initiative.de/fhir/ext/modul-onko/StructureDefinition/mii-pr-onko-tnm-t-kategorie,,element-added,Observation.modifierExtension:aPraefix,,,"Kardinalität max: 1; Must Support: True; Typ: [""Extension""]; Typ-Profil: [""https://www.medizininformatik-initiative.de/fhir/ext/modu…; Slice-Name: aPraefix",
onkologie,2026.0.3,2027.0.0-ballot.1,MII_PR_Onko_TNM_T_Kategorie,changed,https://www.medizininformatik-initiative.de/fhir/ext/modul-onko/StructureDefinition/mii-pr-onko-tnm-t-kategorie,,element-added,Observation.modifierExtension:rPraefix,,,"Kardinalität max: 1; Must Support: True; Typ: [""Extension""]; Typ-Profil: [""https://www.medizininformatik-initiative.de/fhir/ext/modu…; Slice-Name: rPraefix",
onkologie,2026.0.3,2027.0.0-ballot.1,MII_PR_Onko_TNM_T_Kategorie,changed,https://www.medizininformatik-initiative.de/fhir/ext/modul-onko/StructureDefinition/mii-pr-onko-tnm-t-kategorie,,element-added,Observation.modifierExtension:yPraefix,,,"Kardinalität max: 1; Must Support: True; Typ: [""Extension""]; Typ-Profil: [""https://www.medizininformatik-initiative.de/fhir/ext/modu…; Slice-Name: yPraefix",
onkologie,2026.0.3,2027.0.0-ballot.1,MII_PR_Onko_TNM_T_Kategorie,changed,https://www.medizininformatik-initiative.de/fhir/ext/modul-onko/StructureDefinition/mii-pr-onko-tnm-t-kategorie,,element-added,Observation.value[x].coding:snomed-ct,,,Kardinalität max: 1; Must Support: True; Binding-Stärke: required; Binding-ValueSet: https://www.medizininformatik-initiative.de/fhir/ext/modul-…; Slice-Name: snomed-ct,
onkologie,2026.0.3,2027.0.0-ballot.1,MII_PR_Onko_TNM_T_Kategorie,changed,https://www.medizininformatik-initiative.de/fhir/ext/modul-onko/StructureDefinition/mii-pr-onko-tnm-t-kategorie,,element-added,Observation.value[x].coding:snomed-ct.code,,,Kardinalität min: 1; Must Support: True,
onkologie,2026.0.3,2027.0.0-ballot.1,MII_PR_Onko_TNM_T_Kategorie,changed,https://www.medizininformatik-initiative.de/fhir/ext/modul-onko/StructureDefinition/mii-pr-onko-tnm-t-kategorie,,element-added,Observation.value[x].coding:snomed-ct.system,,,Kardinalität min: 1; Must Support: True; pattern: http://snomed.info/sct; pattern-Typ: patternUri,
onkologie,2026.0.3,2027.0.0-ballot.1,MII_PR_Onko_TNM_T_Kategorie,changed,https://www.medizininformatik-initiative.de/fhir/ext/modul-onko/StructureDefinition/mii-pr-onko-tnm-t-kategorie,,element-added,Observation.value[x].coding:uicc,,,Kardinalität min: 1; Kardinalität max: 1; Must Support: True; Binding-Stärke: required; Binding-ValueSet: https://www.medizininformatik-initiative.de/fhir/ext/modul-…; Slice-Name: uicc,
onkologie,2026.0.3,2027.0.0-ballot.1,MII_PR_Onko_TNM_T_Kategorie,changed,https://www.medizininformatik-initiative.de/fhir/ext/modul-onko/StructureDefinition/mii-pr-onko-tnm-t-kategorie,,element-added,Observation.value[x].coding:uicc.code,,,Kardinalität min: 1; Must Support: True,
onkologie,2026.0.3,2027.0.0-ballot.1,MII_PR_Onko_TNM_T_Kategorie,changed,https://www.medizininformatik-initiative.de/fhir/ext/modul-onko/StructureDefinition/mii-pr-onko-tnm-t-kategorie,,element-added,Observation.value[x].coding:uicc.system,,,Kardinalität min: 1; Must Support: True; pattern: https://www.uicc.org/resources/tnm; pattern-Typ: patternUri,
onkologie,2026.0.3,2027.0.0-ballot.1,MII_PR_Onko_TNM_T_Kategorie,changed,https://www.medizininformatik-initiative.de/fhir/ext/modul-onko/StructureDefinition/mii-pr-onko-tnm-t-kategorie,,field-changed,Observation.value[x],Binding-Stärke,required,—,
onkologie,2026.0.3,2027.0.0-ballot.1,MII_PR_Onko_TNM_T_Kategorie,changed,https://www.medizininformatik-initiative.de/fhir/ext/modul-onko/StructureDefinition/mii-pr-onko-tnm-t-kategorie,,field-changed,Observation.value[x],Binding-ValueSet,https://www.medizininformatik-initiative.de/fhir/ext/modul-onko/ValueSet/mii-vs-onko-tnm-…,—,
onkologie,2026.0.3,2027.0.0-ballot.1,MII_PR_Onko_TNM_T_Kategorie,changed,https://www.medizininformatik-initiative.de/fhir/ext/modul-onko/StructureDefinition/mii-pr-onko-tnm-t-kategorie,,field-changed,Observation.value[x].coding,Kardinalität min,—,1,
onkologie,2026.0.3,2027.0.0-ballot.1,MII_PR_Onko_TNM_T_Kategorie,changed,https://www.medizininformatik-initiative.de/fhir/ext/modul-onko/StructureDefinition/mii-pr-onko-tnm-t-kategorie,,field-changed,Observation.value[x].coding,Slicing-Diskriminator,—,"[{""type"": ""pattern"", ""path"": ""$this""}]",
onkologie,2026.0.3,2027.0.0-ballot.1,MII_PR_Onko_TNM_T_Kategorie,changed,https://www.medizininformatik-initiative.de/fhir/ext/modul-onko/StructureDefinition/mii-pr-onko-tnm-t-kategorie,,field-changed,Observation.value[x].coding,Slicing-Regel,—,open,
onkologie,2026.0.3,2027.0.0-ballot.1,MII_PR_Onko_TNM_T_Kategorie,changed,https://www.medizininformatik-initiative.de/fhir/ext/modul-onko/StructureDefinition/mii-pr-onko-tnm-t-kategorie,,field-changed,Observation.value[x].coding.code,Kardinalität min,1,—,
onkologie,2026.0.3,2027.0.0-ballot.1,MII_PR_Onko_TNM_T_Kategorie,changed,https://www.medizininformatik-initiative.de/fhir/ext/modul-onko/StructureDefinition/mii-pr-onko-tnm-t-kategorie,,field-changed,Observation.value[x].coding.code,Must Support,True,False,
onkologie,2026.0.3,2027.0.0-ballot.1,MII_PR_Onko_Tumorkonferenz,changed,https://www.medizininformatik-initiative.de/fhir/ext/modul-onko/StructureDefinition/mii-pr-onko-tumorkonferenz,,field-changed,CarePlan.activity:extended.reference,Referenzziel,"[""http://hl7.org/fhir/StructureDefinition/MedicationRequest"", ""http://hl7.org/fhir/Struct…","[""https://www.medizininformatik-initiative.de/fhir/ext/modul-onko/StructureDefinition/mii…",
onkologie,2026.0.3,2027.0.0-ballot.1,MII_PR_Onko_Verlauf,changed,https://www.medizininformatik-initiative.de/fhir/ext/modul-onko/StructureDefinition/mii-pr-onko-verlauf,,field-changed,Observation.hasMember,Referenzziel,"[""http://hl7.org/fhir/StructureDefinition/Observation""]","[""https://www.medizininformatik-initiative.de/fhir/ext/modul-onko/StructureDefinition/mii…",
onkologie,2026.0.3,2027.0.0-ballot.1,MII_PR_Onko_Prostata_Gleason_Score_Gesamt,new,https://www.medizininformatik-initiative.de/fhir/ext/modul-onko/StructureDefinition/mii-pr-onko-prostate-gleason-score-gesamt,,profile-new,,,,,
onkologie,2026.0.3,2027.0.0-ballot.1,MII_PR_Onko_TNM_Klassifikation_Synthetisiert,new,https://www.medizininformatik-initiative.de/fhir/ext/modul-onko/StructureDefinition/mii-pr-onko-tnm-klassifikation-synthetisiert,,profile-new,,,,,
onkologie,2026.0.3,2027.0.0-ballot.1,MII_PR_Onko_Tumormarker,new,https://www.medizininformatik-initiative.de/fhir/ext/modul-onko/StructureDefinition/mii-pr-onko-tumormarker,,profile-new,,,,,
patho,2026.0.1,2027.0.0-ballot,MII_PR_Patho_Base_Observation,changed,https://www.medizininformatik-initiative.de/fhir/ext/modul-patho/StructureDefinition/mii-pr-patho-base-observation,,field-changed,Observation.bodySite.coding:sct,Binding-ValueSet,https://www.medizininformatik-initiative.de/fhir/ext/modul-biobank/ValueSet/sct-body-stru…,https://www.medizininformatik-initiative.de/fhir/ext/modul-biobank/ValueSet/mii-vs-bioban…,
patho,2026.0.1,2027.0.0-ballot,MII_PR_Patho_Composition,changed,https://www.medizininformatik-initiative.de/fhir/ext/modul-patho/StructureDefinition/mii-pr-patho-composition,,element-added,Composition.extension:diagnosticReport,,,"Kardinalität max: 1; Must Support: True; Typ: [""Extension""]; Typ-Profil: [""http://hl7.eu/fhir/extensions/StructureDefinition/composi…; Slice-Name: diagnosticReport",
patho,2026.0.1,2027.0.0-ballot,MII_PR_Patho_Composition,changed,https://www.medizininformatik-initiative.de/fhir/ext/modul-patho/StructureDefinition/mii-pr-patho-composition,,element-added,Composition.section:diagnostische-schlussfolgerung,,,Kardinalität max: 1; Must Support: True; Slice-Name: diagnostische-schlussfolgerung,
patho,2026.0.1,2027.0.0-ballot,MII_PR_Patho_Composition,changed,https://www.medizininformatik-initiative.de/fhir/ext/modul-patho/StructureDefinition/mii-pr-patho-composition,,element-added,Composition.section:diagnostische-schlussfolgerung.code.coding,,,"pattern: {""system"": ""http://loinc.org"", ""code"": ""22637-3""}; pattern-Typ: patternCoding",
patho,2026.0.1,2027.0.0-ballot,MII_PR_Patho_Composition,changed,https://www.medizininformatik-initiative.de/fhir/ext/modul-patho/StructureDefinition/mii-pr-patho-composition,,element-added,Composition.section:diagnostische-schlussfolgerung.entry,,,"Kardinalität max: 1; Typ: [""Reference""]; Referenzziel: [""https://www.medizininformatik-initiative.de/fhir/ext/modu…",
patho,2026.0.1,2027.0.0-ballot,MII_PR_Patho_Composition,changed,https://www.medizininformatik-initiative.de/fhir/ext/modul-patho/StructureDefinition/mii-pr-patho-composition,,element-added,Composition.section:intraoperativ,,,Kardinalität max: 1; Must Support: True; Slice-Name: intraoperativ,
patho,2026.0.1,2027.0.0-ballot,MII_PR_Patho_Composition,changed,https://www.medizininformatik-initiative.de/fhir/ext/modul-patho/StructureDefinition/mii-pr-patho-composition,,element-added,Composition.section:intraoperativ.code.coding,,,"pattern: {""system"": ""http://loinc.org"", ""code"": ""83321-0""}; pattern-Typ: patternCoding",
patho,2026.0.1,2027.0.0-ballot,MII_PR_Patho_Composition,changed,https://www.medizininformatik-initiative.de/fhir/ext/modul-patho/StructureDefinition/mii-pr-patho-composition,,element-added,Composition.section:intraoperativ.entry,,,"Kardinalität max: 1; Typ: [""Reference""]; Referenzziel: [""https://www.medizininformatik-initiative.de/fhir/ext/modu…",
patho,2026.0.1,2027.0.0-ballot,MII_PR_Patho_Composition,changed,https://www.medizininformatik-initiative.de/fhir/ext/modul-patho/StructureDefinition/mii-pr-patho-composition,,element-added,Composition.section:makroskopie,,,Kardinalität max: 1; Must Support: True; Slice-Name: makroskopie,
patho,2026.0.1,2027.0.0-ballot,MII_PR_Patho_Composition,changed,https://www.medizininformatik-initiative.de/fhir/ext/modul-patho/StructureDefinition/mii-pr-patho-composition,,element-added,Composition.section:makroskopie.code.coding,,,"pattern: {""system"": ""http://loinc.org"", ""code"": ""22634-0""}; pattern-Typ: patternCoding",
patho,2026.0.1,2027.0.0-ballot,MII_PR_Patho_Composition,changed,https://www.medizininformatik-initiative.de/fhir/ext/modul-patho/StructureDefinition/mii-pr-patho-composition,,element-added,Composition.section:makroskopie.entry,,,"Kardinalität max: 1; Typ: [""Reference""]; Referenzziel: [""https://www.medizininformatik-initiative.de/fhir/ext/modu…",
patho,2026.0.1,2027.0.0-ballot,MII_PR_Patho_Composition,changed,https://www.medizininformatik-initiative.de/fhir/ext/modul-patho/StructureDefinition/mii-pr-patho-composition,,element-added,Composition.section:mikroskopie,,,Kardinalität max: 1; Must Support: True; Slice-Name: mikroskopie,
patho,2026.0.1,2027.0.0-ballot,MII_PR_Patho_Composition,changed,https://www.medizininformatik-initiative.de/fhir/ext/modul-patho/StructureDefinition/mii-pr-patho-composition,,element-added,Composition.section:mikroskopie.code.coding,,,"pattern: {""system"": ""http://loinc.org"", ""code"": ""22635-7""}; pattern-Typ: patternCoding",
patho,2026.0.1,2027.0.0-ballot,MII_PR_Patho_Composition,changed,https://www.medizininformatik-initiative.de/fhir/ext/modul-patho/StructureDefinition/mii-pr-patho-composition,,element-added,Composition.section:mikroskopie.entry,,,"Kardinalität max: 1; Typ: [""Reference""]; Referenzziel: [""https://www.medizininformatik-initiative.de/fhir/ext/modu…",
patho,2026.0.1,2027.0.0-ballot,MII_PR_Patho_Composition,changed,https://www.medizininformatik-initiative.de/fhir/ext/modul-patho/StructureDefinition/mii-pr-patho-composition,,element-added,Composition.section:zusaetzliche-beobachtung,,,Kardinalität max: 1; Must Support: True; Slice-Name: zusaetzliche-beobachtung,
patho,2026.0.1,2027.0.0-ballot,MII_PR_Patho_Composition,changed,https://www.medizininformatik-initiative.de/fhir/ext/modul-patho/StructureDefinition/mii-pr-patho-composition,,element-added,Composition.section:zusaetzliche-beobachtung.code.coding,,,"pattern: {""system"": ""http://loinc.org"", ""code"": ""100969-5""}; pattern-Typ: patternCoding",
patho,2026.0.1,2027.0.0-ballot,MII_PR_Patho_Composition,changed,https://www.medizininformatik-initiative.de/fhir/ext/modul-patho/StructureDefinition/mii-pr-patho-composition,,element-added,Composition.section:zusaetzliche-beobachtung.entry,,,"Kardinalität max: 1; Typ: [""Reference""]; Referenzziel: [""https://www.medizininformatik-initiative.de/fhir/ext/modu…",
patho,2026.0.1,2027.0.0-ballot,MII_PR_Patho_Report,changed,https://www.medizininformatik-initiative.de/fhir/ext/modul-patho/StructureDefinition/mii-pr-patho-report,,element-added,DiagnosticReport.extension:composition,,,"Kardinalität max: 1; Must Support: True; Typ: [""Extension""]; Typ-Profil: [""http://hl7.org/fhir/5.0/StructureDefinition/extension-Dia…; Slice-Name: composition",
patho,2026.0.1,2027.0.0-ballot,MII_PR_Patho_Report,changed,https://www.medizininformatik-initiative.de/fhir/ext/modul-patho/StructureDefinition/mii-pr-patho-report,,field-changed,DiagnosticReport.code.coding,Slicing-Diskriminator,"[{""type"": ""pattern"", ""path"": ""$this""}]","[{""type"": ""value"", ""path"": ""system""}]",
patho,2026.0.1,2027.0.0-ballot,MII_PR_Patho_Report,changed,https://www.medizininformatik-initiative.de/fhir/ext/modul-patho/StructureDefinition/mii-pr-patho-report,,field-changed,DiagnosticReport.code.coding:pathology-report,Binding-Stärke,—,extensible,yes
patho,2026.0.1,2027.0.0-ballot,MII_PR_Patho_Report,changed,https://www.medizininformatik-initiative.de/fhir/ext/modul-patho/StructureDefinition/mii-pr-patho-report,,field-changed,DiagnosticReport.code.coding:pathology-report,Binding-ValueSet,—,https://www.medizininformatik-initiative.de/fhir/ext/modul-patho/ValueSet/mii-vs-patho-re…,
patho,2026.0.1,2027.0.0-ballot,MII_PR_Patho_Report,changed,https://www.medizininformatik-initiative.de/fhir/ext/modul-patho/StructureDefinition/mii-pr-patho-report,,field-changed,DiagnosticReport.code.coding:pathology-report,pattern,"{""system"": ""http://loinc.org"", ""code"": ""60568-3""}",—,
patho,2026.0.1,2027.0.0-ballot,MII_PR_Patho_Report,changed,https://www.medizininformatik-initiative.de/fhir/ext/modul-patho/StructureDefinition/mii-pr-patho-report,,field-changed,DiagnosticReport.code.coding:pathology-report,pattern-Typ,patternCoding,—,
patho,2026.0.1,2027.0.0-ballot,MII_PR_Patho_Report,changed,https://www.medizininformatik-initiative.de/fhir/ext/modul-patho/StructureDefinition/mii-pr-patho-report,,field-changed,DiagnosticReport.code.coding:pathology-report.system,fixed,—,http://loinc.org,yes
patho,2026.0.1,2027.0.0-ballot,MII_PR_Patho_Report,changed,https://www.medizininformatik-initiative.de/fhir/ext/modul-patho/StructureDefinition/mii-pr-patho-report,,field-changed,DiagnosticReport.code.coding:pathology-report.system,fixed-Typ,—,fixedUri,
patho,2026.0.1,2027.0.0-ballot,MII_PR_Patho_Service_Request,changed,https://www.medizininformatik-initiative.de/fhir/ext/modul-patho/StructureDefinition/mii-pr-patho-service-request,,field-changed,ServiceRequest.category,pattern,"{""coding"": [{""system"": ""http://snomed.info/sct"", ""code"": ""726007"", ""display"": ""Pathology …","{""coding"": [{""system"": ""http://snomed.info/sct"", ""code"": ""726007"", ""display"": ""Pathology …",
patho,2026.0.1,2027.0.0-ballot,MII_PR_Patho_Specimen,changed,https://www.medizininformatik-initiative.de/fhir/ext/modul-patho/StructureDefinition/mii-pr-patho-specimen,,element-removed,Specimen.collection.bodySite.extension:lateralityQualifier,,"Kardinalität max: 1; Must Support: True; Typ: [""Extension""]; Typ-Profil: [""http://hl7.org/fhir/us/mcode/StructureDefinition/mcode-la…; Slice-Name: lateralityQualifier",,
patho,2026.0.1,2027.0.0-ballot,MII_PR_Patho_Specimen,changed,https://www.medizininformatik-initiative.de/fhir/ext/modul-patho/StructureDefinition/mii-pr-patho-specimen,,element-removed,Specimen.collection.bodySite.extension:locationQualifier,,"Kardinalität max: *; Must Support: True; Typ: [""Extension""]; Typ-Profil: [""http://hl7.org/fhir/us/mcode/StructureDefinition/mcode-bo…; Slice-Name: locationQualifier",,
patho,2026.0.1,2027.0.0-ballot,MII_PR_Patho_Specimen,changed,https://www.medizininformatik-initiative.de/fhir/ext/modul-patho/StructureDefinition/mii-pr-patho-specimen,,element-added,Specimen.collection.bodySite.extension:bodyStructure,,,"Kardinalität max: 1; Must Support: True; Typ: [""Extension""]; Typ-Profil: [""http://hl7.org/fhir/5.0/StructureDefinition/extension-Spe…; Slice-Name: bodyStructure",
patho,2026.0.1,2027.0.0-ballot,MII_PR_Patho_Specimen,changed,https://www.medizininformatik-initiative.de/fhir/ext/modul-patho/StructureDefinition/mii-pr-patho-specimen,,element-added,Specimen.collection.bodySite.extension:bodyStructure.extension,,,Kardinalität max: 0,
patho,2026.0.1,2027.0.0-ballot,MII_PR_Patho_Specimen,changed,https://www.medizininformatik-initiative.de/fhir/ext/modul-patho/StructureDefinition/mii-pr-patho-specimen,,element-added,Specimen.collection.bodySite.extension:bodyStructure.value[x],,,"Typ: [""Reference""]; Referenzziel: [""http://hl7.org/fhir/StructureDefinition/BodyStructure""]",
pros,2026.2.0,2027.0.0-ballot.1,MII_PR_PRO_QuestionnaireResponse,changed,https://www.medizininformatik-initiative.de/fhir/ext/modul-pro/StructureDefinition/mii-pr-pro-questionnaire-response,,element-added,QuestionnaireResponse.item.answer.value[x],,,"Slicing-Diskriminator: [{""type"": ""type"", ""path"": ""$this""}]; Slicing-Regel: open",
pros,2026.2.0,2027.0.0-ballot.1,MII_PR_PRO_QuestionnaireResponse,changed,https://www.medizininformatik-initiative.de/fhir/ext/modul-pro/StructureDefinition/mii-pr-pro-questionnaire-response,,element-added,QuestionnaireResponse.item.answer.value[x]:valueCoding,,,"Kardinalität max: 1; Typ: [""Coding""]; Slice-Name: valueCoding",
pros,2026.2.0,2027.0.0-ballot.1,MII_PR_PRO_QuestionnaireResponse,changed,https://www.medizininformatik-initiative.de/fhir/ext/modul-pro/StructureDefinition/mii-pr-pro-questionnaire-response,,element-added,QuestionnaireResponse.item.answer.value[x]:valueCoding.display,,,Must Support: True,
pros,2026.2.0,2027.0.0-ballot.1,MII_PR_PRO_QuestionnaireResponse,changed,https://www.medizininformatik-initiative.de/fhir/ext/modul-pro/StructureDefinition/mii-pr-pro-questionnaire-response,,element-added,QuestionnaireResponse.item.answer.value[x]:valueCoding.display.extension:translation,,,"Kardinalität max: *; Must Support: True; Typ: [""Extension""]; Typ-Profil: [""http://hl7.org/fhir/StructureDefinition/translation""]; Slice-Name: translation",
pros,2026.2.0,2027.0.0-ballot.1,MII_PR_PRO_QuestionnaireResponse,changed,https://www.medizininformatik-initiative.de/fhir/ext/modul-pro/StructureDefinition/mii-pr-pro-questionnaire-response,,element-added,QuestionnaireResponse.item.text.extension:translation,,,"Kardinalität max: *; Must Support: True; Typ: [""Extension""]; Typ-Profil: [""http://hl7.org/fhir/StructureDefinition/translation""]; Slice-Name: translation",
pros,2026.2.0,2027.0.0-ballot.1,MII_PR_PRO_Observation_PHQ_15,new,https://www.medizininformatik-initiative.de/fhir/ext/modul-pro/StructureDefinition/mii-pr-pro-observation-phq-15,,profile-new,,,,,
pros,2026.2.0,2027.0.0-ballot.1,MII_PR_PRO_Observation_PHQ_9,new,https://www.medizininformatik-initiative.de/fhir/ext/modul-pro/StructureDefinition/mii-pr-pro-observation-phq-9,,profile-new,,,,,
pros,2026.2.0,2027.0.0-ballot.1,MII_PR_PRO_Observation_WHODAS_12,new,https://www.medizininformatik-initiative.de/fhir/ext/modul-pro/StructureDefinition/mii-pr-pro-observation-whodas12,,profile-new,,,,,
seltene,2026.0.1,2027.0.0-ballot,MII_PR_Seltene_Blutgruppe,changed,https://www.medizininformatik-initiative.de/fhir/ext/modul-seltene/StructureDefinition/mii-pr-seltene-blutgruppe,,field-changed,Observation.value[x].coding,Slicing-Diskriminator,"[{""type"": ""pattern"", ""path"": ""$this""}]","[{""type"": ""value"", ""path"": ""system""}]",
seltene,2026.0.1,2027.0.0-ballot,MII_PR_Seltene_Blutgruppe,changed,https://www.medizininformatik-initiative.de/fhir/ext/modul-seltene/StructureDefinition/mii-pr-seltene-blutgruppe,,field-changed,Observation.value[x].coding:loinc.system,Kardinalität min,—,1,
seltene,2026.0.1,2027.0.0-ballot,MII_PR_Seltene_Blutgruppe,changed,https://www.medizininformatik-initiative.de/fhir/ext/modul-seltene/StructureDefinition/mii-pr-seltene-blutgruppe,,field-changed,Observation.value[x].coding:snomed.system,Kardinalität min,—,1,
seltene,2026.0.1,2027.0.0-ballot,MII_PR_Seltene_ClinicalDiagnosis,changed,https://www.medizininformatik-initiative.de/fhir/ext/modul-seltene/StructureDefinition/mii-pr-seltene-clinical-diagnosis,,element-removed,Condition.abatement[x],,Must Support: True,,
seltene,2026.0.1,2027.0.0-ballot,MII_PR_Seltene_ClinicalDiagnosis,changed,https://www.medizininformatik-initiative.de/fhir/ext/modul-seltene/StructureDefinition/mii-pr-seltene-clinical-diagnosis,,field-changed,Condition.evidence.detail,Referenzziel,"[""http://hl7.org/fhir/StructureDefinition/Observation""]","[""http://hl7.org/fhir/StructureDefinition/DiagnosticReport"", ""http://hl7.org/fhir/Structu…",
seltene,2026.0.1,2027.0.0-ballot,MII_PR_Seltene_Familienanamnese,changed,https://www.medizininformatik-initiative.de/fhir/ext/modul-seltene/StructureDefinition/mii-pr-seltene-familienanamnese,,field-changed,FamilyMemberHistory.extension:vonSEBetroffen,Typ-Profil,"[""https://www.medizininformatik-initiative.de/fhir/ext/modul-seltene/StructureDefinition/…","[""https://www.medizininformatik-initiative.de/fhir/ext/modul-seltene/StructureDefinition/…",
seltene,2026.0.1,2027.0.0-ballot,MII_PR_Seltene_GeneticDiagnosis,changed,https://www.medizininformatik-initiative.de/fhir/ext/modul-seltene/StructureDefinition/mii-pr-seltene-genetic-diagnosis,,element-removed,Condition.abatement[x],,Must Support: True,,
seltene,2026.0.1,2027.0.0-ballot,MII_PR_Seltene_GeneticDiagnosis,changed,https://www.medizininformatik-initiative.de/fhir/ext/modul-seltene/StructureDefinition/mii-pr-seltene-genetic-diagnosis,,field-changed,Condition,Invarianten,"[""se-genetic-evidence""]",—,
seltene,2026.0.1,2027.0.0-ballot,MII_PR_Seltene_Hueftumfang,changed,https://www.medizininformatik-initiative.de/fhir/ext/modul-seltene/StructureDefinition/mii-pr-seltene-hueftumfang,,field-changed,Observation.code,pattern,"{""coding"": [{""system"": ""http://loinc.org"", ""code"": ""56063-1"", ""display"": ""Circumference.a…","{""coding"": [{""system"": ""http://snomed.info/sct"", ""code"": ""284472007"", ""display"": ""Hip cir…",
seltene,2026.0.1,2027.0.0-ballot,MII_PR_Seltene_Kopfumfang,changed,https://www.medizininformatik-initiative.de/fhir/ext/modul-seltene/StructureDefinition/mii-pr-seltene-kopfumfang,,base-definition,,baseDefinition,https://www.medizininformatik-initiative.de/fhir/ext/modul-icu/StructureDefinition/mii-pr-icu-muv-kopfumfang,http://fhir.de/StructureDefinition/observation-de-vitalsign-kopfumfang,
seltene,2026.0.1,2027.0.0-ballot,MII_PR_Seltene_Kopfumfang,changed,https://www.medizininformatik-initiative.de/fhir/ext/modul-seltene/StructureDefinition/mii-pr-seltene-kopfumfang,,element-added,Observation.effective[x],,,"Slicing-Diskriminator: [{""type"": ""type"", ""path"": ""$this""}]; Slicing-Regel: open",
seltene,2026.0.1,2027.0.0-ballot,MII_PR_Seltene_Kopfumfang,changed,https://www.medizininformatik-initiative.de/fhir/ext/modul-seltene/StructureDefinition/mii-pr-seltene-kopfumfang,,field-changed,Observation.effective[x]:effectiveDateTime,Kardinalität min,—,0,
seltene,2026.0.1,2027.0.0-ballot,MII_PR_Seltene_Kopfumfang,changed,https://www.medizininformatik-initiative.de/fhir/ext/modul-seltene/StructureDefinition/mii-pr-seltene-kopfumfang,,field-changed,Observation.effective[x]:effectiveDateTime,Kardinalität max,—,1,
seltene,2026.0.1,2027.0.0-ballot,MII_PR_Seltene_Taillenumfang,changed,https://www.medizininformatik-initiative.de/fhir/ext/modul-seltene/StructureDefinition/mii-pr-seltene-taillenumfang,,field-changed,Observation.code,pattern,"{""coding"": [{""system"": ""http://loinc.org"", ""code"": ""8280-0"", ""display"": ""Waist Circumfere…","{""coding"": [{""system"": ""http://snomed.info/sct"", ""code"": ""276361009"", ""display"": ""Waist c…",
seltene,2026.0.1,2027.0.0-ballot,MII_PR_Seltene_Therapieempfehlung,changed,https://www.medizininformatik-initiative.de/fhir/ext/modul-seltene/StructureDefinition/mii-pr-seltene-therapieempfehlung,,element-removed,MedicationRequest.extension:Evidenzgraduierung,,"Kardinalität max: 1; Must Support: True; Typ: [""Extension""]; Typ-Profil: [""https://www.medizininformatik-initiative.de/fhir/ext/modu…; Slice-Name: Evidenzgraduierung",,
seltene,2026.0.1,2027.0.0-ballot,MII_PR_Seltene_Therapieempfehlung,changed,https://www.medizininformatik-initiative.de/fhir/ext/modul-seltene/StructureDefinition/mii-pr-seltene-therapieempfehlung,,field-changed,MedicationRequest.category,Slicing-Diskriminator,"[{""type"": ""pattern"", ""path"": ""$this""}]","[{""type"": ""value"", ""path"": ""coding.system""}]",
seltene,2026.0.1,2027.0.0-ballot,MII_PR_Seltene_Therapieempfehlung,changed,https://www.medizininformatik-initiative.de/fhir/ext/modul-seltene/StructureDefinition/mii-pr-seltene-therapieempfehlung,,field-changed,MedicationRequest.category:MVGenomSeqTherapieStrategie.coding.system,pattern,—,https://www.medizininformatik-initiative.de/fhir/ext/modul-seltene/CodeSystem/mii-cs-selt…,yes
seltene,2026.0.1,2027.0.0-ballot,MII_PR_Seltene_Therapieempfehlung,changed,https://www.medizininformatik-initiative.de/fhir/ext/modul-seltene/StructureDefinition/mii-pr-seltene-therapieempfehlung,,field-changed,MedicationRequest.category:MVGenomSeqTherapieStrategie.coding.system,pattern-Typ,—,patternUri,
seltene,2026.0.1,2027.0.0-ballot,MII_PR_Seltene_Therapieempfehlung,changed,https://www.medizininformatik-initiative.de/fhir/ext/modul-seltene/StructureDefinition/mii-pr-seltene-therapieempfehlung,,field-changed,MedicationRequest.category:MVGenomSeqTherapieTyp.coding.system,pattern,—,https://www.medizininformatik-initiative.de/fhir/ext/modul-seltene/CodeSystem/mii-cs-selt…,yes
seltene,2026.0.1,2027.0.0-ballot,MII_PR_Seltene_Therapieempfehlung,changed,https://www.medizininformatik-initiative.de/fhir/ext/modul-seltene/StructureDefinition/mii-pr-seltene-therapieempfehlung,,field-changed,MedicationRequest.category:MVGenomSeqTherapieTyp.coding.system,pattern-Typ,—,patternUri,
seltene,2026.0.1,2027.0.0-ballot,MII_PR_Seltene_Therapieempfehlung_Kombination,changed,https://www.medizininformatik-initiative.de/fhir/ext/modul-seltene/StructureDefinition/mii-pr-seltene-therapieempfehlung-kombination,,element-removed,RequestGroup.extension:Evidenzgraduierung,,"Kardinalität max: 1; Must Support: True; Typ: [""Extension""]; Typ-Profil: [""https://www.medizininformatik-initiative.de/fhir/ext/modu…; Slice-Name: Evidenzgraduierung",,
seltene,2026.0.1,2027.0.0-ballot,MII_PR_Seltene_TherapieempfehlungNichtMedikamentoes,changed,https://www.medizininformatik-initiative.de/fhir/ext/modul-seltene/StructureDefinition/mii-pr-seltene-therapieempfehlung-nicht-medikamentoes,,element-removed,ServiceRequest.extension:Evidenzgraduierung,,"Kardinalität max: 1; Must Support: True; Typ: [""Extension""]; Typ-Profil: [""https://www.medizininformatik-initiative.de/fhir/ext/modu…; Slice-Name: Evidenzgraduierung",,
seltene,2026.0.1,2027.0.0-ballot,MII_PR_Seltene_TherapieempfehlungNichtMedikamentoes,changed,https://www.medizininformatik-initiative.de/fhir/ext/modul-seltene/StructureDefinition/mii-pr-seltene-therapieempfehlung-nicht-medikamentoes,,field-changed,ServiceRequest.category,Slicing-Diskriminator,"[{""type"": ""pattern"", ""path"": ""$this""}]","[{""type"": ""value"", ""path"": ""coding.system""}]",
seltene,2026.0.1,2027.0.0-ballot,MII_PR_Seltene_TherapieempfehlungNichtMedikamentoes,changed,https://www.medizininformatik-initiative.de/fhir/ext/modul-seltene/StructureDefinition/mii-pr-seltene-therapieempfehlung-nicht-medikamentoes,,field-changed,ServiceRequest.category:MVGenomSeqTherapieStrategie.coding.system,pattern,—,https://www.medizininformatik-initiative.de/fhir/ext/modul-seltene/CodeSystem/mii-cs-selt…,yes
seltene,2026.0.1,2027.0.0-ballot,MII_PR_Seltene_TherapieempfehlungNichtMedikamentoes,changed,https://www.medizininformatik-initiative.de/fhir/ext/modul-seltene/StructureDefinition/mii-pr-seltene-therapieempfehlung-nicht-medikamentoes,,field-changed,ServiceRequest.category:MVGenomSeqTherapieStrategie.coding.system,pattern-Typ,—,patternUri,
seltene,2026.0.1,2027.0.0-ballot,MII_PR_Seltene_TherapieempfehlungNichtMedikamentoes,changed,https://www.medizininformatik-initiative.de/fhir/ext/modul-seltene/StructureDefinition/mii-pr-seltene-therapieempfehlung-nicht-medikamentoes,,field-changed,ServiceRequest.category:MVGenomSeqTherapieTyp.coding.system,pattern,—,https://www.medizininformatik-initiative.de/fhir/ext/modul-seltene/CodeSystem/mii-cs-selt…,yes
seltene,2026.0.1,2027.0.0-ballot,MII_PR_Seltene_TherapieempfehlungNichtMedikamentoes,changed,https://www.medizininformatik-initiative.de/fhir/ext/modul-seltene/StructureDefinition/mii-pr-seltene-therapieempfehlung-nicht-medikamentoes,,field-changed,ServiceRequest.category:MVGenomSeqTherapieTyp.coding.system,pattern-Typ,—,patternUri,
seltene,2026.0.1,2027.0.0-ballot,MII_PR_Seltene_Therapieplan,changed,https://www.medizininformatik-initiative.de/fhir/ext/modul-seltene/StructureDefinition/mii-pr-seltene-therapieplan,,field-changed,CarePlan.activity:NichtMedikamentoesTherapie.reference,Referenzziel,"[""http://hl7.org/fhir/StructureDefinition/ServiceRequest"", ""https://www.medizininformatik…","[""https://www.medizininformatik-initiative.de/fhir/ext/modul-seltene/StructureDefinition/…",
seltene,2026.0.1,2027.0.0-ballot,MII_PR_Seltene_Consanguinity,new,https://www.medizininformatik-initiative.de/fhir/ext/modul-seltene/StructureDefinition/mii-pr-seltene-consanguinity,,profile-new,,,,,
seltene,2026.0.1,2027.0.0-ballot,MII_PR_Seltene_Geburtsgewicht,new,https://www.medizininformatik-initiative.de/fhir/ext/modul-seltene/StructureDefinition/mii-pr-seltene-geburtsgewicht,,profile-new,,,,,
seltene,2026.0.1,2027.0.0-ballot,MII_PR_Seltene_Geburtslaenge,new,https://www.medizininformatik-initiative.de/fhir/ext/modul-seltene/StructureDefinition/mii-pr-seltene-geburtslaenge,,profile-new,,,,,
seltene,2026.0.1,2027.0.0-ballot,MII_PR_Seltene_Gestationsalter,new,https://www.medizininformatik-initiative.de/fhir/ext/modul-seltene/StructureDefinition/mii-pr-seltene-gestationsalter,,profile-new,,,,,
seltene,2026.0.1,2027.0.0-ballot,MII_PR_Seltene_ICFAssessment,new,https://www.medizininformatik-initiative.de/fhir/ext/modul-seltene/StructureDefinition/mii-pr-seltene-icf-assessment,,profile-new,,,,,
seltene,2026.0.1,2027.0.0-ballot,MII_PR_Seltene_Registerteilnahme,new,https://www.medizininformatik-initiative.de/fhir/ext/modul-seltene/StructureDefinition/mii-pr-seltene-registerteilnahme,,profile-new,,,,,
soziodemographie,,2027.0.0-ballot,MII_PR_SDD_Ausbildung,new,https://www.medizininformatik-initiative.de/fhir/ext/modul-soziodemographie/StructureDefinition/mii-pr-sdd-ausbildung,,profile-new,,,,,
soziodemographie,,2027.0.0-ballot,MII_PR_SDD_Berufliche_Stellung,new,https://www.medizininformatik-initiative.de/fhir/ext/modul-soziodemographie/StructureDefinition/mii-pr-sdd-berufliche-stellung,,profile-new,,,,,
soziodemographie,,2027.0.0-ballot,MII_PR_SDD_Beschaeftigungsstatus,new,https://www.medizininformatik-initiative.de/fhir/ext/modul-soziodemographie/StructureDefinition/mii-pr-sdd-beschaeftigungsstatus,,profile-new,,,,,
soziodemographie,,2027.0.0-ballot,MII_PR_SDD_Betreuungssituation,new,https://www.medizininformatik-initiative.de/fhir/ext/modul-soziodemographie/StructureDefinition/mii-pr-sdd-betreuungssituation,,profile-new,,,,,
soziodemographie,,2027.0.0-ballot,MII_PR_SDD_Datenerhebung,new,https://www.medizininformatik-initiative.de/fhir/ext/modul-soziodemographie/StructureDefinition/mii-pr-sdd-datenerhebung,,profile-new,,,,,
soziodemographie,,2027.0.0-ballot,MII_PR_SDD_Einkommen,new,https://www.medizininformatik-initiative.de/fhir/ext/modul-soziodemographie/StructureDefinition/mii-pr-sdd-einkommen,,profile-new,,,,,
soziodemographie,,2027.0.0-ballot,MII_PR_SDD_Geburtsland_Mutter,new,https://www.medizininformatik-initiative.de/fhir/ext/modul-soziodemographie/StructureDefinition/mii-pr-sdd-geburtsland-mutter,,profile-new,,,,,
soziodemographie,,2027.0.0-ballot,MII_PR_SDD_Geburtsland_Vater,new,https://www.medizininformatik-initiative.de/fhir/ext/modul-soziodemographie/StructureDefinition/mii-pr-sdd-geburtsland-vater,,profile-new,,,,,
soziodemographie,,2027.0.0-ballot,MII_PR_SDD_Haushaltsgroesse,new,https://www.medizininformatik-initiative.de/fhir/ext/modul-soziodemographie/StructureDefinition/mii-pr-sdd-haushaltsgroesse,,profile-new,,,,,
soziodemographie,,2027.0.0-ballot,MII_PR_SDD_Lebenssituation,new,https://www.medizininformatik-initiative.de/fhir/ext/modul-soziodemographie/StructureDefinition/mii-pr-sdd-lebenssituation,,profile-new,,,,,
soziodemographie,,2027.0.0-ballot,MII_PR_SDD_Partnerschaft,new,https://www.medizininformatik-initiative.de/fhir/ext/modul-soziodemographie/StructureDefinition/mii-pr-sdd-partnerschaft,,profile-new,,,,,
soziodemographie,,2027.0.0-ballot,MII_PR_SDD_Schulabschluss,new,https://www.medizininformatik-initiative.de/fhir/ext/modul-soziodemographie/StructureDefinition/mii-pr-sdd-schulabschluss,,profile-new,,,,,
soziodemographie,,2027.0.0-ballot,MII_PR_SDD_Schuljahre,new,https://www.medizininformatik-initiative.de/fhir/ext/modul-soziodemographie/StructureDefinition/mii-pr-sdd-schuljahre,,profile-new,,,,,
soziodemographie,,2027.0.0-ballot,MII_PR_SDD_Schwerbehindertenausweis,new,https://www.medizininformatik-initiative.de/fhir/ext/modul-soziodemographie/StructureDefinition/mii-pr-sdd-schwerbehindertenausweis,,profile-new,,,,,
soziodemographie,,2027.0.0-ballot,MII_PR_SDD_SoziooekonomischeFaktoren,new,https://www.medizininformatik-initiative.de/fhir/ext/modul-soziodemographie/StructureDefinition/mii-pr-sdd-soziooekonomische-faktoren,,profile-new,,,,,
soziodemographie,,2027.0.0-ballot,MII_PR_SDD_Vertrauensperson,new,https://www.medizininformatik-initiative.de/fhir/ext/modul-soziodemographie/StructureDefinition/mii-pr-sdd-vertrauensperson,,profile-new,,,,,
studie,2026.0.2,2027.0.0-ballot,MII_PR_Studie_Studieneinschluss_Anfrage,changed,https://www.medizininformatik-initiative.de/fhir/modul-studie/StructureDefinition/mii-pr-studie-studieneinschluss-anfrage,,field-changed,ServiceRequest.category,pattern,"{""coding"": [{""system"": ""http://snomed.info/sct"", ""code"": ""110465008"", ""display"": ""Clinica…","{""coding"": [{""system"": ""http://snomed.info/sct"", ""code"": ""110465008"", ""display"": ""Clinica…",
studie,2026.0.2,2027.0.0-ballot,MII_PR_Studie_Studieneinschluss_Anfrage,changed,https://www.medizininformatik-initiative.de/fhir/modul-studie/StructureDefinition/mii-pr-studie-studieneinschluss-anfrage,,field-changed,ServiceRequest.code,pattern,"{""coding"": [{""system"": ""http://snomed.info/sct"", ""code"": ""702475000"", ""display"": ""Referra…","{""coding"": [{""system"": ""http://snomed.info/sct"", ""code"": ""702475000"", ""display"": ""Referra…",
symptom,,2027.0.0-ballot,MII_PR_Symptom_Condition,new,https://www.medizininformatik-initiative.de/fhir/modul-symptom/StructureDefinition/finding-condition,,profile-new,,,,,
symptom,,2027.0.0-ballot,MII_PR_Symptom_Observation,new,https://www.medizininformatik-initiative.de/fhir/modul-symptom/StructureDefinition/finding-observation,,profile-new,,,,,
