module,old_version,new_version,resource_type,old_name,new_name,score,jaccard,name_similarity,old_url,new_url,second_best,confirmed
diagnose,0.9.2,0.9.3,Condition,Diagnose,Diagnose,1.0,1.0,1.0,https://www.medizininformatik-initiative.de/fhir/core/StructureDefinition/Diagnose,https://www.medizininformatik-initiative.de/fhir/core/modul-diagnose/StructureDefinition/Diagnose,,
fall,0.9.1,0.9.2,Account,Abrechnungsfall,,,,,https://www.medizininformatik-initiative.de/fhir/core/StructureDefinition/Account/Abrechnungsfall,,,
fall,0.9.1,0.9.2,Encounter,Abteilungsfall,,,,,https://www.medizininformatik-initiative.de/fhir/core/StructureDefinition/Encounter/Abteilungsfall,,,
fall,0.9.1,0.9.2,Encounter,Versorgungsfall,,,,,https://www.medizininformatik-initiative.de/fhir/core/StructureDefinition/Encounter/Versorgungsfall,,,
fall,0.9.1,0.9.2,Encounter,Verwaltungsfall,,,,,https://www.medizininformatik-initiative.de/fhir/core/StructureDefinition/Encounter/Verwaltungsfall,,,
icu,1.0.0,2024.0.0-alpha1,Observation,SD_MII_ICU_Bilanzen_Generisch,,,,,https://www.medizininformatik-initiative.de/fhir/ext/modul-icu/StructureDefinition/bilanzen-generisch,,,
icu,1.0.0,2024.0.0-alpha1,Observation,SD_MII_ICU_Blutdruck,SD_MII_ICU_Arterieller_Blutdruck,0.325,0.134,0.769,https://www.medizininformatik-initiative.de/fhir/ext/modul-icu/StructureDefinition/blutdruck,https://www.medizininformatik-initiative.de/fhir/ext/modul-icu/StructureDefinition/arterieller-blutdruck,,
icu,1.0.0,2024.0.0-alpha1,Observation,SD_MII_ICU_Blutdruck_Generisch,SD_MII_ICU_Sonstige_Pulsatile_Druecke_Generisch,0.673,0.66,0.701,https://www.medizininformatik-initiative.de/fhir/ext/modul-icu/StructureDefinition/blutdruck-generisch,https://www.medizininformatik-initiative.de/fhir/ext/modul-icu/StructureDefinition/sonstige-pulsatile-druecke-generisch,https://www.medizininformatik-initiative.de/fhir/ext/modul-icu/StructureDefinition/arterieller-blutdruck (0.66),
icu,1.0.0,2024.0.0-alpha1,Observation,SD_MII_ICU_Periphere_Artierielle_Sauerstoffsaettigung,,,,,https://www.medizininformatik-initiative.de/fhir/ext/modul-icu/StructureDefinition/periphere-artierielle-sauerstoffsaettigung,,,
icu,2024.0.0-alpha1,2024.0.0-alpha2,Observation,SD_MII_ICU_Bilanz_Gesamte_Einfuhr,SD_MII_ICU_Bilanz_Gesamte_Einfuhr,1.0,1.0,1.0,https://www.medizininformatik-initiative.de/fhir/ext/modul-icu/StructureDefinition/bilanz_gesamte_einfuhr,https://www.medizininformatik-initiative.de/fhir/ext/modul-icu/StructureDefinition/bilanz-gesamte-einfuhr,https://www.medizininformatik-initiative.de/fhir/ext/modul-icu/StructureDefinition/inspiratorische-sauerstofffraktion-gemessen (0.49),
icu,2024.0.0-alpha1,2024.0.0-alpha2,Observation,SD_MII_ICU_Inspiratorische_Sauerstofffraktion,SD_MII_ICU_Inspiratorische_Sauerstofffraktion_Gemessen,0.856,0.833,0.909,https://www.medizininformatik-initiative.de/fhir/ext/modul-icu/StructureDefinition/inspiratorische-sauerstofffraktion,https://www.medizininformatik-initiative.de/fhir/ext/modul-icu/StructureDefinition/inspiratorische-sauerstofffraktion-gemessen,https://www.medizininformatik-initiative.de/fhir/ext/modul-icu/StructureDefinition/bilanz-gesamte-einfuhr (0.55),
icu,2024.0.0-alpha1,2024.0.0-alpha2,Observation,SD_MII_ICU_Score,,,,,https://www.medizininformatik-initiative.de/fhir/ext/modul-icu/StructureDefinition/score-fsh,,,
icu,2024.0.0-alpha1,2024.0.0-alpha2,Observation,SD_MII_ICU_Glascow_Coma_Score,,,,,https://www.medizininformatik-initiative.de/fhir/ext/modul-icu/StructureDefinition/scores/StructureDefinition/sd-mii-icu-glascow-coma-score-fsh,,,
icu,2024.0.0-alpha2,2024.0.0-alpha3,Observation,SD_MII_ICU_Bilanz_Ausfuhr_Drainage_OP,SD_MII_ICU_Bilanz_Ausfuhr_Opdrainage,0.971,1.0,0.904,https://www.medizininformatik-initiative.de/fhir/ext/modul-icu/StructureDefinition/bilanz-ausfuhr-drainage-op,https://www.medizininformatik-initiative.de/fhir/ext/modul-icu/StructureDefinition/bilanz-ausfuhr-opdrainage,https://www.medizininformatik-initiative.de/fhir/ext/modul-icu/StructureDefinition/bilanz-einfuhr-enterale-fluessigkeit (0.89),
icu,2024.0.0-alpha2,2024.0.0-alpha3,Observation,SD_MII_ICU_Bilanz_Ausfuhr_Drainage_Wund,SD_MII_ICU_Bilanz_Ausfuhr_Opdrainage,0.964,1.0,0.88,https://www.medizininformatik-initiative.de/fhir/ext/modul-icu/StructureDefinition/bilanz-ausfuhr-drainage-wund,https://www.medizininformatik-initiative.de/fhir/ext/modul-icu/StructureDefinition/bilanz-ausfuhr-opdrainage,https://www.medizininformatik-initiative.de/fhir/ext/modul-icu/StructureDefinition/bilanz-einfuhr-enterale-fluessigkeit (0.90),
icu,2024.0.0-alpha2,2024.0.0-alpha3,Observation,SD_MII_ICU_Bilanz_Einfuhr_Enterale_Fluesse,SD_MII_ICU_Bilanz_Einfuhr_Enterale_Fluessigkeit,0.983,1.0,0.944,https://www.medizininformatik-initiative.de/fhir/ext/modul-icu/StructureDefinition/bilanz-einfuhr-enterale-fluesse,https://www.medizininformatik-initiative.de/fhir/ext/modul-icu/StructureDefinition/bilanz-einfuhr-enterale-fluessigkeit,https://www.medizininformatik-initiative.de/fhir/ext/modul-icu/StructureDefinition/bilanz-ausfuhr-opdrainage (0.90),
icu,2024.0.0-alpha2,2024.0.0-alpha3,Observation,SD_MII_ICU_Bilanz_Einfuhr_Oraler_Fluesse,SD_MII_ICU_Bilanz_Einfuhr_Enterale_Fluessigkeit,0.962,1.0,0.874,https://www.medizininformatik-initiative.de/fhir/ext/modul-icu/StructureDefinition/bilanz-einfuhr-oraler-fluesse,https://www.medizininformatik-initiative.de/fhir/ext/modul-icu/StructureDefinition/bilanz-einfuhr-enterale-fluessigkeit,https://www.medizininformatik-initiative.de/fhir/ext/modul-icu/StructureDefinition/bilanz-ausfuhr-opdrainage (0.91),
icu,2024.0.0-alpha2,2024.0.0-alpha3,Observation,SD_MII_ICU_Herzzeitvolumen,SD_MII_ICU_Herzzeitvolumen,0.738,0.625,1.0,https://www.medizininformatik-initiative.de/fhir/ext/modul-icu/StructureDefinition/herzzeitvolumen,https://www.medizininformatik-initiative.de/fhir/ext/modul-icu/StructureDefinition/scores/StructureDefinition/sd-mii-icu-herzzeitvolumen,https://www.medizininformatik-initiative.de/fhir/ext/modul-icu/StructureDefinition/scores/StructureDefinition/sd-mii-icu-koerpertemperatur-blut (0.57),
icu,2024.0.0-alpha2,2024.0.0-alpha3,Observation,SD_MII_ICU_Ideales_Koerpergewicht,SD_MII_ICU_Ideales_Koerpergewicht,0.65,0.5,1.0,https://www.medizininformatik-initiative.de/fhir/ext/modul-icu/StructureDefinition/ideales-koerpergewicht,https://www.medizininformatik-initiative.de/fhir/ext/modul-icu/StructureDefinition/scores/StructureDefinition/sd-mii-icu-ideales-koerpergewicht,https://www.medizininformatik-initiative.de/fhir/ext/modul-icu/StructureDefinition/scores/StructureDefinition/sd-mii-icu-herzzeitvolumen (0.59),
icu,2024.0.0-alpha2,2024.0.0-alpha3,Observation,SD_MII_ICU_Intrakranieller_Druck_Icp,SD_MII_ICU_Intrakranieller_Druck_Icp,0.65,0.5,1.0,https://www.medizininformatik-initiative.de/fhir/ext/modul-icu/StructureDefinition/intrakranieller-druck-icp,https://www.medizininformatik-initiative.de/fhir/ext/modul-icu/StructureDefinition/scores/StructureDefinition/sd-mii-icu-intrakranieller-druck-icp,https://www.medizininformatik-initiative.de/fhir/ext/modul-icu/StructureDefinition/scores/StructureDefinition/sd-mii-icu-herzzeitvolumen (0.57),
icu,2024.0.0-alpha2,2024.0.0-alpha3,Observation,SD_MII_ICU_Koerpergewicht_Percentil_Altersabhaengig,SD_MII_ICU_Koerpergewicht_Percentil_Altersabhaengig,0.767,0.667,1.0,https://www.medizininformatik-initiative.de/fhir/ext/modul-icu/StructureDefinition/koerpergewicht-percentil-altersabhaengig,https://www.medizininformatik-initiative.de/fhir/ext/modul-icu/StructureDefinition/scores/StructureDefinition/sd-mii-icu-koerpergewicht-percentil-altersabhaengig,https://www.medizininformatik-initiative.de/fhir/ext/modul-icu/StructureDefinition/scores/StructureDefinition/sd-mii-icu-koerpergroesse-percentil (0.68),
icu,2024.0.0-alpha2,2024.0.0-alpha3,Observation,SD_MII_ICU_Koerpertemperatur_Achsel,SD_MII_ICU_Koerpertemperatur_Achsel,0.883,0.833,1.0,https://www.medizininformatik-initiative.de/fhir/ext/modul-icu/StructureDefinition/koerpertemperatur-achsel,https://www.medizininformatik-initiative.de/fhir/ext/modul-icu/StructureDefinition/scores/StructureDefinition/sd-mii-icu-koerpertemperatur-achsel,https://www.medizininformatik-initiative.de/fhir/ext/modul-icu/StructureDefinition/scores/StructureDefinition/sd-mii-icu-koerpertemperatur-harnblase (0.84),
icu,2024.0.0-alpha2,2024.0.0-alpha3,Observation,SD_MII_ICU_Koerpertemperatur_Atemwege,SD_MII_ICU_Koerpertemperatur_Atemwege,0.86,0.8,1.0,https://www.medizininformatik-initiative.de/fhir/ext/modul-icu/StructureDefinition/koerpertemperatur-atemwege,https://www.medizininformatik-initiative.de/fhir/ext/modul-icu/StructureDefinition/scores/StructureDefinition/sd-mii-icu-koerpertemperatur-atemwege,https://www.medizininformatik-initiative.de/fhir/ext/modul-icu/StructureDefinition/scores/StructureDefinition/sd-mii-icu-koerpertemperatur-gelenk (0.82),
icu,2024.0.0-alpha2,2024.0.0-alpha3,Observation,SD_MII_ICU_Koerpertemperatur_Blut,SD_MII_ICU_Koerpertemperatur_Blut,0.86,0.8,1.0,https://www.medizininformatik-initiative.de/fhir/ext/modul-icu/StructureDefinition/koerpertemperatur-blut,https://www.medizininformatik-initiative.de/fhir/ext/modul-icu/StructureDefinition/scores/StructureDefinition/sd-mii-icu-koerpertemperatur-blut,https://www.medizininformatik-initiative.de/fhir/ext/modul-icu/StructureDefinition/scores/StructureDefinition/sd-mii-icu-herzzeitvolumen (0.76),
icu,2024.0.0-alpha2,2024.0.0-alpha3,Observation,SD_MII_ICU_Koerpertemperatur_Brust,SD_MII_ICU_Koerpertemperatur_Brust,0.86,0.8,1.0,https://www.medizininformatik-initiative.de/fhir/ext/modul-icu/StructureDefinition/koerpertemperatur-brust,https://www.medizininformatik-initiative.de/fhir/ext/modul-icu/StructureDefinition/scores/StructureDefinition/sd-mii-icu-koerpertemperatur-brust,https://www.medizininformatik-initiative.de/fhir/ext/modul-icu/StructureDefinition/scores/StructureDefinition/sd-mii-icu-koerpertemperatur-brustwirbelsaeule (0.81),
icu,2024.0.0-alpha2,2024.0.0-alpha3,Observation,SD_MII_ICU_Koerpertemperatur_Brustwirbelsaeule,SD_MII_ICU_Koerpertemperatur_Brustwirbelsaeule,0.86,0.8,1.0,https://www.medizininformatik-initiative.de/fhir/ext/modul-icu/StructureDefinition/koerpertemperatur-brustwirbelsaeule,https://www.medizininformatik-initiative.de/fhir/ext/modul-icu/StructureDefinition/scores/StructureDefinition/sd-mii-icu-koerpertemperatur-brustwirbelsaeule,https://www.medizininformatik-initiative.de/fhir/ext/modul-icu/StructureDefinition/scores/StructureDefinition/sd-mii-icu-koerpertemperatur-halswirbelsaeule (0.84),
icu,2024.0.0-alpha2,2024.0.0-alpha3,Observation,SD_MII_ICU_Koerpertemperatur_Gelenk,SD_MII_ICU_Koerpertemperatur_Gelenk,0.86,0.8,1.0,https://www.medizininformatik-initiative.de/fhir/ext/modul-icu/StructureDefinition/koerpertemperatur-gelenk,https://www.medizininformatik-initiative.de/fhir/ext/modul-icu/StructureDefinition/scores/StructureDefinition/sd-mii-icu-koerpertemperatur-gelenk,https://www.medizininformatik-initiative.de/fhir/ext/modul-icu/StructureDefinition/scores/StructureDefinition/sd-mii-icu-koerpertemperatur-atemwege (0.82),
icu,2024.0.0-alpha2,2024.0.0-alpha3,Observation,SD_MII_ICU_Koerpertemperatur_Generisch,SD_MII_ICU_Koerpertemperatur_Generisch,0.86,0.8,1.0,https://www.medizininformatik-initiative.de/fhir/ext/modul-icu/StructureDefinition/koerpertemperatur-generisch,https://www.medizininformatik-initiative.de/fhir/ext/modul-icu/StructureDefinition/scores/StructureDefinition/sd-mii-icu-koerpertemperatur-generisch,https://www.medizininformatik-initiative.de/fhir/ext/modul-icu/StructureDefinition/scores/StructureDefinition/sd-mii-icu-herzzeitvolumen (0.75),
icu,2024.0.0-alpha2,2024.0.0-alpha3,Observation,SD_MII_ICU_Koerpertemperatur_Halswirbelsaeule,SD_MII_ICU_Koerpertemperatur_Halswirbelsaeule,0.86,0.8,1.0,https://www.medizininformatik-initiative.de/fhir/ext/modul-icu/StructureDefinition/koerpertemperatur-halswirbelsaeule,https://www.medizininformatik-initiative.de/fhir/ext/modul-icu/StructureDefinition/scores/StructureDefinition/sd-mii-icu-koerpertemperatur-halswirbelsaeule,https://www.medizininformatik-initiative.de/fhir/ext/modul-icu/StructureDefinition/scores/StructureDefinition/sd-mii-icu-koerpertemperatur-brustwirbelsaeule (0.84),
icu,2024.0.0-alpha2,2024.0.0-alpha3,Observation,SD_MII_ICU_Koerpertemperatur_Harnblase,SD_MII_ICU_Koerpertemperatur_Harnblase,0.883,0.833,1.0,https://www.medizininformatik-initiative.de/fhir/ext/modul-icu/StructureDefinition/koerpertemperatur-harnblase,https://www.medizininformatik-initiative.de/fhir/ext/modul-icu/StructureDefinition/scores/StructureDefinition/sd-mii-icu-koerpertemperatur-harnblase,https://www.medizininformatik-initiative.de/fhir/ext/modul-icu/StructureDefinition/scores/StructureDefinition/sd-mii-icu-koerpertemperatur-achsel (0.84),
icu,2024.0.0-alpha2,2024.0.0-alpha3,Observation,SD_MII_ICU_Koerpertemperatur_Kern,SD_MII_ICU_Koerpertemperatur_Blut,0.575,0.444,0.879,https://www.medizininformatik-initiative.de/fhir/ext/modul-icu/StructureDefinition/koerpertemperatur-kern,https://www.medizininformatik-initiative.de/fhir/ext/modul-icu/StructureDefinition/scores/StructureDefinition/sd-mii-icu-koerpertemperatur-blut,https://www.medizininformatik-initiative.de/fhir/ext/modul-icu/StructureDefinition/scores/StructureDefinition/sd-mii-icu-koerpertemperatur-achsel (0.54),
icu,2024.0.0-alpha2,2024.0.0-alpha3,Observation,SD_MII_ICU_Koerpertemperatur_Leiste,SD_MII_ICU_Koerpertemperatur_Brust,0.83,0.8,0.899,https://www.medizininformatik-initiative.de/fhir/ext/modul-icu/StructureDefinition/koerpertemperatur-leiste,https://www.medizininformatik-initiative.de/fhir/ext/modul-icu/StructureDefinition/scores/StructureDefinition/sd-mii-icu-koerpertemperatur-brust,https://www.medizininformatik-initiative.de/fhir/ext/modul-icu/StructureDefinition/scores/StructureDefinition/sd-mii-icu-koerpertemperatur-gelenk (0.83),
icu,2024.0.0-alpha2,2024.0.0-alpha3,Observation,SD_MII_ICU_Koerpertemperatur_Lendenwirbelsaeule,SD_MII_ICU_Koerpertemperatur_Halswirbelsaeule,0.827,0.8,0.891,https://www.medizininformatik-initiative.de/fhir/ext/modul-icu/StructureDefinition/koerpertemperatur-lendenwirbelsaeule,https://www.medizininformatik-initiative.de/fhir/ext/modul-icu/StructureDefinition/scores/StructureDefinition/sd-mii-icu-koerpertemperatur-halswirbelsaeule,https://www.medizininformatik-initiative.de/fhir/ext/modul-icu/StructureDefinition/scores/StructureDefinition/sd-mii-icu-koerpertemperatur-brustwirbelsaeule (0.82),
icu,2024.0.0-alpha2,2024.0.0-alpha3,Observation,SD_MII_ICU_Koerpertemperatur_Myokard,SD_MII_ICU_Koerpertemperatur_Harnblase,0.835,0.833,0.838,https://www.medizininformatik-initiative.de/fhir/ext/modul-icu/StructureDefinition/koerpertemperatur-myokard,https://www.medizininformatik-initiative.de/fhir/ext/modul-icu/StructureDefinition/scores/StructureDefinition/sd-mii-icu-koerpertemperatur-harnblase,https://www.medizininformatik-initiative.de/fhir/ext/modul-icu/StructureDefinition/scores/StructureDefinition/sd-mii-icu-koerpertemperatur-achsel (0.83),
icu,2024.0.0-alpha2,2024.0.0-alpha3,Observation,SD_MII_ICU_Koerpertemperatur_Nasal,SD_MII_ICU_Koerpertemperatur_Achsel,0.853,0.833,0.899,https://www.medizininformatik-initiative.de/fhir/ext/modul-icu/StructureDefinition/koerpertemperatur-nasal,https://www.medizininformatik-initiative.de/fhir/ext/modul-icu/StructureDefinition/scores/StructureDefinition/sd-mii-icu-koerpertemperatur-achsel,https://www.medizininformatik-initiative.de/fhir/ext/modul-icu/StructureDefinition/scores/StructureDefinition/sd-mii-icu-koerpertemperatur-harnblase (0.84),
icu,2024.0.0-alpha2,2024.0.0-alpha3,Observation,SD_MII_ICU_Koerpertemperatur_Nasen_Rachen_Raum,SD_MII_ICU_Koerpertemperatur_Halswirbelsaeule,0.791,0.8,0.769,https://www.medizininformatik-initiative.de/fhir/ext/modul-icu/StructureDefinition/koerpertemperatur-nasen-rachen-raum,https://www.medizininformatik-initiative.de/fhir/ext/modul-icu/StructureDefinition/scores/StructureDefinition/sd-mii-icu-koerpertemperatur-halswirbelsaeule,https://www.medizininformatik-initiative.de/fhir/ext/modul-icu/StructureDefinition/scores/StructureDefinition/sd-mii-icu-koerpertemperatur-gelenk (0.79),
icu,2024.0.0-alpha2,2024.0.0-alpha3,Observation,SD_MII_ICU_Koerpertemperatur_Rektal,SD_MII_ICU_Koerpertemperatur_Achsel,0.849,0.833,0.886,https://www.medizininformatik-initiative.de/fhir/ext/modul-icu/StructureDefinition/koerpertemperatur-rektal,https://www.medizininformatik-initiative.de/fhir/ext/modul-icu/StructureDefinition/scores/StructureDefinition/sd-mii-icu-koerpertemperatur-achsel,https://www.medizininformatik-initiative.de/fhir/ext/modul-icu/StructureDefinition/scores/StructureDefinition/sd-mii-icu-koerpertemperatur-harnblase (0.83),
icu,2024.0.0-alpha2,2024.0.0-alpha3,Observation,SD_MII_ICU_Koerpertemperatur_Speiseroehre,SD_MII_ICU_Koerpertemperatur_Achsel,0.828,0.833,0.816,https://www.medizininformatik-initiative.de/fhir/ext/modul-icu/StructureDefinition/koerpertemperatur-speiseroehre,https://www.medizininformatik-initiative.de/fhir/ext/modul-icu/StructureDefinition/scores/StructureDefinition/sd-mii-icu-koerpertemperatur-achsel,https://www.medizininformatik-initiative.de/fhir/ext/modul-icu/StructureDefinition/scores/StructureDefinition/sd-mii-icu-koerpertemperatur-harnblase (0.82),
icu,2024.0.0-alpha2,2024.0.0-alpha3,Observation,SD_MII_ICU_Koerpertemperatur_Stirn,SD_MII_ICU_Koerpertemperatur_Brust,0.825,0.8,0.882,https://www.medizininformatik-initiative.de/fhir/ext/modul-icu/StructureDefinition/koerpertemperatur-stirn,https://www.medizininformatik-initiative.de/fhir/ext/modul-icu/StructureDefinition/scores/StructureDefinition/sd-mii-icu-koerpertemperatur-brust,https://www.medizininformatik-initiative.de/fhir/ext/modul-icu/StructureDefinition/scores/StructureDefinition/sd-mii-icu-koerpertemperatur-gelenk (0.82),
icu,2024.0.0-alpha2,2024.0.0-alpha3,Observation,SD_MII_ICU_Koerpertemperatur_Trommelfell,SD_MII_ICU_Koerpertemperatur_Achsel,0.831,0.833,0.827,https://www.medizininformatik-initiative.de/fhir/ext/modul-icu/StructureDefinition/koerpertemperatur-trommelfell,https://www.medizininformatik-initiative.de/fhir/ext/modul-icu/StructureDefinition/scores/StructureDefinition/sd-mii-icu-koerpertemperatur-achsel,https://www.medizininformatik-initiative.de/fhir/ext/modul-icu/StructureDefinition/scores/StructureDefinition/sd-mii-icu-koerpertemperatur-harnblase (0.82),
icu,2024.0.0-alpha2,2024.0.0-alpha3,Observation,SD_MII_ICU_Koerpertemperatur_Unter_Der_Zunge,SD_MII_ICU_Koerpertemperatur_Achsel,0.811,0.833,0.759,https://www.medizininformatik-initiative.de/fhir/ext/modul-icu/StructureDefinition/koerpertemperatur-unter-der-zunge,https://www.medizininformatik-initiative.de/fhir/ext/modul-icu/StructureDefinition/scores/StructureDefinition/sd-mii-icu-koerpertemperatur-achsel,https://www.medizininformatik-initiative.de/fhir/ext/modul-icu/StructureDefinition/scores/StructureDefinition/sd-mii-icu-koerpertemperatur-harnblase (0.81),
icu,2024.0.0-alpha2,2024.0.0-alpha3,Observation,SD_MII_ICU_Koerpertemperatur_Vaginal,SD_MII_ICU_Koerpertemperatur_Gelenk,0.814,0.8,0.845,https://www.medizininformatik-initiative.de/fhir/ext/modul-icu/StructureDefinition/koerpertemperatur-vaginal,https://www.medizininformatik-initiative.de/fhir/ext/modul-icu/StructureDefinition/scores/StructureDefinition/sd-mii-icu-koerpertemperatur-gelenk,https://www.medizininformatik-initiative.de/fhir/ext/modul-icu/StructureDefinition/scores/StructureDefinition/sd-mii-icu-koerpertemperatur-brust (0.81),
icu,2024.0.0-alpha2,2024.0.0-alpha3,Observation,SD_MII_ICU_Linksatrialer_Druck,SD_MII_ICU_Intrakranieller_Druck_Icp,0.342,0.176,0.727,https://www.medizininformatik-initiative.de/fhir/ext/modul-icu/StructureDefinition/linksatrialer-druck,https://www.medizininformatik-initiative.de/fhir/ext/modul-icu/StructureDefinition/scores/StructureDefinition/sd-mii-icu-intrakranieller-druck-icp,,
icu,2024.0.0-alpha2,2024.0.0-alpha3,Observation,SD_MII_ICU_Linksventrikulaerer_Druck,SD_MII_ICU_Intrakranieller_Druck_Icp,0.3,0.143,0.667,https://www.medizininformatik-initiative.de/fhir/ext/modul-icu/StructureDefinition/linksventrikulaerer-druck,https://www.medizininformatik-initiative.de/fhir/ext/modul-icu/StructureDefinition/scores/StructureDefinition/sd-mii-icu-intrakranieller-druck-icp,,
icu,2024.0.0-alpha2,2024.0.0-alpha3,Observation,SD_MII_ICU_Linksventrikulaerer_Herzindex,SD_MII_ICU_Herzzeitvolumen,0.543,0.556,0.515,https://www.medizininformatik-initiative.de/fhir/ext/modul-icu/StructureDefinition/linksventrikulaerer-herzindex,https://www.medizininformatik-initiative.de/fhir/ext/modul-icu/StructureDefinition/scores/StructureDefinition/sd-mii-icu-herzzeitvolumen,https://www.medizininformatik-initiative.de/fhir/ext/modul-icu/StructureDefinition/scores/StructureDefinition/sd-mii-icu-koerpertemperatur-blut (0.49),
icu,2024.0.0-alpha2,2024.0.0-alpha3,Observation,SD_MII_ICU_Linksventrikulaerer_Herzindex_Durch_Indikatorverduennung,SD_MII_ICU_Herzzeitvolumen,0.434,0.444,0.409,https://www.medizininformatik-initiative.de/fhir/ext/modul-icu/StructureDefinition/linksventrikulaerer-herzindex-durch-indikatorverduennung,https://www.medizininformatik-initiative.de/fhir/ext/modul-icu/StructureDefinition/scores/StructureDefinition/sd-mii-icu-herzzeitvolumen,https://www.medizininformatik-initiative.de/fhir/ext/modul-icu/StructureDefinition/scores/StructureDefinition/sd-mii-icu-koerpertemperatur-atemwege (0.40),
icu,2024.0.0-alpha2,2024.0.0-alpha3,Observation,SD_MII_ICU_Linksventrikulaerer_Schlagvolumenindex_Durch_Indikatorverduennung,SD_MII_ICU_Herzzeitvolumen,0.474,0.5,0.412,https://www.medizininformatik-initiative.de/fhir/ext/modul-icu/StructureDefinition/linksventrikulaerer-schlagvolumenindex-durch-indikatorverduennung,https://www.medizininformatik-initiative.de/fhir/ext/modul-icu/StructureDefinition/scores/StructureDefinition/sd-mii-icu-herzzeitvolumen,https://www.medizininformatik-initiative.de/fhir/ext/modul-icu/StructureDefinition/scores/StructureDefinition/sd-mii-icu-koerpertemperatur-atemwege (0.42),
icu,2024.0.0-alpha2,2024.0.0-alpha3,Observation,SD_MII_ICU_Linksventrikulaeres_Herzzeitvolumen_Durch_Indikatorverduennung,SD_MII_ICU_Herzzeitvolumen,0.469,0.444,0.525,https://www.medizininformatik-initiative.de/fhir/ext/modul-icu/StructureDefinition/linksventrikulaeres-herzzeitvolumen-durch-indikatorverduennung,https://www.medizininformatik-initiative.de/fhir/ext/modul-icu/StructureDefinition/scores/StructureDefinition/sd-mii-icu-herzzeitvolumen,https://www.medizininformatik-initiative.de/fhir/ext/modul-icu/StructureDefinition/scores/StructureDefinition/sd-mii-icu-koerpertemperatur-atemwege (0.39),
icu,2024.0.0-alpha2,2024.0.0-alpha3,Observation,SD_MII_ICU_Linksventrikulaeres_Schlagvolumen,SD_MII_ICU_Herzzeitvolumen,0.617,0.625,0.6,https://www.medizininformatik-initiative.de/fhir/ext/modul-icu/StructureDefinition/linksventrikulaeres-schlagvolumen,https://www.medizininformatik-initiative.de/fhir/ext/modul-icu/StructureDefinition/scores/StructureDefinition/sd-mii-icu-herzzeitvolumen,https://www.medizininformatik-initiative.de/fhir/ext/modul-icu/StructureDefinition/scores/StructureDefinition/sd-mii-icu-koerpertemperatur-blut (0.53),
icu,2024.0.0-alpha2,2024.0.0-alpha3,Observation,SD_MII_ICU_Linksventrikulaeres_Schlagvolumen_Durch_Indikatorverduennung,SD_MII_ICU_Herzzeitvolumen,0.48,0.5,0.433,https://www.medizininformatik-initiative.de/fhir/ext/modul-icu/StructureDefinition/linksventrikulaeres-schlagvolumen-durch-indikatorverduennung,https://www.medizininformatik-initiative.de/fhir/ext/modul-icu/StructureDefinition/scores/StructureDefinition/sd-mii-icu-herzzeitvolumen,https://www.medizininformatik-initiative.de/fhir/ext/modul-icu/StructureDefinition/scores/StructureDefinition/sd-mii-icu-koerpertemperatur-atemwege (0.42),
icu,2024.0.0-alpha2,2024.0.0-alpha3,Observation,SD_MII_ICU_Linksventrikulaeres_Schlagvolumenindex,SD_MII_ICU_Herzzeitvolumen,0.868,1.0,0.56,https://www.medizininformatik-initiative.de/fhir/ext/modul-icu/StructureDefinition/linksventrikulaeres-schlagvolumenindex,https://www.medizininformatik-initiative.de/fhir/ext/modul-icu/StructureDefinition/scores/StructureDefinition/sd-mii-icu-herzzeitvolumen,https://www.medizininformatik-initiative.de/fhir/ext/modul-icu/StructureDefinition/scores/StructureDefinition/sd-mii-icu-intrakranieller-druck-icp (0.72),
icu,2024.0.0-alpha2,2024.0.0-alpha3,Observation,SD_MII_ICU_Monitoring_Und_Vitaldaten,,,,,https://www.medizininformatik-initiative.de/fhir/ext/modul-icu/StructureDefinition/monitoring-und-vitaldaten,,,
icu,2024.0.0-alpha2,2024.0.0-alpha3,Observation,SD_MII_ICU_Pulmonalarterieller_Blutdruck,,,,,https://www.medizininformatik-initiative.de/fhir/ext/modul-icu/StructureDefinition/pulmonalarterieller-blutdruck,,,
icu,2024.0.0-alpha2,2024.0.0-alpha3,Observation,SD_MII_ICU_Pulmonalarterieller_Wedge_Druck,SD_MII_ICU_Herzzeitvolumen,0.57,0.625,0.441,https://www.medizininformatik-initiative.de/fhir/ext/modul-icu/StructureDefinition/pulmonalarterieller-wedge-druck,https://www.medizininformatik-initiative.de/fhir/ext/modul-icu/StructureDefinition/scores/StructureDefinition/sd-mii-icu-herzzeitvolumen,https://www.medizininformatik-initiative.de/fhir/ext/modul-icu/StructureDefinition/scores/StructureDefinition/sd-mii-icu-koerpertemperatur-blut (0.55),
icu,2024.0.0-alpha2,2024.0.0-alpha3,Observation,SD_MII_ICU_Pulmonalvaskulaerer_Widerstandsindex,SD_MII_ICU_Herzzeitvolumen,0.529,0.556,0.466,https://www.medizininformatik-initiative.de/fhir/ext/modul-icu/StructureDefinition/pulmonalvaskulaerer-widerstandsindex,https://www.medizininformatik-initiative.de/fhir/ext/modul-icu/StructureDefinition/scores/StructureDefinition/sd-mii-icu-herzzeitvolumen,https://www.medizininformatik-initiative.de/fhir/ext/modul-icu/StructureDefinition/scores/StructureDefinition/sd-mii-icu-koerpertemperatur-blut (0.49),
icu,2024.0.0-alpha2,2024.0.0-alpha3,Observation,SD_MII_ICU_Puls,SD_MII_ICU_Herzzeitvolumen,0.557,0.545,0.585,https://www.medizininformatik-initiative.de/fhir/ext/modul-icu/StructureDefinition/puls,https://www.medizininformatik-initiative.de/fhir/ext/modul-icu/StructureDefinition/scores/StructureDefinition/sd-mii-icu-herzzeitvolumen,https://www.medizininformatik-initiative.de/fhir/ext/modul-icu/StructureDefinition/scores/StructureDefinition/sd-mii-icu-ideales-koerpergewicht (0.48),
icu,2024.0.0-alpha2,2024.0.0-alpha3,Observation,SD_MII_ICU_Rechtsatrialer_Druck,SD_MII_ICU_Intrakranieller_Druck_Icp,0.329,0.176,0.687,https://www.medizininformatik-initiative.de/fhir/ext/modul-icu/StructureDefinition/rechtsatrialer-druck,https://www.medizininformatik-initiative.de/fhir/ext/modul-icu/StructureDefinition/scores/StructureDefinition/sd-mii-icu-intrakranieller-druck-icp,,
icu,2024.0.0-alpha2,2024.0.0-alpha3,Observation,SD_MII_ICU_Rechtsventrikulaerer_Druck,,,,,https://www.medizininformatik-initiative.de/fhir/ext/modul-icu/StructureDefinition/rechtsventrikulaerer-druck,,,
icu,2024.0.0-alpha2,2024.0.0-alpha3,Observation,SD_MII_ICU_Sauerstoffsaettigung_Im_Arteriellen_Blut_Durch_Pulsoxymetrie,SD_MII_ICU_Koerpertemperatur_Harnblase,0.388,0.357,0.459,https://www.medizininformatik-initiative.de/fhir/ext/modul-icu/StructureDefinition/sauerstoffsaettigung-im-arteriellen-blut-durch-pulsoxymetrie,https://www.medizininformatik-initiative.de/fhir/ext/modul-icu/StructureDefinition/scores/StructureDefinition/sd-mii-icu-koerpertemperatur-harnblase,https://www.medizininformatik-initiative.de/fhir/ext/modul-icu/StructureDefinition/scores/StructureDefinition/sd-mii-icu-koerpertemperatur-achsel (0.36),
icu,2024.0.0-alpha2,2024.0.0-alpha3,Observation,SD_MII_ICU_Sauerstoffsaettigung_Im_Blut_Postduktal_Durch_Pulsoxymetrie,SD_MII_ICU_Herzzeitvolumen,0.437,0.455,0.396,https://www.medizininformatik-initiative.de/fhir/ext/modul-icu/StructureDefinition/sauerstoffsaettigung-im-blut-postduktal-durch-pulsoxymetrie,https://www.medizininformatik-initiative.de/fhir/ext/modul-icu/StructureDefinition/scores/StructureDefinition/sd-mii-icu-herzzeitvolumen,https://www.medizininformatik-initiative.de/fhir/ext/modul-icu/StructureDefinition/scores/StructureDefinition/sd-mii-icu-koerpertemperatur-blut (0.41),
icu,2024.0.0-alpha2,2024.0.0-alpha3,Observation,SD_MII_ICU_Sauerstoffsaettigung_Im_Blut_Preduktal_Durch_Pulsoxymetrie,SD_MII_ICU_Herzzeitvolumen,0.438,0.455,0.4,https://www.medizininformatik-initiative.de/fhir/ext/modul-icu/StructureDefinition/sauerstoffsaettigung-im-blut-preduktal-durch-pulsoxymetrie,https://www.medizininformatik-initiative.de/fhir/ext/modul-icu/StructureDefinition/scores/StructureDefinition/sd-mii-icu-herzzeitvolumen,https://www.medizininformatik-initiative.de/fhir/ext/modul-icu/StructureDefinition/scores/StructureDefinition/sd-mii-icu-koerpertemperatur-blut (0.41),
icu,2024.0.0-alpha2,2024.0.0-alpha3,Observation,SD_MII_ICU_Score,,,,,https://www.medizininformatik-initiative.de/fhir/ext/modul-icu/StructureDefinition/score,,,
icu,2024.0.0-alpha2,2024.0.0-alpha3,Observation,SD_MII_ICU_Score_Apgar_1_Min,,,,,https://www.medizininformatik-initiative.de/fhir/ext/modul-icu/StructureDefinition/score-apgar-1-min,,,
icu,2024.0.0-alpha2,2024.0.0-alpha3,Observation,SD_MII_ICU_Score_Apgar_10_Min,,,,,https://www.medizininformatik-initiative.de/fhir/ext/modul-icu/StructureDefinition/score-apgar-10-min,,,
icu,2024.0.0-alpha2,2024.0.0-alpha3,Observation,SD_MII_ICU_Score_Apgar_5_Min,,,,,https://www.medizininformatik-initiative.de/fhir/ext/modul-icu/StructureDefinition/score-apgar-5-min,,,
icu,2024.0.0-alpha2,2024.0.0-alpha3,Observation,SD_MII_ICU_Score_CHA2DS2_VASc,,,,,https://www.medizininformatik-initiative.de/fhir/ext/modul-icu/StructureDefinition/score-cha2ds2-vasc,,,
icu,2024.0.0-alpha2,2024.0.0-alpha3,Observation,SD_MII_ICU_Score_Child_Pugh,,,,,https://www.medizininformatik-initiative.de/fhir/ext/modul-icu/StructureDefinition/score-child-pugh,,,
icu,2024.0.0-alpha2,2024.0.0-alpha3,Observation,SD_MII_ICU_Score_Frailty Index,,,,,https://www.medizininformatik-initiative.de/fhir/ext/modul-icu/StructureDefinition/score-frailty-index,,,
icu,2024.0.0-alpha2,2024.0.0-alpha3,Observation,SD_MII_ICU_Score_Glasgow_Coma,,,,,https://www.medizininformatik-initiative.de/fhir/ext/modul-icu/StructureDefinition/score-glasgow-coma,,,
icu,2024.0.0-alpha2,2024.0.0-alpha3,Observation,SD_MII_ICU_Score_SOFA,,,,,https://www.medizininformatik-initiative.de/fhir/ext/modul-icu/StructureDefinition/score-sofa,,,
icu,2024.0.0-alpha2,2024.0.0-alpha3,Observation,SD_MII_ICU_Score_Therapeutic_Intervention,,,,,https://www.medizininformatik-initiative.de/fhir/ext/modul-icu/StructureDefinition/score-therapeutic-intervention,,,
icu,2024.0.0-alpha2,2024.0.0-alpha3,Observation,SD_MII_ICU_Sonstige_Pulsatile_Druecke_Generisch,,,,,https://www.medizininformatik-initiative.de/fhir/ext/modul-icu/StructureDefinition/sonstige-pulsatile-druecke-generisch,,,
icu,2024.0.0-alpha2,2024.0.0-alpha3,Observation,SD_MII_ICU_Systemischer_Vaskulaerer_Widerstandsindex,SD_MII_ICU_Herzzeitvolumen,0.512,0.556,0.41,https://www.medizininformatik-initiative.de/fhir/ext/modul-icu/StructureDefinition/systemischer-vaskulaerer-widerstandsindex,https://www.medizininformatik-initiative.de/fhir/ext/modul-icu/StructureDefinition/scores/StructureDefinition/sd-mii-icu-herzzeitvolumen,https://www.medizininformatik-initiative.de/fhir/ext/modul-icu/StructureDefinition/scores/StructureDefinition/sd-mii-icu-koerpertemperatur-blut (0.50),
icu,2024.0.0-alpha2,2024.0.0-alpha3,Observation,SD_MII_ICU_Zentralvenoeser_Blutdruck,SD_MII_ICU_Koerpertemperatur_Blut,0.583,0.571,0.609,https://www.medizininformatik-initiative.de/fhir/ext/modul-icu/StructureDefinition/zentralvenoeser-blutdruck,https://www.medizininformatik-initiative.de/fhir/ext/modul-icu/StructureDefinition/scores/StructureDefinition/sd-mii-icu-koerpertemperatur-blut,https://www.medizininformatik-initiative.de/fhir/ext/modul-icu/StructureDefinition/scores/StructureDefinition/sd-mii-icu-herzzeitvolumen (0.56),
icu,2024.0.0-alpha4,2025.0.0,Observation,SD_MII_ICU_Atemwegsdruck_Bei_Mittlerem_Expiratorischem_Gasfluss,SD_MII_ICU_Atemwegsdruck_Bei_Mitl_Exspiratorischem_Gasfluss,0.985,1.0,0.951,https://www.medizininformatik-initiative.de/fhir/ext/modul-icu/StructureDefinition/atemwegsdruck-bei-mittlerem-expiratorischem-gasfluss,https://www.medizininformatik-initiative.de/fhir/ext/modul-icu/StructureDefinition/atemwegsdruck-bei-mitl-exspiratorischem-gasfluss,https://www.medizininformatik-initiative.de/fhir/ext/modul-icu/StructureDefinition/atemwegsdruck-bei-null-exspiratorischem-gasfluss (0.97),
icu,2024.0.0-alpha4,2025.0.0,Observation,SD_MII_ICU_Atemwegsdruck_Bei_Null_Expiratorischem_Gasfluss,SD_MII_ICU_Atemwegsdruck_Bei_Null_Exspiratorischem_Gasfluss,0.997,1.0,0.991,https://www.medizininformatik-initiative.de/fhir/ext/modul-icu/StructureDefinition/atemwegsdruck-bei-null-expiratorischem-gasfluss,https://www.medizininformatik-initiative.de/fhir/ext/modul-icu/StructureDefinition/atemwegsdruck-bei-null-exspiratorischem-gasfluss,https://www.medizininformatik-initiative.de/fhir/ext/modul-icu/StructureDefinition/atemwegsdruck-bei-mitl-exspiratorischem-gasfluss (0.98),
icu,2024.0.0-alpha4,2025.0.0,Observation,SD_MII_ICU_Beatmungsvolumen_Pro_Minute_Maschineller_Beatmung,SD_MII_ICU_Beatmungsvolumen_Pro_Minute_Maschineller,0.976,1.0,0.919,https://www.medizininformatik-initiative.de/fhir/ext/modul-icu/StructureDefinition/beatmungsvolumen-pro-minute-maschineller-beatmung,https://www.medizininformatik-initiative.de/fhir/ext/modul-icu/StructureDefinition/beatmungsvolumen-pro-minute-maschineller,https://www.medizininformatik-initiative.de/fhir/ext/modul-icu/StructureDefinition/positiv-endexspiratorischer-druck (0.84),
icu,2024.0.0-alpha4,2025.0.0,Observation,SD_MII_ICU_Bilanz_Summe_Ausfuhr_Urin,SD_MII_ICU_Bilanz_Ausfuhr_Drainage_OP,0.838,0.857,0.795,https://www.medizininformatik-initiative.de/fhir/ext/modul-icu/StructureDefinition/bilanz-summe-ausfuhr-urin,https://www.medizininformatik-initiative.de/fhir/ext/modul-icu/StructureDefinition/bilanz-ausfuhr-drainage-op,https://www.medizininformatik-initiative.de/fhir/ext/modul-icu/StructureDefinition/bilanz-ausfuhr-drainage-wund (0.83),
icu,2024.0.0-alpha4,2025.0.0,Observation,SD_MII_ICU_Endexpiratorischer_Kohlendioxidpartialdruck,SD_MII_ICU_Endexspiratorischer_Kohlendioxidpartialdruck,0.997,1.0,0.991,https://www.medizininformatik-initiative.de/fhir/ext/modul-icu/StructureDefinition/endexpiratorischer-kohlendioxidpartialdruck,https://www.medizininformatik-initiative.de/fhir/ext/modul-icu/StructureDefinition/endexspiratorischer-kohlendioxidpartialdruck,https://www.medizininformatik-initiative.de/fhir/ext/modul-icu/StructureDefinition/inspiratorische-sauerstofffraktion (0.77),
icu,2024.0.0-alpha4,2025.0.0,Observation,SD_MII_ICU_Koerpergroesse_Percentil,SD_MII_ICU_Positiv_Endexspiratorischer_Druck,0.472,0.5,0.405,https://www.medizininformatik-initiative.de/fhir/ext/modul-icu/StructureDefinition/koerpergroesse-percentil,https://www.medizininformatik-initiative.de/fhir/ext/modul-icu/StructureDefinition/positiv-endexspiratorischer-druck,https://www.medizininformatik-initiative.de/fhir/ext/modul-icu/StructureDefinition/beatmungsvolumen-pro-minute-maschineller (0.45),
icu,2024.0.0-alpha4,2025.0.0,Observation,SD_MII_ICU_Positiv_Endexpiratorischer_Druck,SD_MII_ICU_Positiv_Endexspiratorischer_Druck,0.997,1.0,0.989,https://www.medizininformatik-initiative.de/fhir/ext/modul-icu/StructureDefinition/positiv-endexpiratorischer-druck,https://www.medizininformatik-initiative.de/fhir/ext/modul-icu/StructureDefinition/positiv-endexspiratorischer-druck,https://www.medizininformatik-initiative.de/fhir/ext/modul-icu/StructureDefinition/beatmungsvolumen-pro-minute-maschineller (0.84),
icu,2024.0.0-alpha4,2025.0.0,Observation,SD_MII_ICU_Sauerstoffgasfluss,SD_MII_ICU_Gasfluss,0.645,0.6,0.75,https://www.medizininformatik-initiative.de/fhir/ext/modul-icu/StructureDefinition/sauerstoffgasfluss,https://www.medizininformatik-initiative.de/fhir/ext/modul-icu/StructureDefinition/gasfluss,https://www.medizininformatik-initiative.de/fhir/ext/modul-icu/StructureDefinition/endexspiratorischer-kohlendioxidpartialdruck (0.63),
icu,2024.0.0-alpha4,2025.0.0,Observation,SD_MII_ICU_Herzzeitvolumen,SD_MII_ICU_Beatmungsvolumen_Pro_Minute_Maschineller,0.593,0.625,0.519,https://www.medizininformatik-initiative.de/fhir/ext/modul-icu/StructureDefinition/scores/StructureDefinition/sd-mii-icu-herzzeitvolumen,https://www.medizininformatik-initiative.de/fhir/ext/modul-icu/StructureDefinition/beatmungsvolumen-pro-minute-maschineller,https://www.medizininformatik-initiative.de/fhir/ext/modul-icu/StructureDefinition/endexspiratorischer-kohlendioxidpartialdruck (0.56),
icu,2024.0.0-alpha4,2025.0.0,Observation,SD_MII_ICU_Ideales_Koerpergewicht,SD_MII_ICU_Inspiratorische_Sauerstofffraktion,0.538,0.571,0.462,https://www.medizininformatik-initiative.de/fhir/ext/modul-icu/StructureDefinition/scores/StructureDefinition/sd-mii-icu-ideales-koerpergewicht,https://www.medizininformatik-initiative.de/fhir/ext/modul-icu/StructureDefinition/inspiratorische-sauerstofffraktion,https://www.medizininformatik-initiative.de/fhir/ext/modul-icu/StructureDefinition/endexspiratorischer-kohlendioxidpartialdruck (0.50),
icu,2024.0.0-alpha4,2025.0.0,Observation,SD_MII_ICU_Intrakranieller_Druck_Icp,SD_MII_ICU_Inspiratorische_Sauerstofffraktion,0.533,0.571,0.444,https://www.medizininformatik-initiative.de/fhir/ext/modul-icu/StructureDefinition/scores/StructureDefinition/sd-mii-icu-intrakranieller-druck-icp,https://www.medizininformatik-initiative.de/fhir/ext/modul-icu/StructureDefinition/inspiratorische-sauerstofffraktion,https://www.medizininformatik-initiative.de/fhir/ext/modul-icu/StructureDefinition/positiv-endexspiratorischer-druck (0.53),
icu,2024.0.0-alpha4,2025.0.0,Observation,SD_MII_ICU_Koerpergewicht_Percentil_Altersabhaengig,SD_MII_ICU_Inspiratorische_Sauerstofffraktion,0.392,0.364,0.458,https://www.medizininformatik-initiative.de/fhir/ext/modul-icu/StructureDefinition/scores/StructureDefinition/sd-mii-icu-koerpergewicht-percentil-altersabhaengig,https://www.medizininformatik-initiative.de/fhir/ext/modul-icu/StructureDefinition/inspiratorische-sauerstofffraktion,https://www.medizininformatik-initiative.de/fhir/ext/modul-icu/StructureDefinition/bilanz-einfuhr-enterale-fluesse (0.36),
icu,2024.0.0-alpha4,2025.0.0,Observation,SD_MII_ICU_Koerpergroesse_Percentil,SD_MII_ICU_Inspiratorische_Sauerstofffraktion,0.382,0.364,0.425,https://www.medizininformatik-initiative.de/fhir/ext/modul-icu/StructureDefinition/scores/StructureDefinition/sd-mii-icu-koerpergroesse-percentil,https://www.medizininformatik-initiative.de/fhir/ext/modul-icu/StructureDefinition/inspiratorische-sauerstofffraktion,https://www.medizininformatik-initiative.de/fhir/ext/modul-icu/StructureDefinition/bilanz-ausfuhr-drainage-op (0.38),
icu,2024.0.0-alpha4,2025.0.0,Observation,SD_MII_ICU_Koerpertemperatur_Achsel,SD_MII_ICU_Inspiratorische_Sauerstofffraktion,0.542,0.571,0.475,https://www.medizininformatik-initiative.de/fhir/ext/modul-icu/StructureDefinition/scores/StructureDefinition/sd-mii-icu-koerpertemperatur-achsel,https://www.medizininformatik-initiative.de/fhir/ext/modul-icu/StructureDefinition/inspiratorische-sauerstofffraktion,https://www.medizininformatik-initiative.de/fhir/ext/modul-icu/StructureDefinition/positiv-endexspiratorischer-druck (0.50),
icu,2024.0.0-alpha4,2025.0.0,Observation,SD_MII_ICU_Koerpertemperatur_Atemwege,SD_MII_ICU_Spontanes_Mechanisches_Atemzugvolumen_Waehrend,0.44,0.429,0.468,https://www.medizininformatik-initiative.de/fhir/ext/modul-icu/StructureDefinition/scores/StructureDefinition/sd-mii-icu-koerpertemperatur-atemwege,https://www.medizininformatik-initiative.de/fhir/ext/modul-icu/StructureDefinition/spontanes-mechanisches-atemzugvolumen-waehrend,https://www.medizininformatik-initiative.de/fhir/ext/modul-icu/StructureDefinition/inspiratorische-sauerstofffraktion (0.43),
icu,2024.0.0-alpha4,2025.0.0,Observation,SD_MII_ICU_Koerpertemperatur_Blut,SD_MII_ICU_Inspiratorische_Sauerstofffraktion,0.605,0.667,0.462,https://www.medizininformatik-initiative.de/fhir/ext/modul-icu/StructureDefinition/scores/StructureDefinition/sd-mii-icu-koerpertemperatur-blut,https://www.medizininformatik-initiative.de/fhir/ext/modul-icu/StructureDefinition/inspiratorische-sauerstofffraktion,https://www.medizininformatik-initiative.de/fhir/ext/modul-icu/StructureDefinition/positiv-endexspiratorischer-druck (0.56),
icu,2024.0.0-alpha4,2025.0.0,Observation,SD_MII_ICU_Koerpertemperatur_Brust,SD_MII_ICU_Inspiratorische_Sauerstofffraktion,0.444,0.429,0.481,https://www.medizininformatik-initiative.de/fhir/ext/modul-icu/StructureDefinition/scores/StructureDefinition/sd-mii-icu-koerpertemperatur-brust,https://www.medizininformatik-initiative.de/fhir/ext/modul-icu/StructureDefinition/inspiratorische-sauerstofffraktion,https://www.medizininformatik-initiative.de/fhir/ext/modul-icu/StructureDefinition/atemwegsdruck-bei-mitl-exspiratorischem-gasfluss (0.44),
icu,2024.0.0-alpha4,2025.0.0,Observation,SD_MII_ICU_Koerpertemperatur_Brustwirbelsaeule,SD_MII_ICU_Inspiratorische_Sauerstofffraktion,0.432,0.429,0.44,https://www.medizininformatik-initiative.de/fhir/ext/modul-icu/StructureDefinition/scores/StructureDefinition/sd-mii-icu-koerpertemperatur-brustwirbelsaeule,https://www.medizininformatik-initiative.de/fhir/ext/modul-icu/StructureDefinition/inspiratorische-sauerstofffraktion,https://www.medizininformatik-initiative.de/fhir/ext/modul-icu/StructureDefinition/atemwegsdruck-bei-mitl-exspiratorischem-gasfluss (0.43),
icu,2024.0.0-alpha4,2025.0.0,Observation,SD_MII_ICU_Koerpertemperatur_Gelenk,SD_MII_ICU_Atemwegsdruck_Bei_Mitl_Exspiratorischem_Gasfluss,0.44,0.429,0.468,https://www.medizininformatik-initiative.de/fhir/ext/modul-icu/StructureDefinition/scores/StructureDefinition/sd-mii-icu-koerpertemperatur-gelenk,https://www.medizininformatik-initiative.de/fhir/ext/modul-icu/StructureDefinition/atemwegsdruck-bei-mitl-exspiratorischem-gasfluss,https://www.medizininformatik-initiative.de/fhir/ext/modul-icu/StructureDefinition/atemwegsdruck-bei-null-exspiratorischem-gasfluss (0.44),
icu,2024.0.0-alpha4,2025.0.0,Observation,SD_MII_ICU_Koerpertemperatur_Generisch,SD_MII_ICU_Inspiratorische_Sauerstofffraktion,0.445,0.429,0.482,https://www.medizininformatik-initiative.de/fhir/ext/modul-icu/StructureDefinition/scores/StructureDefinition/sd-mii-icu-koerpertemperatur-generisch,https://www.medizininformatik-initiative.de/fhir/ext/modul-icu/StructureDefinition/inspiratorische-sauerstofffraktion,https://www.medizininformatik-initiative.de/fhir/ext/modul-icu/StructureDefinition/atemwegsdruck-bei-mitl-exspiratorischem-gasfluss (0.44),
icu,2024.0.0-alpha4,2025.0.0,Observation,SD_MII_ICU_Koerpertemperatur_Halswirbelsaeule,SD_MII_ICU_Spontanes_Mechanisches_Atemzugvolumen_Waehrend,0.429,0.429,0.431,https://www.medizininformatik-initiative.de/fhir/ext/modul-icu/StructureDefinition/scores/StructureDefinition/sd-mii-icu-koerpertemperatur-halswirbelsaeule,https://www.medizininformatik-initiative.de/fhir/ext/modul-icu/StructureDefinition/spontanes-mechanisches-atemzugvolumen-waehrend,https://www.medizininformatik-initiative.de/fhir/ext/modul-icu/StructureDefinition/inspiratorische-sauerstofffraktion (0.43),
icu,2024.0.0-alpha4,2025.0.0,Observation,SD_MII_ICU_Koerpertemperatur_Harnblase,SD_MII_ICU_Inspiratorische_Sauerstofffraktion,0.537,0.571,0.458,https://www.medizininformatik-initiative.de/fhir/ext/modul-icu/StructureDefinition/scores/StructureDefinition/sd-mii-icu-koerpertemperatur-harnblase,https://www.medizininformatik-initiative.de/fhir/ext/modul-icu/StructureDefinition/inspiratorische-sauerstofffraktion,https://www.medizininformatik-initiative.de/fhir/ext/modul-icu/StructureDefinition/positiv-endexspiratorischer-druck (0.50),
icu,2024.0.0-alpha4,2025.0.0,Observation,SD_MII_ICU_Spontanes_Mechanisches_Atemzugvolumen_Waehrend_Beatmung,SD_MII_ICU_Spontanes_Mechanisches_Atemzugvolumen_Waehrend,0.978,1.0,0.927,https://www.medizininformatik-initiative.de/fhir/ext/modul-icu/StructureDefinition/spontanes-mechanisches-atemzugvolumen-waehrend-beatmung,https://www.medizininformatik-initiative.de/fhir/ext/modul-icu/StructureDefinition/spontanes-mechanisches-atemzugvolumen-waehrend,https://www.medizininformatik-initiative.de/fhir/ext/modul-icu/StructureDefinition/atemwegsdruck-bei-mitl-exspiratorischem-gasfluss (0.82),
icu,2025.0.4,2026.0.0,Observation,SD_MII_ICU_Arterieller_Blutdruck,MII_PR_ICU_MUV_Arterieller_Blutdruck,0.956,1.0,0.853,https://www.medizininformatik-initiative.de/fhir/ext/modul-icu/StructureDefinition/arterieller-blutdruck,https://www.medizininformatik-initiative.de/fhir/ext/modul-icu/StructureDefinition/mii-pr-icu-muv-arterieller-blutdruck,https://www.medizininformatik-initiative.de/fhir/ext/modul-icu/StructureDefinition/mii-pr-icu-arterieller-blutdruck (0.86),
icu,2025.0.4,2026.0.0,Observation,SD_MII_ICU_Arterieller_Druck,MII_PR_ICU_Arterieller_Druck,0.968,1.0,0.893,https://www.medizininformatik-initiative.de/fhir/ext/modul-icu/StructureDefinition/arterieller-druck,https://www.medizininformatik-initiative.de/fhir/ext/modul-icu/StructureDefinition/mii-pr-icu-arterieller-druck,https://www.medizininformatik-initiative.de/fhir/ext/modul-icu/StructureDefinition/mii-pr-icu-ect-arterieller-druck (0.95),
icu,2025.0.4,2026.0.0,Observation,SD_MII_ICU_Atemfrequenz,MII_PR_ICU_Atemfrequenz,0.961,1.0,0.87,https://www.medizininformatik-initiative.de/fhir/ext/modul-icu/StructureDefinition/atemfrequenz,https://www.medizininformatik-initiative.de/fhir/ext/modul-icu/StructureDefinition/mii-pr-icu-atemfrequenz,https://www.medizininformatik-initiative.de/fhir/ext/modul-icu/StructureDefinition/mii-pr-icu-muv-atemfrequenz (0.94),
icu,2025.0.4,2026.0.0,Observation,SD_MII_ICU_Atemwegsdruck_Bei_Mitl_Exspiratorischem_Gasfluss,MII_PR_ICU_VENT_Atemwegsdruck_Bei_Mitl_Exspiratorischem_Gasfluss,0.973,1.0,0.911,https://www.medizininformatik-initiative.de/fhir/ext/modul-icu/StructureDefinition/atemwegsdruck-bei-mitl-exspiratorischem-gasfluss,https://www.medizininformatik-initiative.de/fhir/ext/modul-icu/StructureDefinition/mii-pr-icu-vent-atemwegsdruck-bei-mitl-exspiratorischem-gasfluss,https://www.medizininformatik-initiative.de/fhir/ext/modul-icu/StructureDefinition/mii-pr-icu-vent-atemwegsdruck-bei-null-exspiratorischem-gasfluss (0.96),
icu,2025.0.4,2026.0.0,Observation,SD_MII_ICU_Atemwegsdruck_Bei_Null_Exspiratorischem_Gasfluss,MII_PR_ICU_VENT_Atemwegsdruck_Bei_Null_Exspiratorischem_Gasfluss,0.973,1.0,0.911,https://www.medizininformatik-initiative.de/fhir/ext/modul-icu/StructureDefinition/atemwegsdruck-bei-null-exspiratorischem-gasfluss,https://www.medizininformatik-initiative.de/fhir/ext/modul-icu/StructureDefinition/mii-pr-icu-vent-atemwegsdruck-bei-null-exspiratorischem-gasfluss,https://www.medizininformatik-initiative.de/fhir/ext/modul-icu/StructureDefinition/mii-pr-icu-vent-atemwegsdruck-bei-mitl-exspiratorischem-gasfluss (0.96),
icu,2025.0.4,2026.0.0,Observation,SD_MII_ICU_Atemzugvolumen_Einstellung,MII_PR_ICU_VENT_Atemzugvolumen_Einstellung,0.958,1.0,0.861,https://www.medizininformatik-initiative.de/fhir/ext/modul-icu/StructureDefinition/atemzugvolumen-einstellung,https://www.medizininformatik-initiative.de/fhir/ext/modul-icu/StructureDefinition/mii-pr-icu-vent-atemzugvolumen-einstellung,https://www.medizininformatik-initiative.de/fhir/ext/modul-icu/StructureDefinition/mii-pr-icu-atemzugvolumen-einstellung (0.89),
icu,2025.0.4,2026.0.0,Observation,SD_MII_ICU_Atemzugvolumen_Waehrend_Beatmung,MII_PR_ICU_VENT_Atemzugvolumen_Waehrend_Beatmung,0.964,1.0,0.879,https://www.medizininformatik-initiative.de/fhir/ext/modul-icu/StructureDefinition/atemzugvolumen-waehrend-beatmung,https://www.medizininformatik-initiative.de/fhir/ext/modul-icu/StructureDefinition/mii-pr-icu-vent-atemzugvolumen-waehrend-beatmung,https://www.medizininformatik-initiative.de/fhir/ext/modul-icu/StructureDefinition/mii-pr-icu-atemzugvolumen-waehrend-beatmung (0.88),
icu,2025.0.4,2026.0.0,Procedure,SD_MII_ICU_Beatmung,MII_PR_ICU_VENT_Beatmung,0.923,1.0,0.744,https://www.medizininformatik-initiative.de/fhir/ext/modul-icu/StructureDefinition/beatmung,https://www.medizininformatik-initiative.de/fhir/ext/modul-icu/StructureDefinition/mii-pr-icu-vent-beatmung,https://www.medizininformatik-initiative.de/fhir/ext/modul-icu/StructureDefinition/mii-pr-icu-beatmung (0.83),
icu,2025.0.4,2026.0.0,Observation,SD_MII_ICU_Beatmungsvolumen_Pro_Minute_Maschineller,MII_PR_ICU_VENT_Beatmungsvolumen_Pro_Minute_Maschineller,0.969,1.0,0.897,https://www.medizininformatik-initiative.de/fhir/ext/modul-icu/StructureDefinition/beatmungsvolumen-pro-minute-maschineller,https://www.medizininformatik-initiative.de/fhir/ext/modul-icu/StructureDefinition/mii-pr-icu-vent-beatmungsvolumen-pro-minute-maschineller,https://www.medizininformatik-initiative.de/fhir/ext/modul-icu/StructureDefinition/mii-pr-icu-beatmungsvolumen-pro-minute-maschineller-beatmung (0.86),
icu,2025.0.4,2026.0.0,Observation,SD_MII_ICU_Beatmungszeit_Hohem_Druck,MII_PR_ICU_VENT_Beatmungszeit_Hohem_Druck,0.957,1.0,0.857,https://www.medizininformatik-initiative.de/fhir/ext/modul-icu/StructureDefinition/beatmungszeit-hohem-druck,https://www.medizininformatik-initiative.de/fhir/ext/modul-icu/StructureDefinition/mii-pr-icu-vent-beatmungszeit-hohem-druck,https://www.medizininformatik-initiative.de/fhir/ext/modul-icu/StructureDefinition/mii-pr-icu-vent-beatmungszeit-niedrigem-druck (0.92),
icu,2025.0.4,2026.0.0,Observation,SD_MII_ICU_Beatmungszeit_Niedrigem_Druck,MII_PR_ICU_VENT_Beatmungszeit_Niedrigem_Druck,0.961,1.0,0.871,https://www.medizininformatik-initiative.de/fhir/ext/modul-icu/StructureDefinition/beatmungszeit-niedrigem-druck,https://www.medizininformatik-initiative.de/fhir/ext/modul-icu/StructureDefinition/mii-pr-icu-vent-beatmungszeit-niedrigem-druck,https://www.medizininformatik-initiative.de/fhir/ext/modul-icu/StructureDefinition/mii-pr-icu-vent-beatmungszeit-hohem-druck (0.92),
icu,2025.0.4,2026.0.0,Observation,SD_MII_ICU_Bilanz,MII_PR_ICU_Bilanz,0.947,1.0,0.824,https://www.medizininformatik-initiative.de/fhir/ext/modul-icu/StructureDefinition/bilanz,https://www.medizininformatik-initiative.de/fhir/ext/modul-icu/StructureDefinition/mii-pr-icu-bilanz,https://www.medizininformatik-initiative.de/fhir/ext/modul-icu/StructureDefinition/mii-pr-icu-parameter-von-beatmung (0.52),
icu,2025.0.4,2026.0.0,Observation,SD_MII_ICU_Bilanz_Abnahme_Haemofiltration_Einzelmesswerte,MII_PR_ICU_Bilanz_Einfuhr_Oraler_Fluesse,0.848,1.0,0.495,https://www.medizininformatik-initiative.de/fhir/ext/modul-icu/StructureDefinition/bilanz-abnahme-haemofiltration-einzelmesswerte,https://www.medizininformatik-initiative.de/fhir/ext/modul-icu/StructureDefinition/mii-pr-icu-bilanz-einfuhr-oraler-fluesse,https://www.medizininformatik-initiative.de/fhir/ext/modul-icu/StructureDefinition/mii-pr-icu-bilanz-einfuhr-enterale-fluesse (0.85),
icu,2025.0.4,2026.0.0,Observation,SD_MII_ICU_Bilanz_Ausfuhr_Drainage_Generisch,MII_PR_ICU_Bilanz_Ausfuhr_Drainage_Generisch,0.746,0.667,0.932,https://www.medizininformatik-initiative.de/fhir/ext/modul-icu/StructureDefinition/bilanz-ausfuhr-drainage-generisch,https://www.medizininformatik-initiative.de/fhir/ext/modul-icu/StructureDefinition/mii-pr-icu-bilanz-ausfuhr-drainage-generisch,https://www.medizininformatik-initiative.de/fhir/ext/modul-icu/StructureDefinition/mii-pr-icu-bilanz-ausfuhr-drainage-wund (0.74),
icu,2025.0.4,2026.0.0,Observation,SD_MII_ICU_Bilanz_Ausfuhr_Drainage_OP,MII_PR_ICU_Bilanz_Ausfuhr_Drainage_OP,0.976,1.0,0.919,https://www.medizininformatik-initiative.de/fhir/ext/modul-icu/StructureDefinition/bilanz-ausfuhr-drainage-op,https://www.medizininformatik-initiative.de/fhir/ext/modul-icu/StructureDefinition/mii-pr-icu-bilanz-ausfuhr-drainage-op,https://www.medizininformatik-initiative.de/fhir/ext/modul-icu/StructureDefinition/mii-pr-icu-bilanz-ausfuhr-drainage-wund (0.95),
icu,2025.0.4,2026.0.0,Observation,SD_MII_ICU_Bilanz_Ausfuhr_Drainage_Wund,MII_PR_ICU_Bilanz_Ausfuhr_Drainage_Wund,0.977,1.0,0.923,https://www.medizininformatik-initiative.de/fhir/ext/modul-icu/StructureDefinition/bilanz-ausfuhr-drainage-wund,https://www.medizininformatik-initiative.de/fhir/ext/modul-icu/StructureDefinition/mii-pr-icu-bilanz-ausfuhr-drainage-wund,https://www.medizininformatik-initiative.de/fhir/ext/modul-icu/StructureDefinition/mii-pr-icu-bilanz-ausfuhr-drainage-op (0.95),
icu,2025.0.4,2026.0.0,Observation,SD_MII_ICU_Bilanz_Ausfuhr_Fluessigkeit_Gesamt,MII_PR_ICU_Bilanz_Einfuhr_Oraler_Fluesse,0.891,1.0,0.635,https://www.medizininformatik-initiative.de/fhir/ext/modul-icu/StructureDefinition/bilanz-ausfuhr-fluessigkeit-gesamt,https://www.medizininformatik-initiative.de/fhir/ext/modul-icu/StructureDefinition/mii-pr-icu-bilanz-einfuhr-oraler-fluesse,https://www.medizininformatik-initiative.de/fhir/ext/modul-icu/StructureDefinition/mii-pr-icu-bilanz-einfuhr-enterale-fluesse (0.89),
icu,2025.0.4,2026.0.0,Observation,SD_MII_ICU_Bilanz_Ausfuhr_Gallenfluessigkeit,MII_PR_ICU_Bilanz_Einfuhr_Oraler_Fluesse,0.907,1.0,0.69,https://www.medizininformatik-initiative.de/fhir/ext/modul-icu/StructureDefinition/bilanz-ausfuhr-gallenfluessigkeit,https://www.medizininformatik-initiative.de/fhir/ext/modul-icu/StructureDefinition/mii-pr-icu-bilanz-einfuhr-oraler-fluesse,https://www.medizininformatik-initiative.de/fhir/ext/modul-icu/StructureDefinition/mii-pr-icu-bilanz-einfuhr-enterale-fluesse (0.90),
icu,2025.0.4,2026.0.0,Observation,SD_MII_ICU_Bilanz_Ausfuhr_Gallengang,MII_PR_ICU_Bilanz_Ausfuhr_Drainage_Wund,0.908,1.0,0.693,https://www.medizininformatik-initiative.de/fhir/ext/modul-icu/StructureDefinition/bilanz-ausfuhr-gallengang,https://www.medizininformatik-initiative.de/fhir/ext/modul-icu/StructureDefinition/mii-pr-icu-bilanz-ausfuhr-drainage-wund,https://www.medizininformatik-initiative.de/fhir/ext/modul-icu/StructureDefinition/mii-pr-icu-bilanz-ausfuhr-drainage-op (0.91),
icu,2025.0.4,2026.0.0,Observation,SD_MII_ICU_Bilanz_Ausfuhr_Magensonde,MII_PR_ICU_Bilanz_Ausfuhr_Drainage_Wund,0.924,1.0,0.747,https://www.medizininformatik-initiative.de/fhir/ext/modul-icu/StructureDefinition/bilanz-ausfuhr-magensonde,https://www.medizininformatik-initiative.de/fhir/ext/modul-icu/StructureDefinition/mii-pr-icu-bilanz-ausfuhr-drainage-wund,https://www.medizininformatik-initiative.de/fhir/ext/modul-icu/StructureDefinition/mii-pr-icu-bilanz-ausfuhr-drainage-op (0.91),
icu,2025.0.4,2026.0.0,Observation,SD_MII_ICU_Bilanz_Ausfuhr_Opdrainage,MII_PR_ICU_Bilanz_Ausfuhr_Drainage_OP,0.947,1.0,0.822,https://www.medizininformatik-initiative.de/fhir/ext/modul-icu/StructureDefinition/bilanz-ausfuhr-opdrainage,https://www.medizininformatik-initiative.de/fhir/ext/modul-icu/StructureDefinition/mii-pr-icu-bilanz-ausfuhr-drainage-op,https://www.medizininformatik-initiative.de/fhir/ext/modul-icu/StructureDefinition/mii-pr-icu-bilanz-ausfuhr-drainage-wund (0.94),
icu,2025.0.4,2026.0.0,Observation,SD_MII_ICU_Bilanz_Ausfuhr_Pankreasdrainage,MII_PR_ICU_Bilanz_Ausfuhr_Pankreasdrainage,0.862,0.833,0.929,https://www.medizininformatik-initiative.de/fhir/ext/modul-icu/StructureDefinition/bilanz-ausfuhr-pankreasdrainage,https://www.medizininformatik-initiative.de/fhir/ext/modul-icu/StructureDefinition/mii-pr-icu-bilanz-ausfuhr-pankreasdrainage,https://www.medizininformatik-initiative.de/fhir/ext/modul-icu/StructureDefinition/mii-pr-icu-bilanz-ausfuhr-wunddrainage (0.74),
icu,2025.0.4,2026.0.0,Observation,SD_MII_ICU_Bilanz_Ausfuhr_Stuhlgang,MII_PR_ICU_Bilanz_Ausfuhr_Drainage_Wund,0.903,1.0,0.676,https://www.medizininformatik-initiative.de/fhir/ext/modul-icu/StructureDefinition/bilanz-ausfuhr-stuhlgang,https://www.medizininformatik-initiative.de/fhir/ext/modul-icu/StructureDefinition/mii-pr-icu-bilanz-ausfuhr-drainage-wund,https://www.medizininformatik-initiative.de/fhir/ext/modul-icu/StructureDefinition/mii-pr-icu-bilanz-ausfuhr-drainage-op (0.90),
icu,2025.0.4,2026.0.0,Observation,SD_MII_ICU_Bilanz_Ausfuhr_Urin,MII_PR_ICU_Bilanz_Ausfuhr_Urin,0.87,0.857,0.9,https://www.medizininformatik-initiative.de/fhir/ext/modul-icu/StructureDefinition/bilanz-ausfuhr-urin,https://www.medizininformatik-initiative.de/fhir/ext/modul-icu/StructureDefinition/mii-pr-icu-bilanz-ausfuhr-urin,https://www.medizininformatik-initiative.de/fhir/ext/modul-icu/StructureDefinition/mii-pr-icu-bilanz-gesamte-tages-bilanz (0.87),
icu,2025.0.4,2026.0.0,Observation,SD_MII_ICU_Bilanz_Ausfuhr_Wunddrainage,MII_PR_ICU_Bilanz_Ausfuhr_Wunddrainage,0.876,0.857,0.921,https://www.medizininformatik-initiative.de/fhir/ext/modul-icu/StructureDefinition/bilanz-ausfuhr-wunddrainage,https://www.medizininformatik-initiative.de/fhir/ext/modul-icu/StructureDefinition/mii-pr-icu-bilanz-ausfuhr-wunddrainage,https://www.medizininformatik-initiative.de/fhir/ext/modul-icu/StructureDefinition/mii-pr-icu-bilanz-gesamte-tages-bilanz (0.86),
icu,2025.0.4,2026.0.0,Observation,SD_MII_ICU_Bilanz_Blutverlust,MII_PR_ICU_Bilanz_Einfuhr_Oraler_Fluesse,0.865,1.0,0.551,https://www.medizininformatik-initiative.de/fhir/ext/modul-icu/StructureDefinition/bilanz-blutverlust,https://www.medizininformatik-initiative.de/fhir/ext/modul-icu/StructureDefinition/mii-pr-icu-bilanz-einfuhr-oraler-fluesse,https://www.medizininformatik-initiative.de/fhir/ext/modul-icu/StructureDefinition/mii-pr-icu-bilanz-einfuhr-enterale-fluesse (0.86),
icu,2025.0.4,2026.0.0,Observation,SD_MII_ICU_Bilanz_Einfuhr_Enterale_Fluesse,MII_PR_ICU_Bilanz_Einfuhr_Enterale_Fluesse,0.979,1.0,0.929,https://www.medizininformatik-initiative.de/fhir/ext/modul-icu/StructureDefinition/bilanz-einfuhr-enterale-fluesse,https://www.medizininformatik-initiative.de/fhir/ext/modul-icu/StructureDefinition/mii-pr-icu-bilanz-einfuhr-enterale-fluesse,https://www.medizininformatik-initiative.de/fhir/ext/modul-icu/StructureDefinition/mii-pr-icu-bilanz-einfuhr-oraler-fluesse (0.96),
icu,2025.0.4,2026.0.0,Observation,SD_MII_ICU_Bilanz_Einfuhr_Enterale_Fluessigkeit,MII_PR_ICU_Bilanz_Einfuhr_Enterale_Fluesse,0.963,1.0,0.876,https://www.medizininformatik-initiative.de/fhir/ext/modul-icu/StructureDefinition/bilanz-einfuhr-enterale-fluessigkeit,https://www.medizininformatik-initiative.de/fhir/ext/modul-icu/StructureDefinition/mii-pr-icu-bilanz-einfuhr-enterale-fluesse,https://www.medizininformatik-initiative.de/fhir/ext/modul-icu/StructureDefinition/mii-pr-icu-bilanz-einfuhr-oraler-fluesse (0.94),
icu,2025.0.4,2026.0.0,Observation,SD_MII_ICU_Bilanz_Einfuhr_Fluessigkeit_Gesamt,MII_PR_ICU_Bilanz_Einfuhr_Fluessigkeit_Gesamt,0.863,0.833,0.933,https://www.medizininformatik-initiative.de/fhir/ext/modul-icu/StructureDefinition/bilanz-einfuhr-fluessigkeit-gesamt,https://www.medizininformatik-initiative.de/fhir/ext/modul-icu/StructureDefinition/mii-pr-icu-bilanz-einfuhr-fluessigkeit-gesamt,https://www.medizininformatik-initiative.de/fhir/ext/modul-icu/StructureDefinition/mii-pr-icu-bilanz-ausfuhr-fluessigkeit-gesamt (0.76),
icu,2025.0.4,2026.0.0,Observation,SD_MII_ICU_Bilanz_Einfuhr_Oraler_Fluesse,MII_PR_ICU_Bilanz_Einfuhr_Oraler_Fluesse,0.978,1.0,0.925,https://www.medizininformatik-initiative.de/fhir/ext/modul-icu/StructureDefinition/bilanz-einfuhr-oraler-fluesse,https://www.medizininformatik-initiative.de/fhir/ext/modul-icu/StructureDefinition/mii-pr-icu-bilanz-einfuhr-oraler-fluesse,https://www.medizininformatik-initiative.de/fhir/ext/modul-icu/StructureDefinition/mii-pr-icu-bilanz-einfuhr-enterale-fluesse (0.96),
icu,2025.0.4,2026.0.0,Observation,SD_MII_ICU_Bilanz_Einfuhr_Oraler_Fluessigkeit,MII_PR_ICU_Bilanz_Einfuhr_Oraler_Fluessigkeit,0.88,0.857,0.933,https://www.medizininformatik-initiative.de/fhir/ext/modul-icu/StructureDefinition/bilanz-einfuhr-oraler-fluessigkeit,https://www.medizininformatik-initiative.de/fhir/ext/modul-icu/StructureDefinition/mii-pr-icu-bilanz-einfuhr-oraler-fluessigkeit,https://www.medizininformatik-initiative.de/fhir/ext/modul-icu/StructureDefinition/mii-pr-icu-bilanz-einfuhr-oraler-fluesse (0.86),
icu,2025.0.4,2026.0.0,Observation,SD_MII_ICU_Bilanz_Gesamte_Ausfuhr,MII_PR_ICU_Bilanz_Ausfuhr_Drainage_OP,0.889,1.0,0.629,https://www.medizininformatik-initiative.de/fhir/ext/modul-icu/StructureDefinition/bilanz-gesamte-ausfuhr,https://www.medizininformatik-initiative.de/fhir/ext/modul-icu/StructureDefinition/mii-pr-icu-bilanz-ausfuhr-drainage-op,https://www.medizininformatik-initiative.de/fhir/ext/modul-icu/StructureDefinition/mii-pr-icu-bilanz-ausfuhr-drainage-wund (0.88),
icu,2025.0.4,2026.0.0,Observation,SD_MII_ICU_Bilanz_Gesamte_Einfuhr,MII_PR_ICU_Bilanz_Einfuhr_Oraler_Fluesse,0.881,1.0,0.603,https://www.medizininformatik-initiative.de/fhir/ext/modul-icu/StructureDefinition/bilanz-gesamte-einfuhr,https://www.medizininformatik-initiative.de/fhir/ext/modul-icu/StructureDefinition/mii-pr-icu-bilanz-einfuhr-oraler-fluesse,https://www.medizininformatik-initiative.de/fhir/ext/modul-icu/StructureDefinition/mii-pr-icu-bilanz-einfuhr-enterale-fluesse (0.88),
icu,2025.0.4,2026.0.0,Observation,SD_MII_ICU_Bilanz_Gesamte_Tages_Bilanz,MII_PR_ICU_Bilanz_Gesamte_Tages_Bilanz,0.876,0.857,0.921,https://www.medizininformatik-initiative.de/fhir/ext/modul-icu/StructureDefinition/bilanz-gesamte-tages-bilanz,https://www.medizininformatik-initiative.de/fhir/ext/modul-icu/StructureDefinition/mii-pr-icu-bilanz-gesamte-tages-bilanz,https://www.medizininformatik-initiative.de/fhir/ext/modul-icu/StructureDefinition/mii-pr-icu-bilanz-ausfuhr-drainage-wund (0.87),
icu,2025.0.4,2026.0.0,Observation,SD_MII_ICU_Blutfluss_Cardiovasculaeres_Geraet,MII_PR_ICU_ECT_Blutfluss_Cardiovasculaeres_Geraet,0.968,1.0,0.894,https://www.medizininformatik-initiative.de/fhir/ext/modul-icu/StructureDefinition/blutfluss-cardiovasculaeres-geraet,https://www.medizininformatik-initiative.de/fhir/ext/modul-icu/StructureDefinition/mii-pr-icu-ect-blutfluss-cardiovasculaeres-geraet,https://www.medizininformatik-initiative.de/fhir/ext/modul-icu/StructureDefinition/mii-pr-icu-ect-blutfluss-extrakorporaler-gasaustausch (0.85),
icu,2025.0.4,2026.0.0,Observation,SD_MII_ICU_Blutfluss_Extrakorporaler_Gasaustausch,MII_PR_ICU_ECT_Blutfluss_Extrakorporaler_Gasaustausch,0.971,1.0,0.902,https://www.medizininformatik-initiative.de/fhir/ext/modul-icu/StructureDefinition/blutfluss-extrakorporaler-gasaustausch,https://www.medizininformatik-initiative.de/fhir/ext/modul-icu/StructureDefinition/mii-pr-icu-ect-blutfluss-extrakorporaler-gasaustausch,https://www.medizininformatik-initiative.de/fhir/ext/modul-icu/StructureDefinition/mii-pr-icu-blutfluss-extrakorporaler-gasaustausch (0.84),
icu,2025.0.4,2026.0.0,Observation,SD_MII_ICU_Blutflussindex_Extrakorporaler_Gasaustausch,MII_PR_ICU_ECT_Blutflussindex_Extrakorporaler_Gasaustausch,0.973,1.0,0.911,https://www.medizininformatik-initiative.de/fhir/ext/modul-icu/StructureDefinition/blutflussindex-extrakorporaler-gasaustausch,https://www.medizininformatik-initiative.de/fhir/ext/modul-icu/StructureDefinition/mii-pr-icu-ect-blutflussindex-extrakorporaler-gasaustausch,https://www.medizininformatik-initiative.de/fhir/ext/modul-icu/StructureDefinition/mii-pr-icu-ect-dauer-extrakorporaler-gasaustausch (0.93),
icu,2025.0.4,2026.0.0,Observation,SD_MII_ICU_Dauer_Extrakorporaler_Gasaustausch,MII_PR_ICU_ECT_Dauer_Extrakorporaler_Gasaustausch,0.968,1.0,0.894,https://www.medizininformatik-initiative.de/fhir/ext/modul-icu/StructureDefinition/dauer-extrakorporaler-gasaustausch,https://www.medizininformatik-initiative.de/fhir/ext/modul-icu/StructureDefinition/mii-pr-icu-ect-dauer-extrakorporaler-gasaustausch,https://www.medizininformatik-initiative.de/fhir/ext/modul-icu/StructureDefinition/mii-pr-icu-ect-blutflussindex-extrakorporaler-gasaustausch (0.93),
icu,2025.0.4,2026.0.0,Observation,SD_MII_ICU_Dauer_Haemodialysesitzung,MII_PR_ICU_ECT_Dauer_Haemodialysesitzung,0.961,1.0,0.868,https://www.medizininformatik-initiative.de/fhir/ext/modul-icu/StructureDefinition/dauer-haemodialysesitzung,https://www.medizininformatik-initiative.de/fhir/ext/modul-icu/StructureDefinition/mii-pr-icu-ect-dauer-haemodialysesitzung,https://www.medizininformatik-initiative.de/fhir/ext/modul-icu/StructureDefinition/mii-pr-icu-ect-haemodialyse-blutfluss (0.88),
icu,2025.0.4,2026.0.0,DeviceMetric,SD_MII_ICU_Devicemetric_Eingestellte_Gemessene_Parameter_Beatmung,MII_PR_ICU_Devicemetric_Eingestellte_Gemessene_Parameter_Beatmung,0.986,1.0,0.954,https://www.medizininformatik-initiative.de/fhir/ext/modul-icu/StructureDefinition/devicemetric-eingestellte-gemessene-parameter-beatmung,https://www.medizininformatik-initiative.de/fhir/ext/modul-icu/StructureDefinition/mii-pr-icu-devicemetric-eingestellte-gemessene-parameter-beatmung,https://www.medizininformatik-initiative.de/fhir/ext/modul-icu/StructureDefinition/mii-pr-icu-vent-devicemetric-eingestellte-gemessene-parameter-beatmung (0.98),
icu,2025.0.4,2026.0.0,DeviceMetric,SD_MII_ICU_Devicemetric_Eingestellte_Gemessene_Parameter_Extrakorporale_Verfahren,MII_PR_ICU_Devicemetric_Eingestellte_Gemessene_Parameter_Extrakorporale_Verfahren,0.989,1.0,0.963,https://www.medizininformatik-initiative.de/fhir/ext/modul-icu/StructureDefinition/devicemetric-eingestellte-gemessene-parameter-extrakorporale-verfahren,https://www.medizininformatik-initiative.de/fhir/ext/modul-icu/StructureDefinition/mii-pr-icu-devicemetric-eingestellte-gemessene-parameter-extrakorporale-verfahren,https://www.medizininformatik-initiative.de/fhir/ext/modul-icu/StructureDefinition/mii-pr-icu-ect-devicemetric-eingestellte-gemessene-parameter-extrakorporale-verfahren (0.98),
icu,2025.0.4,2026.0.0,Observation,SD_MII_ICU_Druckdifferenz_Beatmung,MII_PR_ICU_VENT_Druckdifferenz_Beatmung,0.955,1.0,0.849,https://www.medizininformatik-initiative.de/fhir/ext/modul-icu/StructureDefinition/druckdifferenz-beatmung,https://www.medizininformatik-initiative.de/fhir/ext/modul-icu/StructureDefinition/mii-pr-icu-vent-druckdifferenz-beatmung,https://www.medizininformatik-initiative.de/fhir/ext/modul-icu/StructureDefinition/mii-pr-icu-druckdifferenz-beatmung (0.87),
icu,2025.0.4,2026.0.0,Observation,SD_MII_ICU_Dynamische_Kompliance,MII_PR_ICU_VENT_Dynamische_Kompliance,0.952,1.0,0.841,https://www.medizininformatik-initiative.de/fhir/ext/modul-icu/StructureDefinition/dynamische-kompliance,https://www.medizininformatik-initiative.de/fhir/ext/modul-icu/StructureDefinition/mii-pr-icu-vent-dynamische-kompliance,https://www.medizininformatik-initiative.de/fhir/ext/modul-icu/StructureDefinition/mii-pr-icu-dynamische-kompliance (0.87),
icu,2025.0.4,2026.0.0,Observation,SD_MII_ICU_Eingestellter_Inspiratorischer_Gasfluss,MII_PR_ICU_VENT_Eingestellter_Inspiratorischer_Gasfluss,0.969,1.0,0.895,https://www.medizininformatik-initiative.de/fhir/ext/modul-icu/StructureDefinition/eingestellter-inspiratorischer-gasfluss,https://www.medizininformatik-initiative.de/fhir/ext/modul-icu/StructureDefinition/mii-pr-icu-vent-eingestellter-inspiratorischer-gasfluss,https://www.medizininformatik-initiative.de/fhir/ext/modul-icu/StructureDefinition/mii-pr-icu-vent-inspiratorischer-gasfluss (0.84),
icu,2025.0.4,2026.0.0,Observation,SD_MII_ICU_Einstellung_Ausatmungszeit_Beatmung,MII_PR_ICU_Einstellung_Ausatmungszeit_Beatmung,0.98,1.0,0.935,https://www.medizininformatik-initiative.de/fhir/ext/modul-icu/StructureDefinition/einstellung-ausatmungszeit-beatmung,https://www.medizininformatik-initiative.de/fhir/ext/modul-icu/StructureDefinition/mii-pr-icu-einstellung-ausatmungszeit-beatmung,https://www.medizininformatik-initiative.de/fhir/ext/modul-icu/StructureDefinition/mii-pr-icu-vent-einstellung-ausatmungszeit-beatmung (0.97),
icu,2025.0.4,2026.0.0,Observation,SD_MII_ICU_Einstellung_Einatmungszeit_Beatmung,MII_PR_ICU_Einstellung_Einatmungszeit_Beatmung,0.98,1.0,0.935,https://www.medizininformatik-initiative.de/fhir/ext/modul-icu/StructureDefinition/einstellung-einatmungszeit-beatmung,https://www.medizininformatik-initiative.de/fhir/ext/modul-icu/StructureDefinition/mii-pr-icu-einstellung-einatmungszeit-beatmung,https://www.medizininformatik-initiative.de/fhir/ext/modul-icu/StructureDefinition/mii-pr-icu-vent-einstellung-einatmungszeit-beatmung (0.97),
icu,2025.0.4,2026.0.0,Observation,SD_MII_ICU_Endexspiratorischer_Kohlendioxidpartialdruck,MII_PR_ICU_VENT_Endexspiratorischer_Kohlendioxidpartialdruck,0.971,1.0,0.904,https://www.medizininformatik-initiative.de/fhir/ext/modul-icu/StructureDefinition/endexspiratorischer-kohlendioxidpartialdruck,https://www.medizininformatik-initiative.de/fhir/ext/modul-icu/StructureDefinition/mii-pr-icu-vent-endexspiratorischer-kohlendioxidpartialdruck,https://www.medizininformatik-initiative.de/fhir/ext/modul-icu/StructureDefinition/mii-pr-icu-vent-exspiratorischer-sauerstoffpartialdruck (0.91),
icu,2025.0.4,2026.0.0,Observation,SD_MII_ICU_Exspiratorischer_Gasfluss,MII_PR_ICU_VENT_Exspiratorischer_Gasfluss,0.957,1.0,0.857,https://www.medizininformatik-initiative.de/fhir/ext/modul-icu/StructureDefinition/exspiratorischer-gasfluss,https://www.medizininformatik-initiative.de/fhir/ext/modul-icu/StructureDefinition/mii-pr-icu-vent-exspiratorischer-gasfluss,https://www.medizininformatik-initiative.de/fhir/ext/modul-icu/StructureDefinition/mii-pr-icu-vent-inspiratorischer-gasfluss (0.95),
icu,2025.0.4,2026.0.0,Observation,SD_MII_ICU_Exspiratorischer_Sauerstoffpartialdruck,MII_PR_ICU_VENT_Exspiratorischer_Sauerstoffpartialdruck,0.969,1.0,0.895,https://www.medizininformatik-initiative.de/fhir/ext/modul-icu/StructureDefinition/exspiratorischer-sauerstoffpartialdruck,https://www.medizininformatik-initiative.de/fhir/ext/modul-icu/StructureDefinition/mii-pr-icu-vent-exspiratorischer-sauerstoffpartialdruck,https://www.medizininformatik-initiative.de/fhir/ext/modul-icu/StructureDefinition/mii-pr-icu-vent-endexspiratorischer-kohlendioxidpartialdruck (0.91),
icu,2025.0.4,2026.0.0,Procedure,SD_MII_ICU_Extrakorporales_Verfahren,MII_PR_ICU_ECT_Extrakorporales_Verfahren,0.961,1.0,0.868,https://www.medizininformatik-initiative.de/fhir/ext/modul-icu/StructureDefinition/extrakorporales-verfahren,https://www.medizininformatik-initiative.de/fhir/ext/modul-icu/StructureDefinition/mii-pr-icu-ect-extrakorporales-verfahren,https://www.medizininformatik-initiative.de/fhir/ext/modul-icu/StructureDefinition/mii-pr-icu-extrakorporales-verfahren (0.76),
icu,2025.0.4,2026.0.0,Observation,SD_MII_ICU_Gasfluss,MII_PR_ICU_Gasfluss,0.953,1.0,0.842,https://www.medizininformatik-initiative.de/fhir/ext/modul-icu/StructureDefinition/gasfluss,https://www.medizininformatik-initiative.de/fhir/ext/modul-icu/StructureDefinition/mii-pr-icu-gasfluss,https://www.medizininformatik-initiative.de/fhir/ext/modul-icu/StructureDefinition/mii-pr-icu-ect-gasfluss (0.93),
icu,2025.0.4,2026.0.0,Observation,SD_MII_ICU_Haemodialyse_Blutfluss,MII_PR_ICU_ECT_Haemodialyse_Blutfluss,0.957,1.0,0.857,https://www.medizininformatik-initiative.de/fhir/ext/modul-icu/StructureDefinition/haemodialyse-blutfluss,https://www.medizininformatik-initiative.de/fhir/ext/modul-icu/StructureDefinition/mii-pr-icu-ect-haemodialyse-blutfluss,https://www.medizininformatik-initiative.de/fhir/ext/modul-icu/StructureDefinition/mii-pr-icu-haemodialyse-blutfluss (0.87),
icu,2025.0.4,2026.0.0,Observation,SD_MII_ICU_Herzfrequenz,MII_PR_ICU_Herzfrequenz,0.961,1.0,0.87,https://www.medizininformatik-initiative.de/fhir/ext/modul-icu/StructureDefinition/herzfrequenz,https://www.medizininformatik-initiative.de/fhir/ext/modul-icu/StructureDefinition/mii-pr-icu-herzfrequenz,https://www.medizininformatik-initiative.de/fhir/ext/modul-icu/StructureDefinition/mii-pr-icu-muv-herzfrequenz (0.94),
icu,2025.0.4,2026.0.0,Observation,SD_MII_ICU_Horowitz_In_Arteriellem_Blut,MII_PR_ICU_VENT_Horowitz_In_Arteriellem_Blut,0.96,1.0,0.867,https://www.medizininformatik-initiative.de/fhir/ext/modul-icu/StructureDefinition/horowitz-in-arteriellem-blut,https://www.medizininformatik-initiative.de/fhir/ext/modul-icu/StructureDefinition/mii-pr-icu-vent-horowitz-in-arteriellem-blut,https://www.medizininformatik-initiative.de/fhir/ext/modul-icu/StructureDefinition/mii-pr-icu-horowitz-in-arteriellem-blut (0.80),
icu,2025.0.4,2026.0.0,Device,SD_MII_ICU_Icu_Device,MII_PR_ICU_Device,0.921,1.0,0.737,https://www.medizininformatik-initiative.de/fhir/ext/modul-icu/StructureDefinition/icu-device,https://www.medizininformatik-initiative.de/fhir/ext/modul-icu/StructureDefinition/mii-pr-icu-icu-device,,
icu,2025.0.4,2026.0.0,Observation,SD_MII_ICU_Inspiratorische_Sauerstofffraktion,MII_PR_ICU_VENT_Inspiratorische_Sauerstofffraktion,0.965,1.0,0.884,https://www.medizininformatik-initiative.de/fhir/ext/modul-icu/StructureDefinition/inspiratorische-sauerstofffraktion,https://www.medizininformatik-initiative.de/fhir/ext/modul-icu/StructureDefinition/mii-pr-icu-vent-inspiratorische-sauerstofffraktion,https://www.medizininformatik-initiative.de/fhir/ext/modul-icu/StructureDefinition/mii-pr-icu-vent-inspiratorische-sauerstofffraktion-gemessen (0.94),
icu,2025.0.4,2026.0.0,Observation,SD_MII_ICU_Inspiratorische_Sauerstofffraktion_Eingestellt,MII_PR_ICU_VENT_Inspiratorische_Sauerstofffraktion_Eingestellt,0.972,1.0,0.908,https://www.medizininformatik-initiative.de/fhir/ext/modul-icu/StructureDefinition/inspiratorische-sauerstofffraktion-eingestellt,https://www.medizininformatik-initiative.de/fhir/ext/modul-icu/StructureDefinition/mii-pr-icu-vent-inspiratorische-sauerstofffraktion-eingestellt,https://www.medizininformatik-initiative.de/fhir/ext/modul-icu/StructureDefinition/mii-pr-icu-vent-inspiratorische-sauerstofffraktion-gemessen (0.94),
icu,2025.0.4,2026.0.0,Observation,SD_MII_ICU_Inspiratorische_Sauerstofffraktion_Gemessen,MII_PR_ICU_VENT_Inspiratorische_Sauerstofffraktion_Gemessen,0.971,1.0,0.903,https://www.medizininformatik-initiative.de/fhir/ext/modul-icu/StructureDefinition/inspiratorische-sauerstofffraktion-gemessen,https://www.medizininformatik-initiative.de/fhir/ext/modul-icu/StructureDefinition/mii-pr-icu-vent-inspiratorische-sauerstofffraktion-gemessen,https://www.medizininformatik-initiative.de/fhir/ext/modul-icu/StructureDefinition/mii-pr-icu-vent-inspiratorische-sauerstofffraktion (0.94),
icu,2025.0.4,2026.0.0,Observation,SD_MII_ICU_Inspiratorischer_Gasfluss,MII_PR_ICU_VENT_Inspiratorischer_Gasfluss,0.957,1.0,0.857,https://www.medizininformatik-initiative.de/fhir/ext/modul-icu/StructureDefinition/inspiratorischer-gasfluss,https://www.medizininformatik-initiative.de/fhir/ext/modul-icu/StructureDefinition/mii-pr-icu-vent-inspiratorischer-gasfluss,https://www.medizininformatik-initiative.de/fhir/ext/modul-icu/StructureDefinition/mii-pr-icu-vent-exspiratorischer-gasfluss (0.94),
icu,2025.0.4,2026.0.0,Observation,SD_MII_ICU_Ionisiertes_Kalzium_Nierenersatzverfahren,MII_PR_ICU_ECT_Ionisiertes_Kalzium_Nierenersatzverfahren,0.972,1.0,0.907,https://www.medizininformatik-initiative.de/fhir/ext/modul-icu/StructureDefinition/ionisiertes-kalzium-nierenersatzverfahren,https://www.medizininformatik-initiative.de/fhir/ext/modul-icu/StructureDefinition/mii-pr-icu-ect-ionisiertes-kalzium-nierenersatzverfahren,https://www.medizininformatik-initiative.de/fhir/ext/modul-icu/StructureDefinition/mii-pr-icu-ionisiertes-kalzium-nierenersatzverfahren (0.90),
icu,2025.0.4,2026.0.0,Observation,SD_MII_ICU_Koerpergewicht,MII_PR_ICU_Koerpergewicht,0.964,1.0,0.88,https://www.medizininformatik-initiative.de/fhir/ext/modul-icu/StructureDefinition/koerpergewicht,https://www.medizininformatik-initiative.de/fhir/ext/modul-icu/StructureDefinition/mii-pr-icu-koerpergewicht,https://www.medizininformatik-initiative.de/fhir/ext/modul-icu/StructureDefinition/mii-pr-icu-muv-koerpergewicht (0.94),
icu,2025.0.4,2026.0.0,Observation,SD_MII_ICU_Koerpergroesse,MII_PR_ICU_MUV_Koerpergroesse,0.944,1.0,0.815,https://www.medizininformatik-initiative.de/fhir/ext/modul-icu/StructureDefinition/koerpergroesse,https://www.medizininformatik-initiative.de/fhir/ext/modul-icu/StructureDefinition/mii-pr-icu-muv-koerpergroesse,https://www.medizininformatik-initiative.de/fhir/ext/modul-icu/StructureDefinition/mii-pr-icu-koerpergroesse (0.93),
icu,2025.0.4,2026.0.0,Observation,SD_MII_ICU_Kopfumfang,MII_PR_ICU_Kopfumfang,0.957,1.0,0.857,https://www.medizininformatik-initiative.de/fhir/ext/modul-icu/StructureDefinition/kopfumfang,https://www.medizininformatik-initiative.de/fhir/ext/modul-icu/StructureDefinition/mii-pr-icu-kopfumfang,https://www.medizininformatik-initiative.de/fhir/ext/modul-icu/StructureDefinition/mii-pr-icu-muv-kopfumfang (0.93),
icu,2025.0.4,2026.0.0,Observation,SD_MII_ICU_Maximaler_Beatmungsdruck,MII_PR_ICU_VENT_Maximaler_Beatmungsdruck,0.956,1.0,0.853,https://www.medizininformatik-initiative.de/fhir/ext/modul-icu/StructureDefinition/maximaler-beatmungsdruck,https://www.medizininformatik-initiative.de/fhir/ext/modul-icu/StructureDefinition/mii-pr-icu-vent-maximaler-beatmungsdruck,https://www.medizininformatik-initiative.de/fhir/ext/modul-icu/StructureDefinition/mii-pr-icu-vent-mittlerer-beatmungsdruck (0.92),
icu,2025.0.4,2026.0.0,Observation,SD_MII_ICU_Mechanische_Atemfrequenz_Beatmet,MII_PR_ICU_VENT_Mechanische_Atemfrequenz_Beatmet,0.964,1.0,0.879,https://www.medizininformatik-initiative.de/fhir/ext/modul-icu/StructureDefinition/mechanische-atemfrequenz-beatmet,https://www.medizininformatik-initiative.de/fhir/ext/modul-icu/StructureDefinition/mii-pr-icu-vent-mechanische-atemfrequenz-beatmet,https://www.medizininformatik-initiative.de/fhir/ext/modul-icu/StructureDefinition/mii-pr-icu-mechanische-atemfrequenz-beatmet (0.88),
icu,2025.0.4,2026.0.0,Observation,SD_MII_ICU_Mittlerer_Beatmungsdruck,MII_PR_ICU_VENT_Mittlerer_Beatmungsdruck,0.956,1.0,0.853,https://www.medizininformatik-initiative.de/fhir/ext/modul-icu/StructureDefinition/mittlerer-beatmungsdruck,https://www.medizininformatik-initiative.de/fhir/ext/modul-icu/StructureDefinition/mii-pr-icu-vent-mittlerer-beatmungsdruck,https://www.medizininformatik-initiative.de/fhir/ext/modul-icu/StructureDefinition/mii-pr-icu-vent-maximaler-beatmungsdruck (0.92),
icu,2025.0.4,2026.0.0,Observation,SD_MII_ICU_Parameter_Von_Beatmung,MII_PR_ICU_VENT_Parameter_Von_Beatmung,0.954,1.0,0.845,https://www.medizininformatik-initiative.de/fhir/ext/modul-icu/StructureDefinition/parameter-von-beatmung,https://www.medizininformatik-initiative.de/fhir/ext/modul-icu/StructureDefinition/mii-pr-icu-vent-parameter-von-beatmung,https://www.medizininformatik-initiative.de/fhir/ext/modul-icu/StructureDefinition/mii-pr-icu-parameter-von-beatmung (0.95),
icu,2025.0.4,2026.0.0,Observation,SD_MII_ICU_Parameter_Von_Extrakorporalen_Verfahren,MII_PR_ICU_Parameter_Von_Extrakorporalen_Verfahren,0.982,1.0,0.94,https://www.medizininformatik-initiative.de/fhir/ext/modul-icu/StructureDefinition/parameter-von-extrakorporalen-verfahren,https://www.medizininformatik-initiative.de/fhir/ext/modul-icu/StructureDefinition/mii-pr-icu-parameter-von-extrakorporalen-verfahren,https://www.medizininformatik-initiative.de/fhir/ext/modul-icu/StructureDefinition/mii-pr-icu-ect-parameter-von-extrakorporalen-verfahren (0.97),
icu,2025.0.4,2026.0.0,Observation,SD_MII_ICU_Positiv_Endexspiratorischer_Druck,MII_PR_ICU_VENT_Positiv_Endexspiratorischer_Druck,0.965,1.0,0.882,https://www.medizininformatik-initiative.de/fhir/ext/modul-icu/StructureDefinition/positiv-endexspiratorischer-druck,https://www.medizininformatik-initiative.de/fhir/ext/modul-icu/StructureDefinition/mii-pr-icu-vent-positiv-endexspiratorischer-druck,https://www.medizininformatik-initiative.de/fhir/ext/modul-icu/StructureDefinition/mii-pr-icu-positiv-endexpiratorischer-druck (0.88),
icu,2025.0.4,2026.0.0,Observation,SD_MII_ICU_Spontane_Atemfrequenz_Beatmet,MII_PR_ICU_VENT_Spontane_Atemfrequenz_Beatmet,0.961,1.0,0.871,https://www.medizininformatik-initiative.de/fhir/ext/modul-icu/StructureDefinition/spontane-atemfrequenz-beatmet,https://www.medizininformatik-initiative.de/fhir/ext/modul-icu/StructureDefinition/mii-pr-icu-vent-spontane-atemfrequenz-beatmet,https://www.medizininformatik-initiative.de/fhir/ext/modul-icu/StructureDefinition/mii-pr-icu-spontane-mechanische-atemfrequenz-beatmet (0.94),
icu,2025.0.4,2026.0.0,Observation,SD_MII_ICU_Spontane_Mechanische_Atemfrequenz_Beatmet,MII_PR_ICU_Spontane_Mechanische_Atemfrequenz_Beatmet,0.983,1.0,0.942,https://www.medizininformatik-initiative.de/fhir/ext/modul-icu/StructureDefinition/spontane-mechanische-atemfrequenz-beatmet,https://www.medizininformatik-initiative.de/fhir/ext/modul-icu/StructureDefinition/mii-pr-icu-spontane-mechanische-atemfrequenz-beatmet,https://www.medizininformatik-initiative.de/fhir/ext/modul-icu/StructureDefinition/mii-pr-icu-vent-spontane-mechanische-atemfrequenz-beatmet (0.97),
icu,2025.0.4,2026.0.0,Observation,SD_MII_ICU_Spontanes_Atemzugvolumen,MII_PR_ICU_VENT_Spontanes_Atemzugvolumen,0.956,1.0,0.853,https://www.medizininformatik-initiative.de/fhir/ext/modul-icu/StructureDefinition/spontanes-atemzugvolumen,https://www.medizininformatik-initiative.de/fhir/ext/modul-icu/StructureDefinition/mii-pr-icu-vent-spontanes-atemzugvolumen,https://www.medizininformatik-initiative.de/fhir/ext/modul-icu/StructureDefinition/mii-pr-icu-spontanes-atemzugvolumen (0.87),
icu,2025.0.4,2026.0.0,Observation,SD_MII_ICU_Spontanes_Mechanisches_Atemzugvolumen_Waehrend,MII_PR_ICU_VENT_Spontanes_Mechanisches_Atemzugvolumen_Waehrend,0.972,1.0,0.908,https://www.medizininformatik-initiative.de/fhir/ext/modul-icu/StructureDefinition/spontanes-mechanisches-atemzugvolumen-waehrend,https://www.medizininformatik-initiative.de/fhir/ext/modul-icu/StructureDefinition/mii-pr-icu-vent-spontanes-mechanisches-atemzugvolumen-waehrend,https://www.medizininformatik-initiative.de/fhir/ext/modul-icu/StructureDefinition/mii-pr-icu-spontanes-mechanisches-atemzugvolumen-waehrend-beatmung (0.83),
icu,2025.0.4,2026.0.0,Observation,SD_MII_ICU_Substituatfluss,MII_PR_ICU_ECT_Substituatfluss,0.946,1.0,0.821,https://www.medizininformatik-initiative.de/fhir/ext/modul-icu/StructureDefinition/substituatfluss,https://www.medizininformatik-initiative.de/fhir/ext/modul-icu/StructureDefinition/mii-pr-icu-ect-substituatfluss,https://www.medizininformatik-initiative.de/fhir/ext/modul-icu/StructureDefinition/mii-pr-icu-ect-substituatvolumen (0.91),
icu,2025.0.4,2026.0.0,Observation,SD_MII_ICU_Substituatvolumen,MII_PR_ICU_ECT_Substituatvolumen,0.95,1.0,0.833,https://www.medizininformatik-initiative.de/fhir/ext/modul-icu/StructureDefinition/substituatvolumen,https://www.medizininformatik-initiative.de/fhir/ext/modul-icu/StructureDefinition/mii-pr-icu-ect-substituatvolumen,https://www.medizininformatik-initiative.de/fhir/ext/modul-icu/StructureDefinition/mii-pr-icu-ect-substituatfluss (0.91),
icu,2025.0.4,2026.0.0,Observation,SD_MII_ICU_Unterstuezungsdruck_Beatmung,MII_PR_ICU_VENT_Unterstuezungsdruck_Beatmung,0.96,1.0,0.867,https://www.medizininformatik-initiative.de/fhir/ext/modul-icu/StructureDefinition/unterstuetzungsdruck-beatmung,https://www.medizininformatik-initiative.de/fhir/ext/modul-icu/StructureDefinition/mii-pr-icu-vent-unterstuetzungsdruck-beatmung,https://www.medizininformatik-initiative.de/fhir/ext/modul-icu/StructureDefinition/mii-pr-icu-unterstuetzungsdruck-beatmung (0.86),
icu,2025.0.4,2026.0.0,Observation,SD_MII_ICU_Venoeser_Druck,MII_PR_ICU_ECT_Venoeser_Druck,0.944,1.0,0.815,https://www.medizininformatik-initiative.de/fhir/ext/modul-icu/StructureDefinition/venoeser-druck,https://www.medizininformatik-initiative.de/fhir/ext/modul-icu/StructureDefinition/mii-pr-icu-ect-venoeser-druck,https://www.medizininformatik-initiative.de/fhir/ext/modul-icu/StructureDefinition/mii-pr-icu-venoeser-druck (0.82),
icu,2025.0.4,2026.0.0,Observation,SD_MII_ICU_Zeitverhaeltnis_Ein_Ausatmung,MII_PR_ICU_VENT_Zeitverhaeltnis_Ein_Ausatmung,0.961,1.0,0.871,https://www.medizininformatik-initiative.de/fhir/ext/modul-icu/StructureDefinition/zeitverhaeltnis-ein-ausatmung,https://www.medizininformatik-initiative.de/fhir/ext/modul-icu/StructureDefinition/mii-pr-icu-vent-zeitverhaeltnis-ein-ausatmung,https://www.medizininformatik-initiative.de/fhir/ext/modul-icu/StructureDefinition/mii-pr-icu-zeitverhaeltnis-ein-ausatmung (0.88),
icu,2026.0.1,2026.0.2,Observation,MII_PR_ICU_Arterieller_Blutdruck,,,,,https://www.medizininformatik-initiative.de/fhir/ext/modul-icu/StructureDefinition/mii-pr-icu-arterieller-blutdruck,,,
icu,2026.0.1,2026.0.2,Observation,MII_PR_ICU_Atemfrequenz,,,,,https://www.medizininformatik-initiative.de/fhir/ext/modul-icu/StructureDefinition/mii-pr-icu-atemfrequenz,,,
icu,2026.0.1,2026.0.2,Observation,MII_PR_ICU_Bilanz_Abnahme_Haemofiltration_Einzelmesswerte,MII_PR_ICU_Bilanz_Ausfuhr_Haemofiltration_Einzelmesswerte,0.886,0.875,0.912,https://www.medizininformatik-initiative.de/fhir/ext/modul-icu/StructureDefinition/mii-pr-icu-bilanz-abnahme-haemofiltration-einzelmesswerte,https://www.medizininformatik-initiative.de/fhir/ext/modul-icu/StructureDefinition/mii-pr-icu-bilanz-ausfuhr-haemofiltration-einzelmesswerte,https://www.medizininformatik-initiative.de/fhir/ext/modul-icu/StructureDefinition/mii-pr-icu-bilanz-tagesbilanz-fluessigkeit (0.79),
icu,2026.0.1,2026.0.2,Observation,MII_PR_ICU_Bilanz_Ausfuhr_Drainage_OP,MII_PR_ICU_Bilanz_Ausfuhr_OP_Drainage,0.742,0.667,0.919,https://www.medizininformatik-initiative.de/fhir/ext/modul-icu/StructureDefinition/mii-pr-icu-bilanz-ausfuhr-drainage-op,https://www.medizininformatik-initiative.de/fhir/ext/modul-icu/StructureDefinition/mii-pr-icu-bilanz-ausfuhr-op-drainage,https://www.medizininformatik-initiative.de/fhir/ext/modul-icu/StructureDefinition/mii-pr-icu-bilanz-ausfuhr-blutverlust (0.69),
icu,2026.0.1,2026.0.2,Observation,MII_PR_ICU_Bilanz_Ausfuhr_Drainage_Wund,MII_PR_ICU_Bilanz_Ausfuhr_OP_Drainage,0.735,0.667,0.895,https://www.medizininformatik-initiative.de/fhir/ext/modul-icu/StructureDefinition/mii-pr-icu-bilanz-ausfuhr-drainage-wund,https://www.medizininformatik-initiative.de/fhir/ext/modul-icu/StructureDefinition/mii-pr-icu-bilanz-ausfuhr-op-drainage,https://www.medizininformatik-initiative.de/fhir/ext/modul-icu/StructureDefinition/mii-pr-icu-bilanz-ausfuhr-blutverlust (0.69),
icu,2026.0.1,2026.0.2,Observation,MII_PR_ICU_Bilanz_Ausfuhr_Gallengang,MII_PR_ICU_Bilanz_Ausfuhr_Blutverlust,0.843,0.875,0.767,https://www.medizininformatik-initiative.de/fhir/ext/modul-icu/StructureDefinition/mii-pr-icu-bilanz-ausfuhr-gallengang,https://www.medizininformatik-initiative.de/fhir/ext/modul-icu/StructureDefinition/mii-pr-icu-bilanz-ausfuhr-blutverlust,https://www.medizininformatik-initiative.de/fhir/ext/modul-icu/StructureDefinition/mii-pr-icu-bilanz-ausfuhr-op-drainage (0.84),
icu,2026.0.1,2026.0.2,Observation,MII_PR_ICU_Bilanz_Ausfuhr_Opdrainage,MII_PR_ICU_Bilanz_Ausfuhr_OP_Drainage,0.892,0.875,0.932,https://www.medizininformatik-initiative.de/fhir/ext/modul-icu/StructureDefinition/mii-pr-icu-bilanz-ausfuhr-opdrainage,https://www.medizininformatik-initiative.de/fhir/ext/modul-icu/StructureDefinition/mii-pr-icu-bilanz-ausfuhr-op-drainage,https://www.medizininformatik-initiative.de/fhir/ext/modul-icu/StructureDefinition/mii-pr-icu-bilanz-ausfuhr-blutverlust (0.83),
icu,2026.0.1,2026.0.2,Observation,MII_PR_ICU_Bilanz_Blutverlust,MII_PR_ICU_Bilanz_Ausfuhr_Blutverlust,0.876,0.875,0.879,https://www.medizininformatik-initiative.de/fhir/ext/modul-icu/StructureDefinition/mii-pr-icu-bilanz-blutverlust,https://www.medizininformatik-initiative.de/fhir/ext/modul-icu/StructureDefinition/mii-pr-icu-bilanz-ausfuhr-blutverlust,https://www.medizininformatik-initiative.de/fhir/ext/modul-icu/StructureDefinition/mii-pr-icu-bilanz-ausfuhr-op-drainage (0.79),
icu,2026.0.1,2026.0.2,Observation,MII_PR_ICU_Bilanz_Einfuhr_Enterale_Fluesse,MII_PR_ICU_Bilanz_Ausfuhr_Blutverlust,0.687,0.667,0.734,https://www.medizininformatik-initiative.de/fhir/ext/modul-icu/StructureDefinition/mii-pr-icu-bilanz-einfuhr-enterale-fluesse,https://www.medizininformatik-initiative.de/fhir/ext/modul-icu/StructureDefinition/mii-pr-icu-bilanz-ausfuhr-blutverlust,https://www.medizininformatik-initiative.de/fhir/ext/modul-icu/StructureDefinition/mii-pr-icu-bilanz-tagesbilanz-fluessigkeit (0.67),
icu,2026.0.1,2026.0.2,Observation,MII_PR_ICU_Bilanz_Einfuhr_Oraler_Fluesse,MII_PR_ICU_Bilanz_Ausfuhr_Blutverlust,0.693,0.667,0.753,https://www.medizininformatik-initiative.de/fhir/ext/modul-icu/StructureDefinition/mii-pr-icu-bilanz-einfuhr-oraler-fluesse,https://www.medizininformatik-initiative.de/fhir/ext/modul-icu/StructureDefinition/mii-pr-icu-bilanz-ausfuhr-blutverlust,https://www.medizininformatik-initiative.de/fhir/ext/modul-icu/StructureDefinition/mii-pr-icu-bilanz-ausfuhr-op-drainage (0.68),
icu,2026.0.1,2026.0.2,Observation,MII_PR_ICU_Bilanz_Einfuhr_Oraler_Fluessigkeit,MII_PR_ICU_Bilanz_Tagesbilanz_Fluessigkeit,0.84,0.875,0.759,https://www.medizininformatik-initiative.de/fhir/ext/modul-icu/StructureDefinition/mii-pr-icu-bilanz-einfuhr-oraler-fluessigkeit,https://www.medizininformatik-initiative.de/fhir/ext/modul-icu/StructureDefinition/mii-pr-icu-bilanz-tagesbilanz-fluessigkeit,https://www.medizininformatik-initiative.de/fhir/ext/modul-icu/StructureDefinition/mii-pr-icu-bilanz-ausfuhr-blutverlust (0.83),
icu,2026.0.1,2026.0.2,Observation,MII_PR_ICU_Bilanz_Gesamte_Ausfuhr,MII_PR_ICU_Bilanz_Ausfuhr_Blutverlust,0.827,0.875,0.714,https://www.medizininformatik-initiative.de/fhir/ext/modul-icu/StructureDefinition/mii-pr-icu-bilanz-gesamte-ausfuhr,https://www.medizininformatik-initiative.de/fhir/ext/modul-icu/StructureDefinition/mii-pr-icu-bilanz-ausfuhr-blutverlust,https://www.medizininformatik-initiative.de/fhir/ext/modul-icu/StructureDefinition/mii-pr-icu-bilanz-ausfuhr-op-drainage (0.83),
icu,2026.0.1,2026.0.2,Observation,MII_PR_ICU_Bilanz_Gesamte_Einfuhr,MII_PR_ICU_Bilanz_Ausfuhr_Blutverlust,0.81,0.875,0.657,https://www.medizininformatik-initiative.de/fhir/ext/modul-icu/StructureDefinition/mii-pr-icu-bilanz-gesamte-einfuhr,https://www.medizininformatik-initiative.de/fhir/ext/modul-icu/StructureDefinition/mii-pr-icu-bilanz-ausfuhr-blutverlust,https://www.medizininformatik-initiative.de/fhir/ext/modul-icu/StructureDefinition/mii-pr-icu-bilanz-ausfuhr-op-drainage (0.81),
icu,2026.0.1,2026.0.2,Observation,MII_PR_ICU_Bilanz_Gesamte_Tages_Bilanz,MII_PR_ICU_Bilanz_Tagesbilanz_Fluessigkeit,0.735,0.75,0.7,https://www.medizininformatik-initiative.de/fhir/ext/modul-icu/StructureDefinition/mii-pr-icu-bilanz-gesamte-tages-bilanz,https://www.medizininformatik-initiative.de/fhir/ext/modul-icu/StructureDefinition/mii-pr-icu-bilanz-tagesbilanz-fluessigkeit,https://www.medizininformatik-initiative.de/fhir/ext/modul-icu/StructureDefinition/mii-pr-icu-bilanz-ausfuhr-op-drainage (0.71),
icu,2026.0.1,2026.0.2,Observation,MII_PR_ICU_ECT_Arterieller_Druck,MII_PR_ICU_Bilanz_Ausfuhr_Blutverlust,0.399,0.333,0.551,https://www.medizininformatik-initiative.de/fhir/ext/modul-icu/StructureDefinition/mii-pr-icu-ect-arterieller-druck,https://www.medizininformatik-initiative.de/fhir/ext/modul-icu/StructureDefinition/mii-pr-icu-bilanz-ausfuhr-blutverlust,https://www.medizininformatik-initiative.de/fhir/ext/modul-icu/StructureDefinition/mii-pr-icu-bilanz-ausfuhr-op-drainage (0.38),
icu,2026.0.1,2026.0.2,Observation,MII_PR_ICU_ECT_Blutfluss_Cardiovasculaeres_Geraet,MII_PR_ICU_Bilanz_Ausfuhr_Blutverlust,0.451,0.444,0.465,https://www.medizininformatik-initiative.de/fhir/ext/modul-icu/StructureDefinition/mii-pr-icu-ect-blutfluss-cardiovasculaeres-geraet,https://www.medizininformatik-initiative.de/fhir/ext/modul-icu/StructureDefinition/mii-pr-icu-bilanz-ausfuhr-blutverlust,https://www.medizininformatik-initiative.de/fhir/ext/modul-icu/StructureDefinition/mii-pr-icu-bilanz-ausfuhr-op-drainage (0.44),
icu,2026.0.1,2026.0.2,Observation,MII_PR_ICU_ECT_Blutfluss_Extrakorporaler_Gasaustausch,MII_PR_ICU_Bilanz_Ausfuhr_Blutverlust,0.444,0.444,0.444,https://www.medizininformatik-initiative.de/fhir/ext/modul-icu/StructureDefinition/mii-pr-icu-ect-blutfluss-extrakorporaler-gasaustausch,https://www.medizininformatik-initiative.de/fhir/ext/modul-icu/StructureDefinition/mii-pr-icu-bilanz-ausfuhr-blutverlust,https://www.medizininformatik-initiative.de/fhir/ext/modul-icu/StructureDefinition/mii-pr-icu-bilanz-ausfuhr-op-drainage (0.44),
icu,2026.0.1,2026.0.2,Observation,MII_PR_ICU_ECT_Blutflussindex_Extrakorporaler_Gasaustausch,MII_PR_ICU_Bilanz_Ausfuhr_Blutverlust,0.381,0.364,0.421,https://www.medizininformatik-initiative.de/fhir/ext/modul-icu/StructureDefinition/mii-pr-icu-ect-blutflussindex-extrakorporaler-gasaustausch,https://www.medizininformatik-initiative.de/fhir/ext/modul-icu/StructureDefinition/mii-pr-icu-bilanz-ausfuhr-blutverlust,https://www.medizininformatik-initiative.de/fhir/ext/modul-icu/StructureDefinition/mii-pr-icu-bilanz-ausfuhr-haemofiltration-einzelmesswerte (0.37),
icu,2026.0.1,2026.0.2,Observation,MII_PR_ICU_ECT_Dauer_Extrakorporaler_Gasaustausch,MII_PR_ICU_Bilanz_Ausfuhr_Blutverlust,0.387,0.364,0.442,https://www.medizininformatik-initiative.de/fhir/ext/modul-icu/StructureDefinition/mii-pr-icu-ect-dauer-extrakorporaler-gasaustausch,https://www.medizininformatik-initiative.de/fhir/ext/modul-icu/StructureDefinition/mii-pr-icu-bilanz-ausfuhr-blutverlust,https://www.medizininformatik-initiative.de/fhir/ext/modul-icu/StructureDefinition/mii-pr-icu-bilanz-ausfuhr-haemofiltration-einzelmesswerte (0.38),
icu,2026.0.1,2026.0.2,Observation,MII_PR_ICU_ECT_Dauer_Haemodialysesitzung,MII_PR_ICU_Bilanz_Ausfuhr_Haemofiltration_Einzelmesswerte,0.415,0.364,0.536,https://www.medizininformatik-initiative.de/fhir/ext/modul-icu/StructureDefinition/mii-pr-icu-ect-dauer-haemodialysesitzung,https://www.medizininformatik-initiative.de/fhir/ext/modul-icu/StructureDefinition/mii-pr-icu-bilanz-ausfuhr-haemofiltration-einzelmesswerte,https://www.medizininformatik-initiative.de/fhir/ext/modul-icu/StructureDefinition/mii-pr-icu-bilanz-ausfuhr-blutverlust (0.39),
icu,2026.0.1,2026.0.2,DeviceMetric,MII_PR_ICU_ECT_Devicemetric_Eingestellte_Gemessene_Parameter_Extrakorporale_Verfahren,,,,,https://www.medizininformatik-initiative.de/fhir/ext/modul-icu/StructureDefinition/mii-pr-icu-ect-devicemetric-eingestellte-gemessene-parameter-extrakorporale-verfahren,,,
icu,2026.0.1,2026.0.2,Procedure,MII_PR_ICU_ECT_Extrakorporales_Verfahren,,,,,https://www.medizininformatik-initiative.de/fhir/ext/modul-icu/StructureDefinition/mii-pr-icu-ect-extrakorporales-verfahren,,,
icu,2026.0.1,2026.0.2,Observation,MII_PR_ICU_ECT_Gasfluss,MII_PR_ICU_Bilanz_Ausfuhr_Blutverlust,0.326,0.222,0.567,https://www.medizininformatik-initiative.de/fhir/ext/modul-icu/StructureDefinition/mii-pr-icu-ect-gasfluss,https://www.medizininformatik-initiative.de/fhir/ext/modul-icu/StructureDefinition/mii-pr-icu-bilanz-ausfuhr-blutverlust,https://www.medizininformatik-initiative.de/fhir/ext/modul-icu/StructureDefinition/mii-pr-icu-bilanz-tagesbilanz-fluessigkeit (0.31),
icu,2026.0.1,2026.0.2,Observation,MII_PR_ICU_ECT_Haemodialyse_Blutfluss,MII_PR_ICU_Bilanz_Ausfuhr_Blutverlust,0.425,0.364,0.568,https://www.medizininformatik-initiative.de/fhir/ext/modul-icu/StructureDefinition/mii-pr-icu-ect-haemodialyse-blutfluss,https://www.medizininformatik-initiative.de/fhir/ext/modul-icu/StructureDefinition/mii-pr-icu-bilanz-ausfuhr-blutverlust,https://www.medizininformatik-initiative.de/fhir/ext/modul-icu/StructureDefinition/mii-pr-icu-bilanz-ausfuhr-haemofiltration-einzelmesswerte (0.40),
icu,2026.0.1,2026.0.2,Observation,MII_PR_ICU_ECT_Ionisiertes_Kalzium_Nierenersatzverfahren,MII_PR_ICU_Bilanz_Ausfuhr_Blutverlust,0.349,0.333,0.387,https://www.medizininformatik-initiative.de/fhir/ext/modul-icu/StructureDefinition/mii-pr-icu-ect-ionisiertes-kalzium-nierenersatzverfahren,https://www.medizininformatik-initiative.de/fhir/ext/modul-icu/StructureDefinition/mii-pr-icu-bilanz-ausfuhr-blutverlust,https://www.medizininformatik-initiative.de/fhir/ext/modul-icu/StructureDefinition/mii-pr-icu-bilanz-ausfuhr-op-drainage (0.34),
icu,2026.0.1,2026.0.2,Observation,MII_PR_ICU_ECT_Parameter_Von_Extrakorporalen_Verfahren,,,,,https://www.medizininformatik-initiative.de/fhir/ext/modul-icu/StructureDefinition/mii-pr-icu-ect-parameter-von-extrakorporalen-verfahren,,,
icu,2026.0.1,2026.0.2,Observation,MII_PR_ICU_ECT_Substituatfluss,MII_PR_ICU_Bilanz_Ausfuhr_Blutverlust,0.416,0.364,0.537,https://www.medizininformatik-initiative.de/fhir/ext/modul-icu/StructureDefinition/mii-pr-icu-ect-substituatfluss,https://www.medizininformatik-initiative.de/fhir/ext/modul-icu/StructureDefinition/mii-pr-icu-bilanz-ausfuhr-blutverlust,https://www.medizininformatik-initiative.de/fhir/ext/modul-icu/StructureDefinition/mii-pr-icu-bilanz-tagesbilanz-fluessigkeit (0.40),
icu,2026.0.1,2026.0.2,Observation,MII_PR_ICU_ECT_Substituatvolumen,MII_PR_ICU_Bilanz_Ausfuhr_OP_Drainage,0.402,0.364,0.493,https://www.medizininformatik-initiative.de/fhir/ext/modul-icu/StructureDefinition/mii-pr-icu-ect-substituatvolumen,https://www.medizininformatik-initiative.de/fhir/ext/modul-icu/StructureDefinition/mii-pr-icu-bilanz-ausfuhr-op-drainage,https://www.medizininformatik-initiative.de/fhir/ext/modul-icu/StructureDefinition/mii-pr-icu-bilanz-tagesbilanz-fluessigkeit (0.39),
icu,2026.0.1,2026.0.2,Observation,MII_PR_ICU_ECT_Venoeser_Druck,MII_PR_ICU_Bilanz_Ausfuhr_OP_Drainage,0.466,0.444,0.515,https://www.medizininformatik-initiative.de/fhir/ext/modul-icu/StructureDefinition/mii-pr-icu-ect-venoeser-druck,https://www.medizininformatik-initiative.de/fhir/ext/modul-icu/StructureDefinition/mii-pr-icu-bilanz-ausfuhr-op-drainage,https://www.medizininformatik-initiative.de/fhir/ext/modul-icu/StructureDefinition/mii-pr-icu-bilanz-ausfuhr-blutverlust (0.46),
icu,2026.0.1,2026.0.2,Observation,MII_PR_ICU_Herzfrequenz,MII_PR_ICU_Bilanz_Ausfuhr_Blutverlust,0.607,0.667,0.467,https://www.medizininformatik-initiative.de/fhir/ext/modul-icu/StructureDefinition/mii-pr-icu-herzfrequenz,https://www.medizininformatik-initiative.de/fhir/ext/modul-icu/StructureDefinition/mii-pr-icu-bilanz-ausfuhr-blutverlust,https://www.medizininformatik-initiative.de/fhir/ext/modul-icu/StructureDefinition/mii-pr-icu-bilanz-tagesbilanz-fluessigkeit (0.61),
icu,2026.0.1,2026.0.2,Observation,MII_PR_ICU_Koerpergewicht,,,,,https://www.medizininformatik-initiative.de/fhir/ext/modul-icu/StructureDefinition/mii-pr-icu-koerpergewicht,,,
icu,2026.0.1,2026.0.2,Observation,MII_PR_ICU_Koerpergroesse,,,,,https://www.medizininformatik-initiative.de/fhir/ext/modul-icu/StructureDefinition/mii-pr-icu-koerpergroesse,,,
icu,2026.0.1,2026.0.2,Observation,MII_PR_ICU_Kopfumfang,,,,,https://www.medizininformatik-initiative.de/fhir/ext/modul-icu/StructureDefinition/mii-pr-icu-kopfumfang,,,
icu,2026.0.1,2026.0.2,Observation,MII_PR_ICU_VENT_Atemwegsdruck_Bei_Mitl_Exspiratorischem_Gasfluss,MII_PR_ICU_Bilanz_Ausfuhr_Blutverlust,0.322,0.273,0.436,https://www.medizininformatik-initiative.de/fhir/ext/modul-icu/StructureDefinition/mii-pr-icu-vent-atemwegsdruck-bei-mitl-exspiratorischem-gasfluss,https://www.medizininformatik-initiative.de/fhir/ext/modul-icu/StructureDefinition/mii-pr-icu-bilanz-ausfuhr-blutverlust,https://www.medizininformatik-initiative.de/fhir/ext/modul-icu/StructureDefinition/mii-pr-icu-bilanz-ausfuhr-haemofiltration-einzelmesswerte (0.32),
icu,2026.0.1,2026.0.2,Observation,MII_PR_ICU_VENT_Atemwegsdruck_Bei_Null_Exspiratorischem_Gasfluss,MII_PR_ICU_Bilanz_Ausfuhr_Blutverlust,0.322,0.273,0.436,https://www.medizininformatik-initiative.de/fhir/ext/modul-icu/StructureDefinition/mii-pr-icu-vent-atemwegsdruck-bei-null-exspiratorischem-gasfluss,https://www.medizininformatik-initiative.de/fhir/ext/modul-icu/StructureDefinition/mii-pr-icu-bilanz-ausfuhr-blutverlust,https://www.medizininformatik-initiative.de/fhir/ext/modul-icu/StructureDefinition/mii-pr-icu-bilanz-ausfuhr-haemofiltration-einzelmesswerte (0.32),
icu,2026.0.1,2026.0.2,Observation,MII_PR_ICU_VENT_Atemzugvolumen_Einstellung,MII_PR_ICU_Bilanz_Ausfuhr_Haemofiltration_Einzelmesswerte,0.385,0.333,0.505,https://www.medizininformatik-initiative.de/fhir/ext/modul-icu/StructureDefinition/mii-pr-icu-vent-atemzugvolumen-einstellung,https://www.medizininformatik-initiative.de/fhir/ext/modul-icu/StructureDefinition/mii-pr-icu-bilanz-ausfuhr-haemofiltration-einzelmesswerte,https://www.medizininformatik-initiative.de/fhir/ext/modul-icu/StructureDefinition/mii-pr-icu-bilanz-ausfuhr-blutverlust (0.38),
icu,2026.0.1,2026.0.2,Observation,MII_PR_ICU_VENT_Atemzugvolumen_Waehrend_Beatmung,MII_PR_ICU_Bilanz_Ausfuhr_Blutverlust,0.389,0.364,0.447,https://www.medizininformatik-initiative.de/fhir/ext/modul-icu/StructureDefinition/mii-pr-icu-vent-atemzugvolumen-waehrend-beatmung,https://www.medizininformatik-initiative.de/fhir/ext/modul-icu/StructureDefinition/mii-pr-icu-bilanz-ausfuhr-blutverlust,https://www.medizininformatik-initiative.de/fhir/ext/modul-icu/StructureDefinition/mii-pr-icu-bilanz-ausfuhr-op-drainage (0.38),
icu,2026.0.1,2026.0.2,Procedure,MII_PR_ICU_VENT_Beatmung,,,,,https://www.medizininformatik-initiative.de/fhir/ext/modul-icu/StructureDefinition/mii-pr-icu-vent-beatmung,,,
icu,2026.0.1,2026.0.2,Observation,MII_PR_ICU_VENT_Beatmungsvolumen_Pro_Minute_Maschineller,MII_PR_ICU_Bilanz_Ausfuhr_Haemofiltration_Einzelmesswerte,0.371,0.364,0.389,https://www.medizininformatik-initiative.de/fhir/ext/modul-icu/StructureDefinition/mii-pr-icu-vent-beatmungsvolumen-pro-minute-maschineller,https://www.medizininformatik-initiative.de/fhir/ext/modul-icu/StructureDefinition/mii-pr-icu-bilanz-ausfuhr-haemofiltration-einzelmesswerte,https://www.medizininformatik-initiative.de/fhir/ext/modul-icu/StructureDefinition/mii-pr-icu-bilanz-ausfuhr-blutverlust (0.37),
icu,2026.0.1,2026.0.2,Observation,MII_PR_ICU_VENT_Beatmungszeit_Hohem_Druck,MII_PR_ICU_Bilanz_Ausfuhr_OP_Drainage,0.393,0.364,0.462,https://www.medizininformatik-initiative.de/fhir/ext/modul-icu/StructureDefinition/mii-pr-icu-vent-beatmungszeit-hohem-druck,https://www.medizininformatik-initiative.de/fhir/ext/modul-icu/StructureDefinition/mii-pr-icu-bilanz-ausfuhr-op-drainage,https://www.medizininformatik-initiative.de/fhir/ext/modul-icu/StructureDefinition/mii-pr-icu-bilanz-tagesbilanz-fluessigkeit (0.38),
icu,2026.0.1,2026.0.2,Observation,MII_PR_ICU_VENT_Beatmungszeit_Niedrigem_Druck,MII_PR_ICU_Bilanz_Ausfuhr_OP_Drainage,0.386,0.364,0.439,https://www.medizininformatik-initiative.de/fhir/ext/modul-icu/StructureDefinition/mii-pr-icu-vent-beatmungszeit-niedrigem-druck,https://www.medizininformatik-initiative.de/fhir/ext/modul-icu/StructureDefinition/mii-pr-icu-bilanz-ausfuhr-op-drainage,https://www.medizininformatik-initiative.de/fhir/ext/modul-icu/StructureDefinition/mii-pr-icu-bilanz-tagesbilanz-fluessigkeit (0.38),
icu,2026.0.1,2026.0.2,DeviceMetric,MII_PR_ICU_VENT_Devicemetric_Eingestellte_Gemessene_Parameter_Beatmung,,,,,https://www.medizininformatik-initiative.de/fhir/ext/modul-icu/StructureDefinition/mii-pr-icu-vent-devicemetric-eingestellte-gemessene-parameter-beatmung,,,
icu,2026.0.1,2026.0.2,Observation,MII_PR_ICU_VENT_Druckdifferenz_Beatmung,MII_PR_ICU_Bilanz_Ausfuhr_Blutverlust,0.397,0.364,0.474,https://www.medizininformatik-initiative.de/fhir/ext/modul-icu/StructureDefinition/mii-pr-icu-vent-druckdifferenz-beatmung,https://www.medizininformatik-initiative.de/fhir/ext/modul-icu/StructureDefinition/mii-pr-icu-bilanz-ausfuhr-blutverlust,https://www.medizininformatik-initiative.de/fhir/ext/modul-icu/StructureDefinition/mii-pr-icu-bilanz-tagesbilanz-fluessigkeit (0.39),
icu,2026.0.1,2026.0.2,Observation,MII_PR_ICU_VENT_Dynamische_Kompliance,MII_PR_ICU_Bilanz_Ausfuhr_Blutverlust,0.384,0.364,0.432,https://www.medizininformatik-initiative.de/fhir/ext/modul-icu/StructureDefinition/mii-pr-icu-vent-dynamische-kompliance,https://www.medizininformatik-initiative.de/fhir/ext/modul-icu/StructureDefinition/mii-pr-icu-bilanz-ausfuhr-blutverlust,https://www.medizininformatik-initiative.de/fhir/ext/modul-icu/StructureDefinition/mii-pr-icu-bilanz-ausfuhr-op-drainage (0.38),
icu,2026.0.1,2026.0.2,Observation,MII_PR_ICU_VENT_Eingestellter_Inspiratorischer_Gasfluss,MII_PR_ICU_Bilanz_Tagesbilanz_Fluessigkeit,0.305,0.25,0.433,https://www.medizininformatik-initiative.de/fhir/ext/modul-icu/StructureDefinition/mii-pr-icu-vent-eingestellter-inspiratorischer-gasfluss,https://www.medizininformatik-initiative.de/fhir/ext/modul-icu/StructureDefinition/mii-pr-icu-bilanz-tagesbilanz-fluessigkeit,,
icu,2026.0.1,2026.0.2,Observation,MII_PR_ICU_VENT_Einstellung_Ausatmungszeit_Beatmung,MII_PR_ICU_Bilanz_Ausfuhr_Blutverlust,0.43,0.4,0.5,https://www.medizininformatik-initiative.de/fhir/ext/modul-icu/StructureDefinition/mii-pr-icu-vent-einstellung-ausatmungszeit-beatmung,https://www.medizininformatik-initiative.de/fhir/ext/modul-icu/StructureDefinition/mii-pr-icu-bilanz-ausfuhr-blutverlust,https://www.medizininformatik-initiative.de/fhir/ext/modul-icu/StructureDefinition/mii-pr-icu-bilanz-ausfuhr-op-drainage (0.42),
icu,2026.0.1,2026.0.2,Observation,MII_PR_ICU_VENT_Einstellung_Einatmungszeit_Beatmung,MII_PR_ICU_Bilanz_Ausfuhr_OP_Drainage,0.416,0.4,0.455,https://www.medizininformatik-initiative.de/fhir/ext/modul-icu/StructureDefinition/mii-pr-icu-vent-einstellung-einatmungszeit-beatmung,https://www.medizininformatik-initiative.de/fhir/ext/modul-icu/StructureDefinition/mii-pr-icu-bilanz-ausfuhr-op-drainage,https://www.medizininformatik-initiative.de/fhir/ext/modul-icu/StructureDefinition/mii-pr-icu-bilanz-tagesbilanz-fluessigkeit (0.40),
icu,2026.0.1,2026.0.2,Observation,MII_PR_ICU_VENT_Endexspiratorischer_Kohlendioxidpartialdruck,MII_PR_ICU_Bilanz_Ausfuhr_Haemofiltration_Einzelmesswerte,0.372,0.364,0.393,https://www.medizininformatik-initiative.de/fhir/ext/modul-icu/StructureDefinition/mii-pr-icu-vent-endexspiratorischer-kohlendioxidpartialdruck,https://www.medizininformatik-initiative.de/fhir/ext/modul-icu/StructureDefinition/mii-pr-icu-bilanz-ausfuhr-haemofiltration-einzelmesswerte,https://www.medizininformatik-initiative.de/fhir/ext/modul-icu/StructureDefinition/mii-pr-icu-bilanz-ausfuhr-blutverlust (0.37),
icu,2026.0.1,2026.0.2,Observation,MII_PR_ICU_VENT_Exspiratorischer_Gasfluss,MII_PR_ICU_Bilanz_Ausfuhr_Blutverlust,0.387,0.333,0.513,https://www.medizininformatik-initiative.de/fhir/ext/modul-icu/StructureDefinition/mii-pr-icu-vent-exspiratorischer-gasfluss,https://www.medizininformatik-initiative.de/fhir/ext/modul-icu/StructureDefinition/mii-pr-icu-bilanz-ausfuhr-blutverlust,https://www.medizininformatik-initiative.de/fhir/ext/modul-icu/StructureDefinition/mii-pr-icu-bilanz-ausfuhr-haemofiltration-einzelmesswerte (0.37),
icu,2026.0.1,2026.0.2,Observation,MII_PR_ICU_VENT_Exspiratorischer_Sauerstoffpartialdruck,MII_PR_ICU_Bilanz_Ausfuhr_Blutverlust,0.385,0.364,0.435,https://www.medizininformatik-initiative.de/fhir/ext/modul-icu/StructureDefinition/mii-pr-icu-vent-exspiratorischer-sauerstoffpartialdruck,https://www.medizininformatik-initiative.de/fhir/ext/modul-icu/StructureDefinition/mii-pr-icu-bilanz-ausfuhr-blutverlust,https://www.medizininformatik-initiative.de/fhir/ext/modul-icu/StructureDefinition/mii-pr-icu-bilanz-ausfuhr-haemofiltration-einzelmesswerte (0.38),
icu,2026.0.1,2026.0.2,Observation,MII_PR_ICU_VENT_Horowitz_In_Arteriellem_Blut,MII_PR_ICU_Bilanz_Ausfuhr_Blutverlust,0.389,0.333,0.519,https://www.medizininformatik-initiative.de/fhir/ext/modul-icu/StructureDefinition/mii-pr-icu-vent-horowitz-in-arteriellem-blut,https://www.medizininformatik-initiative.de/fhir/ext/modul-icu/StructureDefinition/mii-pr-icu-bilanz-ausfuhr-blutverlust,https://www.medizininformatik-initiative.de/fhir/ext/modul-icu/StructureDefinition/mii-pr-icu-bilanz-ausfuhr-haemofiltration-einzelmesswerte (0.36),
icu,2026.0.1,2026.0.2,Observation,MII_PR_ICU_VENT_Inspiratorische_Sauerstofffraktion,MII_PR_ICU_Bilanz_Ausfuhr_Blutverlust,0.411,0.4,0.437,https://www.medizininformatik-initiative.de/fhir/ext/modul-icu/StructureDefinition/mii-pr-icu-vent-inspiratorische-sauerstofffraktion,https://www.medizininformatik-initiative.de/fhir/ext/modul-icu/StructureDefinition/mii-pr-icu-bilanz-ausfuhr-blutverlust,https://www.medizininformatik-initiative.de/fhir/ext/modul-icu/StructureDefinition/mii-pr-icu-bilanz-ausfuhr-op-drainage (0.40),
icu,2026.0.1,2026.0.2,Observation,MII_PR_ICU_VENT_Inspiratorische_Sauerstofffraktion_Eingestellt,MII_PR_ICU_Bilanz_Ausfuhr_Haemofiltration_Einzelmesswerte,0.421,0.4,0.471,https://www.medizininformatik-initiative.de/fhir/ext/modul-icu/StructureDefinition/mii-pr-icu-vent-inspiratorische-sauerstofffraktion-eingestellt,https://www.medizininformatik-initiative.de/fhir/ext/modul-icu/StructureDefinition/mii-pr-icu-bilanz-ausfuhr-haemofiltration-einzelmesswerte,https://www.medizininformatik-initiative.de/fhir/ext/modul-icu/StructureDefinition/mii-pr-icu-bilanz-ausfuhr-blutverlust (0.40),
icu,2026.0.1,2026.0.2,Observation,MII_PR_ICU_VENT_Inspiratorische_Sauerstofffraktion_Gemessen,MII_PR_ICU_Bilanz_Ausfuhr_Haemofiltration_Einzelmesswerte,0.42,0.4,0.466,https://www.medizininformatik-initiative.de/fhir/ext/modul-icu/StructureDefinition/mii-pr-icu-vent-inspiratorische-sauerstofffraktion-gemessen,https://www.medizininformatik-initiative.de/fhir/ext/modul-icu/StructureDefinition/mii-pr-icu-bilanz-ausfuhr-haemofiltration-einzelmesswerte,https://www.medizininformatik-initiative.de/fhir/ext/modul-icu/StructureDefinition/mii-pr-icu-bilanz-ausfuhr-blutverlust (0.40),
icu,2026.0.1,2026.0.2,Observation,MII_PR_ICU_VENT_Inspiratorischer_Gasfluss,MII_PR_ICU_Bilanz_Ausfuhr_Blutverlust,0.387,0.333,0.513,https://www.medizininformatik-initiative.de/fhir/ext/modul-icu/StructureDefinition/mii-pr-icu-vent-inspiratorischer-gasfluss,https://www.medizininformatik-initiative.de/fhir/ext/modul-icu/StructureDefinition/mii-pr-icu-bilanz-ausfuhr-blutverlust,https://www.medizininformatik-initiative.de/fhir/ext/modul-icu/StructureDefinition/mii-pr-icu-bilanz-ausfuhr-haemofiltration-einzelmesswerte (0.37),
icu,2026.0.1,2026.0.2,Observation,MII_PR_ICU_VENT_Maximaler_Beatmungsdruck,MII_PR_ICU_Bilanz_Ausfuhr_Blutverlust,0.387,0.364,0.442,https://www.medizininformatik-initiative.de/fhir/ext/modul-icu/StructureDefinition/mii-pr-icu-vent-maximaler-beatmungsdruck,https://www.medizininformatik-initiative.de/fhir/ext/modul-icu/StructureDefinition/mii-pr-icu-bilanz-ausfuhr-blutverlust,https://www.medizininformatik-initiative.de/fhir/ext/modul-icu/StructureDefinition/mii-pr-icu-bilanz-tagesbilanz-fluessigkeit (0.37),
icu,2026.0.1,2026.0.2,Observation,MII_PR_ICU_VENT_Mechanische_Atemfrequenz_Beatmet,MII_PR_ICU_Bilanz_Ausfuhr_Blutverlust,0.382,0.364,0.424,https://www.medizininformatik-initiative.de/fhir/ext/modul-icu/StructureDefinition/mii-pr-icu-vent-mechanische-atemfrequenz-beatmet,https://www.medizininformatik-initiative.de/fhir/ext/modul-icu/StructureDefinition/mii-pr-icu-bilanz-ausfuhr-blutverlust,https://www.medizininformatik-initiative.de/fhir/ext/modul-icu/StructureDefinition/mii-pr-icu-bilanz-ausfuhr-haemofiltration-einzelmesswerte (0.37),
icu,2026.0.1,2026.0.2,Observation,MII_PR_ICU_VENT_Mittlerer_Beatmungsdruck,MII_PR_ICU_Bilanz_Ausfuhr_Blutverlust,0.387,0.364,0.442,https://www.medizininformatik-initiative.de/fhir/ext/modul-icu/StructureDefinition/mii-pr-icu-vent-mittlerer-beatmungsdruck,https://www.medizininformatik-initiative.de/fhir/ext/modul-icu/StructureDefinition/mii-pr-icu-bilanz-ausfuhr-blutverlust,https://www.medizininformatik-initiative.de/fhir/ext/modul-icu/StructureDefinition/mii-pr-icu-bilanz-ausfuhr-op-drainage (0.37),
icu,2026.0.1,2026.0.2,Observation,MII_PR_ICU_VENT_Parameter_Von_Beatmung,,,,,https://www.medizininformatik-initiative.de/fhir/ext/modul-icu/StructureDefinition/mii-pr-icu-vent-parameter-von-beatmung,,,
icu,2026.0.1,2026.0.2,Observation,MII_PR_ICU_VENT_Positiv_Endexspiratorischer_Druck,MII_PR_ICU_Bilanz_Ausfuhr_Haemofiltration_Einzelmesswerte,0.385,0.364,0.434,https://www.medizininformatik-initiative.de/fhir/ext/modul-icu/StructureDefinition/mii-pr-icu-vent-positiv-endexspiratorischer-druck,https://www.medizininformatik-initiative.de/fhir/ext/modul-icu/StructureDefinition/mii-pr-icu-bilanz-ausfuhr-haemofiltration-einzelmesswerte,https://www.medizininformatik-initiative.de/fhir/ext/modul-icu/StructureDefinition/mii-pr-icu-bilanz-ausfuhr-blutverlust (0.38),
icu,2026.0.1,2026.0.2,Observation,MII_PR_ICU_VENT_Spontane_Atemfrequenz_Beatmet,MII_PR_ICU_Bilanz_Ausfuhr_Blutverlust,0.412,0.4,0.439,https://www.medizininformatik-initiative.de/fhir/ext/modul-icu/StructureDefinition/mii-pr-icu-vent-spontane-atemfrequenz-beatmet,https://www.medizininformatik-initiative.de/fhir/ext/modul-icu/StructureDefinition/mii-pr-icu-bilanz-ausfuhr-blutverlust,https://www.medizininformatik-initiative.de/fhir/ext/modul-icu/StructureDefinition/mii-pr-icu-bilanz-tagesbilanz-fluessigkeit (0.40),
icu,2026.0.1,2026.0.2,Observation,MII_PR_ICU_VENT_Spontane_Mechanische_Atemfrequenz_Beatmet,MII_PR_ICU_Bilanz_Ausfuhr_Blutverlust,0.395,0.4,0.383,https://www.medizininformatik-initiative.de/fhir/ext/modul-icu/StructureDefinition/mii-pr-icu-vent-spontane-mechanische-atemfrequenz-beatmet,https://www.medizininformatik-initiative.de/fhir/ext/modul-icu/StructureDefinition/mii-pr-icu-bilanz-ausfuhr-blutverlust,https://www.medizininformatik-initiative.de/fhir/ext/modul-icu/StructureDefinition/mii-pr-icu-bilanz-ausfuhr-haemofiltration-einzelmesswerte (0.39),
icu,2026.0.1,2026.0.2,Observation,MII_PR_ICU_VENT_Spontanes_Atemzugvolumen,MII_PR_ICU_Bilanz_Ausfuhr_Blutverlust,0.403,0.364,0.494,https://www.medizininformatik-initiative.de/fhir/ext/modul-icu/StructureDefinition/mii-pr-icu-vent-spontanes-atemzugvolumen,https://www.medizininformatik-initiative.de/fhir/ext/modul-icu/StructureDefinition/mii-pr-icu-bilanz-ausfuhr-blutverlust,https://www.medizininformatik-initiative.de/fhir/ext/modul-icu/StructureDefinition/mii-pr-icu-bilanz-tagesbilanz-fluessigkeit (0.39),
icu,2026.0.1,2026.0.2,Observation,MII_PR_ICU_VENT_Spontanes_Mechanisches_Atemzugvolumen_Waehrend,MII_PR_ICU_Bilanz_Ausfuhr_Blutverlust,0.312,0.273,0.404,https://www.medizininformatik-initiative.de/fhir/ext/modul-icu/StructureDefinition/mii-pr-icu-vent-spontanes-mechanisches-atemzugvolumen-waehrend,https://www.medizininformatik-initiative.de/fhir/ext/modul-icu/StructureDefinition/mii-pr-icu-bilanz-ausfuhr-blutverlust,https://www.medizininformatik-initiative.de/fhir/ext/modul-icu/StructureDefinition/mii-pr-icu-bilanz-ausfuhr-op-drainage (0.31),
icu,2026.0.1,2026.0.2,Observation,MII_PR_ICU_VENT_Unterstuezungsdruck_Beatmung,MII_PR_ICU_Bilanz_Tagesbilanz_Fluessigkeit,0.323,0.273,0.442,https://www.medizininformatik-initiative.de/fhir/ext/modul-icu/StructureDefinition/mii-pr-icu-vent-unterstuetzungsdruck-beatmung,https://www.medizininformatik-initiative.de/fhir/ext/modul-icu/StructureDefinition/mii-pr-icu-bilanz-tagesbilanz-fluessigkeit,https://www.medizininformatik-initiative.de/fhir/ext/modul-icu/StructureDefinition/mii-pr-icu-bilanz-ausfuhr-blutverlust (0.32),
icu,2026.0.1,2026.0.2,Observation,MII_PR_ICU_VENT_Zeitverhaeltnis_Ein_Ausatmung,MII_PR_ICU_Bilanz_Ausfuhr_OP_Drainage,0.408,0.364,0.512,https://www.medizininformatik-initiative.de/fhir/ext/modul-icu/StructureDefinition/mii-pr-icu-vent-zeitverhaeltnis-ein-ausatmung,https://www.medizininformatik-initiative.de/fhir/ext/modul-icu/StructureDefinition/mii-pr-icu-bilanz-ausfuhr-op-drainage,https://www.medizininformatik-initiative.de/fhir/ext/modul-icu/StructureDefinition/mii-pr-icu-bilanz-ausfuhr-blutverlust (0.40),
icu,2026.0.2,2026.0.3,Observation,MII_PR_ICU_Arterieller_Druck,MII_PR_ICU_ECT_Arterieller_Druck,0.98,1.0,0.933,https://www.medizininformatik-initiative.de/fhir/ext/modul-icu/StructureDefinition/mii-pr-icu-arterieller-druck,https://www.medizininformatik-initiative.de/fhir/ext/modul-icu/StructureDefinition/mii-pr-icu-ect-arterieller-druck,https://www.medizininformatik-initiative.de/fhir/ext/modul-icu/StructureDefinition/mii-pr-icu-ect-venoeser-druck (0.92),
icu,2026.0.2,2026.0.3,Observation,MII_PR_ICU_Atemwegsdruck_Bei_Mittlerem_Expiratorischem_Gasfluss,MII_PR_ICU_VENT_Atemwegsdruck_Bei_Mittlerem_Expiratorischem_Gasfluss,0.755,0.667,0.962,https://www.medizininformatik-initiative.de/fhir/ext/modul-icu/StructureDefinition/mii-pr-icu-atemwegsdruck-bei-mittlerem-expiratorischem-gasfluss,https://www.medizininformatik-initiative.de/fhir/ext/modul-icu/StructureDefinition/mii-pr-icu-vent-atemwegsdruck-bei-mittlerem-expiratorischem-gasfluss,https://www.medizininformatik-initiative.de/fhir/ext/modul-icu/StructureDefinition/mii-pr-icu-vent-atemwegsdruck-bei-null-expiratorischem-gasfluss (0.73),
icu,2026.0.2,2026.0.3,Observation,MII_PR_ICU_Atemwegsdruck_Bei_Null_Expiratorischem_Gasfluss,MII_PR_ICU_VENT_Atemwegsdruck_Bei_Null_Expiratorischem_Gasfluss,0.754,0.667,0.959,https://www.medizininformatik-initiative.de/fhir/ext/modul-icu/StructureDefinition/mii-pr-icu-atemwegsdruck-bei-null-expiratorischem-gasfluss,https://www.medizininformatik-initiative.de/fhir/ext/modul-icu/StructureDefinition/mii-pr-icu-vent-atemwegsdruck-bei-null-expiratorischem-gasfluss,https://www.medizininformatik-initiative.de/fhir/ext/modul-icu/StructureDefinition/mii-pr-icu-ect-dauer-extrakorporaler-gasaustausch (0.74),
icu,2026.0.2,2026.0.3,Observation,MII_PR_ICU_Atemzugvolumen_Einstellung,MII_PR_ICU_VENT_Atemzugvolumen_Einstellung,0.719,0.625,0.937,https://www.medizininformatik-initiative.de/fhir/ext/modul-icu/StructureDefinition/mii-pr-icu-atemzugvolumen-einstellung,https://www.medizininformatik-initiative.de/fhir/ext/modul-icu/StructureDefinition/mii-pr-icu-vent-atemzugvolumen-einstellung,https://www.medizininformatik-initiative.de/fhir/ext/modul-icu/StructureDefinition/mii-pr-icu-vent-atemzugvolumen-waehrend-beatmung (0.66),
icu,2026.0.2,2026.0.3,Observation,MII_PR_ICU_Atemzugvolumen_Waehrend_Beatmung,MII_PR_ICU_VENT_Atemzugvolumen_Waehrend_Beatmung,0.784,0.714,0.945,https://www.medizininformatik-initiative.de/fhir/ext/modul-icu/StructureDefinition/mii-pr-icu-atemzugvolumen-waehrend-beatmung,https://www.medizininformatik-initiative.de/fhir/ext/modul-icu/StructureDefinition/mii-pr-icu-vent-atemzugvolumen-waehrend-beatmung,https://www.medizininformatik-initiative.de/fhir/ext/modul-icu/StructureDefinition/mii-pr-icu-vent-atemzugvolumen-einstellung (0.71),
icu,2026.0.2,2026.0.3,Observation,MII_PR_ICU_Beatmungsvolumen_Pro_Minute_Maschineller_Beatmung,MII_PR_ICU_VENT_Beatmungsvolumen_Pro_Minute_Maschineller_Beatmung,0.788,0.714,0.96,https://www.medizininformatik-initiative.de/fhir/ext/modul-icu/StructureDefinition/mii-pr-icu-beatmungsvolumen-pro-minute-maschineller-beatmung,https://www.medizininformatik-initiative.de/fhir/ext/modul-icu/StructureDefinition/mii-pr-icu-vent-beatmungsvolumen-pro-minute-maschineller-beatmung,https://www.medizininformatik-initiative.de/fhir/ext/modul-icu/StructureDefinition/mii-pr-icu-vent-atemzugvolumen-waehrend-beatmung (0.69),
icu,2026.0.2,2026.0.3,Observation,MII_PR_ICU_Beatmungszeit_Hohem_Druck,MII_PR_ICU_VENT_Beatmungszeit_Hohem_Druck,0.781,0.714,0.935,https://www.medizininformatik-initiative.de/fhir/ext/modul-icu/StructureDefinition/mii-pr-icu-beatmungszeit-hohem-druck,https://www.medizininformatik-initiative.de/fhir/ext/modul-icu/StructureDefinition/mii-pr-icu-vent-beatmungszeit-hohem-druck,https://www.medizininformatik-initiative.de/fhir/ext/modul-icu/StructureDefinition/mii-pr-icu-vent-beatmungszeit-niedrigem-druck (0.74),
icu,2026.0.2,2026.0.3,Observation,MII_PR_ICU_Beatmungszeit_Niedrigem_Druck,MII_PR_ICU_VENT_Beatmungszeit_Niedrigem_Druck,0.782,0.714,0.941,https://www.medizininformatik-initiative.de/fhir/ext/modul-icu/StructureDefinition/mii-pr-icu-beatmungszeit-niedrigem-druck,https://www.medizininformatik-initiative.de/fhir/ext/modul-icu/StructureDefinition/mii-pr-icu-vent-beatmungszeit-niedrigem-druck,https://www.medizininformatik-initiative.de/fhir/ext/modul-icu/StructureDefinition/mii-pr-icu-vent-beatmungszeit-hohem-druck (0.74),
icu,2026.0.2,2026.0.3,Observation,MII_PR_ICU_Blutfluss_Cardiovasculaeres_Geraet,MII_PR_ICU_ECT_Blutfluss_Cardiovasculaeres_Geraet,0.987,1.0,0.957,https://www.medizininformatik-initiative.de/fhir/ext/modul-icu/StructureDefinition/mii-pr-icu-blutfluss-cardiovasculaeres-geraet,https://www.medizininformatik-initiative.de/fhir/ext/modul-icu/StructureDefinition/mii-pr-icu-ect-blutfluss-cardiovasculaeres-geraet,https://www.medizininformatik-initiative.de/fhir/ext/modul-icu/StructureDefinition/mii-pr-icu-ect-blutfluss-extrakorporaler-gasaustausch (0.87),
icu,2026.0.2,2026.0.3,Observation,MII_PR_ICU_Blutfluss_Extrakorporaler_Gasaustausch,MII_PR_ICU_ECT_Blutfluss_Extrakorporaler_Gasaustausch,0.988,1.0,0.961,https://www.medizininformatik-initiative.de/fhir/ext/modul-icu/StructureDefinition/mii-pr-icu-blutfluss-extrakorporaler-gasaustausch,https://www.medizininformatik-initiative.de/fhir/ext/modul-icu/StructureDefinition/mii-pr-icu-ect-blutfluss-extrakorporaler-gasaustausch,https://www.medizininformatik-initiative.de/fhir/ext/modul-icu/StructureDefinition/mii-pr-icu-ect-blutfluss-cardiovasculaeres-geraet (0.85),
icu,2026.0.2,2026.0.3,Observation,MII_PR_ICU_Blutflussindex_Extrakorporaler_Gasaustausch,MII_PR_ICU_ECT_Blutflussindex_Extrakorporaler_Gasaustausch,0.989,1.0,0.964,https://www.medizininformatik-initiative.de/fhir/ext/modul-icu/StructureDefinition/mii-pr-icu-blutflussindex-extrakorporaler-gasaustausch,https://www.medizininformatik-initiative.de/fhir/ext/modul-icu/StructureDefinition/mii-pr-icu-ect-blutflussindex-extrakorporaler-gasaustausch,https://www.medizininformatik-initiative.de/fhir/ext/modul-icu/StructureDefinition/mii-pr-icu-ect-dauer-extrakorporaler-gasaustausch (0.94),
icu,2026.0.2,2026.0.3,Observation,MII_PR_ICU_Dauer_Extrakorporaler_Gasaustausch,MII_PR_ICU_ECT_Dauer_Extrakorporaler_Gasaustausch,0.987,1.0,0.957,https://www.medizininformatik-initiative.de/fhir/ext/modul-icu/StructureDefinition/mii-pr-icu-dauer-extrakorporaler-gasaustausch,https://www.medizininformatik-initiative.de/fhir/ext/modul-icu/StructureDefinition/mii-pr-icu-ect-dauer-extrakorporaler-gasaustausch,https://www.medizininformatik-initiative.de/fhir/ext/modul-icu/StructureDefinition/mii-pr-icu-ect-blutflussindex-extrakorporaler-gasaustausch (0.94),
icu,2026.0.2,2026.0.3,Observation,MII_PR_ICU_Dauer_Haemodialysesitzung,MII_PR_ICU_ECT_Dauer_Haemodialysesitzung,0.984,1.0,0.947,https://www.medizininformatik-initiative.de/fhir/ext/modul-icu/StructureDefinition/mii-pr-icu-dauer-haemodialysesitzung,https://www.medizininformatik-initiative.de/fhir/ext/modul-icu/StructureDefinition/mii-pr-icu-ect-dauer-haemodialysesitzung,https://www.medizininformatik-initiative.de/fhir/ext/modul-icu/StructureDefinition/mii-pr-icu-ect-haemodialyse-blutfluss (0.91),
icu,2026.0.2,2026.0.3,DeviceMetric,MII_PR_ICU_Devicemetric_Eingestellte_Gemessene_Parameter_Beatmung,MII_PR_ICU_Devicemetric_Eingestellte_Gemessene_Parameter_Beatmung,1.0,1.0,1.0,https://www.medizininformatik-initiative.de/fhir/ext/modul-icu/StructureDefinition/mii-pr-icu-devicemetric-eingestellte-gemessene-parameter-beatmung,https://www.medizininformatik-initiative.de/fhir/ext/modul-icu/StructureDefinition/mii-pr-icu-dm-eingestellte-gemessene-parameter-beatmung,https://www.medizininformatik-initiative.de/fhir/ext/modul-icu/StructureDefinition/mii-pr-icu-dm-eingest-gem-parameter-extrakorporale-verfahren (0.95),
icu,2026.0.2,2026.0.3,DeviceMetric,MII_PR_ICU_Devicemetric_Eingestellte_Gemessene_Parameter_Extrakorporale_Verfahren,MII_PR_ICU_Devicemetric_Eingestellte_Gemessene_Parameter_Extrakorporale_Verfahren,1.0,1.0,1.0,https://www.medizininformatik-initiative.de/fhir/ext/modul-icu/StructureDefinition/mii-pr-icu-devicemetric-eingestellte-gemessene-parameter-extrakorporale-verfahren,https://www.medizininformatik-initiative.de/fhir/ext/modul-icu/StructureDefinition/mii-pr-icu-dm-eingest-gem-parameter-extrakorporale-verfahren,https://www.medizininformatik-initiative.de/fhir/ext/modul-icu/StructureDefinition/mii-pr-icu-dm-eingestellte-gemessene-parameter-beatmung (0.94),
icu,2026.0.2,2026.0.3,Observation,MII_PR_ICU_Druckdifferenz_Beatmung,MII_PR_ICU_VENT_Druckdifferenz_Beatmung,0.779,0.714,0.932,https://www.medizininformatik-initiative.de/fhir/ext/modul-icu/StructureDefinition/mii-pr-icu-druckdifferenz-beatmung,https://www.medizininformatik-initiative.de/fhir/ext/modul-icu/StructureDefinition/mii-pr-icu-vent-druckdifferenz-beatmung,https://www.medizininformatik-initiative.de/fhir/ext/modul-icu/StructureDefinition/mii-pr-icu-vent-atemzugvolumen-waehrend-beatmung (0.68),
icu,2026.0.2,2026.0.3,Observation,MII_PR_ICU_Dynamische_Kompliance,MII_PR_ICU_VENT_Dynamische_Kompliance,0.778,0.714,0.928,https://www.medizininformatik-initiative.de/fhir/ext/modul-icu/StructureDefinition/mii-pr-icu-dynamische-kompliance,https://www.medizininformatik-initiative.de/fhir/ext/modul-icu/StructureDefinition/mii-pr-icu-vent-dynamische-kompliance,https://www.medizininformatik-initiative.de/fhir/ext/modul-icu/StructureDefinition/mii-pr-icu-vent-inspiratorischer-gasfluss (0.66),
icu,2026.0.2,2026.0.3,Observation,MII_PR_ICU_Eingestellter_Inspiratorischer_Gasfluss,MII_PR_ICU_VENT_Eingestellter_Inspiratorischer_Gasfluss,0.752,0.667,0.952,https://www.medizininformatik-initiative.de/fhir/ext/modul-icu/StructureDefinition/mii-pr-icu-eingestellter-inspiratorischer-gasfluss,https://www.medizininformatik-initiative.de/fhir/ext/modul-icu/StructureDefinition/mii-pr-icu-vent-eingestellter-inspiratorischer-gasfluss,https://www.medizininformatik-initiative.de/fhir/ext/modul-icu/StructureDefinition/mii-pr-icu-ect-blutfluss-extrakorporaler-gasaustausch (0.72),
icu,2026.0.2,2026.0.3,Observation,MII_PR_ICU_Einstellung_Ausatmungszeit_Beatmung,MII_PR_ICU_VENT_Einstellung_Ausatmungszeit_Beatmung,0.785,0.714,0.948,https://www.medizininformatik-initiative.de/fhir/ext/modul-icu/StructureDefinition/mii-pr-icu-einstellung-ausatmungszeit-beatmung,https://www.medizininformatik-initiative.de/fhir/ext/modul-icu/StructureDefinition/mii-pr-icu-vent-einstellung-ausatmungszeit-beatmung,https://www.medizininformatik-initiative.de/fhir/ext/modul-icu/StructureDefinition/mii-pr-icu-vent-einstellung-einatmungszeit-beatmung (0.77),
icu,2026.0.2,2026.0.3,Observation,MII_PR_ICU_Einstellung_Einatmungszeit_Beatmung,MII_PR_ICU_VENT_Einstellung_Einatmungszeit_Beatmung,0.785,0.714,0.948,https://www.medizininformatik-initiative.de/fhir/ext/modul-icu/StructureDefinition/mii-pr-icu-einstellung-einatmungszeit-beatmung,https://www.medizininformatik-initiative.de/fhir/ext/modul-icu/StructureDefinition/mii-pr-icu-vent-einstellung-einatmungszeit-beatmung,https://www.medizininformatik-initiative.de/fhir/ext/modul-icu/StructureDefinition/mii-pr-icu-vent-einstellung-ausatmungszeit-beatmung (0.77),
icu,2026.0.2,2026.0.3,Observation,MII_PR_ICU_Endexpiratorischer_Kohlendioxidpartialdruck,MII_PR_ICU_VENT_Endexpiratorischer_Kohlendioxidpartialdruck,0.724,0.625,0.956,https://www.medizininformatik-initiative.de/fhir/ext/modul-icu/StructureDefinition/mii-pr-icu-endexpiratorischer-kohlendioxidpartialdruck,https://www.medizininformatik-initiative.de/fhir/ext/modul-icu/StructureDefinition/mii-pr-icu-vent-endexpiratorischer-kohlendioxidpartialdruck,https://www.medizininformatik-initiative.de/fhir/ext/modul-icu/StructureDefinition/mii-pr-icu-vent-positiv-endexpiratorischer-druck (0.70),
icu,2026.0.2,2026.0.3,Observation,MII_PR_ICU_Exspiratorischer_Gasfluss,MII_PR_ICU_VENT_Exspiratorischer_Gasfluss,0.781,0.714,0.935,https://www.medizininformatik-initiative.de/fhir/ext/modul-icu/StructureDefinition/mii-pr-icu-exspiratorischer-gasfluss,https://www.medizininformatik-initiative.de/fhir/ext/modul-icu/StructureDefinition/mii-pr-icu-vent-exspiratorischer-gasfluss,https://www.medizininformatik-initiative.de/fhir/ext/modul-icu/StructureDefinition/mii-pr-icu-vent-inspiratorischer-gasfluss (0.77),
icu,2026.0.2,2026.0.3,Observation,MII_PR_ICU_Exspiratorischer_Sauerstoffpartialdruck,MII_PR_ICU_VENT_Exspiratorischer_Sauerstoffpartialdruck,0.723,0.625,0.952,https://www.medizininformatik-initiative.de/fhir/ext/modul-icu/StructureDefinition/mii-pr-icu-exspiratorischer-sauerstoffpartialdruck,https://www.medizininformatik-initiative.de/fhir/ext/modul-icu/StructureDefinition/mii-pr-icu-vent-exspiratorischer-sauerstoffpartialdruck,https://www.medizininformatik-initiative.de/fhir/ext/modul-icu/StructureDefinition/mii-pr-icu-vent-exspiratorischer-gasfluss (0.70),
icu,2026.0.2,2026.0.3,Observation,MII_PR_ICU_Gasfluss,MII_PR_ICU_ECT_Gasfluss,0.971,1.0,0.905,https://www.medizininformatik-initiative.de/fhir/ext/modul-icu/StructureDefinition/mii-pr-icu-gasfluss,https://www.medizininformatik-initiative.de/fhir/ext/modul-icu/StructureDefinition/mii-pr-icu-ect-gasfluss,https://www.medizininformatik-initiative.de/fhir/ext/modul-icu/StructureDefinition/mii-pr-icu-ect-venoeser-druck (0.69),
icu,2026.0.2,2026.0.3,Observation,MII_PR_ICU_Haemodialyse_Blutfluss,MII_PR_ICU_ECT_Haemodialyse_Blutfluss,0.983,1.0,0.943,https://www.medizininformatik-initiative.de/fhir/ext/modul-icu/StructureDefinition/mii-pr-icu-haemodialyse-blutfluss,https://www.medizininformatik-initiative.de/fhir/ext/modul-icu/StructureDefinition/mii-pr-icu-ect-haemodialyse-blutfluss,https://www.medizininformatik-initiative.de/fhir/ext/modul-icu/StructureDefinition/mii-pr-icu-ect-dauer-haemodialysesitzung (0.90),
icu,2026.0.2,2026.0.3,Observation,MII_PR_ICU_Horowitz_In_Arteriellem_Blut,MII_PR_ICU_VENT_Horowitz_In_Arteriellem_Blut,0.719,0.625,0.94,https://www.medizininformatik-initiative.de/fhir/ext/modul-icu/StructureDefinition/mii-pr-icu-horowitz-in-arteriellem-blut,https://www.medizininformatik-initiative.de/fhir/ext/modul-icu/StructureDefinition/mii-pr-icu-vent-horowitz-in-arteriellem-blut,https://www.medizininformatik-initiative.de/fhir/ext/modul-icu/StructureDefinition/mii-pr-icu-ect-arterieller-druck (0.67),
icu,2026.0.2,2026.0.3,Device,MII_PR_ICU_Device,MII_PR_ICU_Device,1.0,1.0,1.0,https://www.medizininformatik-initiative.de/fhir/ext/modul-icu/StructureDefinition/mii-pr-icu-icu-device,https://www.medizininformatik-initiative.de/fhir/ext/modul-icu/StructureDefinition/mii-pr-icu-device,,
icu,2026.0.2,2026.0.3,Observation,MII_PR_ICU_Inspiratorische_Sauerstofffraktion_Eingestellt,MII_PR_ICU_VENT_Inspiratorischer_Gasfluss,0.59,0.571,0.633,https://www.medizininformatik-initiative.de/fhir/ext/modul-icu/StructureDefinition/mii-pr-icu-inspiratorische-sauerstofffraktion-eingestellt,https://www.medizininformatik-initiative.de/fhir/ext/modul-icu/StructureDefinition/mii-pr-icu-vent-inspiratorischer-gasfluss,https://www.medizininformatik-initiative.de/fhir/ext/modul-icu/StructureDefinition/mii-pr-icu-vent-exspiratorischer-gasfluss (0.58),
icu,2026.0.2,2026.0.3,Observation,MII_PR_ICU_Inspiratorische_Sauerstofffraktion_Gemessen,MII_PR_ICU_VENT_Inspiratorischer_Gasfluss,0.596,0.571,0.653,https://www.medizininformatik-initiative.de/fhir/ext/modul-icu/StructureDefinition/mii-pr-icu-inspiratorische-sauerstofffraktion-gemessen,https://www.medizininformatik-initiative.de/fhir/ext/modul-icu/StructureDefinition/mii-pr-icu-vent-inspiratorischer-gasfluss,https://www.medizininformatik-initiative.de/fhir/ext/modul-icu/StructureDefinition/mii-pr-icu-vent-exspiratorischer-gasfluss (0.58),
icu,2026.0.2,2026.0.3,Observation,MII_PR_ICU_Inspiratorischer_Gasfluss,MII_PR_ICU_VENT_Inspiratorischer_Gasfluss,0.781,0.714,0.935,https://www.medizininformatik-initiative.de/fhir/ext/modul-icu/StructureDefinition/mii-pr-icu-inspiratorischer-gasfluss,https://www.medizininformatik-initiative.de/fhir/ext/modul-icu/StructureDefinition/mii-pr-icu-vent-inspiratorischer-gasfluss,https://www.medizininformatik-initiative.de/fhir/ext/modul-icu/StructureDefinition/mii-pr-icu-vent-exspiratorischer-gasfluss (0.76),
icu,2026.0.2,2026.0.3,Observation,MII_PR_ICU_Ionisiertes_Kalzium_Nierenersatzverfahren,MII_PR_ICU_ECT_Ionisiertes_Kalzium_Nierenersatzverfahren,0.989,1.0,0.963,https://www.medizininformatik-initiative.de/fhir/ext/modul-icu/StructureDefinition/mii-pr-icu-ionisiertes-kalzium-nierenersatzverfahren,https://www.medizininformatik-initiative.de/fhir/ext/modul-icu/StructureDefinition/mii-pr-icu-ect-ionisiertes-kalzium-nierenersatzverfahren,https://www.medizininformatik-initiative.de/fhir/ext/modul-icu/StructureDefinition/mii-pr-icu-ect-dauer-extrakorporaler-gasaustausch (0.74),
icu,2026.0.2,2026.0.3,Observation,MII_PR_ICU_Maximaler_Beatmungsdruck,MII_PR_ICU_VENT_Plateau_Beatmungsdruck,0.73,0.714,0.767,https://www.medizininformatik-initiative.de/fhir/ext/modul-icu/StructureDefinition/mii-pr-icu-maximaler-beatmungsdruck,https://www.medizininformatik-initiative.de/fhir/ext/modul-icu/StructureDefinition/mii-pr-icu-vent-plateau-beatmungsdruck,https://www.medizininformatik-initiative.de/fhir/ext/modul-icu/StructureDefinition/mii-pr-icu-vent-mittlerer-inspiratorischer-beatmungsdruck (0.70),
icu,2026.0.2,2026.0.3,Observation,MII_PR_ICU_Mechanische_Atemfrequenz_Beatmet,MII_PR_ICU_VENT_Mechanische_Atemfrequenz_Beatmet,0.784,0.714,0.945,https://www.medizininformatik-initiative.de/fhir/ext/modul-icu/StructureDefinition/mii-pr-icu-mechanische-atemfrequenz-beatmet,https://www.medizininformatik-initiative.de/fhir/ext/modul-icu/StructureDefinition/mii-pr-icu-vent-mechanische-atemfrequenz-beatmet,https://www.medizininformatik-initiative.de/fhir/ext/modul-icu/StructureDefinition/mii-pr-icu-vent-spontane-mechanische-atemfrequenz-beatmet (0.76),
icu,2026.0.2,2026.0.3,Observation,MII_PR_ICU_Mittlerer_Beatmungsdruck,MII_PR_ICU_VENT_Plateau_Beatmungsdruck,0.73,0.714,0.767,https://www.medizininformatik-initiative.de/fhir/ext/modul-icu/StructureDefinition/mii-pr-icu-mittlerer-beatmungsdruck,https://www.medizininformatik-initiative.de/fhir/ext/modul-icu/StructureDefinition/mii-pr-icu-vent-plateau-beatmungsdruck,https://www.medizininformatik-initiative.de/fhir/ext/modul-icu/StructureDefinition/mii-pr-icu-vent-mittlerer-inspiratorischer-beatmungsdruck (0.73),
icu,2026.0.2,2026.0.3,Observation,MII_PR_ICU_Positiv_Endexpiratorischer_Druck,MII_PR_ICU_VENT_Positiv_Endexpiratorischer_Druck,0.784,0.714,0.945,https://www.medizininformatik-initiative.de/fhir/ext/modul-icu/StructureDefinition/mii-pr-icu-positiv-endexpiratorischer-druck,https://www.medizininformatik-initiative.de/fhir/ext/modul-icu/StructureDefinition/mii-pr-icu-vent-positiv-endexpiratorischer-druck,https://www.medizininformatik-initiative.de/fhir/ext/modul-icu/StructureDefinition/mii-pr-icu-vent-exspiratorischer-gasfluss (0.71),
icu,2026.0.2,2026.0.3,Observation,MII_PR_ICU_Spontane_Atemfrequenz_Beatmet,MII_PR_ICU_VENT_Spontane_Atemfrequenz_Beatmet,0.72,0.625,0.941,https://www.medizininformatik-initiative.de/fhir/ext/modul-icu/StructureDefinition/mii-pr-icu-spontane-atemfrequenz-beatmet,https://www.medizininformatik-initiative.de/fhir/ext/modul-icu/StructureDefinition/mii-pr-icu-vent-spontane-atemfrequenz-beatmet,https://www.medizininformatik-initiative.de/fhir/ext/modul-icu/StructureDefinition/mii-pr-icu-vent-spontane-mechanische-atemfrequenz-beatmet (0.68),
icu,2026.0.2,2026.0.3,Observation,MII_PR_ICU_Spontane_Mechanische_Atemfrequenz_Beatmet,MII_PR_ICU_VENT_Spontane_Mechanische_Atemfrequenz_Beatmet,0.786,0.714,0.954,https://www.medizininformatik-initiative.de/fhir/ext/modul-icu/StructureDefinition/mii-pr-icu-spontane-mechanische-atemfrequenz-beatmet,https://www.medizininformatik-initiative.de/fhir/ext/modul-icu/StructureDefinition/mii-pr-icu-vent-spontane-mechanische-atemfrequenz-beatmet,https://www.medizininformatik-initiative.de/fhir/ext/modul-icu/StructureDefinition/mii-pr-icu-vent-mechanische-atemfrequenz-beatmet (0.76),
icu,2026.0.2,2026.0.3,Observation,MII_PR_ICU_Spontanes_Atemzugvolumen,MII_PR_ICU_VENT_Atemzugvolumen_Einstellung,0.703,0.714,0.675,https://www.medizininformatik-initiative.de/fhir/ext/modul-icu/StructureDefinition/mii-pr-icu-spontanes-atemzugvolumen,https://www.medizininformatik-initiative.de/fhir/ext/modul-icu/StructureDefinition/mii-pr-icu-vent-atemzugvolumen-einstellung,https://www.medizininformatik-initiative.de/fhir/ext/modul-icu/StructureDefinition/mii-pr-icu-vent-spontane-atemfrequenz-beatmet (0.70),
icu,2026.0.2,2026.0.3,Observation,MII_PR_ICU_Spontanes_Plus_Mechanisches_Atemzugvolumen,MII_PR_ICU_VENT_Spontanes_Plus_Mechanisches_Atemzugvolumen,0.753,0.667,0.955,https://www.medizininformatik-initiative.de/fhir/ext/modul-icu/StructureDefinition/mii-pr-icu-spontanes-mechanisches-atemzugvolumen-waehrend-beatmung,https://www.medizininformatik-initiative.de/fhir/ext/modul-icu/StructureDefinition/mii-pr-icu-vent-spontanes-mechanisches-atemzugvolumen-waehrend-beatmung,https://www.medizininformatik-initiative.de/fhir/ext/modul-icu/StructureDefinition/mii-pr-icu-ect-substituatfluss (0.71),
icu,2026.0.2,2026.0.3,Observation,MII_PR_ICU_Substituatfluss,MII_PR_ICU_ECT_Substituatfluss,0.979,1.0,0.929,https://www.medizininformatik-initiative.de/fhir/ext/modul-icu/StructureDefinition/mii-pr-icu-substituatfluss,https://www.medizininformatik-initiative.de/fhir/ext/modul-icu/StructureDefinition/mii-pr-icu-ect-substituatfluss,https://www.medizininformatik-initiative.de/fhir/ext/modul-icu/StructureDefinition/mii-pr-icu-ect-haemodialyse-blutfluss (0.87),
icu,2026.0.2,2026.0.3,Observation,MII_PR_ICU_Substituatvolumen,MII_PR_ICU_ECT_Substituatvolumen,0.98,1.0,0.933,https://www.medizininformatik-initiative.de/fhir/ext/modul-icu/StructureDefinition/mii-pr-icu-substituatvolumen,https://www.medizininformatik-initiative.de/fhir/ext/modul-icu/StructureDefinition/mii-pr-icu-ect-substituatvolumen,https://www.medizininformatik-initiative.de/fhir/ext/modul-icu/StructureDefinition/mii-pr-icu-ect-substituatfluss (0.76),
icu,2026.0.2,2026.0.3,Observation,MII_PR_ICU_Unterstuezungsdruck_Beatmung,MII_PR_ICU_VENT_Unterstuetzungsdruck_Beatmung,0.745,0.667,0.929,https://www.medizininformatik-initiative.de/fhir/ext/modul-icu/StructureDefinition/mii-pr-icu-unterstuetzungsdruck-beatmung,https://www.medizininformatik-initiative.de/fhir/ext/modul-icu/StructureDefinition/mii-pr-icu-vent-unterstuetzungsdruck-beatmung,https://www.medizininformatik-initiative.de/fhir/ext/modul-icu/StructureDefinition/mii-pr-icu-ect-substituatfluss (0.73),
icu,2026.0.2,2026.0.3,Observation,MII_PR_ICU_Venoeser_Druck,MII_PR_ICU_ECT_Venoeser_Druck,0.978,1.0,0.926,https://www.medizininformatik-initiative.de/fhir/ext/modul-icu/StructureDefinition/mii-pr-icu-venoeser-druck,https://www.medizininformatik-initiative.de/fhir/ext/modul-icu/StructureDefinition/mii-pr-icu-ect-venoeser-druck,https://www.medizininformatik-initiative.de/fhir/ext/modul-icu/StructureDefinition/mii-pr-icu-ect-arterieller-druck (0.92),
icu,2026.0.2,2026.0.3,Observation,MIIPR_ICU_Zeitverhaeltnis_Ein_Ausatmung,MII_PR_ICU_VENT_Zeitverhaeltnis_Ein_Ausatmung,0.779,0.714,0.929,https://www.medizininformatik-initiative.de/fhir/ext/modul-icu/StructureDefinition/mii-pr-icu-zeitverhaeltnis-ein-ausatmung,https://www.medizininformatik-initiative.de/fhir/ext/modul-icu/StructureDefinition/mii-pr-icu-vent-zeitverhaeltnis-ein-ausatmung,https://www.medizininformatik-initiative.de/fhir/ext/modul-icu/StructureDefinition/mii-pr-icu-vent-atemzugvolumen-einstellung (0.67),
laborbefund,0.9.2,0.9.9,DiagnosticReport,DiagnosticReportLab,DiagnosticReportLab,1.0,1.0,1.0,https://www.medizininformatik-initiative.de/fhir/core/StructureDefinition/DiagnosticReportLab,https://www.medizininformatik-initiative.de/fhir/core/modul-labor/StructureDefinition/DiagnosticReportLab,,
laborbefund,0.9.2,0.9.9,Observation,ObservationLab,ObservationLab,1.0,1.0,1.0,https://www.medizininformatik-initiative.de/fhir/core/StructureDefinition/ObservationLab,https://www.medizininformatik-initiative.de/fhir/core/modul-labor/StructureDefinition/ObservationLab,,
laborbefund,0.9.2,0.9.9,ServiceRequest,ServiceRequestLab,ServiceRequestLab,1.0,1.0,1.0,https://www.medizininformatik-initiative.de/fhir/core/StructureDefinition/ServiceRequestLab,https://www.medizininformatik-initiative.de/fhir/core/modul-labor/StructureDefinition/ServiceRequestLab,,
medikation,1.0.1,1.0.2,Medication,Medication,Medication,1.0,1.0,1.0,https://www.medizininformatik-initiative.de/fhir/core/StructureDefinition/Medication,https://www.medizininformatik-initiative.de/fhir/core/modul-medikation/StructureDefinition/Medication,,
medikation,1.0.1,1.0.2,MedicationAdministration,MedicationAdministration,MedicationAdministration,1.0,1.0,1.0,https://www.medizininformatik-initiative.de/fhir/core/StructureDefinition/MedicationAdministration,https://www.medizininformatik-initiative.de/fhir/core/modul-medikation/StructureDefinition/MedicationAdministration,,
medikation,1.0.1,1.0.2,MedicationStatement,MedicationStatement,MedicationStatement,1.0,1.0,1.0,https://www.medizininformatik-initiative.de/fhir/core/StructureDefinition/MedicationStatement,https://www.medizininformatik-initiative.de/fhir/core/modul-medikation/StructureDefinition/MedicationStatement,,
meta,1.0.3,2025.0.0,Reference,MII-Reference,,,,,https://www.medizininformatik-initiative.de/fhir/core/StructureDefinition/MII-Reference,,,
mikrobiologie,0.0.2,2024.0.0,DiagnosticReport,MII_PR_Mikrobio_Diagnostic_Report,MII_PR_Mikrobio_Diagnostic_Report,1.0,1.0,1.0,https://www.medizininformatik-initiative.de/fhir/modul-mikrobio/StructureDefinition/diagnostic-report,https://www.medizininformatik-initiative.de/fhir/modul-mikrobio/StructureDefinition/mii-pr-mikrobio-diagnostic-report,,
mikrobiologie,0.0.2,2024.0.0,Observation,MII_PR_Mikrobio_Empfindlichkeit,MII_PR_Mikrobio_Empfindlichkeit,0.956,0.938,1.0,https://www.medizininformatik-initiative.de/fhir/modul-mikrobio/StructureDefinition/empfindlichkeit,https://www.medizininformatik-initiative.de/fhir/modul-mikrobio/StructureDefinition/mii-pr-mikrobio-empfindlichkeit,https://www.medizininformatik-initiative.de/fhir/modul-mikrobio/StructureDefinition/mii-pr-mikrobio-mre-klasse (0.76),
mikrobiologie,0.0.2,2024.0.0,Observation,MII_PR_Mikrobio_Serologie_Immunologie,MII_PR_Mikrobio_Serologie_Immunologie,0.962,0.945,1.0,https://www.medizininformatik-initiative.de/fhir/modul-mikrobio/StructureDefinition/immunologie-serologie,https://www.medizininformatik-initiative.de/fhir/modul-mikrobio/StructureDefinition/mii-pr-mikrobio-serologie-immunologie,https://www.medizininformatik-initiative.de/fhir/modul-mikrobio/StructureDefinition/mii-pr-mikrobio-resistenzmutation (0.68),
mikrobiologie,0.0.2,2024.0.0,Observation,MII_PR_Mikrobio_Keimzahl,MII_PR_Mikrobio_Keimzahl,0.957,0.939,1.0,https://www.medizininformatik-initiative.de/fhir/modul-mikrobio/StructureDefinition/keimzahl,https://www.medizininformatik-initiative.de/fhir/modul-mikrobio/StructureDefinition/mii-pr-mikrobio-keimzahl,https://www.medizininformatik-initiative.de/fhir/modul-mikrobio/StructureDefinition/mii-pr-mikrobio-mre-klasse (0.79),
mikrobiologie,0.0.2,2024.0.0,Observation,MII_PR_Mikrobio_Kultur_Nachweis,MII_PR_Mikrobio_Kultur_Nachweis,0.876,0.824,1.0,https://www.medizininformatik-initiative.de/fhir/modul-mikrobio/StructureDefinition/kultur-nachweis,https://www.medizininformatik-initiative.de/fhir/modul-mikrobio/StructureDefinition/mii-pr-mikrobio-kultur-nachweis,https://www.medizininformatik-initiative.de/fhir/modul-mikrobio/StructureDefinition/mii-pr-mikrobio-mrgn-klasse (0.79),
mikrobiologie,0.0.2,2024.0.0,Observation,MII_PR_Mikrobio_Mikroskopie,MII_PR_Mikrobio_Mikroskopie,0.929,0.898,1.0,https://www.medizininformatik-initiative.de/fhir/modul-mikrobio/StructureDefinition/mikroskopie,https://www.medizininformatik-initiative.de/fhir/modul-mikrobio/StructureDefinition/mii-pr-mikrobio-mikroskopie,https://www.medizininformatik-initiative.de/fhir/modul-mikrobio/StructureDefinition/mii-pr-mikrobio-kultur-nachweis (0.71),
mikrobiologie,0.0.2,2024.0.0,Observation,MII_PR_Mikrobio_Molekular_Diagnostik,MII_PR_Mikrobio_Molekulare_Diagnostik,0.946,0.929,0.986,https://www.medizininformatik-initiative.de/fhir/modul-mikrobio/StructureDefinition/molekular-diagnostik,https://www.medizininformatik-initiative.de/fhir/modul-mikrobio/StructureDefinition/mii-pr-mikrobio-molekulare-diagnostik,https://www.medizininformatik-initiative.de/fhir/modul-mikrobio/StructureDefinition/mii-pr-mikrobio-kultur-nachweis (0.74),
mikrobiologie,0.0.2,2024.0.0,Observation,MII_PR_Mikrobio_MRE_Klasse,MII_PR_Mikrobio_MRGN_Klasse,0.919,0.909,0.943,https://www.medizininformatik-initiative.de/fhir/modul-mikrobio/StructureDefinition/mre-klasse,https://www.medizininformatik-initiative.de/fhir/modul-mikrobio/StructureDefinition/mii-pr-mikrobio-mrgn-klasse,https://www.medizininformatik-initiative.de/fhir/modul-mikrobio/StructureDefinition/mii-pr-mikrobio-mre-klasse (0.91),
mikrobiologie,0.0.2,2024.0.0,Observation,MII_PR_Mikrobio_MRGN_Klasse,MII_PR_Mikrobio_MRGN_Klasse,0.935,0.907,1.0,https://www.medizininformatik-initiative.de/fhir/modul-mikrobio/StructureDefinition/mrgn-klasse,https://www.medizininformatik-initiative.de/fhir/modul-mikrobio/StructureDefinition/mii-pr-mikrobio-mrgn-klasse,https://www.medizininformatik-initiative.de/fhir/modul-mikrobio/StructureDefinition/mii-pr-mikrobio-mre-klasse (0.89),
mikrobiologie,0.0.2,2024.0.0,Observation,MII_PR_Mikrobio_Resistenzgene,MII_PR_Mikrobio_Resistenzgene,0.958,0.94,1.0,https://www.medizininformatik-initiative.de/fhir/modul-mikrobio/StructureDefinition/resistenzgene,https://www.medizininformatik-initiative.de/fhir/modul-mikrobio/StructureDefinition/mii-pr-mikrobio-resistenzgene,https://www.medizininformatik-initiative.de/fhir/modul-mikrobio/StructureDefinition/mii-pr-mikrobio-resistenzmutation (0.79),
mikrobiologie,0.0.2,2024.0.0,Observation,MII_PR_Mikrobio_Virulenzfaktor,MII_PR_Mikrobio_Virulenzfaktor,0.951,0.93,1.0,https://www.medizininformatik-initiative.de/fhir/modul-mikrobio/StructureDefinition/virulenzfaktor,https://www.medizininformatik-initiative.de/fhir/modul-mikrobio/StructureDefinition/mii-pr-mikrobio-virulenzfaktor,https://www.medizininformatik-initiative.de/fhir/modul-mikrobio/StructureDefinition/mii-pr-mikrobio-mrgn-klasse (0.84),
mikrobiologie,2025.0.2,2026.0.0-alpha.1,Observation,MII_PR_Mikrobio_Kultur_Nachweis,MII_PR_Mikrobio_Aviditaet,0.308,0.149,0.679,https://www.medizininformatik-initiative.de/fhir/modul-mikrobio/StructureDefinition/mii-pr-mikrobio-kultur-nachweis,https://www.medizininformatik-initiative.de/fhir/modul-mikrobio/StructureDefinition/mii-pr-mikrobio-aviditaet,,
mikrobiologie,2025.0.2,2026.0.0-alpha.1,Observation,MII_PR_Mikrobio_Molekulare_Diagnostik,MII_PR_Mikrobio_Molekulare_Pathogenlast,0.332,0.113,0.842,https://www.medizininformatik-initiative.de/fhir/modul-mikrobio/StructureDefinition/mii-pr-mikrobio-molekulare-diagnostik,https://www.medizininformatik-initiative.de/fhir/modul-mikrobio/StructureDefinition/mii-pr-mikrobio-molekulare-pathogenlast,,
mikrobiologie,2025.0.2,2026.0.0-alpha.1,Observation,MII_PR_Mikrobio_Resistenzgene,MII_PR_Mikrobio_Titer,0.31,0.118,0.76,https://www.medizininformatik-initiative.de/fhir/modul-mikrobio/StructureDefinition/mii-pr-mikrobio-resistenzgene,https://www.medizininformatik-initiative.de/fhir/modul-mikrobio/StructureDefinition/mii-pr-mikrobio-titer,https://www.medizininformatik-initiative.de/fhir/modul-mikrobio/StructureDefinition/mii-pr-mikrobio-resistenzmechanismen-determinanten (0.30),
mikrobiologie,2025.0.2,2026.0.0-alpha.1,Observation,MII_PR_Mikrobio_Resistenzmutation,MII_PR_Mikrobio_Aviditaet,0.313,0.152,0.69,https://www.medizininformatik-initiative.de/fhir/modul-mikrobio/StructureDefinition/mii-pr-mikrobio-resistenzmutation,https://www.medizininformatik-initiative.de/fhir/modul-mikrobio/StructureDefinition/mii-pr-mikrobio-aviditaet,https://www.medizininformatik-initiative.de/fhir/modul-mikrobio/StructureDefinition/mii-pr-mikrobio-resistenzmechanismen-determinanten (0.31),
mikrobiologie,2027.0.0-alpha.5,2027.0.0-ballot2,Observation,MII_PR_Mikrobio_Barlett_Score,MII_PR_Mikrobio_Bartlett_Score,0.795,0.714,0.983,https://www.medizininformatik-initiative.de/fhir/modul-mikrobio/StructureDefinition/mii-pr-mikrobio-barlett-score,https://www.medizininformatik-initiative.de/fhir/modul-mikrobio/StructureDefinition/mii-pr-mikrobio-bartlett-score,https://www.medizininformatik-initiative.de/fhir/modul-mikrobio/StructureDefinition/mii-pr-mikrobio-resistenzkategorie-status (0.60),
mikrobiologie,2027.0.0-alpha.5,2027.0.0-ballot2,Observation,MII_PR_Mikrobio_MRE_Klasse,MII_PR_Mikrobio_Bartlett_Score,0.643,0.643,0.643,https://www.medizininformatik-initiative.de/fhir/modul-mikrobio/StructureDefinition/mii-pr-mikrobio-mre-klasse,https://www.medizininformatik-initiative.de/fhir/modul-mikrobio/StructureDefinition/mii-pr-mikrobio-bartlett-score,https://www.medizininformatik-initiative.de/fhir/modul-mikrobio/StructureDefinition/mii-pr-mikrobio-resistenzkategorie-status (0.63),
molgen,2025.0.0-alpha2,2026.0.0,Observation,MII_PR_MolGen_ErgebnisZusammenfassung,MII_PR_MolGen_MolekulareKonsequenz,0.396,0.312,0.592,https://www.medizininformatik-initiative.de/fhir/ext/modul-molgen/StructureDefinition/ergebnis-zusammenfassung,https://www.medizininformatik-initiative.de/fhir/ext/modul-molgen/StructureDefinition/mii-pr-molgen-molekulare-konsequenz,https://www.medizininformatik-initiative.de/fhir/ext/modul-molgen/StructureDefinition/mii-pr-molgen-molekularer-biomarker (0.36),
molgen,2025.0.0-alpha2,2026.0.0,FamilyMemberHistory,MII_PR_MolGen_Familienanamnese,MII_PR_MolGen_Familienanamnese,1.0,1.0,1.0,https://www.medizininformatik-initiative.de/fhir/ext/modul-molgen/StructureDefinition/familienanamnese,https://www.medizininformatik-initiative.de/fhir/ext/modul-molgen/StructureDefinition/mii-pr-molgen-familienanamnese,,
molgen,2025.0.0-alpha2,2026.0.0,Observation,MII_PR_MolGen_UntersuchteRegion,MII_PR_MolGen_MolekularerBiomarker,0.325,0.227,0.554,https://www.medizininformatik-initiative.de/fhir/ext/modul-molgen/StructureDefinition/untersuchte-region,https://www.medizininformatik-initiative.de/fhir/ext/modul-molgen/StructureDefinition/mii-pr-molgen-molekularer-biomarker,https://www.medizininformatik-initiative.de/fhir/ext/modul-molgen/StructureDefinition/mii-pr-molgen-molekulare-konsequenz (0.32),
molgen,2026.0.0,2026.0.0-alpha.1,FamilyMemberHistory,MII_PR_MolGen_Familienanamnese,MII_PR_MolGen_Familienanamnese,1.0,1.0,1.0,https://www.medizininformatik-initiative.de/fhir/ext/modul-molgen/StructureDefinition/mii-pr-molgen-familienanamnese,https://www.medizininformatik-initiative.de/fhir/ext/modul-molgen/StructureDefinition/familienanamnese,,
molgen,2026.0.0,2026.0.0-alpha.1,Procedure,MII_PR_MolGen_GenomicStudy,,,,,https://www.medizininformatik-initiative.de/fhir/ext/modul-molgen/StructureDefinition/mii-pr-molgen-genomic-study,,,
molgen,2026.0.0,2026.0.0-alpha.1,Procedure,MII_PR_MolGen_GenomicStudyAnalysis,,,,,https://www.medizininformatik-initiative.de/fhir/ext/modul-molgen/StructureDefinition/mii-pr-molgen-genomic-study-analysis,,,
molgen,2026.0.0,2026.0.0-alpha.1,Observation,MII_PR_MolGen_MolekularerBiomarker,,,,,https://www.medizininformatik-initiative.de/fhir/ext/modul-molgen/StructureDefinition/mii-pr-molgen-molekularer-biomarker,,,
mtb,2025.0.0-ballot-alpha.1,2026.0.0,Procedure,MII_PR_MTB_Genomic_Study_Analysis,MII_PR_MTB_Genomic_Study_Analysis,0.5,0.286,1.0,https://www.medizininformatik-initiative.de/fhir/ext/modul-mtb/StructureDefinition/genomic-study-analysis,https://www.medizininformatik-initiative.de/fhir/ext/modul-mtb/StructureDefinition/mii-pr-mtb-genomic-study-analysis,,
mtb,2025.0.0-ballot-alpha.1,2026.0.0,Observation,MII_PR_MTB_HISTOCHEMISTRY,,,,,https://www.medizininformatik-initiative.de/fhir/ext/modul-mtb/StructureDefinition/mii-pr-mtb-histochemistry,,,
mtb,2025.0.0-ballot-alpha.1,2026.0.0,Observation,MII_PR_MTB_Immunohistochemistry_MMR_MSI,MII_PR_MTB_Immunohistochemistry_MSI,0.389,0.15,0.946,https://www.medizininformatik-initiative.de/fhir/ext/modul-mtb/StructureDefinition/mii-pr-mtb-immunohistochemistry-mmr-msi,https://www.medizininformatik-initiative.de/fhir/ext/modul-mtb/StructureDefinition/mii-pr-mtb-msi,https://www.medizininformatik-initiative.de/fhir/ext/modul-mtb/StructureDefinition/mii-pr-mtb-immunohistochemistry-mmr (0.36),
onkologie,2024.0.0-ballot-alpha-1,2025.0.0,Observation,MII_PR_Onko_Allgemeiner_Leistungszustand,MII_PR_Onko_Allgemeiner_Leistungszustand_ECOG,0.632,0.5,0.941,https://www.medizininformatik-initiative.de/fhir/ext/modul-onko/StructureDefinition/mii-pr-onko-allgemeiner-leistungszustand,https://www.medizininformatik-initiative.de/fhir/ext/modul-onko/StructureDefinition/mii-pr-onko-allgemeiner-leistungszustand-ecog,https://www.medizininformatik-initiative.de/fhir/ext/modul-onko/StructureDefinition/mii-pr-onko-allgemeiner-leistungszustand-karnofsky (0.58),
onkologie,2024.0.0-ballot-alpha-1,2025.0.0,Condition,MII_PR_Onko_Diagnose,MII_PR_Onko_Diagnose_Primaertumor,0.655,0.613,0.755,https://www.medizininformatik-initiative.de/fhir/ext/modul-onko/StructureDefinition/mii-pr-onko-diagnose,https://www.medizininformatik-initiative.de/fhir/ext/modul-onko/StructureDefinition/mii-pr-onko-diagnose-primaertumor,,
onkologie,2025.1.0-alpha,2026.0.0,Procedure,MII_PR_Onko_Strahlentherapie_neu,,,,,https://www.medizininformatik-initiative.de/fhir/ext/modul-onko/StructureDefinition/mii-pr-onko-strahlentherapie-neu,,,
patho,0.9.0,1.0.0,Observation,SD_MII_Patho_Active_Problems,MII_PR_Patho_Base_Observation,0.302,0.235,0.456,https://www.medizininformatik-initiative.de/fhir/ext/modul-patho/StructureDefinition/sd-mii-patho-active-problems,https://www.medizininformatik-initiative.de/fhir/ext/modul-patho/StructureDefinition/mii-pr-patho-base-observation,,
patho,0.9.0,1.0.0,Observation,SD_MII_Patho_Additional_Specified_Grouper,MII_PR_Patho_Additional_Specified_Grouper,0.978,1.0,0.927,https://www.medizininformatik-initiative.de/fhir/ext/modul-patho/StructureDefinition/sd-mii-patho-additional-specified-grouper,https://www.medizininformatik-initiative.de/fhir/ext/modul-patho/StructureDefinition/mii-pr-patho-additional-specified-grouper,https://www.medizininformatik-initiative.de/fhir/ext/modul-patho/StructureDefinition/mii-pr-patho-microscopic-grouper (0.87),
patho,0.9.0,1.0.0,Media,SD_MII_Patho_Attached_Image,MII_PR_Patho_Attached_Image,0.908,0.917,0.889,https://www.medizininformatik-initiative.de/fhir/ext/modul-patho/StructureDefinition/sd-mii-patho-attached-image,https://www.medizininformatik-initiative.de/fhir/ext/modul-patho/StructureDefinition/mii-pr-patho-attached-image,,
patho,0.9.0,1.0.0,Observation,SD_MII_Patho_Base_Observation,MII_PR_Patho_Base_Observation,0.632,0.519,0.897,https://www.medizininformatik-initiative.de/fhir/ext/modul-patho/StructureDefinition/sd-mii-patho-base-observation,https://www.medizininformatik-initiative.de/fhir/ext/modul-patho/StructureDefinition/mii-pr-patho-base-observation,,
patho,0.9.0,1.0.0,Composition,SD_MII_Patho_Composition,MII_PR_Patho_Composition,0.52,0.368,0.875,https://www.medizininformatik-initiative.de/fhir/ext/modul-patho/StructureDefinition/sd-mii-patho-composition,https://www.medizininformatik-initiative.de/fhir/ext/modul-patho/StructureDefinition/mii-pr-patho-composition,,
patho,0.9.0,1.0.0,Observation,SD_MII_Patho_Diagnostic_Conclusion_Grouper,MII_PR_Patho_Diagnostic_Conclusion_Grouper,0.629,0.5,0.929,https://www.medizininformatik-initiative.de/fhir/ext/modul-patho/StructureDefinition/sd-mii-patho-diagnostic-conclusion-grouper,https://www.medizininformatik-initiative.de/fhir/ext/modul-patho/StructureDefinition/mii-pr-patho-diagnostic-conclusion-grouper,https://www.medizininformatik-initiative.de/fhir/ext/modul-patho/StructureDefinition/mii-pr-patho-finding (0.35),
patho,0.9.0,1.0.0,Observation,SD_MII_Patho_Finding,MII_PR_Patho_Finding,0.379,0.176,0.85,https://www.medizininformatik-initiative.de/fhir/ext/modul-patho/StructureDefinition/sd-mii-patho-finding,https://www.medizininformatik-initiative.de/fhir/ext/modul-patho/StructureDefinition/mii-pr-patho-finding,,
patho,0.9.0,1.0.0,Observation,SD_MII_Patho_Intraoperative_Grouper,MII_PR_Patho_Intraoperative_Grouper,0.974,1.0,0.914,https://www.medizininformatik-initiative.de/fhir/ext/modul-patho/StructureDefinition/sd-mii-patho-intraoperative-grouper,https://www.medizininformatik-initiative.de/fhir/ext/modul-patho/StructureDefinition/mii-pr-patho-intraoperative-grouper,https://www.medizininformatik-initiative.de/fhir/ext/modul-patho/StructureDefinition/mii-pr-patho-macroscopic-grouper (0.90),
patho,0.9.0,1.0.0,Observation,SD_MII_Patho_Macroscopic_Grouper,MII_PR_Patho_Macroscopic_Grouper,0.972,1.0,0.906,https://www.medizininformatik-initiative.de/fhir/ext/modul-patho/StructureDefinition/sd-mii-patho-macroscopic-grouper,https://www.medizininformatik-initiative.de/fhir/ext/modul-patho/StructureDefinition/mii-pr-patho-macroscopic-grouper,https://www.medizininformatik-initiative.de/fhir/ext/modul-patho/StructureDefinition/mii-pr-patho-microscopic-grouper (0.96),
patho,0.9.0,1.0.0,Observation,SD_MII_Patho_Microscopic_Grouper,MII_PR_Patho_Microscopic_Grouper,0.972,1.0,0.906,https://www.medizininformatik-initiative.de/fhir/ext/modul-patho/StructureDefinition/sd-mii-patho-microscopic-grouper,https://www.medizininformatik-initiative.de/fhir/ext/modul-patho/StructureDefinition/mii-pr-patho-microscopic-grouper,https://www.medizininformatik-initiative.de/fhir/ext/modul-patho/StructureDefinition/mii-pr-patho-macroscopic-grouper (0.96),
patho,0.9.0,1.0.0,Observation,SD_MII_Patho_Personal_History_Finding,,,,,https://www.medizininformatik-initiative.de/fhir/ext/modul-patho/StructureDefinition/sd-mii-patho-personal-history-finding,,,
patho,0.9.0,1.0.0,DiagnosticReport,SD_MII_Patho_Report,MII_PR_Patho_Report,0.667,0.593,0.842,https://www.medizininformatik-initiative.de/fhir/ext/modul-patho/StructureDefinition/sd-mii-patho-report,https://www.medizininformatik-initiative.de/fhir/ext/modul-patho/StructureDefinition/mii-pr-patho-report,,
patho,0.9.0,1.0.0,Observation,SD_MII_Patho_Section_Grouper,MII_PR_Patho_Section_Grouper,0.735,0.667,0.893,https://www.medizininformatik-initiative.de/fhir/ext/modul-patho/StructureDefinition/sd-mii-patho-section-grouper,https://www.medizininformatik-initiative.de/fhir/ext/modul-patho/StructureDefinition/mii-pr-patho-section-grouper,,
patho,0.9.0,1.0.0,ServiceRequest,SD_MII_Patho_Service_Request,MII_PR_Patho_Service_Request,0.931,0.947,0.893,https://www.medizininformatik-initiative.de/fhir/ext/modul-patho/StructureDefinition/sd-mii-patho-service-request,https://www.medizininformatik-initiative.de/fhir/ext/modul-patho/StructureDefinition/mii-pr-patho-service-request,,
patho,0.9.0,1.0.0,Specimen,SD_MII_Patho_Specimen,MII_PR_Patho_Specimen,0.782,0.75,0.857,https://www.medizininformatik-initiative.de/fhir/ext/modul-patho/StructureDefinition/sd-mii-patho-specimen,https://www.medizininformatik-initiative.de/fhir/ext/modul-patho/StructureDefinition/mii-pr-patho-specimen,,
person,1.0.3-alpha3,1.0.4,Patient,PatientIn,PatientIn,1.0,1.0,1.0,https://www.medizininformatik-initiative.de/fhir/core/StructureDefinition/Patient,https://www.medizininformatik-initiative.de/fhir/core/modul-person/StructureDefinition/Patient,,
person,1.0.3-alpha3,1.0.4,ResearchSubject,ProbantIn,ProbantIn,1.0,1.0,1.0,https://www.medizininformatik-initiative.de/fhir/core/StructureDefinition/ResearchSubject,https://www.medizininformatik-initiative.de/fhir/core/modul-person/StructureDefinition/ResearchSubject,,
person,1.0.3-alpha3,1.0.4,Observation,Observation - Vitalstatus,Observation - Vitalstatus,1.0,1.0,1.0,https://www.medizininformatik-initiative.de/fhir/core/StructureDefinition/Vitalstatus,https://www.medizininformatik-initiative.de/fhir/core/modul-person/StructureDefinition/Vitalstatus,,
prozedur,0.9.2,0.9.3,Procedure,Prozedur,Prozedur,1.0,1.0,1.0,https://www.medizininformatik-initiative.de/fhir/core/StructureDefinition/Procedure,https://www.medizininformatik-initiative.de/fhir/core/modul-prozedur/StructureDefinition/Procedure,,
symptom,2024.0.0-alpha1,2027.0.0-ballot,Condition,MII_PR_Symptom_Condition,MII_PR_Symptom_Condition,0.85,0.786,1.0,https://www.medizininformatik-initiative.de/fhir/ext/modul-symptom/StructureDefinition/finding-condition,https://www.medizininformatik-initiative.de/fhir/modul-symptom/StructureDefinition/finding-condition,,
symptom,2024.0.0-alpha1,2027.0.0-ballot,Observation,MII_PR_Symptom_Observation,MII_PR_Symptom_Observation,0.796,0.708,1.0,https://www.medizininformatik-initiative.de/fhir/ext/modul-symptom/StructureDefinition/finding-observation,https://www.medizininformatik-initiative.de/fhir/modul-symptom/StructureDefinition/finding-observation,,
